/* startIndex = 0 */
/* Palette */
#include <types.h>

Word tilesPalette[16] = {
    0x0000,0x0009,0x0600,0x0333,0x0C10,0x0630,0x0F00,0x0C0E,0x0660,0x0889,0x0E80,0x0BB0,0x00F0,0x0EE0,0x0FFF
};

/* Converting to BG0 format... */
Byte tiles[] = {
/* Reserved space (tile 0 is special...) */
    0x00, 0x00, 0x00, 0x00,
    0x00, 0x00, 0x00, 0x00,
    0x00, 0x00, 0x00, 0x00,
    0x00, 0x00, 0x00, 0x00,
    0x00, 0x00, 0x00, 0x00,
    0x00, 0x00, 0x00, 0x00,
    0x00, 0x00, 0x00, 0x00,
    0x00, 0x00, 0x00, 0x00,

    0x00, 0x00, 0x00, 0x00,
    0x00, 0x00, 0x00, 0x00,
    0x00, 0x00, 0x00, 0x00,
    0x00, 0x00, 0x00, 0x00,
    0x00, 0x00, 0x00, 0x00,
    0x00, 0x00, 0x00, 0x00,
    0x00, 0x00, 0x00, 0x00,
    0x00, 0x00, 0x00, 0x00,

    0x00, 0x00, 0x00, 0x00,
    0x00, 0x00, 0x00, 0x00,
    0x00, 0x00, 0x00, 0x00,
    0x00, 0x00, 0x00, 0x00,
    0x00, 0x00, 0x00, 0x00,
    0x00, 0x00, 0x00, 0x00,
    0x00, 0x00, 0x00, 0x00,
    0x00, 0x00, 0x00, 0x00,

    0x00, 0x00, 0x00, 0x00,
    0x00, 0x00, 0x00, 0x00,
    0x00, 0x00, 0x00, 0x00,
    0x00, 0x00, 0x00, 0x00,
    0x00, 0x00, 0x00, 0x00,
    0x00, 0x00, 0x00, 0x00,
    0x00, 0x00, 0x00, 0x00,
    0x00, 0x00, 0x00, 0x00,

/* Tile ID 1, isSolid: false */
    0x00, 0x00, 0x00, 0x04,
    0x00, 0x00, 0x00, 0x44,
    0x00, 0x00, 0x00, 0x44,
    0x00, 0x00, 0x00, 0x4E,
    0x00, 0x09, 0x00, 0x9E,
    0x00, 0x3E, 0x30, 0x9E,
    0x00, 0x9E, 0x90, 0x9E,
    0x00, 0x9E, 0x99, 0x9E,

    0xFF, 0xFF, 0xFF, 0xF0,
    0xFF, 0xFF, 0xFF, 0x00,
    0xFF, 0xFF, 0xFF, 0x00,
    0xFF, 0xFF, 0xFF, 0x00,
    0xFF, 0xF0, 0xFF, 0x00,
    0xFF, 0x00, 0x0F, 0x00,
    0xFF, 0x00, 0x0F, 0x00,
    0xFF, 0x00, 0x00, 0x00,

    0x40, 0x00, 0x00, 0x00,
    0x44, 0x00, 0x00, 0x00,
    0x44, 0x00, 0x00, 0x00,
    0xE4, 0x00, 0x00, 0x00,
    0xE9, 0x00, 0x90, 0x00,
    0xE9, 0x03, 0xE3, 0x00,
    0xE9, 0x09, 0xE9, 0x00,
    0xE9, 0x99, 0xE9, 0x00,

    0x0F, 0xFF, 0xFF, 0xFF,
    0x00, 0xFF, 0xFF, 0xFF,
    0x00, 0xFF, 0xFF, 0xFF,
    0x00, 0xFF, 0xFF, 0xFF,
    0x00, 0xFF, 0x0F, 0xFF,
    0x00, 0xF0, 0x00, 0xFF,
    0x00, 0xF0, 0x00, 0xFF,
    0x00, 0x00, 0x00, 0xFF,


/* Tile ID 2, isSolid: false */
    0x00, 0x00, 0x00, 0x00,
    0x40, 0x00, 0x00, 0x00,
    0x40, 0x00, 0x00, 0x00,
    0x40, 0x00, 0x00, 0x00,
    0x90, 0x09, 0x00, 0x00,
    0x90, 0x3E, 0x30, 0x00,
    0x90, 0x9E, 0x90, 0x00,
    0x99, 0x9E, 0x90, 0x00,

    0xFF, 0xFF, 0xFF, 0xFF,
    0x0F, 0xFF, 0xFF, 0xFF,
    0x0F, 0xFF, 0xFF, 0xFF,
    0x0F, 0xFF, 0xFF, 0xFF,
    0x0F, 0xF0, 0xFF, 0xFF,
    0x0F, 0x00, 0x0F, 0xFF,
    0x0F, 0x00, 0x0F, 0xFF,
    0x00, 0x00, 0x0F, 0xFF,

    0x00, 0x00, 0x00, 0x00,
    0x00, 0x00, 0x00, 0x04,
    0x00, 0x00, 0x00, 0x04,
    0x00, 0x00, 0x00, 0x04,
    0x00, 0x00, 0x90, 0x09,
    0x00, 0x03, 0xE3, 0x09,
    0x00, 0x09, 0xE9, 0x09,
    0x00, 0x09, 0xE9, 0x99,

    0xFF, 0xFF, 0xFF, 0xFF,
    0xFF, 0xFF, 0xFF, 0xF0,
    0xFF, 0xFF, 0xFF, 0xF0,
    0xFF, 0xFF, 0xFF, 0xF0,
    0xFF, 0xFF, 0x0F, 0xF0,
    0xFF, 0xF0, 0x00, 0xF0,
    0xFF, 0xF0, 0x00, 0xF0,
    0xFF, 0xF0, 0x00, 0x00,


/* Tile ID 3, isSolid: false */
    0x00, 0x00, 0x00, 0x04,
    0x00, 0x00, 0x00, 0x44,
    0x00, 0x00, 0x00, 0x44,
    0x00, 0x00, 0x00, 0x4E,
    0x00, 0x09, 0x00, 0x9E,
    0x00, 0x3E, 0x30, 0x9E,
    0x00, 0x9E, 0x90, 0x9E,
    0x00, 0x9E, 0x99, 0x9E,

    0xFF, 0xFF, 0xFF, 0xF0,
    0xFF, 0xFF, 0xFF, 0x00,
    0xFF, 0xFF, 0xFF, 0x00,
    0xFF, 0xFF, 0xFF, 0x00,
    0xFF, 0xF0, 0xFF, 0x00,
    0xFF, 0x00, 0x0F, 0x00,
    0xFF, 0x00, 0x0F, 0x00,
    0xFF, 0x00, 0x00, 0x00,

    0x40, 0x00, 0x00, 0x00,
    0x44, 0x00, 0x00, 0x00,
    0x44, 0x00, 0x00, 0x00,
    0xE4, 0x00, 0x00, 0x00,
    0xE9, 0x00, 0x90, 0x00,
    0xE9, 0x03, 0xE3, 0x00,
    0xE9, 0x09, 0xE9, 0x00,
    0xE9, 0x99, 0xE9, 0x00,

    0x0F, 0xFF, 0xFF, 0xFF,
    0x00, 0xFF, 0xFF, 0xFF,
    0x00, 0xFF, 0xFF, 0xFF,
    0x00, 0xFF, 0xFF, 0xFF,
    0x00, 0xFF, 0x0F, 0xFF,
    0x00, 0xF0, 0x00, 0xFF,
    0x00, 0xF0, 0x00, 0xFF,
    0x00, 0x00, 0x00, 0xFF,


/* Tile ID 4, isSolid: false */
    0x00, 0x00, 0x00, 0x00,
    0x40, 0x00, 0x00, 0x00,
    0x40, 0x00, 0x00, 0x00,
    0x40, 0x00, 0x00, 0x00,
    0x90, 0x09, 0x00, 0x00,
    0x90, 0x3E, 0x30, 0x00,
    0x90, 0x9E, 0x90, 0x00,
    0x99, 0x9E, 0x90, 0x00,

    0xFF, 0xFF, 0xFF, 0xFF,
    0x0F, 0xFF, 0xFF, 0xFF,
    0x0F, 0xFF, 0xFF, 0xFF,
    0x0F, 0xFF, 0xFF, 0xFF,
    0x0F, 0xF0, 0xFF, 0xFF,
    0x0F, 0x00, 0x0F, 0xFF,
    0x0F, 0x00, 0x0F, 0xFF,
    0x00, 0x00, 0x0F, 0xFF,

    0x00, 0x00, 0x00, 0x00,
    0x00, 0x00, 0x00, 0x04,
    0x00, 0x00, 0x00, 0x04,
    0x00, 0x00, 0x00, 0x04,
    0x00, 0x00, 0x90, 0x09,
    0x00, 0x03, 0xE3, 0x09,
    0x00, 0x09, 0xE9, 0x09,
    0x00, 0x09, 0xE9, 0x99,

    0xFF, 0xFF, 0xFF, 0xFF,
    0xFF, 0xFF, 0xFF, 0xF0,
    0xFF, 0xFF, 0xFF, 0xF0,
    0xFF, 0xFF, 0xFF, 0xF0,
    0xFF, 0xFF, 0x0F, 0xF0,
    0xFF, 0xF0, 0x00, 0xF0,
    0xFF, 0xF0, 0x00, 0xF0,
    0xFF, 0xF0, 0x00, 0x00,


/* Tile ID 5, isSolid: false */
    0x00, 0x00, 0x00, 0x04,
    0x00, 0x00, 0x00, 0x44,
    0x00, 0x00, 0x00, 0x44,
    0x00, 0x00, 0x00, 0x4E,
    0x00, 0x09, 0x00, 0x9E,
    0x00, 0x3E, 0x30, 0x9E,
    0x00, 0x9E, 0x90, 0x9E,
    0x00, 0x9E, 0x99, 0x9E,

    0xFF, 0xFF, 0xFF, 0xF0,
    0xFF, 0xFF, 0xFF, 0x00,
    0xFF, 0xFF, 0xFF, 0x00,
    0xFF, 0xFF, 0xFF, 0x00,
    0xFF, 0xF0, 0xFF, 0x00,
    0xFF, 0x00, 0x0F, 0x00,
    0xFF, 0x00, 0x0F, 0x00,
    0xFF, 0x00, 0x00, 0x00,

    0x40, 0x00, 0x00, 0x00,
    0x44, 0x00, 0x00, 0x00,
    0x44, 0x00, 0x00, 0x00,
    0xE4, 0x00, 0x00, 0x00,
    0xE9, 0x00, 0x90, 0x00,
    0xE9, 0x03, 0xE3, 0x00,
    0xE9, 0x09, 0xE9, 0x00,
    0xE9, 0x99, 0xE9, 0x00,

    0x0F, 0xFF, 0xFF, 0xFF,
    0x00, 0xFF, 0xFF, 0xFF,
    0x00, 0xFF, 0xFF, 0xFF,
    0x00, 0xFF, 0xFF, 0xFF,
    0x00, 0xFF, 0x0F, 0xFF,
    0x00, 0xF0, 0x00, 0xFF,
    0x00, 0xF0, 0x00, 0xFF,
    0x00, 0x00, 0x00, 0xFF,


/* Tile ID 6, isSolid: false */
    0x00, 0x00, 0x00, 0x00,
    0x40, 0x00, 0x00, 0x00,
    0x40, 0x00, 0x00, 0x00,
    0x40, 0x00, 0x00, 0x00,
    0x90, 0x09, 0x00, 0x00,
    0x90, 0x3E, 0x30, 0x00,
    0x90, 0x9E, 0x90, 0x00,
    0x99, 0x9E, 0x90, 0x00,

    0xFF, 0xFF, 0xFF, 0xFF,
    0x0F, 0xFF, 0xFF, 0xFF,
    0x0F, 0xFF, 0xFF, 0xFF,
    0x0F, 0xFF, 0xFF, 0xFF,
    0x0F, 0xF0, 0xFF, 0xFF,
    0x0F, 0x00, 0x0F, 0xFF,
    0x0F, 0x00, 0x0F, 0xFF,
    0x00, 0x00, 0x0F, 0xFF,

    0x00, 0x00, 0x00, 0x00,
    0x00, 0x00, 0x00, 0x04,
    0x00, 0x00, 0x00, 0x04,
    0x00, 0x00, 0x00, 0x04,
    0x00, 0x00, 0x90, 0x09,
    0x00, 0x03, 0xE3, 0x09,
    0x00, 0x09, 0xE9, 0x09,
    0x00, 0x09, 0xE9, 0x99,

    0xFF, 0xFF, 0xFF, 0xFF,
    0xFF, 0xFF, 0xFF, 0xF0,
    0xFF, 0xFF, 0xFF, 0xF0,
    0xFF, 0xFF, 0xFF, 0xF0,
    0xFF, 0xFF, 0x0F, 0xF0,
    0xFF, 0xF0, 0x00, 0xF0,
    0xFF, 0xF0, 0x00, 0xF0,
    0xFF, 0xF0, 0x00, 0x00,


/* Tile ID 7, isSolid: false */
    0x00, 0x00, 0x00, 0x04,
    0x00, 0x00, 0x00, 0x44,
    0x00, 0x00, 0x00, 0x44,
    0x00, 0x00, 0x00, 0x4E,
    0x00, 0x09, 0x00, 0x9E,
    0x00, 0x3E, 0x30, 0x9E,
    0x00, 0x9E, 0x90, 0x9E,
    0x00, 0x9E, 0x99, 0x9E,

    0xFF, 0xFF, 0xFF, 0xF0,
    0xFF, 0xFF, 0xFF, 0x00,
    0xFF, 0xFF, 0xFF, 0x00,
    0xFF, 0xFF, 0xFF, 0x00,
    0xFF, 0xF0, 0xFF, 0x00,
    0xFF, 0x00, 0x0F, 0x00,
    0xFF, 0x00, 0x0F, 0x00,
    0xFF, 0x00, 0x00, 0x00,

    0x40, 0x00, 0x00, 0x00,
    0x44, 0x00, 0x00, 0x00,
    0x44, 0x00, 0x00, 0x00,
    0xE4, 0x00, 0x00, 0x00,
    0xE9, 0x00, 0x90, 0x00,
    0xE9, 0x03, 0xE3, 0x00,
    0xE9, 0x09, 0xE9, 0x00,
    0xE9, 0x99, 0xE9, 0x00,

    0x0F, 0xFF, 0xFF, 0xFF,
    0x00, 0xFF, 0xFF, 0xFF,
    0x00, 0xFF, 0xFF, 0xFF,
    0x00, 0xFF, 0xFF, 0xFF,
    0x00, 0xFF, 0x0F, 0xFF,
    0x00, 0xF0, 0x00, 0xFF,
    0x00, 0xF0, 0x00, 0xFF,
    0x00, 0x00, 0x00, 0xFF,


/* Tile ID 8, isSolid: false */
    0x00, 0x00, 0x00, 0x00,
    0x40, 0x00, 0x00, 0x00,
    0x40, 0x00, 0x00, 0x00,
    0x40, 0x00, 0x00, 0x00,
    0x90, 0x09, 0x00, 0x00,
    0x90, 0x3E, 0x30, 0x00,
    0x90, 0x9E, 0x90, 0x00,
    0x99, 0x9E, 0x90, 0x00,

    0xFF, 0xFF, 0xFF, 0xFF,
    0x0F, 0xFF, 0xFF, 0xFF,
    0x0F, 0xFF, 0xFF, 0xFF,
    0x0F, 0xFF, 0xFF, 0xFF,
    0x0F, 0xF0, 0xFF, 0xFF,
    0x0F, 0x00, 0x0F, 0xFF,
    0x0F, 0x00, 0x0F, 0xFF,
    0x00, 0x00, 0x0F, 0xFF,

    0x00, 0x00, 0x00, 0x00,
    0x00, 0x00, 0x00, 0x04,
    0x00, 0x00, 0x00, 0x04,
    0x00, 0x00, 0x00, 0x04,
    0x00, 0x00, 0x90, 0x09,
    0x00, 0x03, 0xE3, 0x09,
    0x00, 0x09, 0xE9, 0x09,
    0x00, 0x09, 0xE9, 0x99,

    0xFF, 0xFF, 0xFF, 0xFF,
    0xFF, 0xFF, 0xFF, 0xF0,
    0xFF, 0xFF, 0xFF, 0xF0,
    0xFF, 0xFF, 0xFF, 0xF0,
    0xFF, 0xFF, 0x0F, 0xF0,
    0xFF, 0xF0, 0x00, 0xF0,
    0xFF, 0xF0, 0x00, 0xF0,
    0xFF, 0xF0, 0x00, 0x00,


/* Tile ID 9, isSolid: false */
    0x00, 0x00, 0x00, 0x00,
    0x00, 0x00, 0x00, 0x00,
    0x00, 0x00, 0x00, 0x00,
    0x00, 0x00, 0x00, 0x00,
    0x00, 0x00, 0x00, 0x00,
    0x00, 0x00, 0x00, 0x02,
    0x00, 0x00, 0x00, 0x20,
    0x00, 0x00, 0x02, 0x06,

    0xFF, 0xFF, 0xFF, 0xFF,
    0xFF, 0xFF, 0xFF, 0xFF,
    0xFF, 0xFF, 0xFF, 0xFF,
    0xFF, 0xFF, 0xFF, 0xFF,
    0xFF, 0xFF, 0xFF, 0xFF,
    0xFF, 0xFF, 0xFF, 0xF0,
    0xFF, 0xFF, 0xFF, 0x0F,
    0xFF, 0xFF, 0xF0, 0xF0,

    0x00, 0x00, 0x00, 0x00,
    0x00, 0x00, 0x00, 0x00,
    0x00, 0x00, 0x00, 0x00,
    0x00, 0x00, 0x00, 0x00,
    0x00, 0x00, 0x00, 0x00,
    0x20, 0x00, 0x00, 0x00,
    0x02, 0x00, 0x00, 0x00,
    0x60, 0x20, 0x00, 0x00,

    0xFF, 0xFF, 0xFF, 0xFF,
    0xFF, 0xFF, 0xFF, 0xFF,
    0xFF, 0xFF, 0xFF, 0xFF,
    0xFF, 0xFF, 0xFF, 0xFF,
    0xFF, 0xFF, 0xFF, 0xFF,
    0x0F, 0xFF, 0xFF, 0xFF,
    0xF0, 0xFF, 0xFF, 0xFF,
    0x0F, 0x0F, 0xFF, 0xFF,


/* Tile ID 10, isSolid: false */
    0x00, 0x00, 0x00, 0x00,
    0x00, 0x00, 0x00, 0x00,
    0x00, 0x22, 0x22, 0x22,
    0x02, 0x00, 0x00, 0x00,
    0x20, 0x66, 0x66, 0x66,
    0x06, 0x60, 0x00, 0x00,
    0x66, 0x00, 0x02, 0x22,
    0x60, 0x66, 0x60, 0x22,

    0xFF, 0xFF, 0xFF, 0xFF,
    0xFF, 0xFF, 0xFF, 0xFF,
    0xFF, 0x00, 0x00, 0x00,
    0xF0, 0xFF, 0xFF, 0xFF,
    0x0F, 0x00, 0x00, 0x00,
    0xF0, 0x0F, 0xFF, 0xFF,
    0x00, 0xFF, 0xF0, 0x00,
    0x0F, 0x00, 0x0F, 0x00,

    0x00, 0x00, 0x00, 0x00,
    0x00, 0x00, 0x00, 0x00,
    0x22, 0x22, 0x22, 0x00,
    0x00, 0x00, 0x00, 0x20,
    0x66, 0x66, 0x66, 0x02,
    0x00, 0x00, 0x06, 0x60,
    0x22, 0x20, 0x00, 0x66,
    0x22, 0x06, 0x66, 0x06,

    0xFF, 0xFF, 0xFF, 0xFF,
    0xFF, 0xFF, 0xFF, 0xFF,
    0x00, 0x00, 0x00, 0xFF,
    0xFF, 0xFF, 0xFF, 0x0F,
    0x00, 0x00, 0x00, 0xF0,
    0xFF, 0xFF, 0xF0, 0x0F,
    0x00, 0x0F, 0xFF, 0x00,
    0x00, 0xF0, 0x00, 0xF0,


/* Tile ID 11, isSolid: false */
    0x00, 0x00, 0x00, 0x00,
    0x00, 0x00, 0x00, 0x00,
    0x20, 0x22, 0x00, 0x00,
    0x02, 0x00, 0x20, 0x22,
    0x60, 0x66, 0x02, 0x00,
    0x00, 0x66, 0x00, 0x66,
    0x20, 0x66, 0x66, 0x00,
    0x00, 0x66, 0x00, 0x22,

    0xFF, 0xFF, 0xFF, 0xFF,
    0xFF, 0xFF, 0xFF, 0xFF,
    0x0F, 0x00, 0xFF, 0xFF,
    0xF0, 0xFF, 0x0F, 0x00,
    0x0F, 0x00, 0xF0, 0xFF,
    0xFF, 0x00, 0xFF, 0x00,
    0x0F, 0x00, 0x00, 0xFF,
    0xFF, 0x00, 0xFF, 0x00,

    0x00, 0x00, 0x00, 0x00,
    0x00, 0x00, 0x00, 0x00,
    0x00, 0x00, 0x22, 0x02,
    0x22, 0x02, 0x00, 0x20,
    0x00, 0x20, 0x66, 0x06,
    0x66, 0x00, 0x66, 0x00,
    0x00, 0x66, 0x66, 0x02,
    0x22, 0x00, 0x66, 0x00,

    0xFF, 0xFF, 0xFF, 0xFF,
    0xFF, 0xFF, 0xFF, 0xFF,
    0xFF, 0xFF, 0x00, 0xF0,
    0x00, 0xF0, 0xFF, 0x0F,
    0xFF, 0x0F, 0x00, 0xF0,
    0x00, 0xFF, 0x00, 0xFF,
    0xFF, 0x00, 0x00, 0xF0,
    0x00, 0xFF, 0x00, 0xFF,


/* Tile ID 12, isSolid: false */
    0x00, 0x00, 0x00, 0x00,
    0x00, 0x00, 0x00, 0x00,
    0x22, 0x00, 0x02, 0x22,
    0x00, 0x20, 0x20, 0x00,
    0x66, 0x02, 0x06, 0x66,
    0x00, 0x20, 0x20, 0x06,
    0x22, 0x00, 0x20, 0x66,
    0x00, 0x02, 0x06, 0x60,

    0xFF, 0xFF, 0xFF, 0xFF,
    0xFF, 0xFF, 0xFF, 0xFF,
    0x00, 0xFF, 0xF0, 0x00,
    0xFF, 0x0F, 0x0F, 0xFF,
    0x00, 0xF0, 0xF0, 0x00,
    0xFF, 0x0F, 0x0F, 0xF0,
    0x00, 0xFF, 0x0F, 0x00,
    0xFF, 0xF0, 0xF0, 0x0F,

    0x00, 0x00, 0x00, 0x00,
    0x00, 0x00, 0x00, 0x00,
    0x22, 0x20, 0x00, 0x22,
    0x00, 0x02, 0x02, 0x00,
    0x66, 0x60, 0x20, 0x66,
    0x60, 0x02, 0x02, 0x00,
    0x66, 0x02, 0x00, 0x22,
    0x06, 0x60, 0x20, 0x00,

    0xFF, 0xFF, 0xFF, 0xFF,
    0xFF, 0xFF, 0xFF, 0xFF,
    0x00, 0x0F, 0xFF, 0x00,
    0xFF, 0xF0, 0xF0, 0xFF,
    0x00, 0x0F, 0x0F, 0x00,
    0x0F, 0xF0, 0xF0, 0xFF,
    0x00, 0xF0, 0xFF, 0x00,
    0xF0, 0x0F, 0x0F, 0xFF,


/* Tile ID 13, isSolid: false */
    0x00, 0x00, 0x00, 0x00,
    0x00, 0x00, 0x00, 0x00,
    0x22, 0x22, 0x20, 0x22,
    0x00, 0x00, 0x02, 0x00,
    0x66, 0x66, 0x60, 0x66,
    0x60, 0x00, 0x06, 0x60,
    0x02, 0x20, 0x66, 0x00,
    0x22, 0x06, 0x60, 0x06,

    0xFF, 0xFF, 0xFF, 0xFF,
    0xFF, 0xFF, 0xFF, 0xFF,
    0x00, 0x00, 0x0F, 0x00,
    0xFF, 0xFF, 0xF0, 0xFF,
    0x00, 0x00, 0x0F, 0x00,
    0x0F, 0xFF, 0xF0, 0x0F,
    0xF0, 0x0F, 0x00, 0xFF,
    0x00, 0xF0, 0x0F, 0xF0,

    0x00, 0x00, 0x00, 0x00,
    0x00, 0x00, 0x00, 0x00,
    0x22, 0x02, 0x22, 0x22,
    0x00, 0x20, 0x00, 0x00,
    0x66, 0x06, 0x66, 0x66,
    0x06, 0x60, 0x00, 0x06,
    0x00, 0x66, 0x02, 0x20,
    0x60, 0x06, 0x60, 0x22,

    0xFF, 0xFF, 0xFF, 0xFF,
    0xFF, 0xFF, 0xFF, 0xFF,
    0x00, 0xF0, 0x00, 0x00,
    0xFF, 0x0F, 0xFF, 0xFF,
    0x00, 0xF0, 0x00, 0x00,
    0xF0, 0x0F, 0xFF, 0xF0,
    0xFF, 0x00, 0xF0, 0x0F,
    0x0F, 0xF0, 0x0F, 0x00,


/* Tile ID 14, isSolid: false */
    0x00, 0x00, 0x00, 0x00,
    0x00, 0x00, 0x00, 0x00,
    0x22, 0x22, 0x00, 0x00,
    0x00, 0x00, 0x20, 0x22,
    0x66, 0x66, 0x02, 0x00,
    0x00, 0x66, 0x00, 0x66,
    0x06, 0x60, 0x06, 0x60,
    0x60, 0x00, 0x66, 0x02,

    0xFF, 0xFF, 0xFF, 0xFF,
    0xFF, 0xFF, 0xFF, 0xFF,
    0x00, 0x00, 0xFF, 0xFF,
    0xFF, 0xFF, 0x0F, 0x00,
    0x00, 0x00, 0xF0, 0xFF,
    0xFF, 0x00, 0xFF, 0x00,
    0xF0, 0x0F, 0xF0, 0x0F,
    0x0F, 0xFF, 0x00, 0xF0,

    0x00, 0x00, 0x00, 0x00,
    0x00, 0x00, 0x00, 0x00,
    0x00, 0x00, 0x22, 0x22,
    0x22, 0x02, 0x00, 0x00,
    0x00, 0x20, 0x66, 0x66,
    0x66, 0x00, 0x66, 0x00,
    0x06, 0x60, 0x06, 0x60,
    0x20, 0x66, 0x00, 0x06,

    0xFF, 0xFF, 0xFF, 0xFF,
    0xFF, 0xFF, 0xFF, 0xFF,
    0xFF, 0xFF, 0x00, 0x00,
    0x00, 0xF0, 0xFF, 0xFF,
    0xFF, 0x0F, 0x00, 0x00,
    0x00, 0xFF, 0x00, 0xFF,
    0xF0, 0x0F, 0xF0, 0x0F,
    0x0F, 0x00, 0xFF, 0xF0,


/* Tile ID 15, isSolid: false */
    0x00, 0x00, 0x00, 0x00,
    0x00, 0x00, 0x00, 0x00,
    0x22, 0x22, 0x20, 0x00,
    0x00, 0x00, 0x02, 0x00,
    0x66, 0x66, 0x60, 0x20,
    0x00, 0x06, 0x60, 0x20,
    0x20, 0x66, 0x02, 0x00,
    0x06, 0x60, 0x20, 0x00,

    0xFF, 0xFF, 0xFF, 0xFF,
    0xFF, 0xFF, 0xFF, 0xFF,
    0x00, 0x00, 0x0F, 0xFF,
    0xFF, 0xFF, 0xF0, 0xFF,
    0x00, 0x00, 0x0F, 0x0F,
    0xFF, 0xF0, 0x0F, 0x0F,
    0x0F, 0x00, 0xF0, 0xFF,
    0xF0, 0x0F, 0x0F, 0xFF,

    0x00, 0x00, 0x00, 0x00,
    0x00, 0x00, 0x00, 0x00,
    0x00, 0x02, 0x22, 0x22,
    0x00, 0x20, 0x00, 0x00,
    0x02, 0x06, 0x66, 0x66,
    0x02, 0x06, 0x60, 0x00,
    0x00, 0x20, 0x66, 0x02,
    0x00, 0x02, 0x06, 0x60,

    0xFF, 0xFF, 0xFF, 0xFF,
    0xFF, 0xFF, 0xFF, 0xFF,
    0xFF, 0xF0, 0x00, 0x00,
    0xFF, 0x0F, 0xFF, 0xFF,
    0xF0, 0xF0, 0x00, 0x00,
    0xF0, 0xF0, 0x0F, 0xFF,
    0xFF, 0x0F, 0x00, 0xF0,
    0xFF, 0xF0, 0xF0, 0x0F,


/* Tile ID 16, isSolid: false */
    0x00, 0x00, 0x00, 0x00,
    0x00, 0x00, 0x00, 0x00,
    0x00, 0x00, 0x00, 0x00,
    0x00, 0x00, 0x00, 0x22,
    0x00, 0x00, 0x02, 0x00,
    0x00, 0x00, 0x20, 0x66,
    0x00, 0x02, 0x06, 0x60,
    0x00, 0x02, 0x06, 0x66,

    0xFF, 0xFF, 0xFF, 0xFF,
    0xFF, 0xFF, 0xFF, 0xFF,
    0xFF, 0xFF, 0xFF, 0xFF,
    0xFF, 0xFF, 0xFF, 0x00,
    0xFF, 0xFF, 0xF0, 0xFF,
    0xFF, 0xFF, 0x0F, 0x00,
    0xFF, 0xF0, 0xF0, 0x0F,
    0xFF, 0xF0, 0xF0, 0x00,

    0x00, 0x00, 0x00, 0x00,
    0x00, 0x00, 0x00, 0x00,
    0x00, 0x00, 0x00, 0x00,
    0x22, 0x00, 0x00, 0x00,
    0x00, 0x20, 0x00, 0x00,
    0x66, 0x02, 0x00, 0x00,
    0x06, 0x60, 0x20, 0x00,
    0x66, 0x60, 0x20, 0x00,

    0xFF, 0xFF, 0xFF, 0xFF,
    0xFF, 0xFF, 0xFF, 0xFF,
    0xFF, 0xFF, 0xFF, 0xFF,
    0x00, 0xFF, 0xFF, 0xFF,
    0xFF, 0x0F, 0xFF, 0xFF,
    0x00, 0xF0, 0xFF, 0xFF,
    0xF0, 0x0F, 0x0F, 0xFF,
    0x00, 0x0F, 0x0F, 0xFF,


/* Tile ID 17, isSolid: false */
    0x00, 0x00, 0x00, 0x00,
    0x00, 0x00, 0x00, 0x00,
    0x22, 0x22, 0x22, 0x20,
    0x00, 0x00, 0x00, 0x02,
    0x66, 0x66, 0x66, 0x60,
    0x00, 0x00, 0x00, 0x06,
    0x00, 0x02, 0x20, 0x66,
    0x66, 0x60, 0x06, 0x66,

    0xFF, 0xFF, 0xFF, 0xFF,
    0xFF, 0xFF, 0xFF, 0xFF,
    0x00, 0x00, 0x00, 0x0F,
    0xFF, 0xFF, 0xFF, 0xF0,
    0x00, 0x00, 0x00, 0x0F,
    0xFF, 0xFF, 0xFF, 0xF0,
    0xFF, 0xF0, 0x0F, 0x00,
    0x00, 0x0F, 0xF0, 0x00,

    0x00, 0x00, 0x00, 0x00,
    0x00, 0x00, 0x00, 0x00,
    0x02, 0x22, 0x22, 0x22,
    0x20, 0x00, 0x00, 0x00,
    0x06, 0x66, 0x66, 0x66,
    0x60, 0x00, 0x00, 0x00,
    0x66, 0x02, 0x20, 0x00,
    0x66, 0x60, 0x06, 0x66,

    0xFF, 0xFF, 0xFF, 0xFF,
    0xFF, 0xFF, 0xFF, 0xFF,
    0xF0, 0x00, 0x00, 0x00,
    0x0F, 0xFF, 0xFF, 0xFF,
    0xF0, 0x00, 0x00, 0x00,
    0x0F, 0xFF, 0xFF, 0xFF,
    0x00, 0xF0, 0x0F, 0xFF,
    0x00, 0x0F, 0xF0, 0x00,


/* Tile ID 18, isSolid: false */
    0x00, 0x00, 0x00, 0x00,
    0x00, 0x00, 0x00, 0x00,
    0x22, 0x00, 0x02, 0x20,
    0x00, 0x20, 0x20, 0x02,
    0x66, 0x02, 0x06, 0x60,
    0x60, 0x20, 0x66, 0x02,
    0x02, 0x06, 0x60, 0x20,
    0x60, 0x66, 0x02, 0x06,

    0xFF, 0xFF, 0xFF, 0xFF,
    0xFF, 0xFF, 0xFF, 0xFF,
    0x00, 0xFF, 0xF0, 0x0F,
    0xFF, 0x0F, 0x0F, 0xF0,
    0x00, 0xF0, 0xF0, 0x0F,
    0x0F, 0x0F, 0x00, 0xF0,
    0xF0, 0xF0, 0x0F, 0x0F,
    0x0F, 0x00, 0xF0, 0xF0,

    0x00, 0x00, 0x00, 0x00,
    0x00, 0x00, 0x00, 0x00,
    0x02, 0x20, 0x00, 0x22,
    0x20, 0x02, 0x02, 0x00,
    0x06, 0x60, 0x20, 0x66,
    0x20, 0x66, 0x02, 0x06,
    0x02, 0x06, 0x60, 0x20,
    0x60, 0x20, 0x66, 0x06,

    0xFF, 0xFF, 0xFF, 0xFF,
    0xFF, 0xFF, 0xFF, 0xFF,
    0xF0, 0x0F, 0xFF, 0x00,
    0x0F, 0xF0, 0xF0, 0xFF,
    0xF0, 0x0F, 0x0F, 0x00,
    0x0F, 0x00, 0xF0, 0xF0,
    0xF0, 0xF0, 0x0F, 0x0F,
    0x0F, 0x0F, 0x00, 0xF0,


/* Tile ID 19, isSolid: false */
    0x00, 0x00, 0x00, 0x00,
    0x00, 0x00, 0x00, 0x00,
    0x22, 0x22, 0x22, 0x02,
    0x00, 0x00, 0x00, 0x20,
    0x66, 0x66, 0x66, 0x06,
    0x06, 0x60, 0x00, 0x66,
    0x66, 0x02, 0x06, 0x60,
    0x60, 0x20, 0x66, 0x00,

    0xFF, 0xFF, 0xFF, 0xFF,
    0xFF, 0xFF, 0xFF, 0xFF,
    0x00, 0x00, 0x00, 0xF0,
    0xFF, 0xFF, 0xFF, 0x0F,
    0x00, 0x00, 0x00, 0xF0,
    0xF0, 0x0F, 0xFF, 0x00,
    0x00, 0xF0, 0xF0, 0x0F,
    0x0F, 0x0F, 0x00, 0xFF,

    0x00, 0x00, 0x00, 0x00,
    0x00, 0x00, 0x00, 0x00,
    0x20, 0x22, 0x22, 0x22,
    0x02, 0x00, 0x00, 0x00,
    0x60, 0x66, 0x66, 0x66,
    0x66, 0x00, 0x06, 0x60,
    0x06, 0x60, 0x20, 0x66,
    0x00, 0x66, 0x02, 0x06,

    0xFF, 0xFF, 0xFF, 0xFF,
    0xFF, 0xFF, 0xFF, 0xFF,
    0x0F, 0x00, 0x00, 0x00,
    0xF0, 0xFF, 0xFF, 0xFF,
    0x0F, 0x00, 0x00, 0x00,
    0x00, 0xFF, 0xF0, 0x0F,
    0xF0, 0x0F, 0x0F, 0x00,
    0xFF, 0x00, 0xF0, 0xF0,


/* Tile ID 20, isSolid: false */
    0x00, 0x00, 0x00, 0x00,
    0x00, 0x00, 0x00, 0x00,
    0x22, 0x22, 0x22, 0x00,
    0x00, 0x00, 0x00, 0x20,
    0x66, 0x66, 0x66, 0x02,
    0x00, 0x00, 0x66, 0x02,
    0x22, 0x06, 0x60, 0x20,
    0x00, 0x66, 0x02, 0x00,

    0xFF, 0xFF, 0xFF, 0xFF,
    0xFF, 0xFF, 0xFF, 0xFF,
    0x00, 0x00, 0x00, 0xFF,
    0xFF, 0xFF, 0xFF, 0x0F,
    0x00, 0x00, 0x00, 0xF0,
    0xFF, 0xFF, 0x00, 0xF0,
    0x00, 0xF0, 0x0F, 0x0F,
    0xFF, 0x00, 0xF0, 0xFF,

    0x00, 0x00, 0x00, 0x00,
    0x00, 0x00, 0x00, 0x00,
    0x00, 0x22, 0x22, 0x22,
    0x02, 0x00, 0x00, 0x00,
    0x20, 0x66, 0x66, 0x66,
    0x20, 0x66, 0x00, 0x00,
    0x02, 0x06, 0x60, 0x22,
    0x00, 0x20, 0x66, 0x00,

    0xFF, 0xFF, 0xFF, 0xFF,
    0xFF, 0xFF, 0xFF, 0xFF,
    0xFF, 0x00, 0x00, 0x00,
    0xF0, 0xFF, 0xFF, 0xFF,
    0x0F, 0x00, 0x00, 0x00,
    0x0F, 0x00, 0xFF, 0xFF,
    0xF0, 0xF0, 0x0F, 0x00,
    0xFF, 0x0F, 0x00, 0xFF,


/* Tile ID 21, isSolid: false */
    0x00, 0x00, 0x00, 0x00,
    0x00, 0x00, 0x0E, 0x00,
    0x00, 0x00, 0xEE, 0x00,
    0x00, 0xEE, 0xEE, 0x00,
    0x00, 0xEE, 0xEE, 0x00,
    0x00, 0x00, 0xEE, 0x00,
    0x00, 0x00, 0x0E, 0x00,
    0x00, 0x00, 0x00, 0x00,

    0xFF, 0xFF, 0xFF, 0xFF,
    0xFF, 0xFF, 0xF0, 0xFF,
    0xFF, 0xFF, 0x00, 0xFF,
    0xFF, 0x00, 0x00, 0xFF,
    0xFF, 0x00, 0x00, 0xFF,
    0xFF, 0xFF, 0x00, 0xFF,
    0xFF, 0xFF, 0xF0, 0xFF,
    0xFF, 0xFF, 0xFF, 0xFF,

    0x00, 0x00, 0x00, 0x00,
    0x00, 0xE0, 0x00, 0x00,
    0x00, 0xEE, 0x00, 0x00,
    0x00, 0xEE, 0xEE, 0x00,
    0x00, 0xEE, 0xEE, 0x00,
    0x00, 0xEE, 0x00, 0x00,
    0x00, 0xE0, 0x00, 0x00,
    0x00, 0x00, 0x00, 0x00,

    0xFF, 0xFF, 0xFF, 0xFF,
    0xFF, 0x0F, 0xFF, 0xFF,
    0xFF, 0x00, 0xFF, 0xFF,
    0xFF, 0x00, 0x00, 0xFF,
    0xFF, 0x00, 0x00, 0xFF,
    0xFF, 0x00, 0xFF, 0xFF,
    0xFF, 0x0F, 0xFF, 0xFF,
    0xFF, 0xFF, 0xFF, 0xFF,


/* Tile ID 22, isSolid: false */
    0x00, 0x00, 0x90, 0x00,
    0x00, 0x0E, 0x09, 0x00,
    0x00, 0xEE, 0x00, 0x90,
    0xEE, 0xEE, 0x90, 0x09,
    0xEE, 0xEE, 0x90, 0x09,
    0x00, 0xEE, 0x00, 0x90,
    0x00, 0x0E, 0x09, 0x00,
    0x00, 0x00, 0x90, 0x00,

    0xFF, 0xFF, 0x0F, 0xFF,
    0xFF, 0xF0, 0xF0, 0xFF,
    0xFF, 0x00, 0xFF, 0x0F,
    0x00, 0x00, 0x0F, 0xF0,
    0x00, 0x00, 0x0F, 0xF0,
    0xFF, 0x00, 0xFF, 0x0F,
    0xFF, 0xF0, 0xF0, 0xFF,
    0xFF, 0xFF, 0x0F, 0xFF,

    0x00, 0x09, 0x00, 0x00,
    0x00, 0x90, 0xE0, 0x00,
    0x09, 0x00, 0xEE, 0x00,
    0x90, 0x09, 0xEE, 0xEE,
    0x90, 0x09, 0xEE, 0xEE,
    0x09, 0x00, 0xEE, 0x00,
    0x00, 0x90, 0xE0, 0x00,
    0x00, 0x09, 0x00, 0x00,

    0xFF, 0xF0, 0xFF, 0xFF,
    0xFF, 0x0F, 0x0F, 0xFF,
    0xF0, 0xFF, 0x00, 0xFF,
    0x0F, 0xF0, 0x00, 0x00,
    0x0F, 0xF0, 0x00, 0x00,
    0xF0, 0xFF, 0x00, 0xFF,
    0xFF, 0x0F, 0x0F, 0xFF,
    0xFF, 0xF0, 0xFF, 0xFF,


/* Tile ID 23, isSolid: false */
    0x00, 0x00, 0x00, 0x00,
    0x00, 0x00, 0x00, 0x00,
    0x00, 0x00, 0x00, 0x00,
    0x00, 0x00, 0x00, 0x00,
    0x00, 0x00, 0x00, 0x00,
    0x00, 0x00, 0x02, 0x30,
    0x00, 0x00, 0x00, 0xEB,
    0x00, 0x00, 0x08, 0xDE,

    0xFF, 0xFF, 0xFF, 0xFF,
    0xFF, 0xFF, 0xFF, 0xFF,
    0xFF, 0xFF, 0xFF, 0xFF,
    0xFF, 0xFF, 0xFF, 0xFF,
    0xFF, 0xFF, 0xFF, 0xFF,
    0xFF, 0xFF, 0xF0, 0x0F,
    0xFF, 0xFF, 0xFF, 0x00,
    0xFF, 0xFF, 0xF0, 0x00,

    0x00, 0x00, 0x00, 0x00,
    0x00, 0x00, 0x00, 0x00,
    0x00, 0x00, 0x00, 0x00,
    0x00, 0x00, 0x00, 0x00,
    0x00, 0x00, 0x00, 0x00,
    0x03, 0x20, 0x00, 0x00,
    0xBE, 0x00, 0x00, 0x00,
    0xED, 0x80, 0x00, 0x00,

    0xFF, 0xFF, 0xFF, 0xFF,
    0xFF, 0xFF, 0xFF, 0xFF,
    0xFF, 0xFF, 0xFF, 0xFF,
    0xFF, 0xFF, 0xFF, 0xFF,
    0xFF, 0xFF, 0xFF, 0xFF,
    0xF0, 0x0F, 0xFF, 0xFF,
    0x00, 0xFF, 0xFF, 0xFF,
    0x00, 0x0F, 0xFF, 0xFF,


/* Tile ID 24, isSolid: false */
    0x00, 0x00, 0x00, 0x00,
    0x00, 0x00, 0x00, 0x00,
    0x00, 0x00, 0x00, 0x00,
    0x00, 0x00, 0x00, 0x00,
    0x00, 0x00, 0x00, 0x00,
    0x00, 0x00, 0x00, 0x00,
    0xB9, 0x00, 0x00, 0x00,
    0x9E, 0x00, 0x00, 0x00,

    0xFF, 0xFF, 0xFF, 0xFF,
    0xFF, 0xFF, 0xFF, 0xFF,
    0xFF, 0xFF, 0xFF, 0xFF,
    0xFF, 0xFF, 0xFF, 0xFF,
    0xFF, 0xFF, 0xFF, 0xFF,
    0xFF, 0xFF, 0xFF, 0xFF,
    0x00, 0xFF, 0xFF, 0xFF,
    0x00, 0xFF, 0xFF, 0xFF,

    0x00, 0x00, 0x00, 0x00,
    0x00, 0x00, 0x00, 0x00,
    0x00, 0x00, 0x00, 0x00,
    0x00, 0x00, 0x00, 0x00,
    0x00, 0x00, 0x00, 0x00,
    0x00, 0x00, 0x00, 0x00,
    0x00, 0x00, 0x00, 0x9B,
    0x00, 0x00, 0x00, 0xE9,

    0xFF, 0xFF, 0xFF, 0xFF,
    0xFF, 0xFF, 0xFF, 0xFF,
    0xFF, 0xFF, 0xFF, 0xFF,
    0xFF, 0xFF, 0xFF, 0xFF,
    0xFF, 0xFF, 0xFF, 0xFF,
    0xFF, 0xFF, 0xFF, 0xFF,
    0xFF, 0xFF, 0xFF, 0x00,
    0xFF, 0xFF, 0xFF, 0x00,


/* Tile ID 25, isSolid: false */
    0x00, 0x00, 0x00, 0x00,
    0x02, 0x00, 0x00, 0x00,
    0x00, 0x00, 0x00, 0x00,
    0x00, 0x00, 0x00, 0x00,
    0x00, 0x00, 0x00, 0x30,
    0x00, 0x02, 0x03, 0x9A,
    0x00, 0x00, 0x08, 0xB9,
    0x00, 0x00, 0x3B, 0xEE,

    0xFF, 0xFF, 0xFF, 0xFF,
    0xF0, 0xFF, 0xFF, 0xFF,
    0xFF, 0xFF, 0xFF, 0xFF,
    0xFF, 0xFF, 0xFF, 0xFF,
    0xFF, 0xFF, 0xFF, 0x0F,
    0xFF, 0xF0, 0xF0, 0x00,
    0xFF, 0xFF, 0xF0, 0x00,
    0xFF, 0xFF, 0x00, 0x00,

    0x00, 0x00, 0x00, 0x00,
    0x00, 0x00, 0x00, 0x20,
    0x00, 0x00, 0x00, 0x00,
    0x00, 0x00, 0x00, 0x00,
    0x03, 0x00, 0x00, 0x00,
    0xA9, 0x30, 0x20, 0x00,
    0x9B, 0x80, 0x00, 0x00,
    0xEE, 0xB3, 0x00, 0x00,

    0xFF, 0xFF, 0xFF, 0xFF,
    0xFF, 0xFF, 0xFF, 0x0F,
    0xFF, 0xFF, 0xFF, 0xFF,
    0xFF, 0xFF, 0xFF, 0xFF,
    0xF0, 0xFF, 0xFF, 0xFF,
    0x00, 0x0F, 0x0F, 0xFF,
    0x00, 0x0F, 0xFF, 0xFF,
    0x00, 0x00, 0xFF, 0xFF,


/* Tile ID 26, isSolid: false */
    0x00, 0x00, 0x00, 0x00,
    0x20, 0x00, 0x00, 0x00,
    0x00, 0x00, 0x00, 0x00,
    0x00, 0x00, 0x00, 0x00,
    0x00, 0x00, 0x00, 0x00,
    0x99, 0x30, 0x00, 0x00,
    0xDD, 0x93, 0x00, 0x20,
    0xED, 0xB0, 0x00, 0x00,

    0xFF, 0xFF, 0xFF, 0xFF,
    0x0F, 0xFF, 0xFF, 0xFF,
    0xFF, 0xFF, 0xFF, 0xFF,
    0xFF, 0xFF, 0xFF, 0xFF,
    0xFF, 0xFF, 0xFF, 0xFF,
    0x00, 0x0F, 0xFF, 0xFF,
    0x00, 0x00, 0xFF, 0x0F,
    0x00, 0x0F, 0xFF, 0xFF,

    0x00, 0x00, 0x00, 0x00,
    0x00, 0x00, 0x00, 0x02,
    0x00, 0x00, 0x00, 0x00,
    0x00, 0x00, 0x00, 0x00,
    0x00, 0x00, 0x00, 0x00,
    0x00, 0x00, 0x03, 0x99,
    0x02, 0x00, 0x39, 0xDD,
    0x00, 0x00, 0x0B, 0xDE,

    0xFF, 0xFF, 0xFF, 0xFF,
    0xFF, 0xFF, 0xFF, 0xF0,
    0xFF, 0xFF, 0xFF, 0xFF,
    0xFF, 0xFF, 0xFF, 0xFF,
    0xFF, 0xFF, 0xFF, 0xFF,
    0xFF, 0xFF, 0xF0, 0x00,
    0xF0, 0xFF, 0x00, 0x00,
    0xFF, 0xFF, 0xF0, 0x00,


/* Tile ID 27, isSolid: false */
    0x00, 0x30, 0x00, 0x00,
    0x00, 0x33, 0x00, 0x00,
    0x00, 0x00, 0x00, 0x33,
    0x00, 0x20, 0x00, 0x59,
    0x00, 0x00, 0x5B, 0xDD,
    0x03, 0x02, 0xBD, 0xDD,
    0x00, 0x05, 0xDD, 0xDA,
    0x02, 0x08, 0xDD, 0xAA,

    0xFF, 0x0F, 0xFF, 0xFF,
    0xFF, 0x00, 0xFF, 0xFF,
    0xFF, 0xFF, 0xFF, 0x00,
    0xFF, 0x0F, 0xFF, 0x00,
    0xFF, 0xFF, 0x00, 0x00,
    0xF0, 0xF0, 0x00, 0x00,
    0xFF, 0xF0, 0x00, 0x00,
    0xF0, 0xF0, 0x00, 0x00,

    0x00, 0x00, 0x03, 0x00,
    0x00, 0x00, 0x33, 0x00,
    0x33, 0x00, 0x00, 0x00,
    0x95, 0x00, 0x02, 0x00,
    0xDD, 0xB5, 0x00, 0x00,
    0xDD, 0xDB, 0x20, 0x30,
    0xAD, 0xDD, 0x50, 0x00,
    0xAA, 0xDD, 0x80, 0x20,

    0xFF, 0xFF, 0xF0, 0xFF,
    0xFF, 0xFF, 0x00, 0xFF,
    0x00, 0xFF, 0xFF, 0xFF,
    0x00, 0xFF, 0xF0, 0xFF,
    0x00, 0x00, 0xFF, 0xFF,
    0x00, 0x00, 0x0F, 0x0F,
    0x00, 0x00, 0x0F, 0xFF,
    0x00, 0x00, 0x0F, 0x0F,


/* Tile ID 28, isSolid: false */
    0x00, 0x00, 0x00, 0x00,
    0x03, 0x00, 0x00, 0x00,
    0x00, 0x00, 0x03, 0x30,
    0x85, 0x00, 0x05, 0x00,
    0xDD, 0xB2, 0x00, 0x00,
    0xDD, 0xD8, 0x00, 0x20,
    0xBD, 0xDB, 0x50, 0x00,
    0x8B, 0xDD, 0x50, 0x00,

    0xFF, 0xFF, 0xFF, 0xFF,
    0xF0, 0xFF, 0xFF, 0xFF,
    0xFF, 0xFF, 0xF0, 0x0F,
    0x00, 0xFF, 0xF0, 0xFF,
    0x00, 0x00, 0xFF, 0xFF,
    0x00, 0x00, 0xFF, 0x0F,
    0x00, 0x00, 0x0F, 0xFF,
    0x00, 0x00, 0x0F, 0xFF,

    0x00, 0x00, 0x00, 0x00,
    0x00, 0x00, 0x00, 0x30,
    0x03, 0x30, 0x00, 0x00,
    0x00, 0x50, 0x00, 0x58,
    0x00, 0x00, 0x2B, 0xDD,
    0x02, 0x00, 0x8D, 0xDD,
    0x00, 0x05, 0xBD, 0xDB,
    0x00, 0x05, 0xDD, 0xB8,

    0xFF, 0xFF, 0xFF, 0xFF,
    0xFF, 0xFF, 0xFF, 0x0F,
    0xF0, 0x0F, 0xFF, 0xFF,
    0xFF, 0x0F, 0xFF, 0x00,
    0xFF, 0xFF, 0x00, 0x00,
    0xF0, 0xFF, 0x00, 0x00,
    0xFF, 0xF0, 0x00, 0x00,
    0xFF, 0xF0, 0x00, 0x00,


/* Tile ID 29, isSolid: false */
    0x00, 0x00, 0x00, 0x00,
    0x00, 0x00, 0x05, 0x88,
    0x00, 0x05, 0x5A, 0xBD,
    0x00, 0x05, 0xAD, 0xDB,
    0x00, 0x28, 0xDD, 0xA8,
    0x00, 0x5B, 0xDA, 0x85,
    0x00, 0x8D, 0xB8, 0x50,
    0x00, 0x8D, 0xB8, 0x50,

    0xFF, 0xFF, 0xFF, 0xFF,
    0xFF, 0xFF, 0xF0, 0x00,
    0xFF, 0xF0, 0x00, 0x00,
    0xFF, 0xF0, 0x00, 0x00,
    0xFF, 0x00, 0x00, 0x00,
    0xFF, 0x00, 0x00, 0x00,
    0xFF, 0x00, 0x00, 0x0F,
    0xFF, 0x00, 0x00, 0x0F,

    0x00, 0x00, 0x00, 0x00,
    0x88, 0x50, 0x00, 0x00,
    0xDB, 0xA5, 0x50, 0x00,
    0xBD, 0xDA, 0x50, 0x00,
    0x8A, 0xDD, 0x82, 0x00,
    0x58, 0xAD, 0xB5, 0x00,
    0x05, 0x8B, 0xD8, 0x00,
    0x05, 0x8B, 0xD8, 0x00,

    0xFF, 0xFF, 0xFF, 0xFF,
    0x00, 0x0F, 0xFF, 0xFF,
    0x00, 0x00, 0x0F, 0xFF,
    0x00, 0x00, 0x0F, 0xFF,
    0x00, 0x00, 0x00, 0xFF,
    0x00, 0x00, 0x00, 0xFF,
    0xF0, 0x00, 0x00, 0xFF,
    0xF0, 0x00, 0x00, 0xFF,


/* Tile ID 30, isSolid: false */
    0x00, 0x00, 0x00, 0x00,
    0x88, 0x50, 0x00, 0x00,
    0xDB, 0xB5, 0x20, 0x00,
    0xBD, 0xDB, 0x52, 0x00,
    0x8A, 0xAD, 0xA5, 0x00,
    0x55, 0x8A, 0xB5, 0x02,
    0x02, 0x5A, 0xD8, 0x00,
    0x00, 0x58, 0xB8, 0x00,

    0xFF, 0xFF, 0xFF, 0xFF,
    0x00, 0x0F, 0xFF, 0xFF,
    0x00, 0x00, 0x0F, 0xFF,
    0x00, 0x00, 0x00, 0xFF,
    0x00, 0x00, 0x00, 0xFF,
    0x00, 0x00, 0x00, 0xF0,
    0xF0, 0x00, 0x00, 0xFF,
    0xFF, 0x00, 0x00, 0xFF,

    0x00, 0x00, 0x00, 0x00,
    0x00, 0x00, 0x05, 0x88,
    0x00, 0x02, 0x5B, 0xBD,
    0x00, 0x25, 0xBD, 0xDB,
    0x00, 0x5A, 0xDA, 0xA8,
    0x20, 0x5B, 0xA8, 0x55,
    0x00, 0x8D, 0xA5, 0x20,
    0x00, 0x8B, 0x85, 0x00,

    0xFF, 0xFF, 0xFF, 0xFF,
    0xFF, 0xFF, 0xF0, 0x00,
    0xFF, 0xF0, 0x00, 0x00,
    0xFF, 0x00, 0x00, 0x00,
    0xFF, 0x00, 0x00, 0x00,
    0x0F, 0x00, 0x00, 0x00,
    0xFF, 0x00, 0x00, 0x0F,
    0xFF, 0x00, 0x00, 0xFF,


/* Tile ID 31, isSolid: false */
    0x00, 0x30, 0x02, 0x55,
    0x00, 0x05, 0x58, 0xAA,
    0x00, 0x55, 0xAB, 0xBA,
    0x22, 0x8A, 0xBA, 0x88,
    0x05, 0xAD, 0xA8, 0x52,
    0x05, 0xAA, 0x82, 0x20,
    0x08, 0xAA, 0x52, 0x00,
    0x08, 0xAA, 0x52, 0x00,

    0xFF, 0x0F, 0xF0, 0x00,
    0xFF, 0xF0, 0x00, 0x00,
    0xFF, 0x00, 0x00, 0x00,
    0x00, 0x00, 0x00, 0x00,
    0xF0, 0x00, 0x00, 0x00,
    0xF0, 0x00, 0x00, 0x0F,
    0xF0, 0x00, 0x00, 0xFF,
    0xF0, 0x00, 0x00, 0xFF,

    0x55, 0x20, 0x03, 0x00,
    0xAA, 0x85, 0x50, 0x00,
    0xAB, 0xBA, 0x55, 0x00,
    0x88, 0xAB, 0xA8, 0x22,
    0x25, 0x8A, 0xDA, 0x50,
    0x02, 0x28, 0xAA, 0x50,
    0x00, 0x25, 0xAA, 0x80,
    0x00, 0x25, 0xAA, 0x80,

    0x00, 0x0F, 0xF0, 0xFF,
    0x00, 0x00, 0x0F, 0xFF,
    0x00, 0x00, 0x00, 0xFF,
    0x00, 0x00, 0x00, 0x00,
    0x00, 0x00, 0x00, 0x0F,
    0xF0, 0x00, 0x00, 0x0F,
    0xFF, 0x00, 0x00, 0x0F,
    0xFF, 0x00, 0x00, 0x0F,


/* Tile ID 32, isSolid: false */
    0x52, 0x00, 0x00, 0x00,
    0xAA, 0x85, 0x00, 0x00,
    0xAA, 0xAA, 0x50, 0x00,
    0x58, 0xAA, 0xA5, 0x00,
    0x22, 0x58, 0xAA, 0x00,
    0x00, 0x25, 0xAA, 0x52,
    0x00, 0x22, 0x8A, 0x80,
    0x00, 0x02, 0x5A, 0x50,

    0x00, 0xFF, 0xFF, 0xFF,
    0x00, 0x00, 0xFF, 0xFF,
    0x00, 0x00, 0x0F, 0xFF,
    0x00, 0x00, 0x00, 0xFF,
    0x00, 0x00, 0x00, 0xFF,
    0xFF, 0x00, 0x00, 0x00,
    0xFF, 0x00, 0x00, 0x0F,
    0xFF, 0xF0, 0x00, 0x0F,

    0x00, 0x00, 0x00, 0x25,
    0x00, 0x00, 0x58, 0xAA,
    0x00, 0x05, 0xAA, 0xAA,
    0x00, 0x5A, 0xAA, 0x85,
    0x00, 0xAA, 0x85, 0x22,
    0x25, 0xAA, 0x52, 0x00,
    0x08, 0xA8, 0x22, 0x00,
    0x05, 0xA5, 0x20, 0x00,

    0xFF, 0xFF, 0xFF, 0x00,
    0xFF, 0xFF, 0x00, 0x00,
    0xFF, 0xF0, 0x00, 0x00,
    0xFF, 0x00, 0x00, 0x00,
    0xFF, 0x00, 0x00, 0x00,
    0x00, 0x00, 0x00, 0xFF,
    0xF0, 0x00, 0x00, 0xFF,
    0xF0, 0x00, 0x0F, 0xFF,


/* Tile ID 33, isSolid: false */
    0x00, 0x9E, 0x99, 0x9E,
    0x00, 0x9E, 0x93, 0x9E,
    0x00, 0x39, 0x30, 0x3E,
    0x00, 0x11, 0x10, 0x09,
    0x00, 0x11, 0x10, 0x00,
    0x00, 0x01, 0x00, 0x00,
    0x00, 0x00, 0x00, 0x00,
    0x00, 0x00, 0x00, 0x00,

    0xFF, 0x00, 0x00, 0x00,
    0xFF, 0x00, 0x00, 0x00,
    0xFF, 0x00, 0x0F, 0x00,
    0xFF, 0x00, 0x0F, 0xF0,
    0xFF, 0x00, 0x0F, 0xFF,
    0xFF, 0xF0, 0xFF, 0xFF,
    0xFF, 0xFF, 0xFF, 0xFF,
    0xFF, 0xFF, 0xFF, 0xFF,

    0xE9, 0x99, 0xE9, 0x00,
    0xE9, 0x39, 0xE9, 0x00,
    0xE3, 0x03, 0x93, 0x00,
    0x90, 0x01, 0x11, 0x00,
    0x00, 0x01, 0x11, 0x00,
    0x00, 0x00, 0x10, 0x00,
    0x00, 0x00, 0x00, 0x00,
    0x00, 0x00, 0x00, 0x00,

    0x00, 0x00, 0x00, 0xFF,
    0x00, 0x00, 0x00, 0xFF,
    0x00, 0xF0, 0x00, 0xFF,
    0x0F, 0xF0, 0x00, 0xFF,
    0xFF, 0xF0, 0x00, 0xFF,
    0xFF, 0xFF, 0x0F, 0xFF,
    0xFF, 0xFF, 0xFF, 0xFF,
    0xFF, 0xFF, 0xFF, 0xFF,


/* Tile ID 34, isSolid: false */
    0x99, 0x9E, 0x90, 0x00,
    0x93, 0x9E, 0x90, 0x00,
    0x30, 0x39, 0x30, 0x00,
    0x00, 0x11, 0x10, 0x00,
    0x00, 0x11, 0x10, 0x00,
    0x00, 0x01, 0x00, 0x00,
    0x00, 0x00, 0x00, 0x00,
    0x00, 0x00, 0x00, 0x00,

    0x00, 0x00, 0x0F, 0xFF,
    0x00, 0x00, 0x0F, 0xFF,
    0x0F, 0x00, 0x0F, 0xFF,
    0xFF, 0x00, 0x0F, 0xFF,
    0xFF, 0x00, 0x0F, 0xFF,
    0xFF, 0xF0, 0xFF, 0xFF,
    0xFF, 0xFF, 0xFF, 0xFF,
    0xFF, 0xFF, 0xFF, 0xFF,

    0x00, 0x09, 0xE9, 0x99,
    0x00, 0x09, 0xE9, 0x39,
    0x00, 0x03, 0x93, 0x03,
    0x00, 0x01, 0x11, 0x00,
    0x00, 0x01, 0x11, 0x00,
    0x00, 0x00, 0x10, 0x00,
    0x00, 0x00, 0x00, 0x00,
    0x00, 0x00, 0x00, 0x00,

    0xFF, 0xF0, 0x00, 0x00,
    0xFF, 0xF0, 0x00, 0x00,
    0xFF, 0xF0, 0x00, 0xF0,
    0xFF, 0xF0, 0x00, 0xFF,
    0xFF, 0xF0, 0x00, 0xFF,
    0xFF, 0xFF, 0x0F, 0xFF,
    0xFF, 0xFF, 0xFF, 0xFF,
    0xFF, 0xFF, 0xFF, 0xFF,


/* Tile ID 35, isSolid: false */
    0x00, 0x9E, 0x99, 0x9E,
    0x00, 0x9E, 0x93, 0x9E,
    0x00, 0x39, 0x30, 0x3E,
    0x01, 0x11, 0x11, 0x09,
    0x01, 0x1A, 0x11, 0x00,
    0x00, 0x16, 0x10, 0x00,
    0x00, 0x00, 0x00, 0x00,
    0x00, 0x00, 0x00, 0x00,

    0xFF, 0x00, 0x00, 0x00,
    0xFF, 0x00, 0x00, 0x00,
    0xFF, 0x00, 0x0F, 0x00,
    0xF0, 0x00, 0x00, 0xF0,
    0xF0, 0x00, 0x00, 0xFF,
    0xFF, 0x00, 0x0F, 0xFF,
    0xFF, 0xFF, 0xFF, 0xFF,
    0xFF, 0xFF, 0xFF, 0xFF,

    0xE9, 0x99, 0xE9, 0x00,
    0xE9, 0x39, 0xE9, 0x00,
    0xE3, 0x03, 0x93, 0x00,
    0x90, 0x11, 0x11, 0x10,
    0x00, 0x11, 0xA1, 0x10,
    0x00, 0x01, 0x61, 0x00,
    0x00, 0x00, 0x00, 0x00,
    0x00, 0x00, 0x00, 0x00,

    0x00, 0x00, 0x00, 0xFF,
    0x00, 0x00, 0x00, 0xFF,
    0x00, 0xF0, 0x00, 0xFF,
    0x0F, 0x00, 0x00, 0x0F,
    0xFF, 0x00, 0x00, 0x0F,
    0xFF, 0xF0, 0x00, 0xFF,
    0xFF, 0xFF, 0xFF, 0xFF,
    0xFF, 0xFF, 0xFF, 0xFF,


/* Tile ID 36, isSolid: false */
    0x99, 0x9E, 0x90, 0x00,
    0x93, 0x9E, 0x90, 0x00,
    0x30, 0x39, 0x30, 0x00,
    0x00, 0x11, 0x10, 0x00,
    0x00, 0x11, 0x10, 0x00,
    0x00, 0x01, 0x00, 0x00,
    0x00, 0x00, 0x00, 0x00,
    0x00, 0x00, 0x00, 0x00,

    0x00, 0x00, 0x0F, 0xFF,
    0x00, 0x00, 0x0F, 0xFF,
    0x0F, 0x00, 0x0F, 0xFF,
    0xFF, 0x00, 0x0F, 0xFF,
    0xFF, 0x00, 0x0F, 0xFF,
    0xFF, 0xF0, 0xFF, 0xFF,
    0xFF, 0xFF, 0xFF, 0xFF,
    0xFF, 0xFF, 0xFF, 0xFF,

    0x00, 0x09, 0xE9, 0x99,
    0x00, 0x09, 0xE9, 0x39,
    0x00, 0x03, 0x93, 0x03,
    0x00, 0x01, 0x11, 0x00,
    0x00, 0x01, 0x11, 0x00,
    0x00, 0x00, 0x10, 0x00,
    0x00, 0x00, 0x00, 0x00,
    0x00, 0x00, 0x00, 0x00,

    0xFF, 0xF0, 0x00, 0x00,
    0xFF, 0xF0, 0x00, 0x00,
    0xFF, 0xF0, 0x00, 0xF0,
    0xFF, 0xF0, 0x00, 0xFF,
    0xFF, 0xF0, 0x00, 0xFF,
    0xFF, 0xFF, 0x0F, 0xFF,
    0xFF, 0xFF, 0xFF, 0xFF,
    0xFF, 0xFF, 0xFF, 0xFF,


/* Tile ID 37, isSolid: false */
    0x00, 0x9E, 0x99, 0x9E,
    0x00, 0x9E, 0x93, 0x9E,
    0x00, 0x39, 0x30, 0x3E,
    0x01, 0x11, 0x11, 0x09,
    0x01, 0x1A, 0x11, 0x00,
    0x00, 0x16, 0x10, 0x00,
    0x00, 0x00, 0x00, 0x00,
    0x00, 0x00, 0x00, 0x00,

    0xFF, 0x00, 0x00, 0x00,
    0xFF, 0x00, 0x00, 0x00,
    0xFF, 0x00, 0x0F, 0x00,
    0xF0, 0x00, 0x00, 0xF0,
    0xF0, 0x00, 0x00, 0xFF,
    0xFF, 0x00, 0x0F, 0xFF,
    0xFF, 0xFF, 0xFF, 0xFF,
    0xFF, 0xFF, 0xFF, 0xFF,

    0xE9, 0x99, 0xE9, 0x00,
    0xE9, 0x39, 0xE9, 0x00,
    0xE3, 0x03, 0x93, 0x00,
    0x90, 0x11, 0x11, 0x10,
    0x00, 0x11, 0xA1, 0x10,
    0x00, 0x01, 0x61, 0x00,
    0x00, 0x00, 0x00, 0x00,
    0x00, 0x00, 0x00, 0x00,

    0x00, 0x00, 0x00, 0xFF,
    0x00, 0x00, 0x00, 0xFF,
    0x00, 0xF0, 0x00, 0xFF,
    0x0F, 0x00, 0x00, 0x0F,
    0xFF, 0x00, 0x00, 0x0F,
    0xFF, 0xF0, 0x00, 0xFF,
    0xFF, 0xFF, 0xFF, 0xFF,
    0xFF, 0xFF, 0xFF, 0xFF,


/* Tile ID 38, isSolid: false */
    0x99, 0x9E, 0x90, 0x00,
    0x93, 0x9E, 0x90, 0x00,
    0x30, 0x39, 0x30, 0x00,
    0x01, 0x11, 0x11, 0x00,
    0x01, 0x1A, 0x11, 0x00,
    0x00, 0x16, 0x10, 0x00,
    0x00, 0x00, 0x00, 0x00,
    0x00, 0x00, 0x00, 0x00,

    0x00, 0x00, 0x0F, 0xFF,
    0x00, 0x00, 0x0F, 0xFF,
    0x0F, 0x00, 0x0F, 0xFF,
    0xF0, 0x00, 0x00, 0xFF,
    0xF0, 0x00, 0x00, 0xFF,
    0xFF, 0x00, 0x0F, 0xFF,
    0xFF, 0xFF, 0xFF, 0xFF,
    0xFF, 0xFF, 0xFF, 0xFF,

    0x00, 0x09, 0xE9, 0x99,
    0x00, 0x09, 0xE9, 0x39,
    0x00, 0x03, 0x93, 0x03,
    0x00, 0x11, 0x11, 0x10,
    0x00, 0x11, 0xA1, 0x10,
    0x00, 0x01, 0x61, 0x00,
    0x00, 0x00, 0x00, 0x00,
    0x00, 0x00, 0x00, 0x00,

    0xFF, 0xF0, 0x00, 0x00,
    0xFF, 0xF0, 0x00, 0x00,
    0xFF, 0xF0, 0x00, 0xF0,
    0xFF, 0x00, 0x00, 0x0F,
    0xFF, 0x00, 0x00, 0x0F,
    0xFF, 0xF0, 0x00, 0xFF,
    0xFF, 0xFF, 0xFF, 0xFF,
    0xFF, 0xFF, 0xFF, 0xFF,


/* Tile ID 39, isSolid: false */
    0x00, 0x9E, 0x99, 0x9E,
    0x00, 0x9E, 0x93, 0x9E,
    0x00, 0x39, 0x30, 0x3E,
    0x00, 0x11, 0x10, 0x09,
    0x00, 0x11, 0x10, 0x00,
    0x00, 0x01, 0x00, 0x00,
    0x00, 0x00, 0x00, 0x00,
    0x00, 0x00, 0x00, 0x00,

    0xFF, 0x00, 0x00, 0x00,
    0xFF, 0x00, 0x00, 0x00,
    0xFF, 0x00, 0x0F, 0x00,
    0xFF, 0x00, 0x0F, 0xF0,
    0xFF, 0x00, 0x0F, 0xFF,
    0xFF, 0xF0, 0xFF, 0xFF,
    0xFF, 0xFF, 0xFF, 0xFF,
    0xFF, 0xFF, 0xFF, 0xFF,

    0xE9, 0x99, 0xE9, 0x00,
    0xE9, 0x39, 0xE9, 0x00,
    0xE3, 0x03, 0x93, 0x00,
    0x90, 0x01, 0x11, 0x00,
    0x00, 0x01, 0x11, 0x00,
    0x00, 0x00, 0x10, 0x00,
    0x00, 0x00, 0x00, 0x00,
    0x00, 0x00, 0x00, 0x00,

    0x00, 0x00, 0x00, 0xFF,
    0x00, 0x00, 0x00, 0xFF,
    0x00, 0xF0, 0x00, 0xFF,
    0x0F, 0xF0, 0x00, 0xFF,
    0xFF, 0xF0, 0x00, 0xFF,
    0xFF, 0xFF, 0x0F, 0xFF,
    0xFF, 0xFF, 0xFF, 0xFF,
    0xFF, 0xFF, 0xFF, 0xFF,


/* Tile ID 40, isSolid: false */
    0x99, 0x9E, 0x90, 0x00,
    0x93, 0x9E, 0x90, 0x00,
    0x30, 0x39, 0x30, 0x00,
    0x01, 0x11, 0x11, 0x00,
    0x01, 0x1A, 0x11, 0x00,
    0x00, 0x16, 0x10, 0x00,
    0x00, 0x00, 0x00, 0x00,
    0x00, 0x00, 0x00, 0x00,

    0x00, 0x00, 0x0F, 0xFF,
    0x00, 0x00, 0x0F, 0xFF,
    0x0F, 0x00, 0x0F, 0xFF,
    0xF0, 0x00, 0x00, 0xFF,
    0xF0, 0x00, 0x00, 0xFF,
    0xFF, 0x00, 0x0F, 0xFF,
    0xFF, 0xFF, 0xFF, 0xFF,
    0xFF, 0xFF, 0xFF, 0xFF,

    0x00, 0x09, 0xE9, 0x99,
    0x00, 0x09, 0xE9, 0x39,
    0x00, 0x03, 0x93, 0x03,
    0x00, 0x11, 0x11, 0x10,
    0x00, 0x11, 0xA1, 0x10,
    0x00, 0x01, 0x61, 0x00,
    0x00, 0x00, 0x00, 0x00,
    0x00, 0x00, 0x00, 0x00,

    0xFF, 0xF0, 0x00, 0x00,
    0xFF, 0xF0, 0x00, 0x00,
    0xFF, 0xF0, 0x00, 0xF0,
    0xFF, 0x00, 0x00, 0x0F,
    0xFF, 0x00, 0x00, 0x0F,
    0xFF, 0xF0, 0x00, 0xFF,
    0xFF, 0xFF, 0xFF, 0xFF,
    0xFF, 0xFF, 0xFF, 0xFF,


/* Tile ID 41, isSolid: false */
    0x00, 0x00, 0x20, 0x66,
    0x00, 0x02, 0x06, 0x60,
    0x00, 0x20, 0x66, 0x66,
    0x00, 0x02, 0x00, 0x00,
    0x00, 0x00, 0x22, 0x22,
    0x00, 0x00, 0x00, 0x00,
    0x00, 0x00, 0x00, 0x00,
    0x00, 0x00, 0x00, 0x00,

    0xFF, 0xFF, 0x0F, 0x00,
    0xFF, 0xF0, 0xF0, 0x0F,
    0xFF, 0x0F, 0x00, 0x00,
    0xFF, 0xF0, 0xFF, 0xFF,
    0xFF, 0xFF, 0x00, 0x00,
    0xFF, 0xFF, 0xFF, 0xFF,
    0xFF, 0xFF, 0xFF, 0xFF,
    0xFF, 0xFF, 0xFF, 0xFF,

    0x66, 0x02, 0x00, 0x00,
    0x06, 0x60, 0x20, 0x00,
    0x66, 0x66, 0x02, 0x00,
    0x00, 0x00, 0x20, 0x00,
    0x22, 0x22, 0x00, 0x00,
    0x00, 0x00, 0x00, 0x00,
    0x00, 0x00, 0x00, 0x00,
    0x00, 0x00, 0x00, 0x00,

    0x00, 0xF0, 0xFF, 0xFF,
    0xF0, 0x0F, 0x0F, 0xFF,
    0x00, 0x00, 0xF0, 0xFF,
    0xFF, 0xFF, 0x0F, 0xFF,
    0x00, 0x00, 0xFF, 0xFF,
    0xFF, 0xFF, 0xFF, 0xFF,
    0xFF, 0xFF, 0xFF, 0xFF,
    0xFF, 0xFF, 0xFF, 0xFF,


/* Tile ID 42, isSolid: false */
    0x02, 0x00, 0x02, 0x00,
    0x00, 0x02, 0x00, 0x66,
    0x66, 0x60, 0x66, 0x00,
    0x00, 0x02, 0x00, 0x22,
    0x22, 0x20, 0x22, 0x00,
    0x00, 0x00, 0x00, 0x00,
    0x00, 0x00, 0x00, 0x00,
    0x00, 0x00, 0x00, 0x00,

    0xF0, 0xFF, 0xF0, 0xFF,
    0xFF, 0xF0, 0xFF, 0x00,
    0x00, 0x0F, 0x00, 0xFF,
    0xFF, 0xF0, 0xFF, 0x00,
    0x00, 0x0F, 0x00, 0xFF,
    0xFF, 0xFF, 0xFF, 0xFF,
    0xFF, 0xFF, 0xFF, 0xFF,
    0xFF, 0xFF, 0xFF, 0xFF,

    0x00, 0x20, 0x00, 0x20,
    0x66, 0x00, 0x20, 0x00,
    0x00, 0x66, 0x06, 0x66,
    0x22, 0x00, 0x20, 0x00,
    0x00, 0x22, 0x02, 0x22,
    0x00, 0x00, 0x00, 0x00,
    0x00, 0x00, 0x00, 0x00,
    0x00, 0x00, 0x00, 0x00,

    0xFF, 0x0F, 0xFF, 0x0F,
    0x00, 0xFF, 0x0F, 0xFF,
    0xFF, 0x00, 0xF0, 0x00,
    0x00, 0xFF, 0x0F, 0xFF,
    0xFF, 0x00, 0xF0, 0x00,
    0xFF, 0xFF, 0xFF, 0xFF,
    0xFF, 0xFF, 0xFF, 0xFF,
    0xFF, 0xFF, 0xFF, 0xFF,


/* Tile ID 43, isSolid: false */
    0x66, 0x66, 0x02, 0x00,
    0x00, 0x66, 0x02, 0x00,
    0x20, 0x66, 0x02, 0x00,
    0x20, 0x66, 0x02, 0x02,
    0x20, 0x66, 0x02, 0x20,
    0x02, 0x00, 0x20, 0x02,
    0x00, 0x22, 0x00, 0x00,
    0x00, 0x00, 0x00, 0x00,

    0x00, 0x00, 0xF0, 0xFF,
    0xFF, 0x00, 0xF0, 0xFF,
    0x0F, 0x00, 0xF0, 0xFF,
    0x0F, 0x00, 0xF0, 0xF0,
    0x0F, 0x00, 0xF0, 0x0F,
    0xF0, 0xFF, 0x0F, 0xF0,
    0xFF, 0x00, 0xFF, 0xFF,
    0xFF, 0xFF, 0xFF, 0xFF,

    0x00, 0x20, 0x66, 0x66,
    0x00, 0x20, 0x66, 0x00,
    0x00, 0x20, 0x66, 0x02,
    0x20, 0x20, 0x66, 0x02,
    0x02, 0x20, 0x66, 0x02,
    0x20, 0x02, 0x00, 0x20,
    0x00, 0x00, 0x22, 0x00,
    0x00, 0x00, 0x00, 0x00,

    0xFF, 0x0F, 0x00, 0x00,
    0xFF, 0x0F, 0x00, 0xFF,
    0xFF, 0x0F, 0x00, 0xF0,
    0x0F, 0x0F, 0x00, 0xF0,
    0xF0, 0x0F, 0x00, 0xF0,
    0x0F, 0xF0, 0xFF, 0x0F,
    0xFF, 0xFF, 0x00, 0xFF,
    0xFF, 0xFF, 0xFF, 0xFF,


/* Tile ID 44, isSolid: false */
    0x00, 0x20, 0x66, 0x02,
    0x02, 0x06, 0x60, 0x22,
    0x20, 0x66, 0x02, 0x20,
    0x06, 0x60, 0x20, 0x02,
    0x66, 0x02, 0x00, 0x00,
    0x00, 0x20, 0x00, 0x00,
    0x22, 0x00, 0x00, 0x00,
    0x00, 0x00, 0x00, 0x00,

    0xFF, 0x0F, 0x00, 0xF0,
    0xF0, 0xF0, 0x0F, 0x00,
    0x0F, 0x00, 0xF0, 0x0F,
    0xF0, 0x0F, 0x0F, 0xF0,
    0x00, 0xF0, 0xFF, 0xFF,
    0xFF, 0x0F, 0xFF, 0xFF,
    0x00, 0xFF, 0xFF, 0xFF,
    0xFF, 0xFF, 0xFF, 0xFF,

    0x20, 0x66, 0x02, 0x00,
    0x22, 0x06, 0x60, 0x20,
    0x02, 0x20, 0x66, 0x02,
    0x20, 0x02, 0x06, 0x60,
    0x00, 0x00, 0x20, 0x66,
    0x00, 0x00, 0x02, 0x00,
    0x00, 0x00, 0x00, 0x22,
    0x00, 0x00, 0x00, 0x00,

    0x0F, 0x00, 0xF0, 0xFF,
    0x00, 0xF0, 0x0F, 0x0F,
    0xF0, 0x0F, 0x00, 0xF0,
    0x0F, 0xF0, 0xF0, 0x0F,
    0xFF, 0xFF, 0x0F, 0x00,
    0xFF, 0xFF, 0xF0, 0xFF,
    0xFF, 0xFF, 0xFF, 0x00,
    0xFF, 0xFF, 0xFF, 0xFF,


/* Tile ID 45, isSolid: false */
    0x20, 0x66, 0x06, 0x66,
    0x06, 0x60, 0x20, 0x06,
    0x66, 0x02, 0x20, 0x66,
    0x00, 0x22, 0x06, 0x60,
    0x22, 0x20, 0x66, 0x02,
    0x00, 0x02, 0x00, 0x20,
    0x00, 0x00, 0x22, 0x00,
    0x00, 0x00, 0x00, 0x00,

    0x0F, 0x00, 0xF0, 0x00,
    0xF0, 0x0F, 0x0F, 0xF0,
    0x00, 0xF0, 0x0F, 0x00,
    0xFF, 0x00, 0xF0, 0x0F,
    0x00, 0x0F, 0x00, 0xF0,
    0xFF, 0xF0, 0xFF, 0x0F,
    0xFF, 0xFF, 0x00, 0xFF,
    0xFF, 0xFF, 0xFF, 0xFF,

    0x66, 0x60, 0x66, 0x02,
    0x60, 0x02, 0x06, 0x60,
    0x66, 0x02, 0x20, 0x66,
    0x06, 0x60, 0x22, 0x00,
    0x20, 0x66, 0x02, 0x22,
    0x02, 0x00, 0x20, 0x00,
    0x00, 0x22, 0x00, 0x00,
    0x00, 0x00, 0x00, 0x00,

    0x00, 0x0F, 0x00, 0xF0,
    0x0F, 0xF0, 0xF0, 0x0F,
    0x00, 0xF0, 0x0F, 0x00,
    0xF0, 0x0F, 0x00, 0xFF,
    0x0F, 0x00, 0xF0, 0x00,
    0xF0, 0xFF, 0x0F, 0xFF,
    0xFF, 0x00, 0xFF, 0xFF,
    0xFF, 0xFF, 0xFF, 0xFF,


/* Tile ID 46, isSolid: false */
    0x60, 0x06, 0x60, 0x20,
    0x60, 0x66, 0x02, 0x06,
    0x06, 0x66, 0x60, 0x66,
    0x20, 0x00, 0x06, 0x60,
    0x02, 0x20, 0x66, 0x02,
    0x00, 0x02, 0x00, 0x20,
    0x00, 0x00, 0x22, 0x00,
    0x00, 0x00, 0x00, 0x00,

    0x0F, 0xF0, 0x0F, 0x0F,
    0x0F, 0x00, 0xF0, 0xF0,
    0xF0, 0x00, 0x0F, 0x00,
    0x0F, 0xFF, 0xF0, 0x0F,
    0xF0, 0x0F, 0x00, 0xF0,
    0xFF, 0xF0, 0xFF, 0x0F,
    0xFF, 0xFF, 0x00, 0xFF,
    0xFF, 0xFF, 0xFF, 0xFF,

    0x02, 0x06, 0x60, 0x06,
    0x60, 0x20, 0x66, 0x06,
    0x66, 0x06, 0x66, 0x60,
    0x06, 0x60, 0x00, 0x02,
    0x20, 0x66, 0x02, 0x20,
    0x02, 0x00, 0x20, 0x00,
    0x00, 0x22, 0x00, 0x00,
    0x00, 0x00, 0x00, 0x00,

    0xF0, 0xF0, 0x0F, 0xF0,
    0x0F, 0x0F, 0x00, 0xF0,
    0x00, 0xF0, 0x00, 0x0F,
    0xF0, 0x0F, 0xFF, 0xF0,
    0x0F, 0x00, 0xF0, 0x0F,
    0xF0, 0xFF, 0x0F, 0xFF,
    0xFF, 0x00, 0xFF, 0xFF,
    0xFF, 0xFF, 0xFF, 0xFF,


/* Tile ID 47, isSolid: false */
    0x66, 0x02, 0x00, 0x00,
    0x60, 0x20, 0x00, 0x00,
    0x02, 0x00, 0x00, 0x02,
    0x20, 0x00, 0x00, 0x00,
    0x00, 0x00, 0x00, 0x00,
    0x00, 0x00, 0x00, 0x00,
    0x00, 0x00, 0x00, 0x00,
    0x00, 0x00, 0x00, 0x00,

    0x00, 0xF0, 0xFF, 0xFF,
    0x0F, 0x0F, 0xFF, 0xFF,
    0xF0, 0xFF, 0xFF, 0xF0,
    0x0F, 0xFF, 0xFF, 0xFF,
    0xFF, 0xFF, 0xFF, 0xFF,
    0xFF, 0xFF, 0xFF, 0xFF,
    0xFF, 0xFF, 0xFF, 0xFF,
    0xFF, 0xFF, 0xFF, 0xFF,

    0x00, 0x00, 0x20, 0x66,
    0x00, 0x00, 0x02, 0x06,
    0x20, 0x00, 0x00, 0x20,
    0x00, 0x00, 0x00, 0x02,
    0x00, 0x00, 0x00, 0x00,
    0x00, 0x00, 0x00, 0x00,
    0x00, 0x00, 0x00, 0x00,
    0x00, 0x00, 0x00, 0x00,

    0xFF, 0xFF, 0x0F, 0x00,
    0xFF, 0xFF, 0xF0, 0xF0,
    0x0F, 0xFF, 0xFF, 0x0F,
    0xFF, 0xFF, 0xFF, 0xF0,
    0xFF, 0xFF, 0xFF, 0xFF,
    0xFF, 0xFF, 0xFF, 0xFF,
    0xFF, 0xFF, 0xFF, 0xFF,
    0xFF, 0xFF, 0xFF, 0xFF,


/* Tile ID 48, isSolid: false */
    0x02, 0x22, 0x20, 0x00,
    0x20, 0x00, 0x00, 0x00,
    0x06, 0x66, 0x66, 0x66,
    0x20, 0x00, 0x00, 0x00,
    0x02, 0x22, 0x22, 0x22,
    0x00, 0x00, 0x00, 0x00,
    0x00, 0x00, 0x00, 0x00,
    0x00, 0x00, 0x00, 0x00,

    0xF0, 0x00, 0x0F, 0xFF,
    0x0F, 0xFF, 0xFF, 0xFF,
    0xF0, 0x00, 0x00, 0x00,
    0x0F, 0xFF, 0xFF, 0xFF,
    0xF0, 0x00, 0x00, 0x00,
    0xFF, 0xFF, 0xFF, 0xFF,
    0xFF, 0xFF, 0xFF, 0xFF,
    0xFF, 0xFF, 0xFF, 0xFF,

    0x00, 0x02, 0x22, 0x20,
    0x00, 0x00, 0x00, 0x02,
    0x66, 0x66, 0x66, 0x60,
    0x00, 0x00, 0x00, 0x02,
    0x22, 0x22, 0x22, 0x20,
    0x00, 0x00, 0x00, 0x00,
    0x00, 0x00, 0x00, 0x00,
    0x00, 0x00, 0x00, 0x00,

    0xFF, 0xF0, 0x00, 0x0F,
    0xFF, 0xFF, 0xFF, 0xF0,
    0x00, 0x00, 0x00, 0x0F,
    0xFF, 0xFF, 0xFF, 0xF0,
    0x00, 0x00, 0x00, 0x0F,
    0xFF, 0xFF, 0xFF, 0xFF,
    0xFF, 0xFF, 0xFF, 0xFF,
    0xFF, 0xFF, 0xFF, 0xFF,


/* Tile ID 49, isSolid: false */
    0x06, 0x60, 0x66, 0x00,
    0x66, 0x06, 0x60, 0x20,
    0x00, 0x66, 0x02, 0x06,
    0x22, 0x00, 0x20, 0x66,
    0x00, 0x22, 0x06, 0x60,
    0x00, 0x00, 0x20, 0x02,
    0x00, 0x00, 0x02, 0x20,
    0x00, 0x00, 0x00, 0x00,

    0xF0, 0x0F, 0x00, 0xFF,
    0x00, 0xF0, 0x0F, 0x0F,
    0xFF, 0x00, 0xF0, 0xF0,
    0x00, 0xFF, 0x0F, 0x00,
    0xFF, 0x00, 0xF0, 0x0F,
    0xFF, 0xFF, 0x0F, 0xF0,
    0xFF, 0xFF, 0xF0, 0x0F,
    0xFF, 0xFF, 0xFF, 0xFF,

    0x00, 0x66, 0x06, 0x60,
    0x02, 0x06, 0x60, 0x66,
    0x60, 0x20, 0x66, 0x00,
    0x66, 0x02, 0x00, 0x22,
    0x06, 0x60, 0x22, 0x00,
    0x20, 0x02, 0x00, 0x00,
    0x02, 0x20, 0x00, 0x00,
    0x00, 0x00, 0x00, 0x00,

    0xFF, 0x00, 0xF0, 0x0F,
    0xF0, 0xF0, 0x0F, 0x00,
    0x0F, 0x0F, 0x00, 0xFF,
    0x00, 0xF0, 0xFF, 0x00,
    0xF0, 0x0F, 0x00, 0xFF,
    0x0F, 0xF0, 0xFF, 0xFF,
    0xF0, 0x0F, 0xFF, 0xFF,
    0xFF, 0xFF, 0xFF, 0xFF,


/* Tile ID 50, isSolid: false */
    0x06, 0x60, 0x20, 0x66,
    0x66, 0x00, 0x06, 0x60,
    0x60, 0x66, 0x66, 0x66,
    0x02, 0x00, 0x00, 0x00,
    0x20, 0x22, 0x22, 0x06,
    0x00, 0x00, 0x00, 0x20,
    0x00, 0x00, 0x00, 0x02,
    0x00, 0x00, 0x00, 0x00,

    0xF0, 0x0F, 0x0F, 0x00,
    0x00, 0xFF, 0xF0, 0x0F,
    0x0F, 0x00, 0x00, 0x00,
    0xF0, 0xFF, 0xFF, 0xFF,
    0x0F, 0x00, 0x00, 0xF0,
    0xFF, 0xFF, 0xFF, 0x0F,
    0xFF, 0xFF, 0xFF, 0xF0,
    0xFF, 0xFF, 0xFF, 0xFF,

    0x66, 0x02, 0x06, 0x60,
    0x06, 0x60, 0x00, 0x66,
    0x66, 0x66, 0x66, 0x06,
    0x00, 0x00, 0x00, 0x20,
    0x60, 0x22, 0x22, 0x02,
    0x02, 0x00, 0x00, 0x00,
    0x20, 0x00, 0x00, 0x00,
    0x00, 0x00, 0x00, 0x00,

    0x00, 0xF0, 0xF0, 0x0F,
    0xF0, 0x0F, 0xFF, 0x00,
    0x00, 0x00, 0x00, 0xF0,
    0xFF, 0xFF, 0xFF, 0x0F,
    0x0F, 0x00, 0x00, 0xF0,
    0xF0, 0xFF, 0xFF, 0xFF,
    0x0F, 0xFF, 0xFF, 0xFF,
    0xFF, 0xFF, 0xFF, 0xFF,


/* Tile ID 51, isSolid: false */
    0x02, 0x06, 0x60, 0x66,
    0x20, 0x66, 0x02, 0x00,
    0x06, 0x60, 0x20, 0x22,
    0x66, 0x02, 0x00, 0x00,
    0x60, 0x20, 0x00, 0x00,
    0x02, 0x00, 0x00, 0x00,
    0x20, 0x00, 0x00, 0x00,
    0x00, 0x00, 0x00, 0x00,

    0xF0, 0xF0, 0x0F, 0x00,
    0x0F, 0x00, 0xF0, 0xFF,
    0xF0, 0x0F, 0x0F, 0x00,
    0x00, 0xF0, 0xFF, 0xFF,
    0x0F, 0x0F, 0xFF, 0xFF,
    0xF0, 0xFF, 0xFF, 0xFF,
    0x0F, 0xFF, 0xFF, 0xFF,
    0xFF, 0xFF, 0xFF, 0xFF,

    0x66, 0x06, 0x60, 0x20,
    0x00, 0x20, 0x66, 0x02,
    0x22, 0x02, 0x06, 0x60,
    0x00, 0x00, 0x20, 0x66,
    0x00, 0x00, 0x02, 0x06,
    0x00, 0x00, 0x00, 0x20,
    0x00, 0x00, 0x00, 0x02,
    0x00, 0x00, 0x00, 0x00,

    0x00, 0xF0, 0x0F, 0x0F,
    0xFF, 0x0F, 0x00, 0xF0,
    0x00, 0xF0, 0xF0, 0x0F,
    0xFF, 0xFF, 0x0F, 0x00,
    0xFF, 0xFF, 0xF0, 0xF0,
    0xFF, 0xFF, 0xFF, 0x0F,
    0xFF, 0xFF, 0xFF, 0xF0,
    0xFF, 0xFF, 0xFF, 0xFF,


/* Tile ID 52, isSolid: false */
    0x66, 0x00, 0x20, 0x00,
    0x00, 0x22, 0x00, 0x00,
    0x22, 0x00, 0x00, 0x00,
    0x00, 0x00, 0x00, 0x00,
    0x00, 0x00, 0x00, 0x00,
    0x00, 0x00, 0x00, 0x00,
    0x00, 0x00, 0x00, 0x00,
    0x00, 0x00, 0x00, 0x00,

    0x00, 0xFF, 0x0F, 0xFF,
    0xFF, 0x00, 0xFF, 0xFF,
    0x00, 0xFF, 0xFF, 0xFF,
    0xFF, 0xFF, 0xFF, 0xFF,
    0xFF, 0xFF, 0xFF, 0xFF,
    0xFF, 0xFF, 0xFF, 0xFF,
    0xFF, 0xFF, 0xFF, 0xFF,
    0xFF, 0xFF, 0xFF, 0xFF,

    0x00, 0x02, 0x00, 0x66,
    0x00, 0x00, 0x22, 0x00,
    0x00, 0x00, 0x00, 0x22,
    0x00, 0x00, 0x00, 0x00,
    0x00, 0x00, 0x00, 0x00,
    0x00, 0x00, 0x00, 0x00,
    0x00, 0x00, 0x00, 0x00,
    0x00, 0x00, 0x00, 0x00,

    0xFF, 0xF0, 0xFF, 0x00,
    0xFF, 0xFF, 0x00, 0xFF,
    0xFF, 0xFF, 0xFF, 0x00,
    0xFF, 0xFF, 0xFF, 0xFF,
    0xFF, 0xFF, 0xFF, 0xFF,
    0xFF, 0xFF, 0xFF, 0xFF,
    0xFF, 0xFF, 0xFF, 0xFF,
    0xFF, 0xFF, 0xFF, 0xFF,


/* Tile ID 53, isSolid: false */
    0x00, 0x00, 0x00, 0x00,
    0x0E, 0xEE, 0xE0, 0x00,
    0x0E, 0xE0, 0x00, 0x00,
    0x0E, 0x0E, 0x00, 0x00,
    0x0E, 0x00, 0xE0, 0x00,
    0x00, 0x00, 0x0E, 0x00,
    0x00, 0x00, 0x00, 0xE0,
    0x00, 0x00, 0x00, 0x00,

    0xFF, 0xFF, 0xFF, 0xFF,
    0xF0, 0x00, 0x0F, 0xFF,
    0xF0, 0x0F, 0xFF, 0xFF,
    0xF0, 0xF0, 0xFF, 0xFF,
    0xF0, 0xFF, 0x0F, 0xFF,
    0xFF, 0xFF, 0xF0, 0xFF,
    0xFF, 0xFF, 0xFF, 0x0F,
    0xFF, 0xFF, 0xFF, 0xFF,

    0x00, 0x00, 0x00, 0x00,
    0x00, 0x0E, 0xEE, 0xE0,
    0x00, 0x00, 0x0E, 0xE0,
    0x00, 0x00, 0xE0, 0xE0,
    0x00, 0x0E, 0x00, 0xE0,
    0x00, 0xE0, 0x00, 0x00,
    0x0E, 0x00, 0x00, 0x00,
    0x00, 0x00, 0x00, 0x00,

    0xFF, 0xFF, 0xFF, 0xFF,
    0xFF, 0xF0, 0x00, 0x0F,
    0xFF, 0xFF, 0xF0, 0x0F,
    0xFF, 0xFF, 0x0F, 0x0F,
    0xFF, 0xF0, 0xFF, 0x0F,
    0xFF, 0x0F, 0xFF, 0xFF,
    0xF0, 0xFF, 0xFF, 0xFF,
    0xFF, 0xFF, 0xFF, 0xFF,


/* Tile ID 54, isSolid: false */
    0x00, 0x00, 0x00, 0x00,
    0x00, 0x00, 0x00, 0x00,
    0x00, 0x00, 0x00, 0x00,
    0x00, 0x00, 0x00, 0x00,
    0x00, 0x00, 0x00, 0x00,
    0x00, 0x00, 0x00, 0x00,
    0x00, 0x00, 0x00, 0x00,
    0x00, 0x00, 0x00, 0x00,

    0xFF, 0xFF, 0xFF, 0xFF,
    0xFF, 0xFF, 0xFF, 0xFF,
    0xFF, 0xFF, 0xFF, 0xFF,
    0xFF, 0xFF, 0xFF, 0xFF,
    0xFF, 0xFF, 0xFF, 0xFF,
    0xFF, 0xFF, 0xFF, 0xFF,
    0xFF, 0xFF, 0xFF, 0xFF,
    0xFF, 0xFF, 0xFF, 0xFF,

    0x00, 0x00, 0x00, 0x00,
    0x00, 0x00, 0x00, 0x00,
    0x00, 0x00, 0x00, 0x00,
    0x00, 0x00, 0x00, 0x00,
    0x00, 0x00, 0x00, 0x00,
    0x00, 0x00, 0x00, 0x00,
    0x00, 0x00, 0x00, 0x00,
    0x00, 0x00, 0x00, 0x00,

    0xFF, 0xFF, 0xFF, 0xFF,
    0xFF, 0xFF, 0xFF, 0xFF,
    0xFF, 0xFF, 0xFF, 0xFF,
    0xFF, 0xFF, 0xFF, 0xFF,
    0xFF, 0xFF, 0xFF, 0xFF,
    0xFF, 0xFF, 0xFF, 0xFF,
    0xFF, 0xFF, 0xFF, 0xFF,
    0xFF, 0xFF, 0xFF, 0xFF,


/* Tile ID 55, isSolid: false */
    0x00, 0x00, 0x09, 0xEE,
    0x00, 0x00, 0x03, 0x9E,
    0x00, 0x00, 0x02, 0x38,
    0x00, 0x00, 0x00, 0x00,
    0x00, 0x00, 0x00, 0x00,
    0x00, 0x00, 0x00, 0x00,
    0x00, 0x00, 0x00, 0x00,
    0x00, 0x00, 0x00, 0x00,

    0xFF, 0xFF, 0xF0, 0x00,
    0xFF, 0xFF, 0xF0, 0x00,
    0xFF, 0xFF, 0xF0, 0x00,
    0xFF, 0xFF, 0xFF, 0xFF,
    0xFF, 0xFF, 0xFF, 0xFF,
    0xFF, 0xFF, 0xFF, 0xFF,
    0xFF, 0xFF, 0xFF, 0xFF,
    0xFF, 0xFF, 0xFF, 0xFF,

    0xEE, 0x90, 0x00, 0x00,
    0xE9, 0x30, 0x00, 0x00,
    0x83, 0x20, 0x00, 0x00,
    0x00, 0x00, 0x00, 0x00,
    0x00, 0x00, 0x00, 0x00,
    0x00, 0x00, 0x00, 0x00,
    0x00, 0x00, 0x00, 0x00,
    0x00, 0x00, 0x00, 0x00,

    0x00, 0x0F, 0xFF, 0xFF,
    0x00, 0x0F, 0xFF, 0xFF,
    0x00, 0x0F, 0xFF, 0xFF,
    0xFF, 0xFF, 0xFF, 0xFF,
    0xFF, 0xFF, 0xFF, 0xFF,
    0xFF, 0xFF, 0xFF, 0xFF,
    0xFF, 0xFF, 0xFF, 0xFF,
    0xFF, 0xFF, 0xFF, 0xFF,


/* Tile ID 56, isSolid: false */
    0xED, 0x50, 0x00, 0x00,
    0xE9, 0x20, 0x00, 0x00,
    0x39, 0x00, 0x00, 0x00,
    0x00, 0x00, 0x00, 0x00,
    0x00, 0x00, 0x00, 0x00,
    0x00, 0x00, 0x00, 0x00,
    0x00, 0x00, 0x00, 0x00,
    0x00, 0x00, 0x00, 0x00,

    0x00, 0x0F, 0xFF, 0xFF,
    0x00, 0x0F, 0xFF, 0xFF,
    0x00, 0xFF, 0xFF, 0xFF,
    0xFF, 0xFF, 0xFF, 0xFF,
    0xFF, 0xFF, 0xFF, 0xFF,
    0xFF, 0xFF, 0xFF, 0xFF,
    0xFF, 0xFF, 0xFF, 0xFF,
    0xFF, 0xFF, 0xFF, 0xFF,

    0x00, 0x00, 0x05, 0xDE,
    0x00, 0x00, 0x02, 0x9E,
    0x00, 0x00, 0x00, 0x93,
    0x00, 0x00, 0x00, 0x00,
    0x00, 0x00, 0x00, 0x00,
    0x00, 0x00, 0x00, 0x00,
    0x00, 0x00, 0x00, 0x00,
    0x00, 0x00, 0x00, 0x00,

    0xFF, 0xFF, 0xF0, 0x00,
    0xFF, 0xFF, 0xF0, 0x00,
    0xFF, 0xFF, 0xFF, 0x00,
    0xFF, 0xFF, 0xFF, 0xFF,
    0xFF, 0xFF, 0xFF, 0xFF,
    0xFF, 0xFF, 0xFF, 0xFF,
    0xFF, 0xFF, 0xFF, 0xFF,
    0xFF, 0xFF, 0xFF, 0xFF,


/* Tile ID 57, isSolid: false */
    0x00, 0x00, 0x3B, 0xED,
    0x00, 0x00, 0x0A, 0xDE,
    0x00, 0x00, 0x09, 0x9D,
    0x00, 0x00, 0x03, 0x32,
    0x00, 0x20, 0x00, 0x00,
    0x00, 0x00, 0x00, 0x00,
    0x00, 0x00, 0x00, 0x00,
    0x00, 0x00, 0x00, 0x00,

    0xFF, 0xFF, 0x00, 0x00,
    0xFF, 0xFF, 0xF0, 0x00,
    0xFF, 0xFF, 0xF0, 0x00,
    0xFF, 0xFF, 0xF0, 0x00,
    0xFF, 0x0F, 0xFF, 0xFF,
    0xFF, 0xFF, 0xFF, 0xFF,
    0xFF, 0xFF, 0xFF, 0xFF,
    0xFF, 0xFF, 0xFF, 0xFF,

    0xDE, 0xB3, 0x00, 0x00,
    0xED, 0xA0, 0x00, 0x00,
    0xD9, 0x90, 0x00, 0x00,
    0x23, 0x30, 0x00, 0x00,
    0x00, 0x00, 0x02, 0x00,
    0x00, 0x00, 0x00, 0x00,
    0x00, 0x00, 0x00, 0x00,
    0x00, 0x00, 0x00, 0x00,

    0x00, 0x00, 0xFF, 0xFF,
    0x00, 0x0F, 0xFF, 0xFF,
    0x00, 0x0F, 0xFF, 0xFF,
    0x00, 0x0F, 0xFF, 0xFF,
    0xFF, 0xFF, 0xF0, 0xFF,
    0xFF, 0xFF, 0xFF, 0xFF,
    0xFF, 0xFF, 0xFF, 0xFF,
    0xFF, 0xFF, 0xFF, 0xFF,


/* Tile ID 58, isSolid: false */
    0xDE, 0xA2, 0x20, 0x00,
    0xED, 0x92, 0x00, 0x00,
    0xDA, 0x30, 0x00, 0x00,
    0x50, 0x00, 0x00, 0x00,
    0x02, 0x00, 0x00, 0x00,
    0x00, 0x00, 0x02, 0x00,
    0x00, 0x00, 0x00, 0x00,
    0x00, 0x00, 0x00, 0x00,

    0x00, 0x00, 0x0F, 0xFF,
    0x00, 0x00, 0xFF, 0xFF,
    0x00, 0x0F, 0xFF, 0xFF,
    0x0F, 0xFF, 0xFF, 0xFF,
    0xF0, 0xFF, 0xFF, 0xFF,
    0xFF, 0xFF, 0xF0, 0xFF,
    0xFF, 0xFF, 0xFF, 0xFF,
    0xFF, 0xFF, 0xFF, 0xFF,

    0x00, 0x02, 0x2A, 0xED,
    0x00, 0x00, 0x29, 0xDE,
    0x00, 0x00, 0x03, 0xAD,
    0x00, 0x00, 0x00, 0x05,
    0x00, 0x00, 0x00, 0x20,
    0x00, 0x20, 0x00, 0x00,
    0x00, 0x00, 0x00, 0x00,
    0x00, 0x00, 0x00, 0x00,

    0xFF, 0xF0, 0x00, 0x00,
    0xFF, 0xFF, 0x00, 0x00,
    0xFF, 0xFF, 0xF0, 0x00,
    0xFF, 0xFF, 0xFF, 0xF0,
    0xFF, 0xFF, 0xFF, 0x0F,
    0xFF, 0x0F, 0xFF, 0xFF,
    0xFF, 0xFF, 0xFF, 0xFF,
    0xFF, 0xFF, 0xFF, 0xFF,


/* Tile ID 59, isSolid: false */
    0x03, 0x38, 0xDD, 0xAA,
    0x00, 0x05, 0xBE, 0xDD,
    0x00, 0x00, 0x8D, 0xDD,
    0x00, 0x03, 0x28, 0xBB,
    0x00, 0x09, 0x00, 0x55,
    0x00, 0x02, 0x03, 0x20,
    0x00, 0x00, 0x03, 0x00,
    0x20, 0x00, 0x03, 0x00,

    0xF0, 0x00, 0x00, 0x00,
    0xFF, 0xF0, 0x00, 0x00,
    0xFF, 0xFF, 0x00, 0x00,
    0xFF, 0xF0, 0x00, 0x00,
    0xFF, 0xF0, 0xFF, 0x00,
    0xFF, 0xF0, 0xF0, 0x0F,
    0xFF, 0xFF, 0xF0, 0xFF,
    0x0F, 0xFF, 0xF0, 0xFF,

    0xAA, 0xDD, 0x83, 0x30,
    0xDD, 0xEB, 0x50, 0x00,
    0xDD, 0xD8, 0x00, 0x00,
    0xBB, 0x82, 0x30, 0x00,
    0x55, 0x00, 0x90, 0x00,
    0x02, 0x30, 0x20, 0x00,
    0x00, 0x30, 0x00, 0x00,
    0x00, 0x30, 0x00, 0x02,

    0x00, 0x00, 0x00, 0x0F,
    0x00, 0x00, 0x0F, 0xFF,
    0x00, 0x00, 0xFF, 0xFF,
    0x00, 0x00, 0x0F, 0xFF,
    0x00, 0xFF, 0x0F, 0xFF,
    0xF0, 0x0F, 0x0F, 0xFF,
    0xFF, 0x0F, 0xFF, 0xFF,
    0xFF, 0x0F, 0xFF, 0xF0,


/* Tile ID 60, isSolid: false */
    0x8B, 0xEB, 0x50, 0x00,
    0xBD, 0xDA, 0x03, 0x00,
    0xDD, 0xA5, 0x00, 0x00,
    0xBA, 0x50, 0x00, 0x00,
    0x90, 0x00, 0x00, 0x00,
    0x00, 0x02, 0x00, 0x90,
    0x00, 0x00, 0x00, 0x00,
    0x00, 0x00, 0x32, 0x00,

    0x00, 0x00, 0x0F, 0xFF,
    0x00, 0x00, 0xF0, 0xFF,
    0x00, 0x00, 0xFF, 0xFF,
    0x00, 0x0F, 0xFF, 0xFF,
    0x0F, 0xFF, 0xFF, 0xFF,
    0xFF, 0xF0, 0xFF, 0x0F,
    0xFF, 0xFF, 0xFF, 0xFF,
    0xFF, 0xFF, 0x00, 0xFF,

    0x00, 0x05, 0xBE, 0xB8,
    0x00, 0x30, 0xAD, 0xDB,
    0x00, 0x00, 0x5A, 0xDD,
    0x00, 0x00, 0x05, 0xAB,
    0x00, 0x00, 0x00, 0x09,
    0x09, 0x00, 0x20, 0x00,
    0x00, 0x00, 0x00, 0x00,
    0x00, 0x23, 0x00, 0x00,

    0xFF, 0xF0, 0x00, 0x00,
    0xFF, 0x0F, 0x00, 0x00,
    0xFF, 0xFF, 0x00, 0x00,
    0xFF, 0xFF, 0xF0, 0x00,
    0xFF, 0xFF, 0xFF, 0xF0,
    0xF0, 0xFF, 0x0F, 0xFF,
    0xFF, 0xFF, 0xFF, 0xFF,
    0xFF, 0x00, 0xFF, 0xFF,


/* Tile ID 61, isSolid: false */
    0x30, 0x8D, 0xB8, 0x50,
    0x00, 0x5A, 0xDA, 0x85,
    0x00, 0x08, 0xBD, 0xB8,
    0x00, 0x02, 0x8B, 0xDD,
    0x00, 0x30, 0x58, 0x8A,
    0x00, 0x00, 0x00, 0x22,
    0x00, 0x00, 0x00, 0x00,
    0x20, 0x00, 0x00, 0x00,

    0x0F, 0x00, 0x00, 0x0F,
    0xFF, 0x00, 0x00, 0x00,
    0xFF, 0xF0, 0x00, 0x00,
    0xFF, 0xF0, 0x00, 0x00,
    0xFF, 0x0F, 0x00, 0x00,
    0xFF, 0xFF, 0xFF, 0x00,
    0xFF, 0xFF, 0xFF, 0xFF,
    0x0F, 0xFF, 0xFF, 0xFF,

    0x05, 0x8B, 0xD8, 0x03,
    0x58, 0xAD, 0xA5, 0x00,
    0x8B, 0xDB, 0x80, 0x00,
    0xDD, 0xB8, 0x20, 0x00,
    0xA8, 0x85, 0x03, 0x00,
    0x22, 0x00, 0x00, 0x00,
    0x00, 0x00, 0x00, 0x00,
    0x00, 0x00, 0x00, 0x02,

    0xF0, 0x00, 0x00, 0xF0,
    0x00, 0x00, 0x00, 0xFF,
    0x00, 0x00, 0x0F, 0xFF,
    0x00, 0x00, 0x0F, 0xFF,
    0x00, 0x00, 0xF0, 0xFF,
    0x00, 0xFF, 0xFF, 0xFF,
    0xFF, 0xFF, 0xFF, 0xFF,
    0xFF, 0xFF, 0xFF, 0xF0,


/* Tile ID 62, isSolid: false */
    0x02, 0x58, 0xA5, 0x00,
    0x55, 0x58, 0xA5, 0x00,
    0x88, 0xAA, 0x52, 0x00,
    0xDB, 0xB5, 0x20, 0x20,
    0xAA, 0x50, 0x00, 0x00,
    0x00, 0x02, 0x00, 0x30,
    0x00, 0x00, 0x00, 0x00,
    0x00, 0x00, 0x02, 0x00,

    0xF0, 0x00, 0x00, 0xFF,
    0x00, 0x00, 0x00, 0xFF,
    0x00, 0x00, 0x00, 0xFF,
    0x00, 0x00, 0x0F, 0x0F,
    0x00, 0x0F, 0xFF, 0xFF,
    0xFF, 0xF0, 0xFF, 0x0F,
    0xFF, 0xFF, 0xFF, 0xFF,
    0xFF, 0xFF, 0xF0, 0xFF,

    0x00, 0x5A, 0x85, 0x20,
    0x00, 0x5A, 0x85, 0x55,
    0x00, 0x25, 0xAA, 0x88,
    0x02, 0x02, 0x5B, 0xBD,
    0x00, 0x00, 0x05, 0xAA,
    0x03, 0x00, 0x20, 0x00,
    0x00, 0x00, 0x00, 0x00,
    0x00, 0x20, 0x00, 0x00,

    0xFF, 0x00, 0x00, 0x0F,
    0xFF, 0x00, 0x00, 0x00,
    0xFF, 0x00, 0x00, 0x00,
    0xF0, 0xF0, 0x00, 0x00,
    0xFF, 0xFF, 0xF0, 0x00,
    0xF0, 0xFF, 0x0F, 0xFF,
    0xFF, 0xFF, 0xFF, 0xFF,
    0xFF, 0x0F, 0xFF, 0xFF,


/* Tile ID 63, isSolid: false */
    0x08, 0xAA, 0x52, 0x00,
    0x05, 0xAA, 0x85, 0x02,
    0x02, 0x5A, 0xA8, 0x55,
    0x02, 0x08, 0xAA, 0xA8,
    0x00, 0x02, 0x5A, 0xAA,
    0x20, 0x20, 0x02, 0x58,
    0x00, 0x00, 0x00, 0x00,
    0x00, 0x00, 0x00, 0x00,

    0xF0, 0x00, 0x00, 0xFF,
    0xF0, 0x00, 0x00, 0xF0,
    0xF0, 0x00, 0x00, 0x00,
    0xF0, 0xF0, 0x00, 0x00,
    0xFF, 0xF0, 0x00, 0x00,
    0x0F, 0x0F, 0xF0, 0x00,
    0xFF, 0xFF, 0xFF, 0xFF,
    0xFF, 0xFF, 0xFF, 0xFF,

    0x00, 0x25, 0xAA, 0x80,
    0x20, 0x58, 0xAA, 0x50,
    0x55, 0x8A, 0xA5, 0x20,
    0x8A, 0xAA, 0x80, 0x20,
    0xAA, 0xA5, 0x20, 0x00,
    0x85, 0x20, 0x02, 0x02,
    0x00, 0x00, 0x00, 0x00,
    0x00, 0x00, 0x00, 0x00,

    0xFF, 0x00, 0x00, 0x0F,
    0x0F, 0x00, 0x00, 0x0F,
    0x00, 0x00, 0x00, 0x0F,
    0x00, 0x00, 0x0F, 0x0F,
    0x00, 0x00, 0x0F, 0xFF,
    0x00, 0x0F, 0xF0, 0xF0,
    0xFF, 0xFF, 0xFF, 0xFF,
    0xFF, 0xFF, 0xFF, 0xFF,


/* Tile ID 64, isSolid: false */
    0x00, 0x00, 0x58, 0x50,
    0x00, 0x00, 0x58, 0x00,
    0x20, 0x02, 0x50, 0x00,
    0x85, 0x58, 0x02, 0x00,
    0xAA, 0x85, 0x00, 0x00,
    0x85, 0x50, 0x00, 0x30,
    0x00, 0x00, 0x00, 0x00,
    0x00, 0x00, 0x00, 0x00,

    0xFF, 0xFF, 0x00, 0x0F,
    0xFF, 0xFF, 0x00, 0xFF,
    0x0F, 0xF0, 0x0F, 0xFF,
    0x00, 0x00, 0xF0, 0xFF,
    0x00, 0x00, 0xFF, 0xFF,
    0x00, 0x0F, 0xFF, 0x0F,
    0xFF, 0xFF, 0xFF, 0xFF,
    0xFF, 0xFF, 0xFF, 0xFF,

    0x05, 0x85, 0x00, 0x00,
    0x00, 0x85, 0x00, 0x00,
    0x00, 0x05, 0x20, 0x02,
    0x00, 0x20, 0x85, 0x58,
    0x00, 0x00, 0x58, 0xAA,
    0x03, 0x00, 0x05, 0x58,
    0x00, 0x00, 0x00, 0x00,
    0x00, 0x00, 0x00, 0x00,

    0xF0, 0x00, 0xFF, 0xFF,
    0xFF, 0x00, 0xFF, 0xFF,
    0xFF, 0xF0, 0x0F, 0xF0,
    0xFF, 0x0F, 0x00, 0x00,
    0xFF, 0xFF, 0x00, 0x00,
    0xF0, 0xFF, 0xF0, 0x00,
    0xFF, 0xFF, 0xFF, 0xFF,
    0xFF, 0xFF, 0xFF, 0xFF,


/* Tile ID 65, isSolid: false */
    0x00, 0x00, 0x00, 0x00,
    0x00, 0x00, 0x00, 0x00,
    0x00, 0x00, 0x00, 0x00,
    0x00, 0x00, 0x00, 0x00,
    0x00, 0x00, 0x00, 0x00,
    0x00, 0x00, 0x00, 0x00,
    0x00, 0x00, 0x00, 0x00,
    0x00, 0x00, 0x00, 0x00,

    0xFF, 0xFF, 0xFF, 0xFF,
    0xFF, 0xFF, 0xFF, 0xFF,
    0xFF, 0xFF, 0xFF, 0xFF,
    0xFF, 0xFF, 0xFF, 0xFF,
    0xFF, 0xFF, 0xFF, 0xFF,
    0xFF, 0xFF, 0xFF, 0xFF,
    0xFF, 0xFF, 0xFF, 0xFF,
    0xFF, 0xFF, 0xFF, 0xFF,

    0x00, 0x00, 0x00, 0x00,
    0x00, 0x00, 0x00, 0x00,
    0x00, 0x00, 0x00, 0x00,
    0x00, 0x00, 0x00, 0x00,
    0x00, 0x00, 0x00, 0x00,
    0x00, 0x00, 0x00, 0x00,
    0x00, 0x00, 0x00, 0x00,
    0x00, 0x00, 0x00, 0x00,

    0xFF, 0xFF, 0xFF, 0xFF,
    0xFF, 0xFF, 0xFF, 0xFF,
    0xFF, 0xFF, 0xFF, 0xFF,
    0xFF, 0xFF, 0xFF, 0xFF,
    0xFF, 0xFF, 0xFF, 0xFF,
    0xFF, 0xFF, 0xFF, 0xFF,
    0xFF, 0xFF, 0xFF, 0xFF,
    0xFF, 0xFF, 0xFF, 0xFF,


/* Tile ID 66, isSolid: false */
    0x00, 0xEE, 0xE0, 0x00,
    0x00, 0xEE, 0xE0, 0x00,
    0x00, 0xEE, 0xE0, 0x00,
    0x00, 0xEE, 0xE0, 0x00,
    0x00, 0xEE, 0xE0, 0x00,
    0x00, 0x00, 0x00, 0x00,
    0x00, 0xEE, 0xE0, 0x00,
    0x00, 0x00, 0x00, 0x00,

    0xFF, 0x00, 0x0F, 0xFF,
    0xFF, 0x00, 0x0F, 0xFF,
    0xFF, 0x00, 0x0F, 0xFF,
    0xFF, 0x00, 0x0F, 0xFF,
    0xFF, 0x00, 0x0F, 0xFF,
    0xFF, 0xFF, 0xFF, 0xFF,
    0xFF, 0x00, 0x0F, 0xFF,
    0xFF, 0xFF, 0xFF, 0xFF,

    0x00, 0x0E, 0xEE, 0x00,
    0x00, 0x0E, 0xEE, 0x00,
    0x00, 0x0E, 0xEE, 0x00,
    0x00, 0x0E, 0xEE, 0x00,
    0x00, 0x0E, 0xEE, 0x00,
    0x00, 0x00, 0x00, 0x00,
    0x00, 0x0E, 0xEE, 0x00,
    0x00, 0x00, 0x00, 0x00,

    0xFF, 0xF0, 0x00, 0xFF,
    0xFF, 0xF0, 0x00, 0xFF,
    0xFF, 0xF0, 0x00, 0xFF,
    0xFF, 0xF0, 0x00, 0xFF,
    0xFF, 0xF0, 0x00, 0xFF,
    0xFF, 0xFF, 0xFF, 0xFF,
    0xFF, 0xF0, 0x00, 0xFF,
    0xFF, 0xFF, 0xFF, 0xFF,


/* Tile ID 67, isSolid: false */
    0x0E, 0xE0, 0xEE, 0x00,
    0x0E, 0xE0, 0xEE, 0x00,
    0x00, 0xE0, 0x0E, 0x00,
    0x0E, 0x00, 0xE0, 0x00,
    0x00, 0x00, 0x00, 0x00,
    0x00, 0x00, 0x00, 0x00,
    0x00, 0x00, 0x00, 0x00,
    0x00, 0x00, 0x00, 0x00,

    0xF0, 0x0F, 0x00, 0xFF,
    0xF0, 0x0F, 0x00, 0xFF,
    0xFF, 0x0F, 0xF0, 0xFF,
    0xF0, 0xFF, 0x0F, 0xFF,
    0xFF, 0xFF, 0xFF, 0xFF,
    0xFF, 0xFF, 0xFF, 0xFF,
    0xFF, 0xFF, 0xFF, 0xFF,
    0xFF, 0xFF, 0xFF, 0xFF,

    0x00, 0xEE, 0x0E, 0xE0,
    0x00, 0xEE, 0x0E, 0xE0,
    0x00, 0xE0, 0x0E, 0x00,
    0x00, 0x0E, 0x00, 0xE0,
    0x00, 0x00, 0x00, 0x00,
    0x00, 0x00, 0x00, 0x00,
    0x00, 0x00, 0x00, 0x00,
    0x00, 0x00, 0x00, 0x00,

    0xFF, 0x00, 0xF0, 0x0F,
    0xFF, 0x00, 0xF0, 0x0F,
    0xFF, 0x0F, 0xF0, 0xFF,
    0xFF, 0xF0, 0xFF, 0x0F,
    0xFF, 0xFF, 0xFF, 0xFF,
    0xFF, 0xFF, 0xFF, 0xFF,
    0xFF, 0xFF, 0xFF, 0xFF,
    0xFF, 0xFF, 0xFF, 0xFF,


/* Tile ID 68, isSolid: false */
    0x0E, 0x00, 0x0E, 0x00,
    0xEE, 0xEE, 0xEE, 0xE0,
    0x0E, 0x00, 0x0E, 0x00,
    0x0E, 0x00, 0x0E, 0x00,
    0x0E, 0x00, 0x0E, 0x00,
    0xEE, 0xEE, 0xEE, 0xE0,
    0x0E, 0x00, 0x0E, 0x00,
    0x00, 0x00, 0x00, 0x00,

    0xF0, 0xFF, 0xF0, 0xFF,
    0x00, 0x00, 0x00, 0x0F,
    0xF0, 0xFF, 0xF0, 0xFF,
    0xF0, 0xFF, 0xF0, 0xFF,
    0xF0, 0xFF, 0xF0, 0xFF,
    0x00, 0x00, 0x00, 0x0F,
    0xF0, 0xFF, 0xF0, 0xFF,
    0xFF, 0xFF, 0xFF, 0xFF,

    0x00, 0xE0, 0x00, 0xE0,
    0x0E, 0xEE, 0xEE, 0xEE,
    0x00, 0xE0, 0x00, 0xE0,
    0x00, 0xE0, 0x00, 0xE0,
    0x00, 0xE0, 0x00, 0xE0,
    0x0E, 0xEE, 0xEE, 0xEE,
    0x00, 0xE0, 0x00, 0xE0,
    0x00, 0x00, 0x00, 0x00,

    0xFF, 0x0F, 0xFF, 0x0F,
    0xF0, 0x00, 0x00, 0x00,
    0xFF, 0x0F, 0xFF, 0x0F,
    0xFF, 0x0F, 0xFF, 0x0F,
    0xFF, 0x0F, 0xFF, 0x0F,
    0xF0, 0x00, 0x00, 0x00,
    0xFF, 0x0F, 0xFF, 0x0F,
    0xFF, 0xFF, 0xFF, 0xFF,


/* Tile ID 69, isSolid: false */
    0x00, 0x0E, 0x00, 0x00,
    0x0E, 0xEE, 0xEE, 0x00,
    0x0E, 0x00, 0x00, 0x00,
    0x0E, 0xEE, 0xEE, 0x00,
    0x00, 0x00, 0x0E, 0x00,
    0x0E, 0xEE, 0xEE, 0x00,
    0x00, 0x0E, 0x00, 0x00,
    0x00, 0x00, 0x00, 0x00,

    0xFF, 0xF0, 0xFF, 0xFF,
    0xF0, 0x00, 0x00, 0xFF,
    0xF0, 0xFF, 0xFF, 0xFF,
    0xF0, 0x00, 0x00, 0xFF,
    0xFF, 0xFF, 0xF0, 0xFF,
    0xF0, 0x00, 0x00, 0xFF,
    0xFF, 0xF0, 0xFF, 0xFF,
    0xFF, 0xFF, 0xFF, 0xFF,

    0x00, 0x00, 0xE0, 0x00,
    0x00, 0xEE, 0xEE, 0xE0,
    0x00, 0x00, 0x00, 0xE0,
    0x00, 0xEE, 0xEE, 0xE0,
    0x00, 0xE0, 0x00, 0x00,
    0x00, 0xEE, 0xEE, 0xE0,
    0x00, 0x00, 0xE0, 0x00,
    0x00, 0x00, 0x00, 0x00,

    0xFF, 0xFF, 0x0F, 0xFF,
    0xFF, 0x00, 0x00, 0x0F,
    0xFF, 0xFF, 0xFF, 0x0F,
    0xFF, 0x00, 0x00, 0x0F,
    0xFF, 0x0F, 0xFF, 0xFF,
    0xFF, 0x00, 0x00, 0x0F,
    0xFF, 0xFF, 0x0F, 0xFF,
    0xFF, 0xFF, 0xFF, 0xFF,


/* Tile ID 70, isSolid: false */
    0xEE, 0xE0, 0x00, 0xE0,
    0xE0, 0xE0, 0x0E, 0x00,
    0xEE, 0xE0, 0xE0, 0x00,
    0x00, 0x0E, 0x00, 0x00,
    0x00, 0xE0, 0xEE, 0xE0,
    0x0E, 0x00, 0xE0, 0xE0,
    0xE0, 0x00, 0xEE, 0xE0,
    0x00, 0x00, 0x00, 0x00,

    0x00, 0x0F, 0xFF, 0x0F,
    0x0F, 0x0F, 0xF0, 0xFF,
    0x00, 0x0F, 0x0F, 0xFF,
    0xFF, 0xF0, 0xFF, 0xFF,
    0xFF, 0x0F, 0x00, 0x0F,
    0xF0, 0xFF, 0x0F, 0x0F,
    0x0F, 0xFF, 0x00, 0x0F,
    0xFF, 0xFF, 0xFF, 0xFF,

    0x0E, 0x00, 0x0E, 0xEE,
    0x00, 0xE0, 0x0E, 0x0E,
    0x00, 0x0E, 0x0E, 0xEE,
    0x00, 0x00, 0xE0, 0x00,
    0x0E, 0xEE, 0x0E, 0x00,
    0x0E, 0x0E, 0x00, 0xE0,
    0x0E, 0xEE, 0x00, 0x0E,
    0x00, 0x00, 0x00, 0x00,

    0xF0, 0xFF, 0xF0, 0x00,
    0xFF, 0x0F, 0xF0, 0xF0,
    0xFF, 0xF0, 0xF0, 0x00,
    0xFF, 0xFF, 0x0F, 0xFF,
    0xF0, 0x00, 0xF0, 0xFF,
    0xF0, 0xF0, 0xFF, 0x0F,
    0xF0, 0x00, 0xFF, 0xF0,
    0xFF, 0xFF, 0xFF, 0xFF,


/* Tile ID 71, isSolid: false */
    0x00, 0xEE, 0x00, 0x00,
    0x0E, 0x00, 0xE0, 0x00,
    0x0E, 0x00, 0x00, 0x00,
    0x00, 0xE0, 0x00, 0x00,
    0x0E, 0x0E, 0x00, 0x00,
    0x0E, 0x00, 0xE0, 0x00,
    0x0E, 0xEE, 0x0E, 0x00,
    0x00, 0x00, 0x00, 0x00,

    0xFF, 0x00, 0xFF, 0xFF,
    0xF0, 0xFF, 0x0F, 0xFF,
    0xF0, 0xFF, 0xFF, 0xFF,
    0xFF, 0x0F, 0xFF, 0xFF,
    0xF0, 0xF0, 0xFF, 0xFF,
    0xF0, 0xFF, 0x0F, 0xFF,
    0xF0, 0x00, 0xF0, 0xFF,
    0xFF, 0xFF, 0xFF, 0xFF,

    0x00, 0x00, 0xEE, 0x00,
    0x00, 0x0E, 0x00, 0xE0,
    0x00, 0x00, 0x00, 0xE0,
    0x00, 0x00, 0x0E, 0x00,
    0x00, 0x00, 0xE0, 0xE0,
    0x00, 0x0E, 0x00, 0xE0,
    0x00, 0xE0, 0xEE, 0xE0,
    0x00, 0x00, 0x00, 0x00,

    0xFF, 0xFF, 0x00, 0xFF,
    0xFF, 0xF0, 0xFF, 0x0F,
    0xFF, 0xFF, 0xFF, 0x0F,
    0xFF, 0xFF, 0xF0, 0xFF,
    0xFF, 0xFF, 0x0F, 0x0F,
    0xFF, 0xF0, 0xFF, 0x0F,
    0xFF, 0x0F, 0x00, 0x0F,
    0xFF, 0xFF, 0xFF, 0xFF,


/* Tile ID 72, isSolid: false */
    0x00, 0xEE, 0xE0, 0x00,
    0x00, 0xEE, 0xE0, 0x00,
    0x00, 0x00, 0xE0, 0x00,
    0x00, 0xEE, 0x00, 0x00,
    0x00, 0x00, 0x00, 0x00,
    0x00, 0x00, 0x00, 0x00,
    0x00, 0x00, 0x00, 0x00,
    0x00, 0x00, 0x00, 0x00,

    0xFF, 0x00, 0x0F, 0xFF,
    0xFF, 0x00, 0x0F, 0xFF,
    0xFF, 0xFF, 0x0F, 0xFF,
    0xFF, 0x00, 0xFF, 0xFF,
    0xFF, 0xFF, 0xFF, 0xFF,
    0xFF, 0xFF, 0xFF, 0xFF,
    0xFF, 0xFF, 0xFF, 0xFF,
    0xFF, 0xFF, 0xFF, 0xFF,

    0x00, 0x0E, 0xEE, 0x00,
    0x00, 0x0E, 0xEE, 0x00,
    0x00, 0x0E, 0x00, 0x00,
    0x00, 0x00, 0xEE, 0x00,
    0x00, 0x00, 0x00, 0x00,
    0x00, 0x00, 0x00, 0x00,
    0x00, 0x00, 0x00, 0x00,
    0x00, 0x00, 0x00, 0x00,

    0xFF, 0xF0, 0x00, 0xFF,
    0xFF, 0xF0, 0x00, 0xFF,
    0xFF, 0xF0, 0xFF, 0xFF,
    0xFF, 0xFF, 0x00, 0xFF,
    0xFF, 0xFF, 0xFF, 0xFF,
    0xFF, 0xFF, 0xFF, 0xFF,
    0xFF, 0xFF, 0xFF, 0xFF,
    0xFF, 0xFF, 0xFF, 0xFF,


/* Tile ID 73, isSolid: false */
    0x00, 0x0E, 0xE0, 0x00,
    0x00, 0xEE, 0x00, 0x00,
    0x0E, 0xE0, 0x00, 0x00,
    0x0E, 0xE0, 0x00, 0x00,
    0x0E, 0xE0, 0x00, 0x00,
    0x00, 0xEE, 0x00, 0x00,
    0x00, 0x0E, 0xE0, 0x00,
    0x00, 0x00, 0x00, 0x00,

    0xFF, 0xF0, 0x0F, 0xFF,
    0xFF, 0x00, 0xFF, 0xFF,
    0xF0, 0x0F, 0xFF, 0xFF,
    0xF0, 0x0F, 0xFF, 0xFF,
    0xF0, 0x0F, 0xFF, 0xFF,
    0xFF, 0x00, 0xFF, 0xFF,
    0xFF, 0xF0, 0x0F, 0xFF,
    0xFF, 0xFF, 0xFF, 0xFF,

    0x00, 0x0E, 0xE0, 0x00,
    0x00, 0x00, 0xEE, 0x00,
    0x00, 0x00, 0x0E, 0xE0,
    0x00, 0x00, 0x0E, 0xE0,
    0x00, 0x00, 0x0E, 0xE0,
    0x00, 0x00, 0xEE, 0x00,
    0x00, 0x0E, 0xE0, 0x00,
    0x00, 0x00, 0x00, 0x00,

    0xFF, 0xF0, 0x0F, 0xFF,
    0xFF, 0xFF, 0x00, 0xFF,
    0xFF, 0xFF, 0xF0, 0x0F,
    0xFF, 0xFF, 0xF0, 0x0F,
    0xFF, 0xFF, 0xF0, 0x0F,
    0xFF, 0xFF, 0x00, 0xFF,
    0xFF, 0xF0, 0x0F, 0xFF,
    0xFF, 0xFF, 0xFF, 0xFF,


/* Tile ID 74, isSolid: false */
    0x0E, 0xE0, 0x00, 0x00,
    0x00, 0xEE, 0x00, 0x00,
    0x00, 0x0E, 0xE0, 0x00,
    0x00, 0x0E, 0xE0, 0x00,
    0x00, 0x0E, 0xE0, 0x00,
    0x00, 0xEE, 0x00, 0x00,
    0x0E, 0xE0, 0x00, 0x00,
    0x00, 0x00, 0x00, 0x00,

    0xF0, 0x0F, 0xFF, 0xFF,
    0xFF, 0x00, 0xFF, 0xFF,
    0xFF, 0xF0, 0x0F, 0xFF,
    0xFF, 0xF0, 0x0F, 0xFF,
    0xFF, 0xF0, 0x0F, 0xFF,
    0xFF, 0x00, 0xFF, 0xFF,
    0xF0, 0x0F, 0xFF, 0xFF,
    0xFF, 0xFF, 0xFF, 0xFF,

    0x00, 0x00, 0x0E, 0xE0,
    0x00, 0x00, 0xEE, 0x00,
    0x00, 0x0E, 0xE0, 0x00,
    0x00, 0x0E, 0xE0, 0x00,
    0x00, 0x0E, 0xE0, 0x00,
    0x00, 0x00, 0xEE, 0x00,
    0x00, 0x00, 0x0E, 0xE0,
    0x00, 0x00, 0x00, 0x00,

    0xFF, 0xFF, 0xF0, 0x0F,
    0xFF, 0xFF, 0x00, 0xFF,
    0xFF, 0xF0, 0x0F, 0xFF,
    0xFF, 0xF0, 0x0F, 0xFF,
    0xFF, 0xF0, 0x0F, 0xFF,
    0xFF, 0xFF, 0x00, 0xFF,
    0xFF, 0xFF, 0xF0, 0x0F,
    0xFF, 0xFF, 0xFF, 0xFF,


/* Tile ID 75, isSolid: false */
    0x00, 0xE0, 0x00, 0x00,
    0xE0, 0xE0, 0xE0, 0x00,
    0x0E, 0xEE, 0x00, 0x00,
    0x00, 0xE0, 0x00, 0x00,
    0x0E, 0xEE, 0x00, 0x00,
    0xE0, 0xE0, 0xE0, 0x00,
    0x00, 0xE0, 0x00, 0x00,
    0x00, 0x00, 0x00, 0x00,

    0xFF, 0x0F, 0xFF, 0xFF,
    0x0F, 0x0F, 0x0F, 0xFF,
    0xF0, 0x00, 0xFF, 0xFF,
    0xFF, 0x0F, 0xFF, 0xFF,
    0xF0, 0x00, 0xFF, 0xFF,
    0x0F, 0x0F, 0x0F, 0xFF,
    0xFF, 0x0F, 0xFF, 0xFF,
    0xFF, 0xFF, 0xFF, 0xFF,

    0x00, 0x00, 0x0E, 0x00,
    0x00, 0x0E, 0x0E, 0x0E,
    0x00, 0x00, 0xEE, 0xE0,
    0x00, 0x00, 0x0E, 0x00,
    0x00, 0x00, 0xEE, 0xE0,
    0x00, 0x0E, 0x0E, 0x0E,
    0x00, 0x00, 0x0E, 0x00,
    0x00, 0x00, 0x00, 0x00,

    0xFF, 0xFF, 0xF0, 0xFF,
    0xFF, 0xF0, 0xF0, 0xF0,
    0xFF, 0xFF, 0x00, 0x0F,
    0xFF, 0xFF, 0xF0, 0xFF,
    0xFF, 0xFF, 0x00, 0x0F,
    0xFF, 0xF0, 0xF0, 0xF0,
    0xFF, 0xFF, 0xF0, 0xFF,
    0xFF, 0xFF, 0xFF, 0xFF,


/* Tile ID 76, isSolid: false */
    0x00, 0x00, 0x00, 0x00,
    0x00, 0x0E, 0x00, 0x00,
    0x00, 0x0E, 0x00, 0x00,
    0x0E, 0xEE, 0xEE, 0x00,
    0x00, 0x0E, 0xE0, 0x00,
    0x00, 0x0E, 0xE0, 0x00,
    0x00, 0x00, 0x00, 0x00,
    0x00, 0x00, 0x00, 0x00,

    0xFF, 0xFF, 0xFF, 0xFF,
    0xFF, 0xF0, 0xFF, 0xFF,
    0xFF, 0xF0, 0xFF, 0xFF,
    0xF0, 0x00, 0x00, 0xFF,
    0xFF, 0xF0, 0x0F, 0xFF,
    0xFF, 0xF0, 0x0F, 0xFF,
    0xFF, 0xFF, 0xFF, 0xFF,
    0xFF, 0xFF, 0xFF, 0xFF,

    0x00, 0x00, 0x00, 0x00,
    0x00, 0x00, 0xE0, 0x00,
    0x00, 0x00, 0xE0, 0x00,
    0x00, 0xEE, 0xEE, 0xE0,
    0x00, 0x0E, 0xE0, 0x00,
    0x00, 0x0E, 0xE0, 0x00,
    0x00, 0x00, 0x00, 0x00,
    0x00, 0x00, 0x00, 0x00,

    0xFF, 0xFF, 0xFF, 0xFF,
    0xFF, 0xFF, 0x0F, 0xFF,
    0xFF, 0xFF, 0x0F, 0xFF,
    0xFF, 0x00, 0x00, 0x0F,
    0xFF, 0xF0, 0x0F, 0xFF,
    0xFF, 0xF0, 0x0F, 0xFF,
    0xFF, 0xFF, 0xFF, 0xFF,
    0xFF, 0xFF, 0xFF, 0xFF,


/* Tile ID 77, isSolid: false */
    0x00, 0x00, 0x00, 0x00,
    0x00, 0x00, 0x00, 0x00,
    0x00, 0x00, 0x00, 0x00,
    0x00, 0x00, 0x00, 0x00,
    0x00, 0xEE, 0xE0, 0x00,
    0x00, 0xEE, 0xE0, 0x00,
    0x00, 0x00, 0xE0, 0x00,
    0x00, 0xEE, 0x00, 0x00,

    0xFF, 0xFF, 0xFF, 0xFF,
    0xFF, 0xFF, 0xFF, 0xFF,
    0xFF, 0xFF, 0xFF, 0xFF,
    0xFF, 0xFF, 0xFF, 0xFF,
    0xFF, 0x00, 0x0F, 0xFF,
    0xFF, 0x00, 0x0F, 0xFF,
    0xFF, 0xFF, 0x0F, 0xFF,
    0xFF, 0x00, 0xFF, 0xFF,

    0x00, 0x00, 0x00, 0x00,
    0x00, 0x00, 0x00, 0x00,
    0x00, 0x00, 0x00, 0x00,
    0x00, 0x00, 0x00, 0x00,
    0x00, 0x0E, 0xEE, 0x00,
    0x00, 0x0E, 0xEE, 0x00,
    0x00, 0x0E, 0x00, 0x00,
    0x00, 0x00, 0xEE, 0x00,

    0xFF, 0xFF, 0xFF, 0xFF,
    0xFF, 0xFF, 0xFF, 0xFF,
    0xFF, 0xFF, 0xFF, 0xFF,
    0xFF, 0xFF, 0xFF, 0xFF,
    0xFF, 0xF0, 0x00, 0xFF,
    0xFF, 0xF0, 0x00, 0xFF,
    0xFF, 0xF0, 0xFF, 0xFF,
    0xFF, 0xFF, 0x00, 0xFF,


/* Tile ID 78, isSolid: false */
    0x00, 0x00, 0x00, 0x00,
    0x00, 0x00, 0x00, 0x00,
    0x00, 0x00, 0x00, 0x00,
    0x0E, 0xEE, 0xEE, 0x00,
    0x0E, 0xEE, 0xEE, 0x00,
    0x00, 0x00, 0x00, 0x00,
    0x00, 0x00, 0x00, 0x00,
    0x00, 0x00, 0x00, 0x00,

    0xFF, 0xFF, 0xFF, 0xFF,
    0xFF, 0xFF, 0xFF, 0xFF,
    0xFF, 0xFF, 0xFF, 0xFF,
    0xF0, 0x00, 0x00, 0xFF,
    0xF0, 0x00, 0x00, 0xFF,
    0xFF, 0xFF, 0xFF, 0xFF,
    0xFF, 0xFF, 0xFF, 0xFF,
    0xFF, 0xFF, 0xFF, 0xFF,

    0x00, 0x00, 0x00, 0x00,
    0x00, 0x00, 0x00, 0x00,
    0x00, 0x00, 0x00, 0x00,
    0x00, 0xEE, 0xEE, 0xE0,
    0x00, 0xEE, 0xEE, 0xE0,
    0x00, 0x00, 0x00, 0x00,
    0x00, 0x00, 0x00, 0x00,
    0x00, 0x00, 0x00, 0x00,

    0xFF, 0xFF, 0xFF, 0xFF,
    0xFF, 0xFF, 0xFF, 0xFF,
    0xFF, 0xFF, 0xFF, 0xFF,
    0xFF, 0x00, 0x00, 0x0F,
    0xFF, 0x00, 0x00, 0x0F,
    0xFF, 0xFF, 0xFF, 0xFF,
    0xFF, 0xFF, 0xFF, 0xFF,
    0xFF, 0xFF, 0xFF, 0xFF,


/* Tile ID 79, isSolid: false */
    0x00, 0x00, 0x00, 0x00,
    0x00, 0x00, 0x00, 0x00,
    0x00, 0x00, 0x00, 0x00,
    0x00, 0x00, 0x00, 0x00,
    0x00, 0xEE, 0xE0, 0x00,
    0x00, 0xEE, 0xE0, 0x00,
    0x00, 0xEE, 0xE0, 0x00,
    0x00, 0x00, 0x00, 0x00,

    0xFF, 0xFF, 0xFF, 0xFF,
    0xFF, 0xFF, 0xFF, 0xFF,
    0xFF, 0xFF, 0xFF, 0xFF,
    0xFF, 0xFF, 0xFF, 0xFF,
    0xFF, 0x00, 0x0F, 0xFF,
    0xFF, 0x00, 0x0F, 0xFF,
    0xFF, 0x00, 0x0F, 0xFF,
    0xFF, 0xFF, 0xFF, 0xFF,

    0x00, 0x00, 0x00, 0x00,
    0x00, 0x00, 0x00, 0x00,
    0x00, 0x00, 0x00, 0x00,
    0x00, 0x00, 0x00, 0x00,
    0x00, 0x0E, 0xEE, 0x00,
    0x00, 0x0E, 0xEE, 0x00,
    0x00, 0x0E, 0xEE, 0x00,
    0x00, 0x00, 0x00, 0x00,

    0xFF, 0xFF, 0xFF, 0xFF,
    0xFF, 0xFF, 0xFF, 0xFF,
    0xFF, 0xFF, 0xFF, 0xFF,
    0xFF, 0xFF, 0xFF, 0xFF,
    0xFF, 0xF0, 0x00, 0xFF,
    0xFF, 0xF0, 0x00, 0xFF,
    0xFF, 0xF0, 0x00, 0xFF,
    0xFF, 0xFF, 0xFF, 0xFF,


/* Tile ID 80, isSolid: false */
    0x00, 0x00, 0x00, 0xE0,
    0x00, 0x00, 0x0E, 0x00,
    0x00, 0x00, 0xE0, 0x00,
    0x00, 0x0E, 0x00, 0x00,
    0x00, 0xE0, 0x00, 0x00,
    0x0E, 0x00, 0x00, 0x00,
    0xE0, 0x00, 0x00, 0x00,
    0x00, 0x00, 0x00, 0x00,

    0xFF, 0xFF, 0xFF, 0x0F,
    0xFF, 0xFF, 0xF0, 0xFF,
    0xFF, 0xFF, 0x0F, 0xFF,
    0xFF, 0xF0, 0xFF, 0xFF,
    0xFF, 0x0F, 0xFF, 0xFF,
    0xF0, 0xFF, 0xFF, 0xFF,
    0x0F, 0xFF, 0xFF, 0xFF,
    0xFF, 0xFF, 0xFF, 0xFF,

    0x0E, 0x00, 0x00, 0x00,
    0x00, 0xE0, 0x00, 0x00,
    0x00, 0x0E, 0x00, 0x00,
    0x00, 0x00, 0xE0, 0x00,
    0x00, 0x00, 0x0E, 0x00,
    0x00, 0x00, 0x00, 0xE0,
    0x00, 0x00, 0x00, 0x0E,
    0x00, 0x00, 0x00, 0x00,

    0xF0, 0xFF, 0xFF, 0xFF,
    0xFF, 0x0F, 0xFF, 0xFF,
    0xFF, 0xF0, 0xFF, 0xFF,
    0xFF, 0xFF, 0x0F, 0xFF,
    0xFF, 0xFF, 0xF0, 0xFF,
    0xFF, 0xFF, 0xFF, 0x0F,
    0xFF, 0xFF, 0xFF, 0xF0,
    0xFF, 0xFF, 0xFF, 0xFF,


/* Tile ID 81, isSolid: false */
    0xEE, 0xEE, 0xE0, 0x00,
    0xE0, 0x00, 0xE0, 0x00,
    0xE0, 0x0E, 0xE0, 0x00,
    0xE0, 0xE0, 0xE0, 0x00,
    0xEE, 0x00, 0xE0, 0x00,
    0xEE, 0x00, 0xE0, 0x00,
    0xEE, 0xEE, 0xE0, 0x00,
    0x00, 0x00, 0x00, 0x00,

    0x00, 0x00, 0x0F, 0xFF,
    0x0F, 0xFF, 0x0F, 0xFF,
    0x0F, 0xF0, 0x0F, 0xFF,
    0x0F, 0x0F, 0x0F, 0xFF,
    0x00, 0xFF, 0x0F, 0xFF,
    0x00, 0xFF, 0x0F, 0xFF,
    0x00, 0x00, 0x0F, 0xFF,
    0xFF, 0xFF, 0xFF, 0xFF,

    0x00, 0x0E, 0xEE, 0xEE,
    0x00, 0x0E, 0x00, 0x0E,
    0x00, 0x0E, 0xE0, 0x0E,
    0x00, 0x0E, 0x0E, 0x0E,
    0x00, 0x0E, 0x00, 0xEE,
    0x00, 0x0E, 0x00, 0xEE,
    0x00, 0x0E, 0xEE, 0xEE,
    0x00, 0x00, 0x00, 0x00,

    0xFF, 0xF0, 0x00, 0x00,
    0xFF, 0xF0, 0xFF, 0xF0,
    0xFF, 0xF0, 0x0F, 0xF0,
    0xFF, 0xF0, 0xF0, 0xF0,
    0xFF, 0xF0, 0xFF, 0x00,
    0xFF, 0xF0, 0xFF, 0x00,
    0xFF, 0xF0, 0x00, 0x00,
    0xFF, 0xFF, 0xFF, 0xFF,


/* Tile ID 82, isSolid: false */
    0xEE, 0xE0, 0x00, 0x00,
    0x00, 0xE0, 0x00, 0x00,
    0x00, 0xE0, 0x00, 0x00,
    0x00, 0xE0, 0x00, 0x00,
    0x00, 0xE0, 0x00, 0x00,
    0x00, 0xE0, 0x00, 0x00,
    0xEE, 0xEE, 0xE0, 0x00,
    0x00, 0x00, 0x00, 0x00,

    0x00, 0x0F, 0xFF, 0xFF,
    0xFF, 0x0F, 0xFF, 0xFF,
    0xFF, 0x0F, 0xFF, 0xFF,
    0xFF, 0x0F, 0xFF, 0xFF,
    0xFF, 0x0F, 0xFF, 0xFF,
    0xFF, 0x0F, 0xFF, 0xFF,
    0x00, 0x00, 0x0F, 0xFF,
    0xFF, 0xFF, 0xFF, 0xFF,

    0x00, 0x00, 0x0E, 0xEE,
    0x00, 0x00, 0x0E, 0x00,
    0x00, 0x00, 0x0E, 0x00,
    0x00, 0x00, 0x0E, 0x00,
    0x00, 0x00, 0x0E, 0x00,
    0x00, 0x00, 0x0E, 0x00,
    0x00, 0x0E, 0xEE, 0xEE,
    0x00, 0x00, 0x00, 0x00,

    0xFF, 0xFF, 0xF0, 0x00,
    0xFF, 0xFF, 0xF0, 0xFF,
    0xFF, 0xFF, 0xF0, 0xFF,
    0xFF, 0xFF, 0xF0, 0xFF,
    0xFF, 0xFF, 0xF0, 0xFF,
    0xFF, 0xFF, 0xF0, 0xFF,
    0xFF, 0xF0, 0x00, 0x00,
    0xFF, 0xFF, 0xFF, 0xFF,


/* Tile ID 83, isSolid: false */
    0xEE, 0xEE, 0xEE, 0x00,
    0x00, 0x00, 0x0E, 0x00,
    0x00, 0x00, 0x0E, 0x00,
    0xEE, 0xEE, 0xEE, 0x00,
    0xEE, 0x00, 0x00, 0x00,
    0xEE, 0x00, 0x00, 0x00,
    0xEE, 0xEE, 0xEE, 0x00,
    0x00, 0x00, 0x00, 0x00,

    0x00, 0x00, 0x00, 0xFF,
    0xFF, 0xFF, 0xF0, 0xFF,
    0xFF, 0xFF, 0xF0, 0xFF,
    0x00, 0x00, 0x00, 0xFF,
    0x00, 0xFF, 0xFF, 0xFF,
    0x00, 0xFF, 0xFF, 0xFF,
    0x00, 0x00, 0x00, 0xFF,
    0xFF, 0xFF, 0xFF, 0xFF,

    0x00, 0xEE, 0xEE, 0xEE,
    0x00, 0xE0, 0x00, 0x00,
    0x00, 0xE0, 0x00, 0x00,
    0x00, 0xEE, 0xEE, 0xEE,
    0x00, 0x00, 0x00, 0xEE,
    0x00, 0x00, 0x00, 0xEE,
    0x00, 0xEE, 0xEE, 0xEE,
    0x00, 0x00, 0x00, 0x00,

    0xFF, 0x00, 0x00, 0x00,
    0xFF, 0x0F, 0xFF, 0xFF,
    0xFF, 0x0F, 0xFF, 0xFF,
    0xFF, 0x00, 0x00, 0x00,
    0xFF, 0xFF, 0xFF, 0x00,
    0xFF, 0xFF, 0xFF, 0x00,
    0xFF, 0x00, 0x00, 0x00,
    0xFF, 0xFF, 0xFF, 0xFF,


/* Tile ID 84, isSolid: false */
    0x0E, 0xEE, 0xE0, 0x00,
    0x00, 0x00, 0xE0, 0x00,
    0x00, 0x00, 0xE0, 0x00,
    0x0E, 0xEE, 0xE0, 0x00,
    0x00, 0x0E, 0xE0, 0x00,
    0x00, 0x0E, 0xE0, 0x00,
    0xEE, 0xEE, 0xE0, 0x00,
    0x00, 0x00, 0x00, 0x00,

    0xF0, 0x00, 0x0F, 0xFF,
    0xFF, 0xFF, 0x0F, 0xFF,
    0xFF, 0xFF, 0x0F, 0xFF,
    0xF0, 0x00, 0x0F, 0xFF,
    0xFF, 0xF0, 0x0F, 0xFF,
    0xFF, 0xF0, 0x0F, 0xFF,
    0x00, 0x00, 0x0F, 0xFF,
    0xFF, 0xFF, 0xFF, 0xFF,

    0x00, 0x0E, 0xEE, 0xE0,
    0x00, 0x0E, 0x00, 0x00,
    0x00, 0x0E, 0x00, 0x00,
    0x00, 0x0E, 0xEE, 0xE0,
    0x00, 0x0E, 0xE0, 0x00,
    0x00, 0x0E, 0xE0, 0x00,
    0x00, 0x0E, 0xEE, 0xEE,
    0x00, 0x00, 0x00, 0x00,

    0xFF, 0xF0, 0x00, 0x0F,
    0xFF, 0xF0, 0xFF, 0xFF,
    0xFF, 0xF0, 0xFF, 0xFF,
    0xFF, 0xF0, 0x00, 0x0F,
    0xFF, 0xF0, 0x0F, 0xFF,
    0xFF, 0xF0, 0x0F, 0xFF,
    0xFF, 0xF0, 0x00, 0x00,
    0xFF, 0xFF, 0xFF, 0xFF,


/* Tile ID 85, isSolid: false */
    0xE0, 0x00, 0xE0, 0x00,
    0xE0, 0x00, 0xE0, 0x00,
    0xE0, 0x00, 0xE0, 0x00,
    0xE0, 0x00, 0xE0, 0x00,
    0xEE, 0xEE, 0xEE, 0x00,
    0x00, 0x0E, 0xE0, 0x00,
    0x00, 0x0E, 0xE0, 0x00,
    0x00, 0x00, 0x00, 0x00,

    0x0F, 0xFF, 0x0F, 0xFF,
    0x0F, 0xFF, 0x0F, 0xFF,
    0x0F, 0xFF, 0x0F, 0xFF,
    0x0F, 0xFF, 0x0F, 0xFF,
    0x00, 0x00, 0x00, 0xFF,
    0xFF, 0xF0, 0x0F, 0xFF,
    0xFF, 0xF0, 0x0F, 0xFF,
    0xFF, 0xFF, 0xFF, 0xFF,

    0x00, 0x0E, 0x00, 0x0E,
    0x00, 0x0E, 0x00, 0x0E,
    0x00, 0x0E, 0x00, 0x0E,
    0x00, 0x0E, 0x00, 0x0E,
    0x00, 0xEE, 0xEE, 0xEE,
    0x00, 0x0E, 0xE0, 0x00,
    0x00, 0x0E, 0xE0, 0x00,
    0x00, 0x00, 0x00, 0x00,

    0xFF, 0xF0, 0xFF, 0xF0,
    0xFF, 0xF0, 0xFF, 0xF0,
    0xFF, 0xF0, 0xFF, 0xF0,
    0xFF, 0xF0, 0xFF, 0xF0,
    0xFF, 0x00, 0x00, 0x00,
    0xFF, 0xF0, 0x0F, 0xFF,
    0xFF, 0xF0, 0x0F, 0xFF,
    0xFF, 0xFF, 0xFF, 0xFF,


/* Tile ID 86, isSolid: false */
    0xEE, 0xEE, 0xE0, 0x00,
    0xE0, 0x00, 0x00, 0x00,
    0xE0, 0x00, 0x00, 0x00,
    0xEE, 0xEE, 0xE0, 0x00,
    0x00, 0x0E, 0xE0, 0x00,
    0xE0, 0x0E, 0xE0, 0x00,
    0xEE, 0xEE, 0xE0, 0x00,
    0x00, 0x00, 0x00, 0x00,

    0x00, 0x00, 0x0F, 0xFF,
    0x0F, 0xFF, 0xFF, 0xFF,
    0x0F, 0xFF, 0xFF, 0xFF,
    0x00, 0x00, 0x0F, 0xFF,
    0xFF, 0xF0, 0x0F, 0xFF,
    0x0F, 0xF0, 0x0F, 0xFF,
    0x00, 0x00, 0x0F, 0xFF,
    0xFF, 0xFF, 0xFF, 0xFF,

    0x00, 0x0E, 0xEE, 0xEE,
    0x00, 0x00, 0x00, 0x0E,
    0x00, 0x00, 0x00, 0x0E,
    0x00, 0x0E, 0xEE, 0xEE,
    0x00, 0x0E, 0xE0, 0x00,
    0x00, 0x0E, 0xE0, 0x0E,
    0x00, 0x0E, 0xEE, 0xEE,
    0x00, 0x00, 0x00, 0x00,

    0xFF, 0xF0, 0x00, 0x00,
    0xFF, 0xFF, 0xFF, 0xF0,
    0xFF, 0xFF, 0xFF, 0xF0,
    0xFF, 0xF0, 0x00, 0x00,
    0xFF, 0xF0, 0x0F, 0xFF,
    0xFF, 0xF0, 0x0F, 0xF0,
    0xFF, 0xF0, 0x00, 0x00,
    0xFF, 0xFF, 0xFF, 0xFF,


/* Tile ID 87, isSolid: false */
    0xEE, 0xEE, 0xE0, 0x00,
    0xE0, 0x00, 0xE0, 0x00,
    0xE0, 0x00, 0x00, 0x00,
    0xEE, 0xEE, 0xE0, 0x00,
    0xEE, 0x00, 0xE0, 0x00,
    0xEE, 0x00, 0xE0, 0x00,
    0xEE, 0xEE, 0xE0, 0x00,
    0x00, 0x00, 0x00, 0x00,

    0x00, 0x00, 0x0F, 0xFF,
    0x0F, 0xFF, 0x0F, 0xFF,
    0x0F, 0xFF, 0xFF, 0xFF,
    0x00, 0x00, 0x0F, 0xFF,
    0x00, 0xFF, 0x0F, 0xFF,
    0x00, 0xFF, 0x0F, 0xFF,
    0x00, 0x00, 0x0F, 0xFF,
    0xFF, 0xFF, 0xFF, 0xFF,

    0x00, 0x0E, 0xEE, 0xEE,
    0x00, 0x0E, 0x00, 0x0E,
    0x00, 0x00, 0x00, 0x0E,
    0x00, 0x0E, 0xEE, 0xEE,
    0x00, 0x0E, 0x00, 0xEE,
    0x00, 0x0E, 0x00, 0xEE,
    0x00, 0x0E, 0xEE, 0xEE,
    0x00, 0x00, 0x00, 0x00,

    0xFF, 0xF0, 0x00, 0x00,
    0xFF, 0xF0, 0xFF, 0xF0,
    0xFF, 0xFF, 0xFF, 0xF0,
    0xFF, 0xF0, 0x00, 0x00,
    0xFF, 0xF0, 0xFF, 0x00,
    0xFF, 0xF0, 0xFF, 0x00,
    0xFF, 0xF0, 0x00, 0x00,
    0xFF, 0xFF, 0xFF, 0xFF,


/* Tile ID 88, isSolid: false */
    0xEE, 0xEE, 0xE0, 0x00,
    0xE0, 0x00, 0xE0, 0x00,
    0x00, 0x0E, 0x00, 0x00,
    0x00, 0xE0, 0x00, 0x00,
    0x0E, 0xE0, 0x00, 0x00,
    0x0E, 0xE0, 0x00, 0x00,
    0x0E, 0xE0, 0x00, 0x00,
    0x00, 0x00, 0x00, 0x00,

    0x00, 0x00, 0x0F, 0xFF,
    0x0F, 0xFF, 0x0F, 0xFF,
    0xFF, 0xF0, 0xFF, 0xFF,
    0xFF, 0x0F, 0xFF, 0xFF,
    0xF0, 0x0F, 0xFF, 0xFF,
    0xF0, 0x0F, 0xFF, 0xFF,
    0xF0, 0x0F, 0xFF, 0xFF,
    0xFF, 0xFF, 0xFF, 0xFF,

    0x00, 0x0E, 0xEE, 0xEE,
    0x00, 0x0E, 0x00, 0x0E,
    0x00, 0x00, 0xE0, 0x00,
    0x00, 0x00, 0x0E, 0x00,
    0x00, 0x00, 0x0E, 0xE0,
    0x00, 0x00, 0x0E, 0xE0,
    0x00, 0x00, 0x0E, 0xE0,
    0x00, 0x00, 0x00, 0x00,

    0xFF, 0xF0, 0x00, 0x00,
    0xFF, 0xF0, 0xFF, 0xF0,
    0xFF, 0xFF, 0x0F, 0xFF,
    0xFF, 0xFF, 0xF0, 0xFF,
    0xFF, 0xFF, 0xF0, 0x0F,
    0xFF, 0xFF, 0xF0, 0x0F,
    0xFF, 0xFF, 0xF0, 0x0F,
    0xFF, 0xFF, 0xFF, 0xFF,


/* Tile ID 89, isSolid: false */
    0xEE, 0xEE, 0xE0, 0x00,
    0xE0, 0x00, 0xE0, 0x00,
    0xE0, 0x00, 0xE0, 0x00,
    0xEE, 0xEE, 0xE0, 0x00,
    0xEE, 0x00, 0xE0, 0x00,
    0xEE, 0x00, 0xE0, 0x00,
    0xEE, 0xEE, 0xE0, 0x00,
    0x00, 0x00, 0x00, 0x00,

    0x00, 0x00, 0x0F, 0xFF,
    0x0F, 0xFF, 0x0F, 0xFF,
    0x0F, 0xFF, 0x0F, 0xFF,
    0x00, 0x00, 0x0F, 0xFF,
    0x00, 0xFF, 0x0F, 0xFF,
    0x00, 0xFF, 0x0F, 0xFF,
    0x00, 0x00, 0x0F, 0xFF,
    0xFF, 0xFF, 0xFF, 0xFF,

    0x00, 0x0E, 0xEE, 0xEE,
    0x00, 0x0E, 0x00, 0x0E,
    0x00, 0x0E, 0x00, 0x0E,
    0x00, 0x0E, 0xEE, 0xEE,
    0x00, 0x0E, 0x00, 0xEE,
    0x00, 0x0E, 0x00, 0xEE,
    0x00, 0x0E, 0xEE, 0xEE,
    0x00, 0x00, 0x00, 0x00,

    0xFF, 0xF0, 0x00, 0x00,
    0xFF, 0xF0, 0xFF, 0xF0,
    0xFF, 0xF0, 0xFF, 0xF0,
    0xFF, 0xF0, 0x00, 0x00,
    0xFF, 0xF0, 0xFF, 0x00,
    0xFF, 0xF0, 0xFF, 0x00,
    0xFF, 0xF0, 0x00, 0x00,
    0xFF, 0xFF, 0xFF, 0xFF,


/* Tile ID 90, isSolid: false */
    0xEE, 0xEE, 0xE0, 0x00,
    0xE0, 0x00, 0xE0, 0x00,
    0xE0, 0x00, 0xE0, 0x00,
    0xEE, 0xEE, 0xE0, 0x00,
    0x00, 0x0E, 0xE0, 0x00,
    0xE0, 0x0E, 0xE0, 0x00,
    0xEE, 0xEE, 0xE0, 0x00,
    0x00, 0x00, 0x00, 0x00,

    0x00, 0x00, 0x0F, 0xFF,
    0x0F, 0xFF, 0x0F, 0xFF,
    0x0F, 0xFF, 0x0F, 0xFF,
    0x00, 0x00, 0x0F, 0xFF,
    0xFF, 0xF0, 0x0F, 0xFF,
    0x0F, 0xF0, 0x0F, 0xFF,
    0x00, 0x00, 0x0F, 0xFF,
    0xFF, 0xFF, 0xFF, 0xFF,

    0x00, 0x0E, 0xEE, 0xEE,
    0x00, 0x0E, 0x00, 0x0E,
    0x00, 0x0E, 0x00, 0x0E,
    0x00, 0x0E, 0xEE, 0xEE,
    0x00, 0x0E, 0xE0, 0x00,
    0x00, 0x0E, 0xE0, 0x0E,
    0x00, 0x0E, 0xEE, 0xEE,
    0x00, 0x00, 0x00, 0x00,

    0xFF, 0xF0, 0x00, 0x00,
    0xFF, 0xF0, 0xFF, 0xF0,
    0xFF, 0xF0, 0xFF, 0xF0,
    0xFF, 0xF0, 0x00, 0x00,
    0xFF, 0xF0, 0x0F, 0xFF,
    0xFF, 0xF0, 0x0F, 0xF0,
    0xFF, 0xF0, 0x00, 0x00,
    0xFF, 0xFF, 0xFF, 0xFF,


/* Tile ID 91, isSolid: false */
    0x00, 0x00, 0x00, 0x00,
    0x00, 0xEE, 0xE0, 0x00,
    0x00, 0xEE, 0xE0, 0x00,
    0x00, 0x00, 0x00, 0x00,
    0x00, 0xEE, 0xE0, 0x00,
    0x00, 0xEE, 0xE0, 0x00,
    0x00, 0x00, 0x00, 0x00,
    0x00, 0x00, 0x00, 0x00,

    0xFF, 0xFF, 0xFF, 0xFF,
    0xFF, 0x00, 0x0F, 0xFF,
    0xFF, 0x00, 0x0F, 0xFF,
    0xFF, 0xFF, 0xFF, 0xFF,
    0xFF, 0x00, 0x0F, 0xFF,
    0xFF, 0x00, 0x0F, 0xFF,
    0xFF, 0xFF, 0xFF, 0xFF,
    0xFF, 0xFF, 0xFF, 0xFF,

    0x00, 0x00, 0x00, 0x00,
    0x00, 0x0E, 0xEE, 0x00,
    0x00, 0x0E, 0xEE, 0x00,
    0x00, 0x00, 0x00, 0x00,
    0x00, 0x0E, 0xEE, 0x00,
    0x00, 0x0E, 0xEE, 0x00,
    0x00, 0x00, 0x00, 0x00,
    0x00, 0x00, 0x00, 0x00,

    0xFF, 0xFF, 0xFF, 0xFF,
    0xFF, 0xF0, 0x00, 0xFF,
    0xFF, 0xF0, 0x00, 0xFF,
    0xFF, 0xFF, 0xFF, 0xFF,
    0xFF, 0xF0, 0x00, 0xFF,
    0xFF, 0xF0, 0x00, 0xFF,
    0xFF, 0xFF, 0xFF, 0xFF,
    0xFF, 0xFF, 0xFF, 0xFF,


/* Tile ID 92, isSolid: false */
    0x00, 0x00, 0x00, 0x00,
    0x00, 0xEE, 0xE0, 0x00,
    0x00, 0xEE, 0xE0, 0x00,
    0x00, 0x00, 0x00, 0x00,
    0x00, 0xEE, 0xE0, 0x00,
    0x00, 0xEE, 0xE0, 0x00,
    0x00, 0x00, 0xE0, 0x00,
    0x00, 0xEE, 0x00, 0x00,

    0xFF, 0xFF, 0xFF, 0xFF,
    0xFF, 0x00, 0x0F, 0xFF,
    0xFF, 0x00, 0x0F, 0xFF,
    0xFF, 0xFF, 0xFF, 0xFF,
    0xFF, 0x00, 0x0F, 0xFF,
    0xFF, 0x00, 0x0F, 0xFF,
    0xFF, 0xFF, 0x0F, 0xFF,
    0xFF, 0x00, 0xFF, 0xFF,

    0x00, 0x00, 0x00, 0x00,
    0x00, 0x0E, 0xEE, 0x00,
    0x00, 0x0E, 0xEE, 0x00,
    0x00, 0x00, 0x00, 0x00,
    0x00, 0x0E, 0xEE, 0x00,
    0x00, 0x0E, 0xEE, 0x00,
    0x00, 0x0E, 0x00, 0x00,
    0x00, 0x00, 0xEE, 0x00,

    0xFF, 0xFF, 0xFF, 0xFF,
    0xFF, 0xF0, 0x00, 0xFF,
    0xFF, 0xF0, 0x00, 0xFF,
    0xFF, 0xFF, 0xFF, 0xFF,
    0xFF, 0xF0, 0x00, 0xFF,
    0xFF, 0xF0, 0x00, 0xFF,
    0xFF, 0xF0, 0xFF, 0xFF,
    0xFF, 0xFF, 0x00, 0xFF,


/* Tile ID 93, isSolid: false */
    0x00, 0x00, 0xE0, 0x00,
    0x00, 0x0E, 0x00, 0x00,
    0x00, 0xE0, 0x00, 0x00,
    0xEE, 0x00, 0x00, 0x00,
    0x00, 0xE0, 0x00, 0x00,
    0x00, 0x0E, 0x00, 0x00,
    0x00, 0x00, 0xE0, 0x00,
    0x00, 0x00, 0x00, 0x00,

    0xFF, 0xFF, 0x0F, 0xFF,
    0xFF, 0xF0, 0xFF, 0xFF,
    0xFF, 0x0F, 0xFF, 0xFF,
    0x00, 0xFF, 0xFF, 0xFF,
    0xFF, 0x0F, 0xFF, 0xFF,
    0xFF, 0xF0, 0xFF, 0xFF,
    0xFF, 0xFF, 0x0F, 0xFF,
    0xFF, 0xFF, 0xFF, 0xFF,

    0x00, 0x0E, 0x00, 0x00,
    0x00, 0x00, 0xE0, 0x00,
    0x00, 0x00, 0x0E, 0x00,
    0x00, 0x00, 0x00, 0xEE,
    0x00, 0x00, 0x0E, 0x00,
    0x00, 0x00, 0xE0, 0x00,
    0x00, 0x0E, 0x00, 0x00,
    0x00, 0x00, 0x00, 0x00,

    0xFF, 0xF0, 0xFF, 0xFF,
    0xFF, 0xFF, 0x0F, 0xFF,
    0xFF, 0xFF, 0xF0, 0xFF,
    0xFF, 0xFF, 0xFF, 0x00,
    0xFF, 0xFF, 0xF0, 0xFF,
    0xFF, 0xFF, 0x0F, 0xFF,
    0xFF, 0xF0, 0xFF, 0xFF,
    0xFF, 0xFF, 0xFF, 0xFF,


/* Tile ID 94, isSolid: false */
    0x00, 0x00, 0x00, 0x00,
    0x0E, 0xEE, 0xEE, 0x00,
    0x0E, 0xEE, 0xEE, 0x00,
    0x00, 0x00, 0x00, 0x00,
    0x0E, 0xEE, 0xEE, 0x00,
    0x0E, 0xEE, 0xEE, 0x00,
    0x00, 0x00, 0x00, 0x00,
    0x00, 0x00, 0x00, 0x00,

    0xFF, 0xFF, 0xFF, 0xFF,
    0xF0, 0x00, 0x00, 0xFF,
    0xF0, 0x00, 0x00, 0xFF,
    0xFF, 0xFF, 0xFF, 0xFF,
    0xF0, 0x00, 0x00, 0xFF,
    0xF0, 0x00, 0x00, 0xFF,
    0xFF, 0xFF, 0xFF, 0xFF,
    0xFF, 0xFF, 0xFF, 0xFF,

    0x00, 0x00, 0x00, 0x00,
    0x00, 0xEE, 0xEE, 0xE0,
    0x00, 0xEE, 0xEE, 0xE0,
    0x00, 0x00, 0x00, 0x00,
    0x00, 0xEE, 0xEE, 0xE0,
    0x00, 0xEE, 0xEE, 0xE0,
    0x00, 0x00, 0x00, 0x00,
    0x00, 0x00, 0x00, 0x00,

    0xFF, 0xFF, 0xFF, 0xFF,
    0xFF, 0x00, 0x00, 0x0F,
    0xFF, 0x00, 0x00, 0x0F,
    0xFF, 0xFF, 0xFF, 0xFF,
    0xFF, 0x00, 0x00, 0x0F,
    0xFF, 0x00, 0x00, 0x0F,
    0xFF, 0xFF, 0xFF, 0xFF,
    0xFF, 0xFF, 0xFF, 0xFF,


/* Tile ID 95, isSolid: false */
    0xE0, 0x00, 0x00, 0x00,
    0x0E, 0x00, 0x00, 0x00,
    0x00, 0xE0, 0x00, 0x00,
    0x00, 0x0E, 0xE0, 0x00,
    0x00, 0xE0, 0x00, 0x00,
    0x0E, 0x00, 0x00, 0x00,
    0xE0, 0x00, 0x00, 0x00,
    0x00, 0x00, 0x00, 0x00,

    0x0F, 0xFF, 0xFF, 0xFF,
    0xF0, 0xFF, 0xFF, 0xFF,
    0xFF, 0x0F, 0xFF, 0xFF,
    0xFF, 0xF0, 0x0F, 0xFF,
    0xFF, 0x0F, 0xFF, 0xFF,
    0xF0, 0xFF, 0xFF, 0xFF,
    0x0F, 0xFF, 0xFF, 0xFF,
    0xFF, 0xFF, 0xFF, 0xFF,

    0x00, 0x00, 0x00, 0x0E,
    0x00, 0x00, 0x00, 0xE0,
    0x00, 0x00, 0x0E, 0x00,
    0x00, 0x0E, 0xE0, 0x00,
    0x00, 0x00, 0x0E, 0x00,
    0x00, 0x00, 0x00, 0xE0,
    0x00, 0x00, 0x00, 0x0E,
    0x00, 0x00, 0x00, 0x00,

    0xFF, 0xFF, 0xFF, 0xF0,
    0xFF, 0xFF, 0xFF, 0x0F,
    0xFF, 0xFF, 0xF0, 0xFF,
    0xFF, 0xF0, 0x0F, 0xFF,
    0xFF, 0xFF, 0xF0, 0xFF,
    0xFF, 0xFF, 0xFF, 0x0F,
    0xFF, 0xFF, 0xFF, 0xF0,
    0xFF, 0xFF, 0xFF, 0xFF,


/* Tile ID 96, isSolid: false */
    0x0E, 0xEE, 0xEE, 0xE0,
    0x0E, 0x00, 0x00, 0xE0,
    0x00, 0x00, 0x00, 0xE0,
    0x00, 0x0E, 0xEE, 0xE0,
    0x00, 0x0E, 0x00, 0x00,
    0x00, 0x00, 0x00, 0x00,
    0x00, 0x0E, 0x00, 0x00,
    0x00, 0x00, 0x00, 0x00,

    0xF0, 0x00, 0x00, 0x0F,
    0xF0, 0xFF, 0xFF, 0x0F,
    0xFF, 0xFF, 0xFF, 0x0F,
    0xFF, 0xF0, 0x00, 0x0F,
    0xFF, 0xF0, 0xFF, 0xFF,
    0xFF, 0xFF, 0xFF, 0xFF,
    0xFF, 0xF0, 0xFF, 0xFF,
    0xFF, 0xFF, 0xFF, 0xFF,

    0x0E, 0xEE, 0xEE, 0xE0,
    0x0E, 0x00, 0x00, 0xE0,
    0x0E, 0x00, 0x00, 0x00,
    0x0E, 0xEE, 0xE0, 0x00,
    0x00, 0x00, 0xE0, 0x00,
    0x00, 0x00, 0x00, 0x00,
    0x00, 0x00, 0xE0, 0x00,
    0x00, 0x00, 0x00, 0x00,

    0xF0, 0x00, 0x00, 0x0F,
    0xF0, 0xFF, 0xFF, 0x0F,
    0xF0, 0xFF, 0xFF, 0xFF,
    0xF0, 0x00, 0x0F, 0xFF,
    0xFF, 0xFF, 0x0F, 0xFF,
    0xFF, 0xFF, 0xFF, 0xFF,
    0xFF, 0xFF, 0x0F, 0xFF,
    0xFF, 0xFF, 0xFF, 0xFF,


/* Tile ID 97, isSolid: false */
    0x00, 0xEE, 0xEE, 0x00,
    0x00, 0xE0, 0x0E, 0x00,
    0x00, 0xEE, 0xEE, 0x00,
    0x00, 0x00, 0x00, 0x00,
    0x00, 0x00, 0x00, 0x00,
    0x00, 0x00, 0x00, 0x00,
    0x00, 0x00, 0x00, 0x00,
    0x00, 0x00, 0x00, 0x00,

    0xFF, 0x00, 0x00, 0xFF,
    0xFF, 0x0F, 0xF0, 0xFF,
    0xFF, 0x00, 0x00, 0xFF,
    0xFF, 0xFF, 0xFF, 0xFF,
    0xFF, 0xFF, 0xFF, 0xFF,
    0xFF, 0xFF, 0xFF, 0xFF,
    0xFF, 0xFF, 0xFF, 0xFF,
    0xFF, 0xFF, 0xFF, 0xFF,

    0x00, 0xEE, 0xEE, 0x00,
    0x00, 0xE0, 0x0E, 0x00,
    0x00, 0xEE, 0xEE, 0x00,
    0x00, 0x00, 0x00, 0x00,
    0x00, 0x00, 0x00, 0x00,
    0x00, 0x00, 0x00, 0x00,
    0x00, 0x00, 0x00, 0x00,
    0x00, 0x00, 0x00, 0x00,

    0xFF, 0x00, 0x00, 0xFF,
    0xFF, 0x0F, 0xF0, 0xFF,
    0xFF, 0x00, 0x00, 0xFF,
    0xFF, 0xFF, 0xFF, 0xFF,
    0xFF, 0xFF, 0xFF, 0xFF,
    0xFF, 0xFF, 0xFF, 0xFF,
    0xFF, 0xFF, 0xFF, 0xFF,
    0xFF, 0xFF, 0xFF, 0xFF,


/* Tile ID 98, isSolid: false */
    0xEE, 0xEE, 0xE0, 0x00,
    0xE0, 0x00, 0xE0, 0x00,
    0xEE, 0xEE, 0xEE, 0x00,
    0xE0, 0x00, 0x0E, 0x00,
    0xEE, 0x00, 0x0E, 0x00,
    0xEE, 0x00, 0x0E, 0x00,
    0xEE, 0x00, 0x0E, 0x00,
    0x00, 0x00, 0x00, 0x00,

    0x00, 0x00, 0x0F, 0xFF,
    0x0F, 0xFF, 0x0F, 0xFF,
    0x00, 0x00, 0x00, 0xFF,
    0x0F, 0xFF, 0xF0, 0xFF,
    0x00, 0xFF, 0xF0, 0xFF,
    0x00, 0xFF, 0xF0, 0xFF,
    0x00, 0xFF, 0xF0, 0xFF,
    0xFF, 0xFF, 0xFF, 0xFF,

    0x00, 0x0E, 0xEE, 0xEE,
    0x00, 0x0E, 0x00, 0x0E,
    0x00, 0xEE, 0xEE, 0xEE,
    0x00, 0xE0, 0x00, 0x0E,
    0x00, 0xE0, 0x00, 0xEE,
    0x00, 0xE0, 0x00, 0xEE,
    0x00, 0xE0, 0x00, 0xEE,
    0x00, 0x00, 0x00, 0x00,

    0xFF, 0xF0, 0x00, 0x00,
    0xFF, 0xF0, 0xFF, 0xF0,
    0xFF, 0x00, 0x00, 0x00,
    0xFF, 0x0F, 0xFF, 0xF0,
    0xFF, 0x0F, 0xFF, 0x00,
    0xFF, 0x0F, 0xFF, 0x00,
    0xFF, 0x0F, 0xFF, 0x00,
    0xFF, 0xFF, 0xFF, 0xFF,


/* Tile ID 99, isSolid: false */
    0xEE, 0xEE, 0xE0, 0x00,
    0xE0, 0x00, 0xE0, 0x00,
    0xEE, 0xEE, 0xEE, 0x00,
    0xE0, 0x00, 0x0E, 0x00,
    0xEE, 0x00, 0x0E, 0x00,
    0xEE, 0x00, 0x0E, 0x00,
    0xEE, 0xEE, 0xEE, 0x00,
    0x00, 0x00, 0x00, 0x00,

    0x00, 0x00, 0x0F, 0xFF,
    0x0F, 0xFF, 0x0F, 0xFF,
    0x00, 0x00, 0x00, 0xFF,
    0x0F, 0xFF, 0xF0, 0xFF,
    0x00, 0xFF, 0xF0, 0xFF,
    0x00, 0xFF, 0xF0, 0xFF,
    0x00, 0x00, 0x00, 0xFF,
    0xFF, 0xFF, 0xFF, 0xFF,

    0x00, 0x0E, 0xEE, 0xEE,
    0x00, 0x0E, 0x00, 0x0E,
    0x00, 0xEE, 0xEE, 0xEE,
    0x00, 0xE0, 0x00, 0x0E,
    0x00, 0xE0, 0x00, 0xEE,
    0x00, 0xE0, 0x00, 0xEE,
    0x00, 0xEE, 0xEE, 0xEE,
    0x00, 0x00, 0x00, 0x00,

    0xFF, 0xF0, 0x00, 0x00,
    0xFF, 0xF0, 0xFF, 0xF0,
    0xFF, 0x00, 0x00, 0x00,
    0xFF, 0x0F, 0xFF, 0xF0,
    0xFF, 0x0F, 0xFF, 0x00,
    0xFF, 0x0F, 0xFF, 0x00,
    0xFF, 0x00, 0x00, 0x00,
    0xFF, 0xFF, 0xFF, 0xFF,


/* Tile ID 100, isSolid: false */
    0xEE, 0xEE, 0xEE, 0x00,
    0xE0, 0x00, 0x0E, 0x00,
    0xE0, 0x00, 0x00, 0x00,
    0xEE, 0x00, 0x00, 0x00,
    0xEE, 0x00, 0x00, 0x00,
    0xEE, 0x00, 0x0E, 0x00,
    0xEE, 0xEE, 0xEE, 0x00,
    0x00, 0x00, 0x00, 0x00,

    0x00, 0x00, 0x00, 0xFF,
    0x0F, 0xFF, 0xF0, 0xFF,
    0x0F, 0xFF, 0xFF, 0xFF,
    0x00, 0xFF, 0xFF, 0xFF,
    0x00, 0xFF, 0xFF, 0xFF,
    0x00, 0xFF, 0xF0, 0xFF,
    0x00, 0x00, 0x00, 0xFF,
    0xFF, 0xFF, 0xFF, 0xFF,

    0x00, 0xEE, 0xEE, 0xEE,
    0x00, 0xE0, 0x00, 0x0E,
    0x00, 0x00, 0x00, 0x0E,
    0x00, 0x00, 0x00, 0xEE,
    0x00, 0x00, 0x00, 0xEE,
    0x00, 0xE0, 0x00, 0xEE,
    0x00, 0xEE, 0xEE, 0xEE,
    0x00, 0x00, 0x00, 0x00,

    0xFF, 0x00, 0x00, 0x00,
    0xFF, 0x0F, 0xFF, 0xF0,
    0xFF, 0xFF, 0xFF, 0xF0,
    0xFF, 0xFF, 0xFF, 0x00,
    0xFF, 0xFF, 0xFF, 0x00,
    0xFF, 0x0F, 0xFF, 0x00,
    0xFF, 0x00, 0x00, 0x00,
    0xFF, 0xFF, 0xFF, 0xFF,


/* Tile ID 101, isSolid: false */
    0xEE, 0xEE, 0xE0, 0x00,
    0xE0, 0x00, 0x0E, 0x00,
    0xE0, 0x00, 0x0E, 0x00,
    0xEE, 0x00, 0x0E, 0x00,
    0xEE, 0x00, 0x0E, 0x00,
    0xEE, 0x00, 0x0E, 0x00,
    0xEE, 0xEE, 0xE0, 0x00,
    0x00, 0x00, 0x00, 0x00,

    0x00, 0x00, 0x0F, 0xFF,
    0x0F, 0xFF, 0xF0, 0xFF,
    0x0F, 0xFF, 0xF0, 0xFF,
    0x00, 0xFF, 0xF0, 0xFF,
    0x00, 0xFF, 0xF0, 0xFF,
    0x00, 0xFF, 0xF0, 0xFF,
    0x00, 0x00, 0x0F, 0xFF,
    0xFF, 0xFF, 0xFF, 0xFF,

    0x00, 0x0E, 0xEE, 0xEE,
    0x00, 0xE0, 0x00, 0x0E,
    0x00, 0xE0, 0x00, 0x0E,
    0x00, 0xE0, 0x00, 0xEE,
    0x00, 0xE0, 0x00, 0xEE,
    0x00, 0xE0, 0x00, 0xEE,
    0x00, 0x0E, 0xEE, 0xEE,
    0x00, 0x00, 0x00, 0x00,

    0xFF, 0xF0, 0x00, 0x00,
    0xFF, 0x0F, 0xFF, 0xF0,
    0xFF, 0x0F, 0xFF, 0xF0,
    0xFF, 0x0F, 0xFF, 0x00,
    0xFF, 0x0F, 0xFF, 0x00,
    0xFF, 0x0F, 0xFF, 0x00,
    0xFF, 0xF0, 0x00, 0x00,
    0xFF, 0xFF, 0xFF, 0xFF,


/* Tile ID 102, isSolid: false */
    0xEE, 0xEE, 0xEE, 0x00,
    0xE0, 0x00, 0x00, 0x00,
    0xEE, 0xEE, 0x00, 0x00,
    0xE0, 0x00, 0x00, 0x00,
    0xEE, 0x00, 0x00, 0x00,
    0xEE, 0x00, 0x00, 0x00,
    0xEE, 0xEE, 0xEE, 0x00,
    0x00, 0x00, 0x00, 0x00,

    0x00, 0x00, 0x00, 0xFF,
    0x0F, 0xFF, 0xFF, 0xFF,
    0x00, 0x00, 0xFF, 0xFF,
    0x0F, 0xFF, 0xFF, 0xFF,
    0x00, 0xFF, 0xFF, 0xFF,
    0x00, 0xFF, 0xFF, 0xFF,
    0x00, 0x00, 0x00, 0xFF,
    0xFF, 0xFF, 0xFF, 0xFF,

    0x00, 0xEE, 0xEE, 0xEE,
    0x00, 0x00, 0x00, 0x0E,
    0x00, 0x00, 0xEE, 0xEE,
    0x00, 0x00, 0x00, 0x0E,
    0x00, 0x00, 0x00, 0xEE,
    0x00, 0x00, 0x00, 0xEE,
    0x00, 0xEE, 0xEE, 0xEE,
    0x00, 0x00, 0x00, 0x00,

    0xFF, 0x00, 0x00, 0x00,
    0xFF, 0xFF, 0xFF, 0xF0,
    0xFF, 0xFF, 0x00, 0x00,
    0xFF, 0xFF, 0xFF, 0xF0,
    0xFF, 0xFF, 0xFF, 0x00,
    0xFF, 0xFF, 0xFF, 0x00,
    0xFF, 0x00, 0x00, 0x00,
    0xFF, 0xFF, 0xFF, 0xFF,


/* Tile ID 103, isSolid: false */
    0xEE, 0xEE, 0xEE, 0x00,
    0xE0, 0x00, 0x00, 0x00,
    0xEE, 0xEE, 0xE0, 0x00,
    0xE0, 0x00, 0x00, 0x00,
    0xEE, 0x00, 0x00, 0x00,
    0xEE, 0x00, 0x00, 0x00,
    0xEE, 0x00, 0x00, 0x00,
    0x00, 0x00, 0x00, 0x00,

    0x00, 0x00, 0x00, 0xFF,
    0x0F, 0xFF, 0xFF, 0xFF,
    0x00, 0x00, 0x0F, 0xFF,
    0x0F, 0xFF, 0xFF, 0xFF,
    0x00, 0xFF, 0xFF, 0xFF,
    0x00, 0xFF, 0xFF, 0xFF,
    0x00, 0xFF, 0xFF, 0xFF,
    0xFF, 0xFF, 0xFF, 0xFF,

    0x00, 0xEE, 0xEE, 0xEE,
    0x00, 0x00, 0x00, 0x0E,
    0x00, 0x0E, 0xEE, 0xEE,
    0x00, 0x00, 0x00, 0x0E,
    0x00, 0x00, 0x00, 0xEE,
    0x00, 0x00, 0x00, 0xEE,
    0x00, 0x00, 0x00, 0xEE,
    0x00, 0x00, 0x00, 0x00,

    0xFF, 0x00, 0x00, 0x00,
    0xFF, 0xFF, 0xFF, 0xF0,
    0xFF, 0xF0, 0x00, 0x00,
    0xFF, 0xFF, 0xFF, 0xF0,
    0xFF, 0xFF, 0xFF, 0x00,
    0xFF, 0xFF, 0xFF, 0x00,
    0xFF, 0xFF, 0xFF, 0x00,
    0xFF, 0xFF, 0xFF, 0xFF,


/* Tile ID 104, isSolid: false */
    0xEE, 0xEE, 0xEE, 0x00,
    0xE0, 0x00, 0x0E, 0x00,
    0xE0, 0x00, 0x00, 0x00,
    0xE0, 0x0E, 0xEE, 0x00,
    0xEE, 0x00, 0x0E, 0x00,
    0xEE, 0x00, 0x0E, 0x00,
    0xEE, 0xEE, 0xEE, 0x00,
    0x00, 0x00, 0x00, 0x00,

    0x00, 0x00, 0x00, 0xFF,
    0x0F, 0xFF, 0xF0, 0xFF,
    0x0F, 0xFF, 0xFF, 0xFF,
    0x0F, 0xF0, 0x00, 0xFF,
    0x00, 0xFF, 0xF0, 0xFF,
    0x00, 0xFF, 0xF0, 0xFF,
    0x00, 0x00, 0x00, 0xFF,
    0xFF, 0xFF, 0xFF, 0xFF,

    0x00, 0xEE, 0xEE, 0xEE,
    0x00, 0xE0, 0x00, 0x0E,
    0x00, 0x00, 0x00, 0x0E,
    0x00, 0xEE, 0xE0, 0x0E,
    0x00, 0xE0, 0x00, 0xEE,
    0x00, 0xE0, 0x00, 0xEE,
    0x00, 0xEE, 0xEE, 0xEE,
    0x00, 0x00, 0x00, 0x00,

    0xFF, 0x00, 0x00, 0x00,
    0xFF, 0x0F, 0xFF, 0xF0,
    0xFF, 0xFF, 0xFF, 0xF0,
    0xFF, 0x00, 0x0F, 0xF0,
    0xFF, 0x0F, 0xFF, 0x00,
    0xFF, 0x0F, 0xFF, 0x00,
    0xFF, 0x00, 0x00, 0x00,
    0xFF, 0xFF, 0xFF, 0xFF,


/* Tile ID 105, isSolid: false */
    0xE0, 0x00, 0x0E, 0x00,
    0xE0, 0x00, 0x0E, 0x00,
    0xEE, 0xEE, 0xEE, 0x00,
    0xE0, 0x00, 0x0E, 0x00,
    0xEE, 0x00, 0x0E, 0x00,
    0xEE, 0x00, 0x0E, 0x00,
    0xEE, 0x00, 0x0E, 0x00,
    0x00, 0x00, 0x00, 0x00,

    0x0F, 0xFF, 0xF0, 0xFF,
    0x0F, 0xFF, 0xF0, 0xFF,
    0x00, 0x00, 0x00, 0xFF,
    0x0F, 0xFF, 0xF0, 0xFF,
    0x00, 0xFF, 0xF0, 0xFF,
    0x00, 0xFF, 0xF0, 0xFF,
    0x00, 0xFF, 0xF0, 0xFF,
    0xFF, 0xFF, 0xFF, 0xFF,

    0x00, 0xE0, 0x00, 0x0E,
    0x00, 0xE0, 0x00, 0x0E,
    0x00, 0xEE, 0xEE, 0xEE,
    0x00, 0xE0, 0x00, 0x0E,
    0x00, 0xE0, 0x00, 0xEE,
    0x00, 0xE0, 0x00, 0xEE,
    0x00, 0xE0, 0x00, 0xEE,
    0x00, 0x00, 0x00, 0x00,

    0xFF, 0x0F, 0xFF, 0xF0,
    0xFF, 0x0F, 0xFF, 0xF0,
    0xFF, 0x00, 0x00, 0x00,
    0xFF, 0x0F, 0xFF, 0xF0,
    0xFF, 0x0F, 0xFF, 0x00,
    0xFF, 0x0F, 0xFF, 0x00,
    0xFF, 0x0F, 0xFF, 0x00,
    0xFF, 0xFF, 0xFF, 0xFF,


/* Tile ID 106, isSolid: false */
    0x00, 0xE0, 0x00, 0x00,
    0x00, 0xE0, 0x00, 0x00,
    0x00, 0xE0, 0x00, 0x00,
    0x00, 0xEE, 0x00, 0x00,
    0x00, 0xEE, 0x00, 0x00,
    0x00, 0xEE, 0x00, 0x00,
    0x00, 0xEE, 0x00, 0x00,
    0x00, 0x00, 0x00, 0x00,

    0xFF, 0x0F, 0xFF, 0xFF,
    0xFF, 0x0F, 0xFF, 0xFF,
    0xFF, 0x0F, 0xFF, 0xFF,
    0xFF, 0x00, 0xFF, 0xFF,
    0xFF, 0x00, 0xFF, 0xFF,
    0xFF, 0x00, 0xFF, 0xFF,
    0xFF, 0x00, 0xFF, 0xFF,
    0xFF, 0xFF, 0xFF, 0xFF,

    0x00, 0x00, 0x0E, 0x00,
    0x00, 0x00, 0x0E, 0x00,
    0x00, 0x00, 0x0E, 0x00,
    0x00, 0x00, 0xEE, 0x00,
    0x00, 0x00, 0xEE, 0x00,
    0x00, 0x00, 0xEE, 0x00,
    0x00, 0x00, 0xEE, 0x00,
    0x00, 0x00, 0x00, 0x00,

    0xFF, 0xFF, 0xF0, 0xFF,
    0xFF, 0xFF, 0xF0, 0xFF,
    0xFF, 0xFF, 0xF0, 0xFF,
    0xFF, 0xFF, 0x00, 0xFF,
    0xFF, 0xFF, 0x00, 0xFF,
    0xFF, 0xFF, 0x00, 0xFF,
    0xFF, 0xFF, 0x00, 0xFF,
    0xFF, 0xFF, 0xFF, 0xFF,


/* Tile ID 107, isSolid: false */
    0x00, 0x00, 0x0E, 0x00,
    0x00, 0x00, 0x0E, 0x00,
    0x00, 0x00, 0x0E, 0x00,
    0x00, 0x00, 0xEE, 0x00,
    0x00, 0x00, 0xEE, 0x00,
    0xE0, 0x00, 0xEE, 0x00,
    0x0E, 0xEE, 0xE0, 0x00,
    0x00, 0x00, 0x00, 0x00,

    0xFF, 0xFF, 0xF0, 0xFF,
    0xFF, 0xFF, 0xF0, 0xFF,
    0xFF, 0xFF, 0xF0, 0xFF,
    0xFF, 0xFF, 0x00, 0xFF,
    0xFF, 0xFF, 0x00, 0xFF,
    0x0F, 0xFF, 0x00, 0xFF,
    0xF0, 0x00, 0x0F, 0xFF,
    0xFF, 0xFF, 0xFF, 0xFF,

    0x00, 0xE0, 0x00, 0x00,
    0x00, 0xE0, 0x00, 0x00,
    0x00, 0xE0, 0x00, 0x00,
    0x00, 0xEE, 0x00, 0x00,
    0x00, 0xEE, 0x00, 0x00,
    0x00, 0xEE, 0x00, 0x0E,
    0x00, 0x0E, 0xEE, 0xE0,
    0x00, 0x00, 0x00, 0x00,

    0xFF, 0x0F, 0xFF, 0xFF,
    0xFF, 0x0F, 0xFF, 0xFF,
    0xFF, 0x0F, 0xFF, 0xFF,
    0xFF, 0x00, 0xFF, 0xFF,
    0xFF, 0x00, 0xFF, 0xFF,
    0xFF, 0x00, 0xFF, 0xF0,
    0xFF, 0xF0, 0x00, 0x0F,
    0xFF, 0xFF, 0xFF, 0xFF,


/* Tile ID 108, isSolid: false */
    0xE0, 0x00, 0x0E, 0x00,
    0xE0, 0x00, 0xE0, 0x00,
    0xE0, 0x0E, 0x00, 0x00,
    0xEE, 0xEE, 0x00, 0x00,
    0xEE, 0x00, 0xE0, 0x00,
    0xEE, 0x00, 0x0E, 0x00,
    0xEE, 0x00, 0x0E, 0x00,
    0x00, 0x00, 0x00, 0x00,

    0x0F, 0xFF, 0xF0, 0xFF,
    0x0F, 0xFF, 0x0F, 0xFF,
    0x0F, 0xF0, 0xFF, 0xFF,
    0x00, 0x00, 0xFF, 0xFF,
    0x00, 0xFF, 0x0F, 0xFF,
    0x00, 0xFF, 0xF0, 0xFF,
    0x00, 0xFF, 0xF0, 0xFF,
    0xFF, 0xFF, 0xFF, 0xFF,

    0x00, 0xE0, 0x00, 0x0E,
    0x00, 0x0E, 0x00, 0x0E,
    0x00, 0x00, 0xE0, 0x0E,
    0x00, 0x00, 0xEE, 0xEE,
    0x00, 0x0E, 0x00, 0xEE,
    0x00, 0xE0, 0x00, 0xEE,
    0x00, 0xE0, 0x00, 0xEE,
    0x00, 0x00, 0x00, 0x00,

    0xFF, 0x0F, 0xFF, 0xF0,
    0xFF, 0xF0, 0xFF, 0xF0,
    0xFF, 0xFF, 0x0F, 0xF0,
    0xFF, 0xFF, 0x00, 0x00,
    0xFF, 0xF0, 0xFF, 0x00,
    0xFF, 0x0F, 0xFF, 0x00,
    0xFF, 0x0F, 0xFF, 0x00,
    0xFF, 0xFF, 0xFF, 0xFF,


/* Tile ID 109, isSolid: false */
    0xE0, 0x00, 0x00, 0x00,
    0xE0, 0x00, 0x00, 0x00,
    0xE0, 0x00, 0x00, 0x00,
    0xEE, 0x00, 0x00, 0x00,
    0xEE, 0x00, 0x00, 0x00,
    0xEE, 0x00, 0x00, 0x00,
    0xEE, 0xEE, 0xEE, 0x00,
    0x00, 0x00, 0x00, 0x00,

    0x0F, 0xFF, 0xFF, 0xFF,
    0x0F, 0xFF, 0xFF, 0xFF,
    0x0F, 0xFF, 0xFF, 0xFF,
    0x00, 0xFF, 0xFF, 0xFF,
    0x00, 0xFF, 0xFF, 0xFF,
    0x00, 0xFF, 0xFF, 0xFF,
    0x00, 0x00, 0x00, 0xFF,
    0xFF, 0xFF, 0xFF, 0xFF,

    0x00, 0x00, 0x00, 0x0E,
    0x00, 0x00, 0x00, 0x0E,
    0x00, 0x00, 0x00, 0x0E,
    0x00, 0x00, 0x00, 0xEE,
    0x00, 0x00, 0x00, 0xEE,
    0x00, 0x00, 0x00, 0xEE,
    0x00, 0xEE, 0xEE, 0xEE,
    0x00, 0x00, 0x00, 0x00,

    0xFF, 0xFF, 0xFF, 0xF0,
    0xFF, 0xFF, 0xFF, 0xF0,
    0xFF, 0xFF, 0xFF, 0xF0,
    0xFF, 0xFF, 0xFF, 0x00,
    0xFF, 0xFF, 0xFF, 0x00,
    0xFF, 0xFF, 0xFF, 0x00,
    0xFF, 0x00, 0x00, 0x00,
    0xFF, 0xFF, 0xFF, 0xFF,


/* Tile ID 110, isSolid: false */
    0xEE, 0xEE, 0xEE, 0x00,
    0xE0, 0x0E, 0x00, 0xE0,
    0xE0, 0x0E, 0x00, 0xE0,
    0xE0, 0x0E, 0x00, 0xE0,
    0xEE, 0x0E, 0x00, 0xE0,
    0xEE, 0x0E, 0x00, 0xE0,
    0xEE, 0x0E, 0x00, 0xE0,
    0x00, 0x00, 0x00, 0x00,

    0x00, 0x00, 0x00, 0xFF,
    0x0F, 0xF0, 0xFF, 0x0F,
    0x0F, 0xF0, 0xFF, 0x0F,
    0x0F, 0xF0, 0xFF, 0x0F,
    0x00, 0xF0, 0xFF, 0x0F,
    0x00, 0xF0, 0xFF, 0x0F,
    0x00, 0xF0, 0xFF, 0x0F,
    0xFF, 0xFF, 0xFF, 0xFF,

    0x00, 0xEE, 0xEE, 0xEE,
    0x0E, 0x00, 0xE0, 0x0E,
    0x0E, 0x00, 0xE0, 0x0E,
    0x0E, 0x00, 0xE0, 0x0E,
    0x0E, 0x00, 0xE0, 0xEE,
    0x0E, 0x00, 0xE0, 0xEE,
    0x0E, 0x00, 0xE0, 0xEE,
    0x00, 0x00, 0x00, 0x00,

    0xFF, 0x00, 0x00, 0x00,
    0xF0, 0xFF, 0x0F, 0xF0,
    0xF0, 0xFF, 0x0F, 0xF0,
    0xF0, 0xFF, 0x0F, 0xF0,
    0xF0, 0xFF, 0x0F, 0x00,
    0xF0, 0xFF, 0x0F, 0x00,
    0xF0, 0xFF, 0x0F, 0x00,
    0xFF, 0xFF, 0xFF, 0xFF,


/* Tile ID 111, isSolid: false */
    0xEE, 0xE0, 0x0E, 0x00,
    0xE0, 0x0E, 0x0E, 0x00,
    0xE0, 0x0E, 0x0E, 0x00,
    0xE0, 0x0E, 0x0E, 0x00,
    0xEE, 0x0E, 0x0E, 0x00,
    0xEE, 0x0E, 0x0E, 0x00,
    0xEE, 0x00, 0xEE, 0x00,
    0x00, 0x00, 0x00, 0x00,

    0x00, 0x0F, 0xF0, 0xFF,
    0x0F, 0xF0, 0xF0, 0xFF,
    0x0F, 0xF0, 0xF0, 0xFF,
    0x0F, 0xF0, 0xF0, 0xFF,
    0x00, 0xF0, 0xF0, 0xFF,
    0x00, 0xF0, 0xF0, 0xFF,
    0x00, 0xFF, 0x00, 0xFF,
    0xFF, 0xFF, 0xFF, 0xFF,

    0x00, 0xE0, 0x0E, 0xEE,
    0x00, 0xE0, 0xE0, 0x0E,
    0x00, 0xE0, 0xE0, 0x0E,
    0x00, 0xE0, 0xE0, 0x0E,
    0x00, 0xE0, 0xE0, 0xEE,
    0x00, 0xE0, 0xE0, 0xEE,
    0x00, 0xEE, 0x00, 0xEE,
    0x00, 0x00, 0x00, 0x00,

    0xFF, 0x0F, 0xF0, 0x00,
    0xFF, 0x0F, 0x0F, 0xF0,
    0xFF, 0x0F, 0x0F, 0xF0,
    0xFF, 0x0F, 0x0F, 0xF0,
    0xFF, 0x0F, 0x0F, 0x00,
    0xFF, 0x0F, 0x0F, 0x00,
    0xFF, 0x00, 0xFF, 0x00,
    0xFF, 0xFF, 0xFF, 0xFF,


/* Tile ID 112, isSolid: false */
    0xEE, 0xEE, 0xEE, 0x00,
    0xE0, 0x00, 0x0E, 0x00,
    0xE0, 0x00, 0x0E, 0x00,
    0xE0, 0x00, 0x0E, 0x00,
    0xEE, 0x00, 0x0E, 0x00,
    0xEE, 0x00, 0x0E, 0x00,
    0xEE, 0xEE, 0xEE, 0x00,
    0x00, 0x00, 0x00, 0x00,

    0x00, 0x00, 0x00, 0xFF,
    0x0F, 0xFF, 0xF0, 0xFF,
    0x0F, 0xFF, 0xF0, 0xFF,
    0x0F, 0xFF, 0xF0, 0xFF,
    0x00, 0xFF, 0xF0, 0xFF,
    0x00, 0xFF, 0xF0, 0xFF,
    0x00, 0x00, 0x00, 0xFF,
    0xFF, 0xFF, 0xFF, 0xFF,

    0x00, 0xEE, 0xEE, 0xEE,
    0x00, 0xE0, 0x00, 0x0E,
    0x00, 0xE0, 0x00, 0x0E,
    0x00, 0xE0, 0x00, 0x0E,
    0x00, 0xE0, 0x00, 0xEE,
    0x00, 0xE0, 0x00, 0xEE,
    0x00, 0xEE, 0xEE, 0xEE,
    0x00, 0x00, 0x00, 0x00,

    0xFF, 0x00, 0x00, 0x00,
    0xFF, 0x0F, 0xFF, 0xF0,
    0xFF, 0x0F, 0xFF, 0xF0,
    0xFF, 0x0F, 0xFF, 0xF0,
    0xFF, 0x0F, 0xFF, 0x00,
    0xFF, 0x0F, 0xFF, 0x00,
    0xFF, 0x00, 0x00, 0x00,
    0xFF, 0xFF, 0xFF, 0xFF,


/* Tile ID 113, isSolid: false */
    0xEE, 0xEE, 0xEE, 0x00,
    0xE0, 0x00, 0x0E, 0x00,
    0xE0, 0x00, 0x0E, 0x00,
    0xEE, 0xEE, 0xEE, 0x00,
    0xEE, 0x00, 0x00, 0x00,
    0xEE, 0x00, 0x00, 0x00,
    0xEE, 0x00, 0x00, 0x00,
    0x00, 0x00, 0x00, 0x00,

    0x00, 0x00, 0x00, 0xFF,
    0x0F, 0xFF, 0xF0, 0xFF,
    0x0F, 0xFF, 0xF0, 0xFF,
    0x00, 0x00, 0x00, 0xFF,
    0x00, 0xFF, 0xFF, 0xFF,
    0x00, 0xFF, 0xFF, 0xFF,
    0x00, 0xFF, 0xFF, 0xFF,
    0xFF, 0xFF, 0xFF, 0xFF,

    0x00, 0xEE, 0xEE, 0xEE,
    0x00, 0xE0, 0x00, 0x0E,
    0x00, 0xE0, 0x00, 0x0E,
    0x00, 0xEE, 0xEE, 0xEE,
    0x00, 0x00, 0x00, 0xEE,
    0x00, 0x00, 0x00, 0xEE,
    0x00, 0x00, 0x00, 0xEE,
    0x00, 0x00, 0x00, 0x00,

    0xFF, 0x00, 0x00, 0x00,
    0xFF, 0x0F, 0xFF, 0xF0,
    0xFF, 0x0F, 0xFF, 0xF0,
    0xFF, 0x00, 0x00, 0x00,
    0xFF, 0xFF, 0xFF, 0x00,
    0xFF, 0xFF, 0xFF, 0x00,
    0xFF, 0xFF, 0xFF, 0x00,
    0xFF, 0xFF, 0xFF, 0xFF,


/* Tile ID 114, isSolid: false */
    0xEE, 0xEE, 0xEE, 0x00,
    0xE0, 0x00, 0x0E, 0x00,
    0xE0, 0x00, 0x0E, 0x00,
    0xE0, 0x0E, 0x0E, 0x00,
    0xEE, 0x0E, 0x0E, 0x00,
    0xEE, 0x00, 0xE0, 0x00,
    0xEE, 0xEE, 0x0E, 0x00,
    0x00, 0x00, 0x00, 0x00,

    0x00, 0x00, 0x00, 0xFF,
    0x0F, 0xFF, 0xF0, 0xFF,
    0x0F, 0xFF, 0xF0, 0xFF,
    0x0F, 0xF0, 0xF0, 0xFF,
    0x00, 0xF0, 0xF0, 0xFF,
    0x00, 0xFF, 0x0F, 0xFF,
    0x00, 0x00, 0xF0, 0xFF,
    0xFF, 0xFF, 0xFF, 0xFF,

    0x00, 0xEE, 0xEE, 0xEE,
    0x00, 0xE0, 0x00, 0x0E,
    0x00, 0xE0, 0x00, 0x0E,
    0x00, 0xE0, 0xE0, 0x0E,
    0x00, 0xE0, 0xE0, 0xEE,
    0x00, 0x0E, 0x00, 0xEE,
    0x00, 0xE0, 0xEE, 0xEE,
    0x00, 0x00, 0x00, 0x00,

    0xFF, 0x00, 0x00, 0x00,
    0xFF, 0x0F, 0xFF, 0xF0,
    0xFF, 0x0F, 0xFF, 0xF0,
    0xFF, 0x0F, 0x0F, 0xF0,
    0xFF, 0x0F, 0x0F, 0x00,
    0xFF, 0xF0, 0xFF, 0x00,
    0xFF, 0x0F, 0x00, 0x00,
    0xFF, 0xFF, 0xFF, 0xFF,


/* Tile ID 115, isSolid: false */
    0xEE, 0xEE, 0xEE, 0x00,
    0xE0, 0x00, 0x0E, 0x00,
    0xE0, 0x00, 0x0E, 0x00,
    0xEE, 0xEE, 0xEE, 0x00,
    0xEE, 0x00, 0xE0, 0x00,
    0xEE, 0x00, 0x0E, 0x00,
    0xEE, 0x00, 0x0E, 0x00,
    0x00, 0x00, 0x00, 0x00,

    0x00, 0x00, 0x00, 0xFF,
    0x0F, 0xFF, 0xF0, 0xFF,
    0x0F, 0xFF, 0xF0, 0xFF,
    0x00, 0x00, 0x00, 0xFF,
    0x00, 0xFF, 0x0F, 0xFF,
    0x00, 0xFF, 0xF0, 0xFF,
    0x00, 0xFF, 0xF0, 0xFF,
    0xFF, 0xFF, 0xFF, 0xFF,

    0x00, 0xEE, 0xEE, 0xEE,
    0x00, 0xE0, 0x00, 0x0E,
    0x00, 0xE0, 0x00, 0x0E,
    0x00, 0xEE, 0xEE, 0xEE,
    0x00, 0x0E, 0x00, 0xEE,
    0x00, 0xE0, 0x00, 0xEE,
    0x00, 0xE0, 0x00, 0xEE,
    0x00, 0x00, 0x00, 0x00,

    0xFF, 0x00, 0x00, 0x00,
    0xFF, 0x0F, 0xFF, 0xF0,
    0xFF, 0x0F, 0xFF, 0xF0,
    0xFF, 0x00, 0x00, 0x00,
    0xFF, 0xF0, 0xFF, 0x00,
    0xFF, 0x0F, 0xFF, 0x00,
    0xFF, 0x0F, 0xFF, 0x00,
    0xFF, 0xFF, 0xFF, 0xFF,


/* Tile ID 116, isSolid: false */
    0xEE, 0xEE, 0xEE, 0x00,
    0xE0, 0x00, 0x00, 0x00,
    0xE0, 0x00, 0x00, 0x00,
    0xEE, 0xEE, 0xEE, 0x00,
    0x00, 0x00, 0xEE, 0x00,
    0x00, 0x00, 0xEE, 0x00,
    0xEE, 0xEE, 0xEE, 0x00,
    0x00, 0x00, 0x00, 0x00,

    0x00, 0x00, 0x00, 0xFF,
    0x0F, 0xFF, 0xFF, 0xFF,
    0x0F, 0xFF, 0xFF, 0xFF,
    0x00, 0x00, 0x00, 0xFF,
    0xFF, 0xFF, 0x00, 0xFF,
    0xFF, 0xFF, 0x00, 0xFF,
    0x00, 0x00, 0x00, 0xFF,
    0xFF, 0xFF, 0xFF, 0xFF,

    0x00, 0xEE, 0xEE, 0xEE,
    0x00, 0x00, 0x00, 0x0E,
    0x00, 0x00, 0x00, 0x0E,
    0x00, 0xEE, 0xEE, 0xEE,
    0x00, 0xEE, 0x00, 0x00,
    0x00, 0xEE, 0x00, 0x00,
    0x00, 0xEE, 0xEE, 0xEE,
    0x00, 0x00, 0x00, 0x00,

    0xFF, 0x00, 0x00, 0x00,
    0xFF, 0xFF, 0xFF, 0xF0,
    0xFF, 0xFF, 0xFF, 0xF0,
    0xFF, 0x00, 0x00, 0x00,
    0xFF, 0x00, 0xFF, 0xFF,
    0xFF, 0x00, 0xFF, 0xFF,
    0xFF, 0x00, 0x00, 0x00,
    0xFF, 0xFF, 0xFF, 0xFF,


/* Tile ID 117, isSolid: false */
    0xEE, 0xEE, 0xEE, 0x00,
    0x00, 0xE0, 0x00, 0x00,
    0x00, 0xE0, 0x00, 0x00,
    0x00, 0xE0, 0x00, 0x00,
    0x00, 0xEE, 0x00, 0x00,
    0x00, 0xEE, 0x00, 0x00,
    0x00, 0xEE, 0x00, 0x00,
    0x00, 0x00, 0x00, 0x00,

    0x00, 0x00, 0x00, 0xFF,
    0xFF, 0x0F, 0xFF, 0xFF,
    0xFF, 0x0F, 0xFF, 0xFF,
    0xFF, 0x0F, 0xFF, 0xFF,
    0xFF, 0x00, 0xFF, 0xFF,
    0xFF, 0x00, 0xFF, 0xFF,
    0xFF, 0x00, 0xFF, 0xFF,
    0xFF, 0xFF, 0xFF, 0xFF,

    0x00, 0xEE, 0xEE, 0xEE,
    0x00, 0x00, 0x0E, 0x00,
    0x00, 0x00, 0x0E, 0x00,
    0x00, 0x00, 0x0E, 0x00,
    0x00, 0x00, 0xEE, 0x00,
    0x00, 0x00, 0xEE, 0x00,
    0x00, 0x00, 0xEE, 0x00,
    0x00, 0x00, 0x00, 0x00,

    0xFF, 0x00, 0x00, 0x00,
    0xFF, 0xFF, 0xF0, 0xFF,
    0xFF, 0xFF, 0xF0, 0xFF,
    0xFF, 0xFF, 0xF0, 0xFF,
    0xFF, 0xFF, 0x00, 0xFF,
    0xFF, 0xFF, 0x00, 0xFF,
    0xFF, 0xFF, 0x00, 0xFF,
    0xFF, 0xFF, 0xFF, 0xFF,


/* Tile ID 118, isSolid: false */
    0xE0, 0x00, 0x0E, 0x00,
    0xE0, 0x00, 0x0E, 0x00,
    0xE0, 0x00, 0x0E, 0x00,
    0xEE, 0x00, 0x0E, 0x00,
    0xEE, 0x00, 0x0E, 0x00,
    0xEE, 0x00, 0x0E, 0x00,
    0xEE, 0xEE, 0xEE, 0x00,
    0x00, 0x00, 0x00, 0x00,

    0x0F, 0xFF, 0xF0, 0xFF,
    0x0F, 0xFF, 0xF0, 0xFF,
    0x0F, 0xFF, 0xF0, 0xFF,
    0x00, 0xFF, 0xF0, 0xFF,
    0x00, 0xFF, 0xF0, 0xFF,
    0x00, 0xFF, 0xF0, 0xFF,
    0x00, 0x00, 0x00, 0xFF,
    0xFF, 0xFF, 0xFF, 0xFF,

    0x00, 0xE0, 0x00, 0x0E,
    0x00, 0xE0, 0x00, 0x0E,
    0x00, 0xE0, 0x00, 0x0E,
    0x00, 0xE0, 0x00, 0xEE,
    0x00, 0xE0, 0x00, 0xEE,
    0x00, 0xE0, 0x00, 0xEE,
    0x00, 0xEE, 0xEE, 0xEE,
    0x00, 0x00, 0x00, 0x00,

    0xFF, 0x0F, 0xFF, 0xF0,
    0xFF, 0x0F, 0xFF, 0xF0,
    0xFF, 0x0F, 0xFF, 0xF0,
    0xFF, 0x0F, 0xFF, 0x00,
    0xFF, 0x0F, 0xFF, 0x00,
    0xFF, 0x0F, 0xFF, 0x00,
    0xFF, 0x00, 0x00, 0x00,
    0xFF, 0xFF, 0xFF, 0xFF,


/* Tile ID 119, isSolid: false */
    0xE0, 0x00, 0x0E, 0x00,
    0xE0, 0x00, 0x0E, 0x00,
    0xEE, 0x00, 0x0E, 0x00,
    0xEE, 0x00, 0x0E, 0x00,
    0x0E, 0x00, 0x0E, 0x00,
    0x00, 0xE0, 0xE0, 0x00,
    0x00, 0x0E, 0x00, 0x00,
    0x00, 0x00, 0x00, 0x00,

    0x0F, 0xFF, 0xF0, 0xFF,
    0x0F, 0xFF, 0xF0, 0xFF,
    0x00, 0xFF, 0xF0, 0xFF,
    0x00, 0xFF, 0xF0, 0xFF,
    0xF0, 0xFF, 0xF0, 0xFF,
    0xFF, 0x0F, 0x0F, 0xFF,
    0xFF, 0xF0, 0xFF, 0xFF,
    0xFF, 0xFF, 0xFF, 0xFF,

    0x00, 0xE0, 0x00, 0x0E,
    0x00, 0xE0, 0x00, 0x0E,
    0x00, 0xE0, 0x00, 0xEE,
    0x00, 0xE0, 0x00, 0xEE,
    0x00, 0xE0, 0x00, 0xE0,
    0x00, 0x0E, 0x0E, 0x00,
    0x00, 0x00, 0xE0, 0x00,
    0x00, 0x00, 0x00, 0x00,

    0xFF, 0x0F, 0xFF, 0xF0,
    0xFF, 0x0F, 0xFF, 0xF0,
    0xFF, 0x0F, 0xFF, 0x00,
    0xFF, 0x0F, 0xFF, 0x00,
    0xFF, 0x0F, 0xFF, 0x0F,
    0xFF, 0xF0, 0xF0, 0xFF,
    0xFF, 0xFF, 0x0F, 0xFF,
    0xFF, 0xFF, 0xFF, 0xFF,


/* Tile ID 120, isSolid: false */
    0xE0, 0x00, 0x00, 0xE0,
    0xE0, 0x00, 0x00, 0xE0,
    0xE0, 0x0E, 0x00, 0xE0,
    0xE0, 0x0E, 0x00, 0xE0,
    0xEE, 0x0E, 0x00, 0xE0,
    0xEE, 0x0E, 0x00, 0xE0,
    0xEE, 0xEE, 0xEE, 0xE0,
    0x00, 0x00, 0x00, 0x00,

    0x0F, 0xFF, 0xFF, 0x0F,
    0x0F, 0xFF, 0xFF, 0x0F,
    0x0F, 0xF0, 0xFF, 0x0F,
    0x0F, 0xF0, 0xFF, 0x0F,
    0x00, 0xF0, 0xFF, 0x0F,
    0x00, 0xF0, 0xFF, 0x0F,
    0x00, 0x00, 0x00, 0x0F,
    0xFF, 0xFF, 0xFF, 0xFF,

    0x0E, 0x00, 0x00, 0x0E,
    0x0E, 0x00, 0x00, 0x0E,
    0x0E, 0x00, 0xE0, 0x0E,
    0x0E, 0x00, 0xE0, 0x0E,
    0x0E, 0x00, 0xE0, 0xEE,
    0x0E, 0x00, 0xE0, 0xEE,
    0x0E, 0xEE, 0xEE, 0xEE,
    0x00, 0x00, 0x00, 0x00,

    0xF0, 0xFF, 0xFF, 0xF0,
    0xF0, 0xFF, 0xFF, 0xF0,
    0xF0, 0xFF, 0x0F, 0xF0,
    0xF0, 0xFF, 0x0F, 0xF0,
    0xF0, 0xFF, 0x0F, 0x00,
    0xF0, 0xFF, 0x0F, 0x00,
    0xF0, 0x00, 0x00, 0x00,
    0xFF, 0xFF, 0xFF, 0xFF,


/* Tile ID 121, isSolid: false */
    0xE0, 0x00, 0x0E, 0x00,
    0x0E, 0x00, 0xE0, 0x00,
    0x00, 0xEE, 0x00, 0x00,
    0x00, 0xEE, 0x00, 0x00,
    0x0E, 0x00, 0xE0, 0x00,
    0xE0, 0x00, 0x0E, 0x00,
    0xE0, 0x00, 0x0E, 0x00,
    0x00, 0x00, 0x00, 0x00,

    0x0F, 0xFF, 0xF0, 0xFF,
    0xF0, 0xFF, 0x0F, 0xFF,
    0xFF, 0x00, 0xFF, 0xFF,
    0xFF, 0x00, 0xFF, 0xFF,
    0xF0, 0xFF, 0x0F, 0xFF,
    0x0F, 0xFF, 0xF0, 0xFF,
    0x0F, 0xFF, 0xF0, 0xFF,
    0xFF, 0xFF, 0xFF, 0xFF,

    0x00, 0xE0, 0x00, 0x0E,
    0x00, 0x0E, 0x00, 0xE0,
    0x00, 0x00, 0xEE, 0x00,
    0x00, 0x00, 0xEE, 0x00,
    0x00, 0x0E, 0x00, 0xE0,
    0x00, 0xE0, 0x00, 0x0E,
    0x00, 0xE0, 0x00, 0x0E,
    0x00, 0x00, 0x00, 0x00,

    0xFF, 0x0F, 0xFF, 0xF0,
    0xFF, 0xF0, 0xFF, 0x0F,
    0xFF, 0xFF, 0x00, 0xFF,
    0xFF, 0xFF, 0x00, 0xFF,
    0xFF, 0xF0, 0xFF, 0x0F,
    0xFF, 0x0F, 0xFF, 0xF0,
    0xFF, 0x0F, 0xFF, 0xF0,
    0xFF, 0xFF, 0xFF, 0xFF,


/* Tile ID 122, isSolid: false */
    0xE0, 0x00, 0x0E, 0x00,
    0xE0, 0x00, 0x0E, 0x00,
    0xE0, 0x00, 0x0E, 0x00,
    0xEE, 0xEE, 0xEE, 0x00,
    0x00, 0xE0, 0x00, 0x00,
    0x00, 0xEE, 0x00, 0x00,
    0x00, 0xEE, 0x00, 0x00,
    0x00, 0x00, 0x00, 0x00,

    0x0F, 0xFF, 0xF0, 0xFF,
    0x0F, 0xFF, 0xF0, 0xFF,
    0x0F, 0xFF, 0xF0, 0xFF,
    0x00, 0x00, 0x00, 0xFF,
    0xFF, 0x0F, 0xFF, 0xFF,
    0xFF, 0x00, 0xFF, 0xFF,
    0xFF, 0x00, 0xFF, 0xFF,
    0xFF, 0xFF, 0xFF, 0xFF,

    0x00, 0xE0, 0x00, 0x0E,
    0x00, 0xE0, 0x00, 0x0E,
    0x00, 0xE0, 0x00, 0x0E,
    0x00, 0xEE, 0xEE, 0xEE,
    0x00, 0x00, 0x0E, 0x00,
    0x00, 0x00, 0xEE, 0x00,
    0x00, 0x00, 0xEE, 0x00,
    0x00, 0x00, 0x00, 0x00,

    0xFF, 0x0F, 0xFF, 0xF0,
    0xFF, 0x0F, 0xFF, 0xF0,
    0xFF, 0x0F, 0xFF, 0xF0,
    0xFF, 0x00, 0x00, 0x00,
    0xFF, 0xFF, 0xF0, 0xFF,
    0xFF, 0xFF, 0x00, 0xFF,
    0xFF, 0xFF, 0x00, 0xFF,
    0xFF, 0xFF, 0xFF, 0xFF,


/* Tile ID 123, isSolid: false */
    0xEE, 0xEE, 0xEE, 0x00,
    0x00, 0x00, 0xE0, 0x00,
    0x00, 0x0E, 0x00, 0x00,
    0x00, 0xE0, 0x00, 0x00,
    0x0E, 0x00, 0x00, 0x00,
    0xEE, 0x00, 0x00, 0x00,
    0xEE, 0xEE, 0xEE, 0x00,
    0x00, 0x00, 0x00, 0x00,

    0x00, 0x00, 0x00, 0xFF,
    0xFF, 0xFF, 0x0F, 0xFF,
    0xFF, 0xF0, 0xFF, 0xFF,
    0xFF, 0x0F, 0xFF, 0xFF,
    0xF0, 0xFF, 0xFF, 0xFF,
    0x00, 0xFF, 0xFF, 0xFF,
    0x00, 0x00, 0x00, 0xFF,
    0xFF, 0xFF, 0xFF, 0xFF,

    0x00, 0xEE, 0xEE, 0xEE,
    0x00, 0x0E, 0x00, 0x00,
    0x00, 0x00, 0xE0, 0x00,
    0x00, 0x00, 0x0E, 0x00,
    0x00, 0x00, 0x00, 0xE0,
    0x00, 0x00, 0x00, 0xEE,
    0x00, 0xEE, 0xEE, 0xEE,
    0x00, 0x00, 0x00, 0x00,

    0xFF, 0x00, 0x00, 0x00,
    0xFF, 0xF0, 0xFF, 0xFF,
    0xFF, 0xFF, 0x0F, 0xFF,
    0xFF, 0xFF, 0xF0, 0xFF,
    0xFF, 0xFF, 0xFF, 0x0F,
    0xFF, 0xFF, 0xFF, 0x00,
    0xFF, 0x00, 0x00, 0x00,
    0xFF, 0xFF, 0xFF, 0xFF,


/* Tile ID 124, isSolid: false */
    0x0E, 0xEE, 0xE0, 0x00,
    0x0E, 0x00, 0x00, 0x00,
    0x0E, 0x00, 0x00, 0x00,
    0x0E, 0x00, 0x00, 0x00,
    0x0E, 0x00, 0x00, 0x00,
    0x0E, 0x00, 0x00, 0x00,
    0x0E, 0xEE, 0xE0, 0x00,
    0x00, 0x00, 0x00, 0x00,

    0xF0, 0x00, 0x0F, 0xFF,
    0xF0, 0xFF, 0xFF, 0xFF,
    0xF0, 0xFF, 0xFF, 0xFF,
    0xF0, 0xFF, 0xFF, 0xFF,
    0xF0, 0xFF, 0xFF, 0xFF,
    0xF0, 0xFF, 0xFF, 0xFF,
    0xF0, 0x00, 0x0F, 0xFF,
    0xFF, 0xFF, 0xFF, 0xFF,

    0x00, 0x0E, 0xEE, 0xE0,
    0x00, 0x00, 0x00, 0xE0,
    0x00, 0x00, 0x00, 0xE0,
    0x00, 0x00, 0x00, 0xE0,
    0x00, 0x00, 0x00, 0xE0,
    0x00, 0x00, 0x00, 0xE0,
    0x00, 0x0E, 0xEE, 0xE0,
    0x00, 0x00, 0x00, 0x00,

    0xFF, 0xF0, 0x00, 0x0F,
    0xFF, 0xFF, 0xFF, 0x0F,
    0xFF, 0xFF, 0xFF, 0x0F,
    0xFF, 0xFF, 0xFF, 0x0F,
    0xFF, 0xFF, 0xFF, 0x0F,
    0xFF, 0xFF, 0xFF, 0x0F,
    0xFF, 0xF0, 0x00, 0x0F,
    0xFF, 0xFF, 0xFF, 0xFF,


/* Tile ID 125, isSolid: false */
    0xE0, 0x00, 0x00, 0x00,
    0x0E, 0x00, 0x00, 0x00,
    0x00, 0xE0, 0x00, 0x00,
    0x00, 0x0E, 0x00, 0x00,
    0x00, 0x00, 0xE0, 0x00,
    0x00, 0x00, 0x0E, 0x00,
    0x00, 0x00, 0x00, 0xE0,
    0x00, 0x00, 0x00, 0x00,

    0x0F, 0xFF, 0xFF, 0xFF,
    0xF0, 0xFF, 0xFF, 0xFF,
    0xFF, 0x0F, 0xFF, 0xFF,
    0xFF, 0xF0, 0xFF, 0xFF,
    0xFF, 0xFF, 0x0F, 0xFF,
    0xFF, 0xFF, 0xF0, 0xFF,
    0xFF, 0xFF, 0xFF, 0x0F,
    0xFF, 0xFF, 0xFF, 0xFF,

    0x00, 0x00, 0x00, 0x0E,
    0x00, 0x00, 0x00, 0xE0,
    0x00, 0x00, 0x0E, 0x00,
    0x00, 0x00, 0xE0, 0x00,
    0x00, 0x0E, 0x00, 0x00,
    0x00, 0xE0, 0x00, 0x00,
    0x0E, 0x00, 0x00, 0x00,
    0x00, 0x00, 0x00, 0x00,

    0xFF, 0xFF, 0xFF, 0xF0,
    0xFF, 0xFF, 0xFF, 0x0F,
    0xFF, 0xFF, 0xF0, 0xFF,
    0xFF, 0xFF, 0x0F, 0xFF,
    0xFF, 0xF0, 0xFF, 0xFF,
    0xFF, 0x0F, 0xFF, 0xFF,
    0xF0, 0xFF, 0xFF, 0xFF,
    0xFF, 0xFF, 0xFF, 0xFF,


/* Tile ID 126, isSolid: false */
    0x00, 0xEE, 0xEE, 0x00,
    0x00, 0x00, 0x0E, 0x00,
    0x00, 0x00, 0x0E, 0x00,
    0x00, 0x00, 0x0E, 0x00,
    0x00, 0x00, 0x0E, 0x00,
    0x00, 0x00, 0x0E, 0x00,
    0x00, 0xEE, 0xEE, 0x00,
    0x00, 0x00, 0x00, 0x00,

    0xFF, 0x00, 0x00, 0xFF,
    0xFF, 0xFF, 0xF0, 0xFF,
    0xFF, 0xFF, 0xF0, 0xFF,
    0xFF, 0xFF, 0xF0, 0xFF,
    0xFF, 0xFF, 0xF0, 0xFF,
    0xFF, 0xFF, 0xF0, 0xFF,
    0xFF, 0x00, 0x00, 0xFF,
    0xFF, 0xFF, 0xFF, 0xFF,

    0x00, 0xEE, 0xEE, 0x00,
    0x00, 0xE0, 0x00, 0x00,
    0x00, 0xE0, 0x00, 0x00,
    0x00, 0xE0, 0x00, 0x00,
    0x00, 0xE0, 0x00, 0x00,
    0x00, 0xE0, 0x00, 0x00,
    0x00, 0xEE, 0xEE, 0x00,
    0x00, 0x00, 0x00, 0x00,

    0xFF, 0x00, 0x00, 0xFF,
    0xFF, 0x0F, 0xFF, 0xFF,
    0xFF, 0x0F, 0xFF, 0xFF,
    0xFF, 0x0F, 0xFF, 0xFF,
    0xFF, 0x0F, 0xFF, 0xFF,
    0xFF, 0x0F, 0xFF, 0xFF,
    0xFF, 0x00, 0x00, 0xFF,
    0xFF, 0xFF, 0xFF, 0xFF,


/* Tile ID 127, isSolid: false */
    0x00, 0x00, 0x00, 0x00,
    0x00, 0x0E, 0x00, 0x00,
    0x00, 0xEE, 0xE0, 0x00,
    0x0E, 0xE0, 0xEE, 0x00,
    0xEE, 0x00, 0x0E, 0xE0,
    0x00, 0x00, 0x00, 0x00,
    0x00, 0x00, 0x00, 0x00,
    0x00, 0x00, 0x00, 0x00,

    0xFF, 0xFF, 0xFF, 0xFF,
    0xFF, 0xF0, 0xFF, 0xFF,
    0xFF, 0x00, 0x0F, 0xFF,
    0xF0, 0x0F, 0x00, 0xFF,
    0x00, 0xFF, 0xF0, 0x0F,
    0xFF, 0xFF, 0xFF, 0xFF,
    0xFF, 0xFF, 0xFF, 0xFF,
    0xFF, 0xFF, 0xFF, 0xFF,

    0x00, 0x00, 0x00, 0x00,
    0x00, 0x00, 0xE0, 0x00,
    0x00, 0x0E, 0xEE, 0x00,
    0x00, 0xEE, 0x0E, 0xE0,
    0x0E, 0xE0, 0x00, 0xEE,
    0x00, 0x00, 0x00, 0x00,
    0x00, 0x00, 0x00, 0x00,
    0x00, 0x00, 0x00, 0x00,

    0xFF, 0xFF, 0xFF, 0xFF,
    0xFF, 0xFF, 0x0F, 0xFF,
    0xFF, 0xF0, 0x00, 0xFF,
    0xFF, 0x00, 0xF0, 0x0F,
    0xF0, 0x0F, 0xFF, 0x00,
    0xFF, 0xFF, 0xFF, 0xFF,
    0xFF, 0xFF, 0xFF, 0xFF,
    0xFF, 0xFF, 0xFF, 0xFF,


/* Tile ID 128, isSolid: false */
    0x00, 0x00, 0x00, 0x00,
    0x00, 0x00, 0x00, 0x00,
    0x00, 0x00, 0x00, 0x00,
    0x00, 0x00, 0x00, 0x00,
    0x00, 0x00, 0x00, 0x00,
    0x00, 0x00, 0x00, 0x00,
    0x00, 0x00, 0x00, 0x00,
    0x00, 0x00, 0x00, 0x00,

    0xFF, 0xFF, 0xFF, 0xFF,
    0xFF, 0xFF, 0xFF, 0xFF,
    0xFF, 0xFF, 0xFF, 0xFF,
    0xFF, 0xFF, 0xFF, 0xFF,
    0xFF, 0xFF, 0xFF, 0xFF,
    0xFF, 0xFF, 0xFF, 0xFF,
    0xFF, 0xFF, 0xFF, 0xFF,
    0xFF, 0xFF, 0xFF, 0xFF,

    0x00, 0x00, 0x00, 0x00,
    0x00, 0x00, 0x00, 0x00,
    0x00, 0x00, 0x00, 0x00,
    0x00, 0x00, 0x00, 0x00,
    0x00, 0x00, 0x00, 0x00,
    0x00, 0x00, 0x00, 0x00,
    0x00, 0x00, 0x00, 0x00,
    0x00, 0x00, 0x00, 0x00,

    0xFF, 0xFF, 0xFF, 0xFF,
    0xFF, 0xFF, 0xFF, 0xFF,
    0xFF, 0xFF, 0xFF, 0xFF,
    0xFF, 0xFF, 0xFF, 0xFF,
    0xFF, 0xFF, 0xFF, 0xFF,
    0xFF, 0xFF, 0xFF, 0xFF,
    0xFF, 0xFF, 0xFF, 0xFF,
    0xFF, 0xFF, 0xFF, 0xFF,


/* Tile ID 129, isSolid: false */
    0x00, 0x00, 0x00, 0x00,
    0x00, 0x00, 0x00, 0x00,
    0x00, 0x00, 0x00, 0x00,
    0x00, 0x00, 0x00, 0x00,
    0x00, 0x00, 0x00, 0x00,
    0x00, 0x00, 0x00, 0x00,
    0x00, 0x00, 0x00, 0x00,
    0x00, 0x00, 0x00, 0x00,

    0xFF, 0xFF, 0xFF, 0xFF,
    0xFF, 0xFF, 0xFF, 0xFF,
    0xFF, 0xFF, 0xFF, 0xFF,
    0xFF, 0xFF, 0xFF, 0xFF,
    0xFF, 0xFF, 0xFF, 0xFF,
    0xFF, 0xFF, 0xFF, 0xFF,
    0xFF, 0xFF, 0xFF, 0xFF,
    0xFF, 0xFF, 0xFF, 0xFF,

    0x00, 0x00, 0x00, 0x00,
    0x00, 0x00, 0x00, 0x00,
    0x00, 0x00, 0x00, 0x00,
    0x00, 0x00, 0x00, 0x00,
    0x00, 0x00, 0x00, 0x00,
    0x00, 0x00, 0x00, 0x00,
    0x00, 0x00, 0x00, 0x00,
    0x00, 0x00, 0x00, 0x00,

    0xFF, 0xFF, 0xFF, 0xFF,
    0xFF, 0xFF, 0xFF, 0xFF,
    0xFF, 0xFF, 0xFF, 0xFF,
    0xFF, 0xFF, 0xFF, 0xFF,
    0xFF, 0xFF, 0xFF, 0xFF,
    0xFF, 0xFF, 0xFF, 0xFF,
    0xFF, 0xFF, 0xFF, 0xFF,
    0xFF, 0xFF, 0xFF, 0xFF,


/* Tile ID 130, isSolid: false */
    0x00, 0x00, 0x00, 0x00,
    0x00, 0x00, 0x00, 0x00,
    0x0E, 0xEE, 0xEE, 0x00,
    0x00, 0x00, 0x0E, 0x00,
    0x0E, 0xEE, 0xEE, 0x00,
    0x0E, 0x00, 0x0E, 0x00,
    0x0E, 0xEE, 0xEE, 0x00,
    0x00, 0x00, 0x00, 0x00,

    0xFF, 0xFF, 0xFF, 0xFF,
    0xFF, 0xFF, 0xFF, 0xFF,
    0xF0, 0x00, 0x00, 0xFF,
    0xFF, 0xFF, 0xF0, 0xFF,
    0xF0, 0x00, 0x00, 0xFF,
    0xF0, 0xFF, 0xF0, 0xFF,
    0xF0, 0x00, 0x00, 0xFF,
    0xFF, 0xFF, 0xFF, 0xFF,

    0x00, 0x00, 0x00, 0x00,
    0x00, 0x00, 0x00, 0x00,
    0x00, 0xEE, 0xEE, 0xE0,
    0x00, 0xE0, 0x00, 0x00,
    0x00, 0xEE, 0xEE, 0xE0,
    0x00, 0xE0, 0x00, 0xE0,
    0x00, 0xEE, 0xEE, 0xE0,
    0x00, 0x00, 0x00, 0x00,

    0xFF, 0xFF, 0xFF, 0xFF,
    0xFF, 0xFF, 0xFF, 0xFF,
    0xFF, 0x00, 0x00, 0x0F,
    0xFF, 0x0F, 0xFF, 0xFF,
    0xFF, 0x00, 0x00, 0x0F,
    0xFF, 0x0F, 0xFF, 0x0F,
    0xFF, 0x00, 0x00, 0x0F,
    0xFF, 0xFF, 0xFF, 0xFF,


/* Tile ID 131, isSolid: false */
    0x0E, 0x00, 0x00, 0x00,
    0x0E, 0x00, 0x00, 0x00,
    0x0E, 0xEE, 0xEE, 0x00,
    0x0E, 0x00, 0x0E, 0x00,
    0x0E, 0x00, 0x0E, 0x00,
    0x0E, 0x00, 0x0E, 0x00,
    0x0E, 0xEE, 0xEE, 0x00,
    0x00, 0x00, 0x00, 0x00,

    0xF0, 0xFF, 0xFF, 0xFF,
    0xF0, 0xFF, 0xFF, 0xFF,
    0xF0, 0x00, 0x00, 0xFF,
    0xF0, 0xFF, 0xF0, 0xFF,
    0xF0, 0xFF, 0xF0, 0xFF,
    0xF0, 0xFF, 0xF0, 0xFF,
    0xF0, 0x00, 0x00, 0xFF,
    0xFF, 0xFF, 0xFF, 0xFF,

    0x00, 0x00, 0x00, 0xE0,
    0x00, 0x00, 0x00, 0xE0,
    0x00, 0xEE, 0xEE, 0xE0,
    0x00, 0xE0, 0x00, 0xE0,
    0x00, 0xE0, 0x00, 0xE0,
    0x00, 0xE0, 0x00, 0xE0,
    0x00, 0xEE, 0xEE, 0xE0,
    0x00, 0x00, 0x00, 0x00,

    0xFF, 0xFF, 0xFF, 0x0F,
    0xFF, 0xFF, 0xFF, 0x0F,
    0xFF, 0x00, 0x00, 0x0F,
    0xFF, 0x0F, 0xFF, 0x0F,
    0xFF, 0x0F, 0xFF, 0x0F,
    0xFF, 0x0F, 0xFF, 0x0F,
    0xFF, 0x00, 0x00, 0x0F,
    0xFF, 0xFF, 0xFF, 0xFF,


/* Tile ID 132, isSolid: false */
    0x00, 0x00, 0x00, 0x00,
    0x00, 0x00, 0x00, 0x00,
    0x0E, 0xEE, 0xEE, 0x00,
    0x0E, 0x00, 0x00, 0x00,
    0x0E, 0x00, 0x00, 0x00,
    0x0E, 0x00, 0x00, 0x00,
    0x0E, 0xEE, 0xEE, 0x00,
    0x00, 0x00, 0x00, 0x00,

    0xFF, 0xFF, 0xFF, 0xFF,
    0xFF, 0xFF, 0xFF, 0xFF,
    0xF0, 0x00, 0x00, 0xFF,
    0xF0, 0xFF, 0xFF, 0xFF,
    0xF0, 0xFF, 0xFF, 0xFF,
    0xF0, 0xFF, 0xFF, 0xFF,
    0xF0, 0x00, 0x00, 0xFF,
    0xFF, 0xFF, 0xFF, 0xFF,

    0x00, 0x00, 0x00, 0x00,
    0x00, 0x00, 0x00, 0x00,
    0x00, 0xEE, 0xEE, 0xE0,
    0x00, 0x00, 0x00, 0xE0,
    0x00, 0x00, 0x00, 0xE0,
    0x00, 0x00, 0x00, 0xE0,
    0x00, 0xEE, 0xEE, 0xE0,
    0x00, 0x00, 0x00, 0x00,

    0xFF, 0xFF, 0xFF, 0xFF,
    0xFF, 0xFF, 0xFF, 0xFF,
    0xFF, 0x00, 0x00, 0x0F,
    0xFF, 0xFF, 0xFF, 0x0F,
    0xFF, 0xFF, 0xFF, 0x0F,
    0xFF, 0xFF, 0xFF, 0x0F,
    0xFF, 0x00, 0x00, 0x0F,
    0xFF, 0xFF, 0xFF, 0xFF,


/* Tile ID 133, isSolid: false */
    0x00, 0x00, 0x0E, 0x00,
    0x00, 0x00, 0x0E, 0x00,
    0x0E, 0xEE, 0xEE, 0x00,
    0x0E, 0x00, 0x0E, 0x00,
    0x0E, 0x00, 0x0E, 0x00,
    0x0E, 0x00, 0x0E, 0x00,
    0x0E, 0xEE, 0xEE, 0x00,
    0x00, 0x00, 0x00, 0x00,

    0xFF, 0xFF, 0xF0, 0xFF,
    0xFF, 0xFF, 0xF0, 0xFF,
    0xF0, 0x00, 0x00, 0xFF,
    0xF0, 0xFF, 0xF0, 0xFF,
    0xF0, 0xFF, 0xF0, 0xFF,
    0xF0, 0xFF, 0xF0, 0xFF,
    0xF0, 0x00, 0x00, 0xFF,
    0xFF, 0xFF, 0xFF, 0xFF,

    0x00, 0xE0, 0x00, 0x00,
    0x00, 0xE0, 0x00, 0x00,
    0x00, 0xEE, 0xEE, 0xE0,
    0x00, 0xE0, 0x00, 0xE0,
    0x00, 0xE0, 0x00, 0xE0,
    0x00, 0xE0, 0x00, 0xE0,
    0x00, 0xEE, 0xEE, 0xE0,
    0x00, 0x00, 0x00, 0x00,

    0xFF, 0x0F, 0xFF, 0xFF,
    0xFF, 0x0F, 0xFF, 0xFF,
    0xFF, 0x00, 0x00, 0x0F,
    0xFF, 0x0F, 0xFF, 0x0F,
    0xFF, 0x0F, 0xFF, 0x0F,
    0xFF, 0x0F, 0xFF, 0x0F,
    0xFF, 0x00, 0x00, 0x0F,
    0xFF, 0xFF, 0xFF, 0xFF,


/* Tile ID 134, isSolid: false */
    0x00, 0x00, 0x00, 0x00,
    0x00, 0x00, 0x00, 0x00,
    0x0E, 0xEE, 0xEE, 0x00,
    0x0E, 0x00, 0x0E, 0x00,
    0x0E, 0xEE, 0xEE, 0x00,
    0x0E, 0x00, 0x00, 0x00,
    0x0E, 0xEE, 0xEE, 0x00,
    0x00, 0x00, 0x00, 0x00,

    0xFF, 0xFF, 0xFF, 0xFF,
    0xFF, 0xFF, 0xFF, 0xFF,
    0xF0, 0x00, 0x00, 0xFF,
    0xF0, 0xFF, 0xF0, 0xFF,
    0xF0, 0x00, 0x00, 0xFF,
    0xF0, 0xFF, 0xFF, 0xFF,
    0xF0, 0x00, 0x00, 0xFF,
    0xFF, 0xFF, 0xFF, 0xFF,

    0x00, 0x00, 0x00, 0x00,
    0x00, 0x00, 0x00, 0x00,
    0x00, 0xEE, 0xEE, 0xE0,
    0x00, 0xE0, 0x00, 0xE0,
    0x00, 0xEE, 0xEE, 0xE0,
    0x00, 0x00, 0x00, 0xE0,
    0x00, 0xEE, 0xEE, 0xE0,
    0x00, 0x00, 0x00, 0x00,

    0xFF, 0xFF, 0xFF, 0xFF,
    0xFF, 0xFF, 0xFF, 0xFF,
    0xFF, 0x00, 0x00, 0x0F,
    0xFF, 0x0F, 0xFF, 0x0F,
    0xFF, 0x00, 0x00, 0x0F,
    0xFF, 0xFF, 0xFF, 0x0F,
    0xFF, 0x00, 0x00, 0x0F,
    0xFF, 0xFF, 0xFF, 0xFF,


/* Tile ID 135, isSolid: false */
    0x00, 0xEE, 0xEE, 0x00,
    0x00, 0xE0, 0x00, 0x00,
    0x0E, 0xEE, 0xE0, 0x00,
    0x00, 0xE0, 0x00, 0x00,
    0x00, 0xE0, 0x00, 0x00,
    0x00, 0xE0, 0x00, 0x00,
    0x00, 0xE0, 0x00, 0x00,
    0x00, 0x00, 0x00, 0x00,

    0xFF, 0x00, 0x00, 0xFF,
    0xFF, 0x0F, 0xFF, 0xFF,
    0xF0, 0x00, 0x0F, 0xFF,
    0xFF, 0x0F, 0xFF, 0xFF,
    0xFF, 0x0F, 0xFF, 0xFF,
    0xFF, 0x0F, 0xFF, 0xFF,
    0xFF, 0x0F, 0xFF, 0xFF,
    0xFF, 0xFF, 0xFF, 0xFF,

    0x00, 0xEE, 0xEE, 0x00,
    0x00, 0x00, 0x0E, 0x00,
    0x00, 0x0E, 0xEE, 0xE0,
    0x00, 0x00, 0x0E, 0x00,
    0x00, 0x00, 0x0E, 0x00,
    0x00, 0x00, 0x0E, 0x00,
    0x00, 0x00, 0x0E, 0x00,
    0x00, 0x00, 0x00, 0x00,

    0xFF, 0x00, 0x00, 0xFF,
    0xFF, 0xFF, 0xF0, 0xFF,
    0xFF, 0xF0, 0x00, 0x0F,
    0xFF, 0xFF, 0xF0, 0xFF,
    0xFF, 0xFF, 0xF0, 0xFF,
    0xFF, 0xFF, 0xF0, 0xFF,
    0xFF, 0xFF, 0xF0, 0xFF,
    0xFF, 0xFF, 0xFF, 0xFF,


/* Tile ID 136, isSolid: false */
    0x00, 0x00, 0x00, 0x00,
    0x00, 0x00, 0x00, 0x00,
    0x0E, 0xEE, 0xEE, 0x00,
    0x0E, 0x00, 0x0E, 0x00,
    0x0E, 0x00, 0x0E, 0x00,
    0x0E, 0xEE, 0xEE, 0x00,
    0x00, 0x00, 0x0E, 0x00,
    0x0E, 0xEE, 0xEE, 0x00,

    0xFF, 0xFF, 0xFF, 0xFF,
    0xFF, 0xFF, 0xFF, 0xFF,
    0xF0, 0x00, 0x00, 0xFF,
    0xF0, 0xFF, 0xF0, 0xFF,
    0xF0, 0xFF, 0xF0, 0xFF,
    0xF0, 0x00, 0x00, 0xFF,
    0xFF, 0xFF, 0xF0, 0xFF,
    0xF0, 0x00, 0x00, 0xFF,

    0x00, 0x00, 0x00, 0x00,
    0x00, 0x00, 0x00, 0x00,
    0x00, 0xEE, 0xEE, 0xE0,
    0x00, 0xE0, 0x00, 0xE0,
    0x00, 0xE0, 0x00, 0xE0,
    0x00, 0xEE, 0xEE, 0xE0,
    0x00, 0xE0, 0x00, 0x00,
    0x00, 0xEE, 0xEE, 0xE0,

    0xFF, 0xFF, 0xFF, 0xFF,
    0xFF, 0xFF, 0xFF, 0xFF,
    0xFF, 0x00, 0x00, 0x0F,
    0xFF, 0x0F, 0xFF, 0x0F,
    0xFF, 0x0F, 0xFF, 0x0F,
    0xFF, 0x00, 0x00, 0x0F,
    0xFF, 0x0F, 0xFF, 0xFF,
    0xFF, 0x00, 0x00, 0x0F,


/* Tile ID 137, isSolid: false */
    0x0E, 0x00, 0x00, 0x00,
    0x0E, 0x00, 0x00, 0x00,
    0x0E, 0xEE, 0xEE, 0x00,
    0x0E, 0x00, 0x0E, 0x00,
    0x0E, 0x00, 0x0E, 0x00,
    0x0E, 0x00, 0x0E, 0x00,
    0x0E, 0x00, 0x0E, 0x00,
    0x00, 0x00, 0x00, 0x00,

    0xF0, 0xFF, 0xFF, 0xFF,
    0xF0, 0xFF, 0xFF, 0xFF,
    0xF0, 0x00, 0x00, 0xFF,
    0xF0, 0xFF, 0xF0, 0xFF,
    0xF0, 0xFF, 0xF0, 0xFF,
    0xF0, 0xFF, 0xF0, 0xFF,
    0xF0, 0xFF, 0xF0, 0xFF,
    0xFF, 0xFF, 0xFF, 0xFF,

    0x00, 0x00, 0x00, 0xE0,
    0x00, 0x00, 0x00, 0xE0,
    0x00, 0xEE, 0xEE, 0xE0,
    0x00, 0xE0, 0x00, 0xE0,
    0x00, 0xE0, 0x00, 0xE0,
    0x00, 0xE0, 0x00, 0xE0,
    0x00, 0xE0, 0x00, 0xE0,
    0x00, 0x00, 0x00, 0x00,

    0xFF, 0xFF, 0xFF, 0x0F,
    0xFF, 0xFF, 0xFF, 0x0F,
    0xFF, 0x00, 0x00, 0x0F,
    0xFF, 0x0F, 0xFF, 0x0F,
    0xFF, 0x0F, 0xFF, 0x0F,
    0xFF, 0x0F, 0xFF, 0x0F,
    0xFF, 0x0F, 0xFF, 0x0F,
    0xFF, 0xFF, 0xFF, 0xFF,


/* Tile ID 138, isSolid: false */
    0x00, 0x0E, 0xE0, 0x00,
    0x00, 0x00, 0x00, 0x00,
    0x00, 0x0E, 0xE0, 0x00,
    0x00, 0x0E, 0xE0, 0x00,
    0x00, 0x0E, 0xE0, 0x00,
    0x00, 0x0E, 0xE0, 0x00,
    0x00, 0x0E, 0xE0, 0x00,
    0x00, 0x00, 0x00, 0x00,

    0xFF, 0xF0, 0x0F, 0xFF,
    0xFF, 0xFF, 0xFF, 0xFF,
    0xFF, 0xF0, 0x0F, 0xFF,
    0xFF, 0xF0, 0x0F, 0xFF,
    0xFF, 0xF0, 0x0F, 0xFF,
    0xFF, 0xF0, 0x0F, 0xFF,
    0xFF, 0xF0, 0x0F, 0xFF,
    0xFF, 0xFF, 0xFF, 0xFF,

    0x00, 0x0E, 0xE0, 0x00,
    0x00, 0x00, 0x00, 0x00,
    0x00, 0x0E, 0xE0, 0x00,
    0x00, 0x0E, 0xE0, 0x00,
    0x00, 0x0E, 0xE0, 0x00,
    0x00, 0x0E, 0xE0, 0x00,
    0x00, 0x0E, 0xE0, 0x00,
    0x00, 0x00, 0x00, 0x00,

    0xFF, 0xF0, 0x0F, 0xFF,
    0xFF, 0xFF, 0xFF, 0xFF,
    0xFF, 0xF0, 0x0F, 0xFF,
    0xFF, 0xF0, 0x0F, 0xFF,
    0xFF, 0xF0, 0x0F, 0xFF,
    0xFF, 0xF0, 0x0F, 0xFF,
    0xFF, 0xF0, 0x0F, 0xFF,
    0xFF, 0xFF, 0xFF, 0xFF,


/* Tile ID 139, isSolid: false */
    0x00, 0x00, 0x00, 0x00,
    0x00, 0x00, 0xE0, 0x00,
    0x00, 0x00, 0x00, 0x00,
    0x00, 0x00, 0xE0, 0x00,
    0x00, 0x00, 0xE0, 0x00,
    0x00, 0x00, 0xE0, 0x00,
    0x0E, 0x00, 0xE0, 0x00,
    0x0E, 0xEE, 0xE0, 0x00,

    0xFF, 0xFF, 0xFF, 0xFF,
    0xFF, 0xFF, 0x0F, 0xFF,
    0xFF, 0xFF, 0xFF, 0xFF,
    0xFF, 0xFF, 0x0F, 0xFF,
    0xFF, 0xFF, 0x0F, 0xFF,
    0xFF, 0xFF, 0x0F, 0xFF,
    0xF0, 0xFF, 0x0F, 0xFF,
    0xF0, 0x00, 0x0F, 0xFF,

    0x00, 0x00, 0x00, 0x00,
    0x00, 0x0E, 0x00, 0x00,
    0x00, 0x00, 0x00, 0x00,
    0x00, 0x0E, 0x00, 0x00,
    0x00, 0x0E, 0x00, 0x00,
    0x00, 0x0E, 0x00, 0x00,
    0x00, 0x0E, 0x00, 0xE0,
    0x00, 0x0E, 0xEE, 0xE0,

    0xFF, 0xFF, 0xFF, 0xFF,
    0xFF, 0xF0, 0xFF, 0xFF,
    0xFF, 0xFF, 0xFF, 0xFF,
    0xFF, 0xF0, 0xFF, 0xFF,
    0xFF, 0xF0, 0xFF, 0xFF,
    0xFF, 0xF0, 0xFF, 0xFF,
    0xFF, 0xF0, 0xFF, 0x0F,
    0xFF, 0xF0, 0x00, 0x0F,


/* Tile ID 140, isSolid: false */
    0x0E, 0x00, 0x00, 0x00,
    0x0E, 0x00, 0x00, 0x00,
    0x0E, 0x00, 0xE0, 0x00,
    0x0E, 0x0E, 0x00, 0x00,
    0x0E, 0xE0, 0x00, 0x00,
    0x0E, 0x0E, 0x00, 0x00,
    0x0E, 0x00, 0xE0, 0x00,
    0x00, 0x00, 0x00, 0x00,

    0xF0, 0xFF, 0xFF, 0xFF,
    0xF0, 0xFF, 0xFF, 0xFF,
    0xF0, 0xFF, 0x0F, 0xFF,
    0xF0, 0xF0, 0xFF, 0xFF,
    0xF0, 0x0F, 0xFF, 0xFF,
    0xF0, 0xF0, 0xFF, 0xFF,
    0xF0, 0xFF, 0x0F, 0xFF,
    0xFF, 0xFF, 0xFF, 0xFF,

    0x00, 0x00, 0x00, 0xE0,
    0x00, 0x00, 0x00, 0xE0,
    0x00, 0x0E, 0x00, 0xE0,
    0x00, 0x00, 0xE0, 0xE0,
    0x00, 0x00, 0x0E, 0xE0,
    0x00, 0x00, 0xE0, 0xE0,
    0x00, 0x0E, 0x00, 0xE0,
    0x00, 0x00, 0x00, 0x00,

    0xFF, 0xFF, 0xFF, 0x0F,
    0xFF, 0xFF, 0xFF, 0x0F,
    0xFF, 0xF0, 0xFF, 0x0F,
    0xFF, 0xFF, 0x0F, 0x0F,
    0xFF, 0xFF, 0xF0, 0x0F,
    0xFF, 0xFF, 0x0F, 0x0F,
    0xFF, 0xF0, 0xFF, 0x0F,
    0xFF, 0xFF, 0xFF, 0xFF,


/* Tile ID 141, isSolid: false */
    0x00, 0x0E, 0xE0, 0x00,
    0x00, 0x0E, 0xE0, 0x00,
    0x00, 0x0E, 0xE0, 0x00,
    0x00, 0x0E, 0xE0, 0x00,
    0x00, 0x0E, 0xE0, 0x00,
    0x00, 0x0E, 0xE0, 0x00,
    0x00, 0x0E, 0xE0, 0x00,
    0x00, 0x00, 0x00, 0x00,

    0xFF, 0xF0, 0x0F, 0xFF,
    0xFF, 0xF0, 0x0F, 0xFF,
    0xFF, 0xF0, 0x0F, 0xFF,
    0xFF, 0xF0, 0x0F, 0xFF,
    0xFF, 0xF0, 0x0F, 0xFF,
    0xFF, 0xF0, 0x0F, 0xFF,
    0xFF, 0xF0, 0x0F, 0xFF,
    0xFF, 0xFF, 0xFF, 0xFF,

    0x00, 0x0E, 0xE0, 0x00,
    0x00, 0x0E, 0xE0, 0x00,
    0x00, 0x0E, 0xE0, 0x00,
    0x00, 0x0E, 0xE0, 0x00,
    0x00, 0x0E, 0xE0, 0x00,
    0x00, 0x0E, 0xE0, 0x00,
    0x00, 0x0E, 0xE0, 0x00,
    0x00, 0x00, 0x00, 0x00,

    0xFF, 0xF0, 0x0F, 0xFF,
    0xFF, 0xF0, 0x0F, 0xFF,
    0xFF, 0xF0, 0x0F, 0xFF,
    0xFF, 0xF0, 0x0F, 0xFF,
    0xFF, 0xF0, 0x0F, 0xFF,
    0xFF, 0xF0, 0x0F, 0xFF,
    0xFF, 0xF0, 0x0F, 0xFF,
    0xFF, 0xFF, 0xFF, 0xFF,


/* Tile ID 142, isSolid: false */
    0x00, 0x00, 0x00, 0x00,
    0x00, 0x00, 0x00, 0x00,
    0xEE, 0xEE, 0xEE, 0xE0,
    0xE0, 0x0E, 0x00, 0xE0,
    0xE0, 0x0E, 0x00, 0xE0,
    0xE0, 0x0E, 0x00, 0xE0,
    0xE0, 0x0E, 0x00, 0xE0,
    0x00, 0x00, 0x00, 0x00,

    0xFF, 0xFF, 0xFF, 0xFF,
    0xFF, 0xFF, 0xFF, 0xFF,
    0x00, 0x00, 0x00, 0x0F,
    0x0F, 0xF0, 0xFF, 0x0F,
    0x0F, 0xF0, 0xFF, 0x0F,
    0x0F, 0xF0, 0xFF, 0x0F,
    0x0F, 0xF0, 0xFF, 0x0F,
    0xFF, 0xFF, 0xFF, 0xFF,

    0x00, 0x00, 0x00, 0x00,
    0x00, 0x00, 0x00, 0x00,
    0x0E, 0xEE, 0xEE, 0xEE,
    0x0E, 0x00, 0xE0, 0x0E,
    0x0E, 0x00, 0xE0, 0x0E,
    0x0E, 0x00, 0xE0, 0x0E,
    0x0E, 0x00, 0xE0, 0x0E,
    0x00, 0x00, 0x00, 0x00,

    0xFF, 0xFF, 0xFF, 0xFF,
    0xFF, 0xFF, 0xFF, 0xFF,
    0xF0, 0x00, 0x00, 0x00,
    0xF0, 0xFF, 0x0F, 0xF0,
    0xF0, 0xFF, 0x0F, 0xF0,
    0xF0, 0xFF, 0x0F, 0xF0,
    0xF0, 0xFF, 0x0F, 0xF0,
    0xFF, 0xFF, 0xFF, 0xFF,


/* Tile ID 143, isSolid: false */
    0x00, 0x00, 0x00, 0x00,
    0x00, 0x00, 0x00, 0x00,
    0x0E, 0xEE, 0xEE, 0x00,
    0x0E, 0x00, 0x0E, 0x00,
    0x0E, 0x00, 0x0E, 0x00,
    0x0E, 0x00, 0x0E, 0x00,
    0x0E, 0x00, 0x0E, 0x00,
    0x00, 0x00, 0x00, 0x00,

    0xFF, 0xFF, 0xFF, 0xFF,
    0xFF, 0xFF, 0xFF, 0xFF,
    0xF0, 0x00, 0x00, 0xFF,
    0xF0, 0xFF, 0xF0, 0xFF,
    0xF0, 0xFF, 0xF0, 0xFF,
    0xF0, 0xFF, 0xF0, 0xFF,
    0xF0, 0xFF, 0xF0, 0xFF,
    0xFF, 0xFF, 0xFF, 0xFF,

    0x00, 0x00, 0x00, 0x00,
    0x00, 0x00, 0x00, 0x00,
    0x00, 0xEE, 0xEE, 0xE0,
    0x00, 0xE0, 0x00, 0xE0,
    0x00, 0xE0, 0x00, 0xE0,
    0x00, 0xE0, 0x00, 0xE0,
    0x00, 0xE0, 0x00, 0xE0,
    0x00, 0x00, 0x00, 0x00,

    0xFF, 0xFF, 0xFF, 0xFF,
    0xFF, 0xFF, 0xFF, 0xFF,
    0xFF, 0x00, 0x00, 0x0F,
    0xFF, 0x0F, 0xFF, 0x0F,
    0xFF, 0x0F, 0xFF, 0x0F,
    0xFF, 0x0F, 0xFF, 0x0F,
    0xFF, 0x0F, 0xFF, 0x0F,
    0xFF, 0xFF, 0xFF, 0xFF,


/* Tile ID 144, isSolid: false */
    0x00, 0x00, 0x00, 0x00,
    0x00, 0x00, 0x00, 0x00,
    0x0E, 0xEE, 0xEE, 0x00,
    0x0E, 0x00, 0x0E, 0x00,
    0x0E, 0x00, 0x0E, 0x00,
    0x0E, 0x00, 0x0E, 0x00,
    0x0E, 0xEE, 0xEE, 0x00,
    0x00, 0x00, 0x00, 0x00,

    0xFF, 0xFF, 0xFF, 0xFF,
    0xFF, 0xFF, 0xFF, 0xFF,
    0xF0, 0x00, 0x00, 0xFF,
    0xF0, 0xFF, 0xF0, 0xFF,
    0xF0, 0xFF, 0xF0, 0xFF,
    0xF0, 0xFF, 0xF0, 0xFF,
    0xF0, 0x00, 0x00, 0xFF,
    0xFF, 0xFF, 0xFF, 0xFF,

    0x00, 0x00, 0x00, 0x00,
    0x00, 0x00, 0x00, 0x00,
    0x00, 0xEE, 0xEE, 0xE0,
    0x00, 0xE0, 0x00, 0xE0,
    0x00, 0xE0, 0x00, 0xE0,
    0x00, 0xE0, 0x00, 0xE0,
    0x00, 0xEE, 0xEE, 0xE0,
    0x00, 0x00, 0x00, 0x00,

    0xFF, 0xFF, 0xFF, 0xFF,
    0xFF, 0xFF, 0xFF, 0xFF,
    0xFF, 0x00, 0x00, 0x0F,
    0xFF, 0x0F, 0xFF, 0x0F,
    0xFF, 0x0F, 0xFF, 0x0F,
    0xFF, 0x0F, 0xFF, 0x0F,
    0xFF, 0x00, 0x00, 0x0F,
    0xFF, 0xFF, 0xFF, 0xFF,


/* Tile ID 145, isSolid: false */
    0x00, 0x00, 0x00, 0x00,
    0x00, 0x00, 0x00, 0x00,
    0x0E, 0xEE, 0xEE, 0x00,
    0x0E, 0x00, 0x0E, 0x00,
    0x0E, 0x00, 0x0E, 0x00,
    0x0E, 0xEE, 0xEE, 0x00,
    0x0E, 0x00, 0x00, 0x00,
    0x0E, 0x00, 0x00, 0x00,

    0xFF, 0xFF, 0xFF, 0xFF,
    0xFF, 0xFF, 0xFF, 0xFF,
    0xF0, 0x00, 0x00, 0xFF,
    0xF0, 0xFF, 0xF0, 0xFF,
    0xF0, 0xFF, 0xF0, 0xFF,
    0xF0, 0x00, 0x00, 0xFF,
    0xF0, 0xFF, 0xFF, 0xFF,
    0xF0, 0xFF, 0xFF, 0xFF,

    0x00, 0x00, 0x00, 0x00,
    0x00, 0x00, 0x00, 0x00,
    0x00, 0xEE, 0xEE, 0xE0,
    0x00, 0xE0, 0x00, 0xE0,
    0x00, 0xE0, 0x00, 0xE0,
    0x00, 0xEE, 0xEE, 0xE0,
    0x00, 0x00, 0x00, 0xE0,
    0x00, 0x00, 0x00, 0xE0,

    0xFF, 0xFF, 0xFF, 0xFF,
    0xFF, 0xFF, 0xFF, 0xFF,
    0xFF, 0x00, 0x00, 0x0F,
    0xFF, 0x0F, 0xFF, 0x0F,
    0xFF, 0x0F, 0xFF, 0x0F,
    0xFF, 0x00, 0x00, 0x0F,
    0xFF, 0xFF, 0xFF, 0x0F,
    0xFF, 0xFF, 0xFF, 0x0F,


/* Tile ID 146, isSolid: false */
    0x00, 0x00, 0x00, 0x00,
    0x00, 0x00, 0x00, 0x00,
    0x0E, 0xEE, 0xEE, 0x00,
    0x0E, 0x00, 0x0E, 0x00,
    0x0E, 0x00, 0x0E, 0x00,
    0x0E, 0xEE, 0xEE, 0x00,
    0x00, 0x00, 0x0E, 0x00,
    0x00, 0x00, 0x0E, 0x00,

    0xFF, 0xFF, 0xFF, 0xFF,
    0xFF, 0xFF, 0xFF, 0xFF,
    0xF0, 0x00, 0x00, 0xFF,
    0xF0, 0xFF, 0xF0, 0xFF,
    0xF0, 0xFF, 0xF0, 0xFF,
    0xF0, 0x00, 0x00, 0xFF,
    0xFF, 0xFF, 0xF0, 0xFF,
    0xFF, 0xFF, 0xF0, 0xFF,

    0x00, 0x00, 0x00, 0x00,
    0x00, 0x00, 0x00, 0x00,
    0x00, 0xEE, 0xEE, 0xE0,
    0x00, 0xE0, 0x00, 0xE0,
    0x00, 0xE0, 0x00, 0xE0,
    0x00, 0xEE, 0xEE, 0xE0,
    0x00, 0xE0, 0x00, 0x00,
    0x00, 0xE0, 0x00, 0x00,

    0xFF, 0xFF, 0xFF, 0xFF,
    0xFF, 0xFF, 0xFF, 0xFF,
    0xFF, 0x00, 0x00, 0x0F,
    0xFF, 0x0F, 0xFF, 0x0F,
    0xFF, 0x0F, 0xFF, 0x0F,
    0xFF, 0x00, 0x00, 0x0F,
    0xFF, 0x0F, 0xFF, 0xFF,
    0xFF, 0x0F, 0xFF, 0xFF,


/* Tile ID 147, isSolid: false */
    0x00, 0x00, 0x00, 0x00,
    0x00, 0x00, 0x00, 0x00,
    0x0E, 0xEE, 0xEE, 0x00,
    0x0E, 0x00, 0x0E, 0x00,
    0x0E, 0x00, 0x00, 0x00,
    0x0E, 0x00, 0x00, 0x00,
    0x0E, 0x00, 0x00, 0x00,
    0x00, 0x00, 0x00, 0x00,

    0xFF, 0xFF, 0xFF, 0xFF,
    0xFF, 0xFF, 0xFF, 0xFF,
    0xF0, 0x00, 0x00, 0xFF,
    0xF0, 0xFF, 0xF0, 0xFF,
    0xF0, 0xFF, 0xFF, 0xFF,
    0xF0, 0xFF, 0xFF, 0xFF,
    0xF0, 0xFF, 0xFF, 0xFF,
    0xFF, 0xFF, 0xFF, 0xFF,

    0x00, 0x00, 0x00, 0x00,
    0x00, 0x00, 0x00, 0x00,
    0x00, 0xEE, 0xEE, 0xE0,
    0x00, 0xE0, 0x00, 0xE0,
    0x00, 0x00, 0x00, 0xE0,
    0x00, 0x00, 0x00, 0xE0,
    0x00, 0x00, 0x00, 0xE0,
    0x00, 0x00, 0x00, 0x00,

    0xFF, 0xFF, 0xFF, 0xFF,
    0xFF, 0xFF, 0xFF, 0xFF,
    0xFF, 0x00, 0x00, 0x0F,
    0xFF, 0x0F, 0xFF, 0x0F,
    0xFF, 0xFF, 0xFF, 0x0F,
    0xFF, 0xFF, 0xFF, 0x0F,
    0xFF, 0xFF, 0xFF, 0x0F,
    0xFF, 0xFF, 0xFF, 0xFF,


/* Tile ID 148, isSolid: false */
    0x00, 0x00, 0x00, 0x00,
    0x00, 0x00, 0x00, 0x00,
    0x0E, 0xEE, 0xEE, 0x00,
    0x0E, 0x00, 0x00, 0x00,
    0x0E, 0xEE, 0xEE, 0x00,
    0x00, 0x00, 0x0E, 0x00,
    0x0E, 0xEE, 0xEE, 0x00,
    0x00, 0x00, 0x00, 0x00,

    0xFF, 0xFF, 0xFF, 0xFF,
    0xFF, 0xFF, 0xFF, 0xFF,
    0xF0, 0x00, 0x00, 0xFF,
    0xF0, 0xFF, 0xFF, 0xFF,
    0xF0, 0x00, 0x00, 0xFF,
    0xFF, 0xFF, 0xF0, 0xFF,
    0xF0, 0x00, 0x00, 0xFF,
    0xFF, 0xFF, 0xFF, 0xFF,

    0x00, 0x00, 0x00, 0x00,
    0x00, 0x00, 0x00, 0x00,
    0x00, 0xEE, 0xEE, 0xE0,
    0x00, 0x00, 0x00, 0xE0,
    0x00, 0xEE, 0xEE, 0xE0,
    0x00, 0xE0, 0x00, 0x00,
    0x00, 0xEE, 0xEE, 0xE0,
    0x00, 0x00, 0x00, 0x00,

    0xFF, 0xFF, 0xFF, 0xFF,
    0xFF, 0xFF, 0xFF, 0xFF,
    0xFF, 0x00, 0x00, 0x0F,
    0xFF, 0xFF, 0xFF, 0x0F,
    0xFF, 0x00, 0x00, 0x0F,
    0xFF, 0x0F, 0xFF, 0xFF,
    0xFF, 0x00, 0x00, 0x0F,
    0xFF, 0xFF, 0xFF, 0xFF,


/* Tile ID 149, isSolid: false */
    0x00, 0x00, 0x00, 0x00,
    0x00, 0xE0, 0x00, 0x00,
    0x0E, 0xEE, 0xEE, 0x00,
    0x00, 0xE0, 0x00, 0x00,
    0x00, 0xE0, 0x00, 0x00,
    0x00, 0xE0, 0x00, 0x00,
    0x00, 0xEE, 0xEE, 0x00,
    0x00, 0x00, 0x00, 0x00,

    0xFF, 0xFF, 0xFF, 0xFF,
    0xFF, 0x0F, 0xFF, 0xFF,
    0xF0, 0x00, 0x00, 0xFF,
    0xFF, 0x0F, 0xFF, 0xFF,
    0xFF, 0x0F, 0xFF, 0xFF,
    0xFF, 0x0F, 0xFF, 0xFF,
    0xFF, 0x00, 0x00, 0xFF,
    0xFF, 0xFF, 0xFF, 0xFF,

    0x00, 0x00, 0x00, 0x00,
    0x00, 0x00, 0x0E, 0x00,
    0x00, 0xEE, 0xEE, 0xE0,
    0x00, 0x00, 0x0E, 0x00,
    0x00, 0x00, 0x0E, 0x00,
    0x00, 0x00, 0x0E, 0x00,
    0x00, 0xEE, 0xEE, 0x00,
    0x00, 0x00, 0x00, 0x00,

    0xFF, 0xFF, 0xFF, 0xFF,
    0xFF, 0xFF, 0xF0, 0xFF,
    0xFF, 0x00, 0x00, 0x0F,
    0xFF, 0xFF, 0xF0, 0xFF,
    0xFF, 0xFF, 0xF0, 0xFF,
    0xFF, 0xFF, 0xF0, 0xFF,
    0xFF, 0x00, 0x00, 0xFF,
    0xFF, 0xFF, 0xFF, 0xFF,


/* Tile ID 150, isSolid: false */
    0x00, 0x00, 0x00, 0x00,
    0x00, 0x00, 0x00, 0x00,
    0x00, 0xE0, 0x0E, 0x00,
    0x00, 0xE0, 0x0E, 0x00,
    0x00, 0xE0, 0x0E, 0x00,
    0x00, 0xE0, 0x0E, 0x00,
    0x00, 0xEE, 0xEE, 0x00,
    0x00, 0x00, 0x00, 0x00,

    0xFF, 0xFF, 0xFF, 0xFF,
    0xFF, 0xFF, 0xFF, 0xFF,
    0xFF, 0x0F, 0xF0, 0xFF,
    0xFF, 0x0F, 0xF0, 0xFF,
    0xFF, 0x0F, 0xF0, 0xFF,
    0xFF, 0x0F, 0xF0, 0xFF,
    0xFF, 0x00, 0x00, 0xFF,
    0xFF, 0xFF, 0xFF, 0xFF,

    0x00, 0x00, 0x00, 0x00,
    0x00, 0x00, 0x00, 0x00,
    0x00, 0xE0, 0x0E, 0x00,
    0x00, 0xE0, 0x0E, 0x00,
    0x00, 0xE0, 0x0E, 0x00,
    0x00, 0xE0, 0x0E, 0x00,
    0x00, 0xEE, 0xEE, 0x00,
    0x00, 0x00, 0x00, 0x00,

    0xFF, 0xFF, 0xFF, 0xFF,
    0xFF, 0xFF, 0xFF, 0xFF,
    0xFF, 0x0F, 0xF0, 0xFF,
    0xFF, 0x0F, 0xF0, 0xFF,
    0xFF, 0x0F, 0xF0, 0xFF,
    0xFF, 0x0F, 0xF0, 0xFF,
    0xFF, 0x00, 0x00, 0xFF,
    0xFF, 0xFF, 0xFF, 0xFF,


/* Tile ID 151, isSolid: false */
    0x00, 0x00, 0x00, 0x00,
    0x00, 0x00, 0x00, 0x00,
    0x0E, 0x00, 0x0E, 0x00,
    0x0E, 0x00, 0x0E, 0x00,
    0x0E, 0x00, 0x0E, 0x00,
    0x00, 0xE0, 0xE0, 0x00,
    0x00, 0x0E, 0x00, 0x00,
    0x00, 0x00, 0x00, 0x00,

    0xFF, 0xFF, 0xFF, 0xFF,
    0xFF, 0xFF, 0xFF, 0xFF,
    0xF0, 0xFF, 0xF0, 0xFF,
    0xF0, 0xFF, 0xF0, 0xFF,
    0xF0, 0xFF, 0xF0, 0xFF,
    0xFF, 0x0F, 0x0F, 0xFF,
    0xFF, 0xF0, 0xFF, 0xFF,
    0xFF, 0xFF, 0xFF, 0xFF,

    0x00, 0x00, 0x00, 0x00,
    0x00, 0x00, 0x00, 0x00,
    0x00, 0xE0, 0x00, 0xE0,
    0x00, 0xE0, 0x00, 0xE0,
    0x00, 0xE0, 0x00, 0xE0,
    0x00, 0x0E, 0x0E, 0x00,
    0x00, 0x00, 0xE0, 0x00,
    0x00, 0x00, 0x00, 0x00,

    0xFF, 0xFF, 0xFF, 0xFF,
    0xFF, 0xFF, 0xFF, 0xFF,
    0xFF, 0x0F, 0xFF, 0x0F,
    0xFF, 0x0F, 0xFF, 0x0F,
    0xFF, 0x0F, 0xFF, 0x0F,
    0xFF, 0xF0, 0xF0, 0xFF,
    0xFF, 0xFF, 0x0F, 0xFF,
    0xFF, 0xFF, 0xFF, 0xFF,


/* Tile ID 152, isSolid: false */
    0x00, 0x00, 0x00, 0x00,
    0x00, 0x00, 0x00, 0x00,
    0xE0, 0x00, 0x00, 0xE0,
    0xE0, 0x0E, 0x00, 0xE0,
    0xE0, 0x0E, 0x00, 0xE0,
    0xE0, 0x0E, 0x00, 0xE0,
    0xEE, 0xEE, 0xEE, 0xE0,
    0x00, 0x00, 0x00, 0x00,

    0xFF, 0xFF, 0xFF, 0xFF,
    0xFF, 0xFF, 0xFF, 0xFF,
    0x0F, 0xFF, 0xFF, 0x0F,
    0x0F, 0xF0, 0xFF, 0x0F,
    0x0F, 0xF0, 0xFF, 0x0F,
    0x0F, 0xF0, 0xFF, 0x0F,
    0x00, 0x00, 0x00, 0x0F,
    0xFF, 0xFF, 0xFF, 0xFF,

    0x00, 0x00, 0x00, 0x00,
    0x00, 0x00, 0x00, 0x00,
    0x0E, 0x00, 0x00, 0x0E,
    0x0E, 0x00, 0xE0, 0x0E,
    0x0E, 0x00, 0xE0, 0x0E,
    0x0E, 0x00, 0xE0, 0x0E,
    0x0E, 0xEE, 0xEE, 0xEE,
    0x00, 0x00, 0x00, 0x00,

    0xFF, 0xFF, 0xFF, 0xFF,
    0xFF, 0xFF, 0xFF, 0xFF,
    0xF0, 0xFF, 0xFF, 0xF0,
    0xF0, 0xFF, 0x0F, 0xF0,
    0xF0, 0xFF, 0x0F, 0xF0,
    0xF0, 0xFF, 0x0F, 0xF0,
    0xF0, 0x00, 0x00, 0x00,
    0xFF, 0xFF, 0xFF, 0xFF,


/* Tile ID 153, isSolid: false */
    0x00, 0x00, 0x00, 0x00,
    0x00, 0x00, 0x00, 0x00,
    0x0E, 0x00, 0x0E, 0x00,
    0x00, 0xE0, 0xE0, 0x00,
    0x00, 0x0E, 0x00, 0x00,
    0x00, 0xE0, 0xE0, 0x00,
    0x0E, 0x00, 0x0E, 0x00,
    0x00, 0x00, 0x00, 0x00,

    0xFF, 0xFF, 0xFF, 0xFF,
    0xFF, 0xFF, 0xFF, 0xFF,
    0xF0, 0xFF, 0xF0, 0xFF,
    0xFF, 0x0F, 0x0F, 0xFF,
    0xFF, 0xF0, 0xFF, 0xFF,
    0xFF, 0x0F, 0x0F, 0xFF,
    0xF0, 0xFF, 0xF0, 0xFF,
    0xFF, 0xFF, 0xFF, 0xFF,

    0x00, 0x00, 0x00, 0x00,
    0x00, 0x00, 0x00, 0x00,
    0x00, 0xE0, 0x00, 0xE0,
    0x00, 0x0E, 0x0E, 0x00,
    0x00, 0x00, 0xE0, 0x00,
    0x00, 0x0E, 0x0E, 0x00,
    0x00, 0xE0, 0x00, 0xE0,
    0x00, 0x00, 0x00, 0x00,

    0xFF, 0xFF, 0xFF, 0xFF,
    0xFF, 0xFF, 0xFF, 0xFF,
    0xFF, 0x0F, 0xFF, 0x0F,
    0xFF, 0xF0, 0xF0, 0xFF,
    0xFF, 0xFF, 0x0F, 0xFF,
    0xFF, 0xF0, 0xF0, 0xFF,
    0xFF, 0x0F, 0xFF, 0x0F,
    0xFF, 0xFF, 0xFF, 0xFF,


/* Tile ID 154, isSolid: false */
    0x00, 0x00, 0x00, 0x00,
    0x00, 0x00, 0x00, 0x00,
    0x0E, 0x00, 0x0E, 0x00,
    0x0E, 0x00, 0x0E, 0x00,
    0x0E, 0x00, 0x0E, 0x00,
    0x0E, 0xEE, 0xEE, 0x00,
    0x00, 0x00, 0x0E, 0x00,
    0x0E, 0xEE, 0xEE, 0x00,

    0xFF, 0xFF, 0xFF, 0xFF,
    0xFF, 0xFF, 0xFF, 0xFF,
    0xF0, 0xFF, 0xF0, 0xFF,
    0xF0, 0xFF, 0xF0, 0xFF,
    0xF0, 0xFF, 0xF0, 0xFF,
    0xF0, 0x00, 0x00, 0xFF,
    0xFF, 0xFF, 0xF0, 0xFF,
    0xF0, 0x00, 0x00, 0xFF,

    0x00, 0x00, 0x00, 0x00,
    0x00, 0x00, 0x00, 0x00,
    0x00, 0xE0, 0x00, 0xE0,
    0x00, 0xE0, 0x00, 0xE0,
    0x00, 0xE0, 0x00, 0xE0,
    0x00, 0xEE, 0xEE, 0xE0,
    0x00, 0xE0, 0x00, 0x00,
    0x00, 0xEE, 0xEE, 0xE0,

    0xFF, 0xFF, 0xFF, 0xFF,
    0xFF, 0xFF, 0xFF, 0xFF,
    0xFF, 0x0F, 0xFF, 0x0F,
    0xFF, 0x0F, 0xFF, 0x0F,
    0xFF, 0x0F, 0xFF, 0x0F,
    0xFF, 0x00, 0x00, 0x0F,
    0xFF, 0x0F, 0xFF, 0xFF,
    0xFF, 0x00, 0x00, 0x0F,


/* Tile ID 155, isSolid: false */
    0x00, 0x00, 0x00, 0x00,
    0x00, 0x00, 0x00, 0x00,
    0x0E, 0xEE, 0xEE, 0x00,
    0x00, 0x00, 0xE0, 0x00,
    0x00, 0x0E, 0x00, 0x00,
    0x00, 0xE0, 0x00, 0x00,
    0x0E, 0xEE, 0xEE, 0x00,
    0x00, 0x00, 0x00, 0x00,

    0xFF, 0xFF, 0xFF, 0xFF,
    0xFF, 0xFF, 0xFF, 0xFF,
    0xF0, 0x00, 0x00, 0xFF,
    0xFF, 0xFF, 0x0F, 0xFF,
    0xFF, 0xF0, 0xFF, 0xFF,
    0xFF, 0x0F, 0xFF, 0xFF,
    0xF0, 0x00, 0x00, 0xFF,
    0xFF, 0xFF, 0xFF, 0xFF,

    0x00, 0x00, 0x00, 0x00,
    0x00, 0x00, 0x00, 0x00,
    0x00, 0xEE, 0xEE, 0xE0,
    0x00, 0x0E, 0x00, 0x00,
    0x00, 0x00, 0xE0, 0x00,
    0x00, 0x00, 0x0E, 0x00,
    0x00, 0xEE, 0xEE, 0xE0,
    0x00, 0x00, 0x00, 0x00,

    0xFF, 0xFF, 0xFF, 0xFF,
    0xFF, 0xFF, 0xFF, 0xFF,
    0xFF, 0x00, 0x00, 0x0F,
    0xFF, 0xF0, 0xFF, 0xFF,
    0xFF, 0xFF, 0x0F, 0xFF,
    0xFF, 0xFF, 0xF0, 0xFF,
    0xFF, 0x00, 0x00, 0x0F,
    0xFF, 0xFF, 0xFF, 0xFF,


/* Tile ID 156, isSolid: false */
    0x00, 0x00, 0x00, 0x00,
    0x00, 0x00, 0x00, 0x00,
    0x00, 0x00, 0x00, 0x00,
    0x00, 0x00, 0x00, 0x00,
    0x00, 0x00, 0x00, 0x00,
    0x00, 0x00, 0x00, 0x00,
    0x00, 0x00, 0x00, 0x00,
    0x00, 0x00, 0x00, 0x00,

    0xFF, 0xFF, 0xFF, 0xFF,
    0xFF, 0xFF, 0xFF, 0xFF,
    0xFF, 0xFF, 0xFF, 0xFF,
    0xFF, 0xFF, 0xFF, 0xFF,
    0xFF, 0xFF, 0xFF, 0xFF,
    0xFF, 0xFF, 0xFF, 0xFF,
    0xFF, 0xFF, 0xFF, 0xFF,
    0xFF, 0xFF, 0xFF, 0xFF,

    0x00, 0x00, 0x00, 0x00,
    0x00, 0x00, 0x00, 0x00,
    0x00, 0x00, 0x00, 0x00,
    0x00, 0x00, 0x00, 0x00,
    0x00, 0x00, 0x00, 0x00,
    0x00, 0x00, 0x00, 0x00,
    0x00, 0x00, 0x00, 0x00,
    0x00, 0x00, 0x00, 0x00,

    0xFF, 0xFF, 0xFF, 0xFF,
    0xFF, 0xFF, 0xFF, 0xFF,
    0xFF, 0xFF, 0xFF, 0xFF,
    0xFF, 0xFF, 0xFF, 0xFF,
    0xFF, 0xFF, 0xFF, 0xFF,
    0xFF, 0xFF, 0xFF, 0xFF,
    0xFF, 0xFF, 0xFF, 0xFF,
    0xFF, 0xFF, 0xFF, 0xFF,


/* Tile ID 157, isSolid: false */
    0x00, 0x00, 0x00, 0x00,
    0x00, 0x0E, 0x00, 0x00,
    0x00, 0x0E, 0x00, 0x00,
    0x00, 0x0E, 0x00, 0x00,
    0x00, 0x0E, 0x00, 0x00,
    0x00, 0x0E, 0x00, 0x00,
    0x00, 0x0E, 0x00, 0x00,
    0x00, 0x0E, 0x00, 0x00,

    0xFF, 0xFF, 0xFF, 0xFF,
    0xFF, 0xF0, 0xFF, 0xFF,
    0xFF, 0xF0, 0xFF, 0xFF,
    0xFF, 0xF0, 0xFF, 0xFF,
    0xFF, 0xF0, 0xFF, 0xFF,
    0xFF, 0xF0, 0xFF, 0xFF,
    0xFF, 0xF0, 0xFF, 0xFF,
    0xFF, 0xF0, 0xFF, 0xFF,

    0x00, 0x00, 0x00, 0x00,
    0x00, 0x00, 0xE0, 0x00,
    0x00, 0x00, 0xE0, 0x00,
    0x00, 0x00, 0xE0, 0x00,
    0x00, 0x00, 0xE0, 0x00,
    0x00, 0x00, 0xE0, 0x00,
    0x00, 0x00, 0xE0, 0x00,
    0x00, 0x00, 0xE0, 0x00,

    0xFF, 0xFF, 0xFF, 0xFF,
    0xFF, 0xFF, 0x0F, 0xFF,
    0xFF, 0xFF, 0x0F, 0xFF,
    0xFF, 0xFF, 0x0F, 0xFF,
    0xFF, 0xFF, 0x0F, 0xFF,
    0xFF, 0xFF, 0x0F, 0xFF,
    0xFF, 0xFF, 0x0F, 0xFF,
    0xFF, 0xFF, 0x0F, 0xFF,


/* Tile ID 158, isSolid: false */
    0x00, 0x00, 0x00, 0x00,
    0x00, 0x00, 0x00, 0x00,
    0x00, 0x00, 0x00, 0x00,
    0x00, 0x00, 0x00, 0x00,
    0x00, 0x00, 0x00, 0x00,
    0x00, 0x00, 0x00, 0x00,
    0x00, 0x00, 0x00, 0x00,
    0x00, 0x00, 0x00, 0x00,

    0xFF, 0xFF, 0xFF, 0xFF,
    0xFF, 0xFF, 0xFF, 0xFF,
    0xFF, 0xFF, 0xFF, 0xFF,
    0xFF, 0xFF, 0xFF, 0xFF,
    0xFF, 0xFF, 0xFF, 0xFF,
    0xFF, 0xFF, 0xFF, 0xFF,
    0xFF, 0xFF, 0xFF, 0xFF,
    0xFF, 0xFF, 0xFF, 0xFF,

    0x00, 0x00, 0x00, 0x00,
    0x00, 0x00, 0x00, 0x00,
    0x00, 0x00, 0x00, 0x00,
    0x00, 0x00, 0x00, 0x00,
    0x00, 0x00, 0x00, 0x00,
    0x00, 0x00, 0x00, 0x00,
    0x00, 0x00, 0x00, 0x00,
    0x00, 0x00, 0x00, 0x00,

    0xFF, 0xFF, 0xFF, 0xFF,
    0xFF, 0xFF, 0xFF, 0xFF,
    0xFF, 0xFF, 0xFF, 0xFF,
    0xFF, 0xFF, 0xFF, 0xFF,
    0xFF, 0xFF, 0xFF, 0xFF,
    0xFF, 0xFF, 0xFF, 0xFF,
    0xFF, 0xFF, 0xFF, 0xFF,
    0xFF, 0xFF, 0xFF, 0xFF,


/* Tile ID 159, isSolid: false */
    0x00, 0x00, 0x00, 0x00,
    0x07, 0x77, 0x70, 0x07,
    0x07, 0x00, 0x00, 0x70,
    0x07, 0x77, 0x00, 0x70,
    0x00, 0x00, 0x70, 0x70,
    0x07, 0x00, 0x70, 0x70,
    0x00, 0x77, 0x00, 0x07,
    0x00, 0x00, 0x00, 0x00,

    0xFF, 0xFF, 0xFF, 0xFF,
    0xF0, 0x00, 0x0F, 0xF0,
    0xF0, 0xFF, 0xFF, 0x0F,
    0xF0, 0x00, 0xFF, 0x0F,
    0xFF, 0xFF, 0x0F, 0x0F,
    0xF0, 0xFF, 0x0F, 0x0F,
    0xFF, 0x00, 0xFF, 0xF0,
    0xFF, 0xFF, 0xFF, 0xFF,

    0x00, 0x00, 0x00, 0x00,
    0x70, 0x07, 0x77, 0x70,
    0x07, 0x00, 0x00, 0x70,
    0x07, 0x00, 0x77, 0x70,
    0x07, 0x07, 0x00, 0x00,
    0x07, 0x07, 0x00, 0x70,
    0x70, 0x00, 0x77, 0x00,
    0x00, 0x00, 0x00, 0x00,

    0xFF, 0xFF, 0xFF, 0xFF,
    0x0F, 0xF0, 0x00, 0x0F,
    0xF0, 0xFF, 0xFF, 0x0F,
    0xF0, 0xFF, 0x00, 0x0F,
    0xF0, 0xF0, 0xFF, 0xFF,
    0xF0, 0xF0, 0xFF, 0x0F,
    0x0F, 0xFF, 0x00, 0xFF,
    0xFF, 0xFF, 0xFF, 0xFF,


/* Tile ID 160, isSolid: false */
    0x00, 0x00, 0x00, 0x00,
    0x70, 0x00, 0x77, 0x00,
    0x07, 0x07, 0x00, 0x70,
    0x07, 0x07, 0x00, 0x70,
    0x07, 0x07, 0x00, 0x70,
    0x07, 0x07, 0x00, 0x70,
    0x70, 0x00, 0x77, 0x00,
    0x00, 0x00, 0x00, 0x00,

    0xFF, 0xFF, 0xFF, 0xFF,
    0x0F, 0xFF, 0x00, 0xFF,
    0xF0, 0xF0, 0xFF, 0x0F,
    0xF0, 0xF0, 0xFF, 0x0F,
    0xF0, 0xF0, 0xFF, 0x0F,
    0xF0, 0xF0, 0xFF, 0x0F,
    0x0F, 0xFF, 0x00, 0xFF,
    0xFF, 0xFF, 0xFF, 0xFF,

    0x00, 0x00, 0x00, 0x00,
    0x00, 0x77, 0x00, 0x07,
    0x07, 0x00, 0x70, 0x70,
    0x07, 0x00, 0x70, 0x70,
    0x07, 0x00, 0x70, 0x70,
    0x07, 0x00, 0x70, 0x70,
    0x00, 0x77, 0x00, 0x07,
    0x00, 0x00, 0x00, 0x00,

    0xFF, 0xFF, 0xFF, 0xFF,
    0xFF, 0x00, 0xFF, 0xF0,
    0xF0, 0xFF, 0x0F, 0x0F,
    0xF0, 0xFF, 0x0F, 0x0F,
    0xF0, 0xFF, 0x0F, 0x0F,
    0xF0, 0xFF, 0x0F, 0x0F,
    0xFF, 0x00, 0xFF, 0xF0,
    0xFF, 0xFF, 0xFF, 0xFF,


/* Tile ID 161, isSolid: false */
    0x00, 0xCC, 0xCC, 0xCC,
    0x0C, 0xCC, 0x0C, 0xCC,
    0xCC, 0xC0, 0x00, 0xCC,
    0xCC, 0x00, 0x00, 0x0C,
    0xCC, 0xC0, 0x00, 0xCC,
    0xCC, 0x00, 0x00, 0x0C,
    0x0C, 0xC0, 0x00, 0xCC,
    0x00, 0xCC, 0xCC, 0xCC,

    0xFF, 0x00, 0x00, 0x00,
    0xF0, 0x00, 0xF0, 0x00,
    0x00, 0x0F, 0xFF, 0x00,
    0x00, 0xFF, 0xFF, 0xF0,
    0x00, 0x0F, 0xFF, 0x00,
    0x00, 0xFF, 0xFF, 0xF0,
    0xF0, 0x0F, 0xFF, 0x00,
    0xFF, 0x00, 0x00, 0x00,

    0xCC, 0xCC, 0xCC, 0x00,
    0xCC, 0xC0, 0xCC, 0xC0,
    0xCC, 0x00, 0x0C, 0xCC,
    0xC0, 0x00, 0x00, 0xCC,
    0xCC, 0x00, 0x0C, 0xCC,
    0xC0, 0x00, 0x00, 0xCC,
    0xCC, 0x00, 0x0C, 0xC0,
    0xCC, 0xCC, 0xCC, 0x00,

    0x00, 0x00, 0x00, 0xFF,
    0x00, 0x0F, 0x00, 0x0F,
    0x00, 0xFF, 0xF0, 0x00,
    0x0F, 0xFF, 0xFF, 0x00,
    0x00, 0xFF, 0xF0, 0x00,
    0x0F, 0xFF, 0xFF, 0x00,
    0x00, 0xFF, 0xF0, 0x0F,
    0x00, 0x00, 0x00, 0xFF,


/* Tile ID 162, isSolid: false */
    0xCC, 0xCC, 0xC0, 0x00,
    0xCC, 0x0C, 0xCC, 0x00,
    0xC0, 0x00, 0xCC, 0xC0,
    0x00, 0x00, 0x0C, 0xC0,
    0xC0, 0x00, 0xCC, 0xC0,
    0x00, 0x00, 0x0C, 0xC0,
    0xC0, 0x00, 0xCC, 0x00,
    0xCC, 0xCC, 0xC0, 0x00,

    0x00, 0x00, 0x0F, 0xFF,
    0x00, 0xF0, 0x00, 0xFF,
    0x0F, 0xFF, 0x00, 0x0F,
    0xFF, 0xFF, 0xF0, 0x0F,
    0x0F, 0xFF, 0x00, 0x0F,
    0xFF, 0xFF, 0xF0, 0x0F,
    0x0F, 0xFF, 0x00, 0xFF,
    0x00, 0x00, 0x0F, 0xFF,

    0x00, 0x0C, 0xCC, 0xCC,
    0x00, 0xCC, 0xC0, 0xCC,
    0x0C, 0xCC, 0x00, 0x0C,
    0x0C, 0xC0, 0x00, 0x00,
    0x0C, 0xCC, 0x00, 0x0C,
    0x0C, 0xC0, 0x00, 0x00,
    0x00, 0xCC, 0x00, 0x0C,
    0x00, 0x0C, 0xCC, 0xCC,

    0xFF, 0xF0, 0x00, 0x00,
    0xFF, 0x00, 0x0F, 0x00,
    0xF0, 0x00, 0xFF, 0xF0,
    0xF0, 0x0F, 0xFF, 0xFF,
    0xF0, 0x00, 0xFF, 0xF0,
    0xF0, 0x0F, 0xFF, 0xFF,
    0xFF, 0x00, 0xFF, 0xF0,
    0xFF, 0xF0, 0x00, 0x00,


/* Tile ID 163, isSolid: false */
    0x00, 0x11, 0x11, 0x00,
    0x01, 0x11, 0x10, 0xEE,
    0x11, 0x11, 0x10, 0xEE,
    0x11, 0x11, 0x11, 0x00,
    0x11, 0x11, 0x11, 0x00,
    0x11, 0x11, 0x10, 0xEE,
    0x01, 0x11, 0x10, 0xEE,
    0x00, 0x11, 0x11, 0x00,

    0xFF, 0x00, 0x00, 0xFF,
    0xF0, 0x00, 0x0F, 0x00,
    0x00, 0x00, 0x0F, 0x00,
    0x00, 0x00, 0x00, 0xFF,
    0x00, 0x00, 0x00, 0xFF,
    0x00, 0x00, 0x0F, 0x00,
    0xF0, 0x00, 0x0F, 0x00,
    0xFF, 0x00, 0x00, 0xFF,

    0x00, 0x11, 0x11, 0x00,
    0xEE, 0x01, 0x11, 0x10,
    0xEE, 0x01, 0x11, 0x11,
    0x00, 0x11, 0x11, 0x11,
    0x00, 0x11, 0x11, 0x11,
    0xEE, 0x01, 0x11, 0x11,
    0xEE, 0x01, 0x11, 0x10,
    0x00, 0x11, 0x11, 0x00,

    0xFF, 0x00, 0x00, 0xFF,
    0x00, 0xF0, 0x00, 0x0F,
    0x00, 0xF0, 0x00, 0x00,
    0xFF, 0x00, 0x00, 0x00,
    0xFF, 0x00, 0x00, 0x00,
    0x00, 0xF0, 0x00, 0x00,
    0x00, 0xF0, 0x00, 0x0F,
    0xFF, 0x00, 0x00, 0xFF,


/* Tile ID 164, isSolid: false */
    0x11, 0x11, 0x10, 0x00,
    0x01, 0x11, 0x11, 0x00,
    0x01, 0x11, 0x11, 0x10,
    0x11, 0x11, 0x11, 0x10,
    0x11, 0x11, 0xC1, 0x10,
    0x01, 0x11, 0x11, 0x10,
    0x01, 0x11, 0x11, 0x00,
    0x11, 0x11, 0x10, 0x00,

    0x00, 0x00, 0x0F, 0xFF,
    0xF0, 0x00, 0x00, 0xFF,
    0xF0, 0x00, 0x00, 0x0F,
    0x00, 0x00, 0x00, 0x0F,
    0x00, 0x00, 0x00, 0x0F,
    0xF0, 0x00, 0x00, 0x0F,
    0xF0, 0x00, 0x00, 0xFF,
    0x00, 0x00, 0x0F, 0xFF,

    0x00, 0x01, 0x11, 0x11,
    0x00, 0x11, 0x11, 0x10,
    0x01, 0x11, 0x11, 0x10,
    0x01, 0x11, 0x11, 0x11,
    0x01, 0x1C, 0x11, 0x11,
    0x01, 0x11, 0x11, 0x10,
    0x00, 0x11, 0x11, 0x10,
    0x00, 0x01, 0x11, 0x11,

    0xFF, 0xF0, 0x00, 0x00,
    0xFF, 0x00, 0x00, 0x0F,
    0xF0, 0x00, 0x00, 0x0F,
    0xF0, 0x00, 0x00, 0x00,
    0xF0, 0x00, 0x00, 0x00,
    0xF0, 0x00, 0x00, 0x0F,
    0xFF, 0x00, 0x00, 0x0F,
    0xFF, 0xF0, 0x00, 0x00,


/* Tile ID 165, isSolid: false */
    0x00, 0x77, 0x77, 0x00,
    0x07, 0x77, 0x70, 0xDD,
    0x77, 0x70, 0x0D, 0xDD,
    0x77, 0x0D, 0xDD, 0xDD,
    0x77, 0x0D, 0xDD, 0xDD,
    0x77, 0x70, 0x0D, 0xDD,
    0x77, 0x77, 0x70, 0xDD,
    0x07, 0x77, 0x77, 0x00,

    0xFF, 0x00, 0x00, 0xFF,
    0xF0, 0x00, 0x0F, 0x00,
    0x00, 0x0F, 0xF0, 0x00,
    0x00, 0xF0, 0x00, 0x00,
    0x00, 0xF0, 0x00, 0x00,
    0x00, 0x0F, 0xF0, 0x00,
    0x00, 0x00, 0x0F, 0x00,
    0xF0, 0x00, 0x00, 0xFF,

    0x00, 0x77, 0x77, 0x00,
    0xDD, 0x07, 0x77, 0x70,
    0xDD, 0xD0, 0x07, 0x77,
    0xDD, 0xDD, 0xD0, 0x77,
    0xDD, 0xDD, 0xD0, 0x77,
    0xDD, 0xD0, 0x07, 0x77,
    0xDD, 0x07, 0x77, 0x77,
    0x00, 0x77, 0x77, 0x70,

    0xFF, 0x00, 0x00, 0xFF,
    0x00, 0xF0, 0x00, 0x0F,
    0x00, 0x0F, 0xF0, 0x00,
    0x00, 0x00, 0x0F, 0x00,
    0x00, 0x00, 0x0F, 0x00,
    0x00, 0x0F, 0xF0, 0x00,
    0x00, 0xF0, 0x00, 0x00,
    0xFF, 0x00, 0x00, 0x0F,


/* Tile ID 166, isSolid: false */
    0x07, 0x77, 0x70, 0x00,
    0xD0, 0x77, 0x77, 0x00,
    0xED, 0x00, 0x77, 0x70,
    0xDE, 0xDD, 0x07, 0x70,
    0xDD, 0xDD, 0x07, 0x70,
    0xDD, 0x00, 0x77, 0x70,
    0xD0, 0x77, 0x77, 0x70,
    0x07, 0x77, 0x77, 0x00,

    0xF0, 0x00, 0x0F, 0xFF,
    0x0F, 0x00, 0x00, 0xFF,
    0x00, 0xFF, 0x00, 0x0F,
    0x00, 0x00, 0xF0, 0x0F,
    0x00, 0x00, 0xF0, 0x0F,
    0x00, 0xFF, 0x00, 0x0F,
    0x0F, 0x00, 0x00, 0x0F,
    0xF0, 0x00, 0x00, 0xFF,

    0x00, 0x07, 0x77, 0x70,
    0x00, 0x77, 0x77, 0x0D,
    0x07, 0x77, 0x00, 0xDE,
    0x07, 0x70, 0xDD, 0xED,
    0x07, 0x70, 0xDD, 0xDD,
    0x07, 0x77, 0x00, 0xDD,
    0x07, 0x77, 0x77, 0x0D,
    0x00, 0x77, 0x77, 0x70,

    0xFF, 0xF0, 0x00, 0x0F,
    0xFF, 0x00, 0x00, 0xF0,
    0xF0, 0x00, 0xFF, 0x00,
    0xF0, 0x0F, 0x00, 0x00,
    0xF0, 0x0F, 0x00, 0x00,
    0xF0, 0x00, 0xFF, 0x00,
    0xF0, 0x00, 0x00, 0xF0,
    0xFF, 0x00, 0x00, 0x0F,


/* Tile ID 167, isSolid: false */
    0x00, 0xCC, 0xCC, 0xC0,
    0x0C, 0xCC, 0xCC, 0x01,
    0xCC, 0xCC, 0x00, 0x11,
    0xCC, 0xC0, 0x10, 0x11,
    0xCC, 0xC0, 0x11, 0x11,
    0xCC, 0xC0, 0x10, 0x11,
    0x0C, 0xC0, 0x10, 0x01,
    0x00, 0xCC, 0x0C, 0xC0,

    0xFF, 0x00, 0x00, 0x0F,
    0xF0, 0x00, 0x00, 0xF0,
    0x00, 0x00, 0xFF, 0x00,
    0x00, 0x0F, 0x0F, 0x00,
    0x00, 0x0F, 0x00, 0x00,
    0x00, 0x0F, 0x0F, 0x00,
    0xF0, 0x0F, 0x0F, 0xF0,
    0xFF, 0x00, 0xF0, 0x0F,

    0x0C, 0xCC, 0xCC, 0x00,
    0x10, 0xCC, 0xCC, 0xC0,
    0x11, 0x00, 0xCC, 0xCC,
    0x11, 0x01, 0x0C, 0xCC,
    0x11, 0x11, 0x0C, 0xCC,
    0x11, 0x01, 0x0C, 0xCC,
    0x10, 0x01, 0x0C, 0xC0,
    0x0C, 0xC0, 0xCC, 0x00,

    0xF0, 0x00, 0x00, 0xFF,
    0x0F, 0x00, 0x00, 0x0F,
    0x00, 0xFF, 0x00, 0x00,
    0x00, 0xF0, 0xF0, 0x00,
    0x00, 0x00, 0xF0, 0x00,
    0x00, 0xF0, 0xF0, 0x00,
    0x0F, 0xF0, 0xF0, 0x0F,
    0xF0, 0x0F, 0x00, 0xFF,


/* Tile ID 168, isSolid: false */
    0xCC, 0xCC, 0xC0, 0x00,
    0x0C, 0xCC, 0xCC, 0x00,
    0x10, 0x0C, 0xCC, 0xC0,
    0x10, 0x10, 0xCC, 0xC0,
    0x11, 0x10, 0xCC, 0xC0,
    0x10, 0x10, 0xCC, 0xC0,
    0x00, 0x10, 0xCC, 0x00,
    0xCC, 0x0C, 0xC0, 0x00,

    0x00, 0x00, 0x0F, 0xFF,
    0xF0, 0x00, 0x00, 0xFF,
    0x0F, 0xF0, 0x00, 0x0F,
    0x0F, 0x0F, 0x00, 0x0F,
    0x00, 0x0F, 0x00, 0x0F,
    0x0F, 0x0F, 0x00, 0x0F,
    0xFF, 0x0F, 0x00, 0xFF,
    0x00, 0xF0, 0x0F, 0xFF,

    0x00, 0x0C, 0xCC, 0xCC,
    0x00, 0xCC, 0xCC, 0xC0,
    0x0C, 0xCC, 0xC0, 0x01,
    0x0C, 0xCC, 0x01, 0x01,
    0x0C, 0xCC, 0x01, 0x11,
    0x0C, 0xCC, 0x01, 0x01,
    0x00, 0xCC, 0x01, 0x00,
    0x00, 0x0C, 0xC0, 0xCC,

    0xFF, 0xF0, 0x00, 0x00,
    0xFF, 0x00, 0x00, 0x0F,
    0xF0, 0x00, 0x0F, 0xF0,
    0xF0, 0x00, 0xF0, 0xF0,
    0xF0, 0x00, 0xF0, 0x00,
    0xF0, 0x00, 0xF0, 0xF0,
    0xFF, 0x00, 0xF0, 0xFF,
    0xFF, 0xF0, 0x0F, 0x00,


/* Tile ID 169, isSolid: false */
    0x00, 0x26, 0x66, 0x66,
    0x06, 0x66, 0x66, 0x60,
    0x66, 0x66, 0x66, 0x09,
    0x66, 0x66, 0x60, 0x99,
    0x66, 0x66, 0x66, 0x99,
    0x66, 0x66, 0x60, 0x99,
    0x06, 0x66, 0x66, 0x00,
    0x00, 0x26, 0x66, 0x66,

    0xFF, 0x00, 0x00, 0x00,
    0xF0, 0x00, 0x00, 0x0F,
    0x00, 0x00, 0x00, 0xF0,
    0x00, 0x00, 0x0F, 0x00,
    0x00, 0x00, 0x00, 0x00,
    0x00, 0x00, 0x0F, 0x00,
    0xF0, 0x00, 0x00, 0xFF,
    0xFF, 0x00, 0x00, 0x00,

    0x66, 0x66, 0x62, 0x00,
    0x06, 0x66, 0x66, 0x60,
    0x90, 0x66, 0x66, 0x66,
    0x99, 0x06, 0x66, 0x66,
    0x99, 0x66, 0x66, 0x66,
    0x99, 0x06, 0x66, 0x66,
    0x00, 0x66, 0x66, 0x60,
    0x66, 0x66, 0x62, 0x00,

    0x00, 0x00, 0x00, 0xFF,
    0xF0, 0x00, 0x00, 0x0F,
    0x0F, 0x00, 0x00, 0x00,
    0x00, 0xF0, 0x00, 0x00,
    0x00, 0x00, 0x00, 0x00,
    0x00, 0xF0, 0x00, 0x00,
    0xFF, 0x00, 0x00, 0x0F,
    0x00, 0x00, 0x00, 0xFF,


/* Tile ID 170, isSolid: false */
    0x66, 0x66, 0x20, 0x00,
    0x66, 0x66, 0x66, 0x00,
    0x06, 0x66, 0x66, 0x60,
    0x90, 0x66, 0x66, 0x60,
    0x96, 0x66, 0x66, 0x60,
    0x90, 0x66, 0x66, 0x60,
    0x06, 0x66, 0x66, 0x00,
    0x66, 0x66, 0x20, 0x00,

    0x00, 0x00, 0x0F, 0xFF,
    0x00, 0x00, 0x00, 0xFF,
    0xF0, 0x00, 0x00, 0x0F,
    0x0F, 0x00, 0x00, 0x0F,
    0x00, 0x00, 0x00, 0x0F,
    0x0F, 0x00, 0x00, 0x0F,
    0xF0, 0x00, 0x00, 0xFF,
    0x00, 0x00, 0x0F, 0xFF,

    0x00, 0x02, 0x66, 0x66,
    0x00, 0x66, 0x66, 0x66,
    0x06, 0x66, 0x66, 0x60,
    0x06, 0x66, 0x66, 0x09,
    0x06, 0x66, 0x66, 0x69,
    0x06, 0x66, 0x66, 0x09,
    0x00, 0x66, 0x66, 0x60,
    0x00, 0x02, 0x66, 0x66,

    0xFF, 0xF0, 0x00, 0x00,
    0xFF, 0x00, 0x00, 0x00,
    0xF0, 0x00, 0x00, 0x0F,
    0xF0, 0x00, 0x00, 0xF0,
    0xF0, 0x00, 0x00, 0x00,
    0xF0, 0x00, 0x00, 0xF0,
    0xFF, 0x00, 0x00, 0x0F,
    0xFF, 0xF0, 0x00, 0x00,


/* Tile ID 171, isSolid: false */
    0x00, 0xBB, 0xDD, 0x00,
    0x0B, 0xBD, 0xD0, 0x66,
    0xBB, 0xBD, 0x06, 0x00,
    0xBB, 0xBD, 0xD0, 0x66,
    0xBB, 0xBB, 0xB0, 0x00,
    0xBB, 0xBB, 0x06, 0x66,
    0x0B, 0xBB, 0xB0, 0x00,
    0x00, 0xBB, 0xBB, 0xBB,

    0xFF, 0x00, 0x00, 0xFF,
    0xF0, 0x00, 0x0F, 0x00,
    0x00, 0x00, 0xF0, 0xFF,
    0x00, 0x00, 0x0F, 0x00,
    0x00, 0x00, 0x0F, 0xFF,
    0x00, 0x00, 0xF0, 0x00,
    0xF0, 0x00, 0x0F, 0xFF,
    0xFF, 0x00, 0x00, 0x00,

    0x00, 0xDD, 0xBB, 0x00,
    0x66, 0x0D, 0xDB, 0xB0,
    0x00, 0x60, 0xDB, 0xBB,
    0x66, 0x0D, 0xDB, 0xBB,
    0x00, 0x0B, 0xBB, 0xBB,
    0x66, 0x60, 0xBB, 0xBB,
    0x00, 0x0B, 0xBB, 0xB0,
    0xBB, 0xBB, 0xBB, 0x00,

    0xFF, 0x00, 0x00, 0xFF,
    0x00, 0xF0, 0x00, 0x0F,
    0xFF, 0x0F, 0x00, 0x00,
    0x00, 0xF0, 0x00, 0x00,
    0xFF, 0xF0, 0x00, 0x00,
    0x00, 0x0F, 0x00, 0x00,
    0xFF, 0xF0, 0x00, 0x0F,
    0x00, 0x00, 0x00, 0xFF,


/* Tile ID 172, isSolid: false */
    0x00, 0xDB, 0xB0, 0x00,
    0x66, 0x0D, 0xDB, 0x00,
    0x00, 0xDD, 0xDD, 0xB0,
    0x60, 0xDD, 0xDD, 0xD0,
    0x06, 0x0D, 0xDD, 0xD0,
    0x60, 0xDD, 0xDD, 0xB0,
    0x0D, 0xDD, 0xDB, 0x00,
    0xBB, 0xBB, 0xB0, 0x00,

    0xFF, 0x00, 0x0F, 0xFF,
    0x00, 0xF0, 0x00, 0xFF,
    0xFF, 0x00, 0x00, 0x0F,
    0x0F, 0x00, 0x00, 0x0F,
    0xF0, 0xF0, 0x00, 0x0F,
    0x0F, 0x00, 0x00, 0x0F,
    0xF0, 0x00, 0x00, 0xFF,
    0x00, 0x00, 0x0F, 0xFF,

    0x00, 0x0B, 0xBD, 0x00,
    0x00, 0xBD, 0xD0, 0x66,
    0x0B, 0xDD, 0xDD, 0x00,
    0x0D, 0xDD, 0xDD, 0x06,
    0x0D, 0xDD, 0xD0, 0x60,
    0x0B, 0xDD, 0xDD, 0x06,
    0x00, 0xBD, 0xDD, 0xD0,
    0x00, 0x0B, 0xBB, 0xBB,

    0xFF, 0xF0, 0x00, 0xFF,
    0xFF, 0x00, 0x0F, 0x00,
    0xF0, 0x00, 0x00, 0xFF,
    0xF0, 0x00, 0x00, 0xF0,
    0xF0, 0x00, 0x0F, 0x0F,
    0xF0, 0x00, 0x00, 0xF0,
    0xFF, 0x00, 0x00, 0x0F,
    0xFF, 0xF0, 0x00, 0x00,


/* Tile ID 173, isSolid: false */
    0x00, 0x11, 0x11, 0x10,
    0x01, 0x00, 0x11, 0x0E,
    0x11, 0x0E, 0x01, 0x0E,
    0x11, 0x10, 0xE0, 0x0E,
    0x11, 0x11, 0x0E, 0x0E,
    0x11, 0x11, 0x10, 0xEE,
    0x01, 0x11, 0x11, 0x00,
    0x00, 0x11, 0x11, 0x11,

    0xFF, 0x00, 0x00, 0x0F,
    0xF0, 0xFF, 0x00, 0xF0,
    0x00, 0xF0, 0xF0, 0xF0,
    0x00, 0x0F, 0x0F, 0xF0,
    0x00, 0x00, 0xF0, 0xF0,
    0x00, 0x00, 0x0F, 0x00,
    0xF0, 0x00, 0x00, 0xFF,
    0xFF, 0x00, 0x00, 0x00,

    0x01, 0x11, 0x11, 0x00,
    0xE0, 0x11, 0x00, 0x10,
    0xE0, 0x10, 0xE0, 0x11,
    0xE0, 0x0E, 0x01, 0x11,
    0xE0, 0xE0, 0x11, 0x11,
    0xEE, 0x01, 0x11, 0x11,
    0x00, 0x11, 0x11, 0x10,
    0x11, 0x11, 0x11, 0x00,

    0xF0, 0x00, 0x00, 0xFF,
    0x0F, 0x00, 0xFF, 0x0F,
    0x0F, 0x0F, 0x0F, 0x00,
    0x0F, 0xF0, 0xF0, 0x00,
    0x0F, 0x0F, 0x00, 0x00,
    0x00, 0xF0, 0x00, 0x00,
    0xFF, 0x00, 0x00, 0x0F,
    0x00, 0x00, 0x00, 0xFF,


/* Tile ID 174, isSolid: false */
    0x11, 0x11, 0x10, 0x00,
    0x01, 0x10, 0x01, 0x00,
    0x01, 0x0E, 0x01, 0x10,
    0x00, 0xE0, 0x11, 0x10,
    0x0E, 0x01, 0x11, 0x10,
    0xE0, 0x11, 0x11, 0x10,
    0x01, 0x11, 0x11, 0x00,
    0x11, 0x11, 0x10, 0x00,

    0x00, 0x00, 0x0F, 0xFF,
    0xF0, 0x0F, 0xF0, 0xFF,
    0xF0, 0xF0, 0xF0, 0x0F,
    0xFF, 0x0F, 0x00, 0x0F,
    0xF0, 0xF0, 0x00, 0x0F,
    0x0F, 0x00, 0x00, 0x0F,
    0xF0, 0x00, 0x00, 0xFF,
    0x00, 0x00, 0x0F, 0xFF,

    0x00, 0x01, 0x11, 0x11,
    0x00, 0x10, 0x01, 0x10,
    0x01, 0x10, 0xE0, 0x10,
    0x01, 0x11, 0x0E, 0x00,
    0x01, 0x11, 0x10, 0xE0,
    0x01, 0x11, 0x11, 0x0E,
    0x00, 0x11, 0x11, 0x10,
    0x00, 0x01, 0x11, 0x11,

    0xFF, 0xF0, 0x00, 0x00,
    0xFF, 0x0F, 0xF0, 0x0F,
    0xF0, 0x0F, 0x0F, 0x0F,
    0xF0, 0x00, 0xF0, 0xFF,
    0xF0, 0x00, 0x0F, 0x0F,
    0xF0, 0x00, 0x00, 0xF0,
    0xFF, 0x00, 0x00, 0x0F,
    0xFF, 0xF0, 0x00, 0x00,


/* Tile ID 175, isSolid: false */
    0x00, 0x55, 0x5A, 0xAA,
    0x05, 0x5A, 0x00, 0x00,
    0x55, 0x50, 0x09, 0x09,
    0x55, 0x09, 0x09, 0x09,
    0x55, 0x50, 0x90, 0x90,
    0x55, 0x55, 0x09, 0x90,
    0x05, 0x55, 0x09, 0x0A,
    0x00, 0x55, 0x50, 0x55,

    0xFF, 0x00, 0x00, 0x00,
    0xF0, 0x00, 0xFF, 0xFF,
    0x00, 0x0F, 0xF0, 0xF0,
    0x00, 0xF0, 0xF0, 0xF0,
    0x00, 0x0F, 0x0F, 0x0F,
    0x00, 0x00, 0xF0, 0x0F,
    0xF0, 0x00, 0xF0, 0xF0,
    0xFF, 0x00, 0x0F, 0x00,

    0xAA, 0xA5, 0x55, 0x00,
    0x00, 0x00, 0xA5, 0x50,
    0x90, 0x90, 0x05, 0x55,
    0x90, 0x90, 0x90, 0x55,
    0x09, 0x09, 0x05, 0x55,
    0x09, 0x90, 0x55, 0x55,
    0xA0, 0x90, 0x55, 0x50,
    0x55, 0x05, 0x55, 0x00,

    0x00, 0x00, 0x00, 0xFF,
    0xFF, 0xFF, 0x00, 0x0F,
    0x0F, 0x0F, 0xF0, 0x00,
    0x0F, 0x0F, 0x0F, 0x00,
    0xF0, 0xF0, 0xF0, 0x00,
    0xF0, 0x0F, 0x00, 0x00,
    0x0F, 0x0F, 0x00, 0x0F,
    0x00, 0xF0, 0x00, 0xFF,


/* Tile ID 176, isSolid: false */
    0xAA, 0xA5, 0x50, 0x00,
    0x00, 0x0A, 0xA5, 0x00,
    0x09, 0x00, 0xAA, 0x50,
    0x09, 0x09, 0x0A, 0xA0,
    0x90, 0x90, 0x9A, 0xA0,
    0x00, 0x00, 0xAA, 0xA0,
    0xAA, 0xAA, 0xA5, 0x00,
    0x55, 0x55, 0x50, 0x00,

    0x00, 0x00, 0x0F, 0xFF,
    0xFF, 0xF0, 0x00, 0xFF,
    0xF0, 0xFF, 0x00, 0x0F,
    0xF0, 0xF0, 0xF0, 0x0F,
    0x0F, 0x0F, 0x00, 0x0F,
    0xFF, 0xFF, 0x00, 0x0F,
    0x00, 0x00, 0x00, 0xFF,
    0x00, 0x00, 0x0F, 0xFF,

    0x00, 0x05, 0x5A, 0xAA,
    0x00, 0x5A, 0xA0, 0x00,
    0x05, 0xAA, 0x00, 0x90,
    0x0A, 0xA0, 0x90, 0x90,
    0x0A, 0xA9, 0x09, 0x09,
    0x0A, 0xAA, 0x00, 0x00,
    0x00, 0x5A, 0xAA, 0xAA,
    0x00, 0x05, 0x55, 0x55,

    0xFF, 0xF0, 0x00, 0x00,
    0xFF, 0x00, 0x0F, 0xFF,
    0xF0, 0x00, 0xFF, 0x0F,
    0xF0, 0x0F, 0x0F, 0x0F,
    0xF0, 0x00, 0xF0, 0xF0,
    0xF0, 0x00, 0xFF, 0xFF,
    0xFF, 0x00, 0x00, 0x00,
    0xFF, 0xF0, 0x00, 0x00,


/* Tile ID 177, isSolid: false */
    0x00, 0x11, 0x11, 0x11,
    0x01, 0x11, 0x11, 0x11,
    0x11, 0x11, 0x11, 0x11,
    0x11, 0x11, 0x11, 0x11,
    0x11, 0x11, 0x11, 0x11,
    0x11, 0x11, 0x11, 0x11,
    0x01, 0x11, 0x11, 0x11,
    0x00, 0x11, 0x11, 0x11,

    0xFF, 0x00, 0x00, 0x00,
    0xF0, 0x00, 0x00, 0x00,
    0x00, 0x00, 0x00, 0x00,
    0x00, 0x00, 0x00, 0x00,
    0x00, 0x00, 0x00, 0x00,
    0x00, 0x00, 0x00, 0x00,
    0xF0, 0x00, 0x00, 0x00,
    0xFF, 0x00, 0x00, 0x00,

    0x11, 0x11, 0x11, 0x00,
    0x11, 0x11, 0x11, 0x10,
    0x11, 0x11, 0x11, 0x11,
    0x11, 0x11, 0x11, 0x11,
    0x11, 0x11, 0x11, 0x11,
    0x11, 0x11, 0x11, 0x11,
    0x11, 0x11, 0x11, 0x10,
    0x11, 0x11, 0x11, 0x00,

    0x00, 0x00, 0x00, 0xFF,
    0x00, 0x00, 0x00, 0x0F,
    0x00, 0x00, 0x00, 0x00,
    0x00, 0x00, 0x00, 0x00,
    0x00, 0x00, 0x00, 0x00,
    0x00, 0x00, 0x00, 0x00,
    0x00, 0x00, 0x00, 0x0F,
    0x00, 0x00, 0x00, 0xFF,


/* Tile ID 178, isSolid: false */
    0x11, 0x11, 0x10, 0x00,
    0x11, 0x11, 0x11, 0x00,
    0x11, 0x11, 0x11, 0x10,
    0x11, 0x11, 0x11, 0x10,
    0x11, 0x11, 0x11, 0x10,
    0x11, 0x11, 0x11, 0x10,
    0x11, 0x11, 0x11, 0x00,
    0x11, 0x11, 0x10, 0x00,

    0x00, 0x00, 0x0F, 0xFF,
    0x00, 0x00, 0x00, 0xFF,
    0x00, 0x00, 0x00, 0x0F,
    0x00, 0x00, 0x00, 0x0F,
    0x00, 0x00, 0x00, 0x0F,
    0x00, 0x00, 0x00, 0x0F,
    0x00, 0x00, 0x00, 0xFF,
    0x00, 0x00, 0x0F, 0xFF,

    0x00, 0x01, 0x11, 0x11,
    0x00, 0x11, 0x11, 0x11,
    0x01, 0x11, 0x11, 0x11,
    0x01, 0x11, 0x11, 0x11,
    0x01, 0x11, 0x11, 0x11,
    0x01, 0x11, 0x11, 0x11,
    0x00, 0x11, 0x11, 0x11,
    0x00, 0x01, 0x11, 0x11,

    0xFF, 0xF0, 0x00, 0x00,
    0xFF, 0x00, 0x00, 0x00,
    0xF0, 0x00, 0x00, 0x00,
    0xF0, 0x00, 0x00, 0x00,
    0xF0, 0x00, 0x00, 0x00,
    0xF0, 0x00, 0x00, 0x00,
    0xFF, 0x00, 0x00, 0x00,
    0xFF, 0xF0, 0x00, 0x00,


/* Tile ID 179, isSolid: false */
    0x00, 0x04, 0x00, 0x00,
    0x00, 0x04, 0x00, 0x00,
    0x00, 0x09, 0x00, 0x00,
    0x09, 0x09, 0x09, 0x00,
    0x09, 0x99, 0x99, 0x00,
    0x09, 0x09, 0x09, 0x00,
    0x09, 0x09, 0x09, 0x00,
    0x01, 0x00, 0x01, 0x00,

    0xFF, 0xF0, 0xFF, 0xFF,
    0xFF, 0xF0, 0xFF, 0xFF,
    0xFF, 0xF0, 0xFF, 0xFF,
    0xF0, 0xF0, 0xF0, 0xFF,
    0xF0, 0x00, 0x00, 0xFF,
    0xF0, 0xF0, 0xF0, 0xFF,
    0xF0, 0xF0, 0xF0, 0xFF,
    0xF0, 0xFF, 0xF0, 0xFF,

    0x00, 0x00, 0x40, 0x00,
    0x00, 0x00, 0x40, 0x00,
    0x00, 0x00, 0x90, 0x00,
    0x00, 0x90, 0x90, 0x90,
    0x00, 0x99, 0x99, 0x90,
    0x00, 0x90, 0x90, 0x90,
    0x00, 0x90, 0x90, 0x90,
    0x00, 0x10, 0x00, 0x10,

    0xFF, 0xFF, 0x0F, 0xFF,
    0xFF, 0xFF, 0x0F, 0xFF,
    0xFF, 0xFF, 0x0F, 0xFF,
    0xFF, 0x0F, 0x0F, 0x0F,
    0xFF, 0x00, 0x00, 0x0F,
    0xFF, 0x0F, 0x0F, 0x0F,
    0xFF, 0x0F, 0x0F, 0x0F,
    0xFF, 0x0F, 0xFF, 0x0F,


/* Tile ID 180, isSolid: false */
    0x00, 0x0E, 0x00, 0x00,
    0x00, 0x0E, 0x00, 0x00,
    0x00, 0x0E, 0x00, 0x00,
    0x00, 0x00, 0x00, 0x00,
    0x00, 0x0E, 0x00, 0x00,
    0x00, 0x00, 0x00, 0x00,
    0x00, 0x00, 0x00, 0x00,
    0x00, 0x00, 0x00, 0x00,

    0xFF, 0xF0, 0xFF, 0xFF,
    0xFF, 0xF0, 0xFF, 0xFF,
    0xFF, 0xF0, 0xFF, 0xFF,
    0xFF, 0xFF, 0xFF, 0xFF,
    0xFF, 0xF0, 0xFF, 0xFF,
    0xFF, 0xFF, 0xFF, 0xFF,
    0xFF, 0xFF, 0xFF, 0xFF,
    0xFF, 0xFF, 0xFF, 0xFF,

    0x00, 0x00, 0xE0, 0x00,
    0x00, 0x00, 0xE0, 0x00,
    0x00, 0x00, 0xE0, 0x00,
    0x00, 0x00, 0x00, 0x00,
    0x00, 0x00, 0xE0, 0x00,
    0x00, 0x00, 0x00, 0x00,
    0x00, 0x00, 0x00, 0x00,
    0x00, 0x00, 0x00, 0x00,

    0xFF, 0xFF, 0x0F, 0xFF,
    0xFF, 0xFF, 0x0F, 0xFF,
    0xFF, 0xFF, 0x0F, 0xFF,
    0xFF, 0xFF, 0xFF, 0xFF,
    0xFF, 0xFF, 0x0F, 0xFF,
    0xFF, 0xFF, 0xFF, 0xFF,
    0xFF, 0xFF, 0xFF, 0xFF,
    0xFF, 0xFF, 0xFF, 0xFF,


/* Tile ID 181, isSolid: false */
    0x00, 0x00, 0x00, 0x00,
    0x00, 0x55, 0x00, 0x50,
    0x00, 0x05, 0x5A, 0x50,
    0x00, 0x05, 0xE6, 0x00,
    0x00, 0x56, 0x55, 0x00,
    0x00, 0xA0, 0x05, 0x50,
    0x00, 0x00, 0x00, 0x00,
    0x00, 0x00, 0x00, 0x00,

    0xFF, 0xFF, 0xFF, 0xFF,
    0xFF, 0x00, 0xFF, 0x0F,
    0xFF, 0xF0, 0x00, 0x0F,
    0xFF, 0xF0, 0x00, 0xFF,
    0xFF, 0x00, 0x00, 0xFF,
    0xFF, 0x0F, 0xF0, 0x0F,
    0xFF, 0xFF, 0xFF, 0xFF,
    0xFF, 0xFF, 0xFF, 0xFF,

    0x00, 0x00, 0x00, 0x00,
    0x05, 0x00, 0x55, 0x00,
    0x05, 0xA5, 0x50, 0x00,
    0x00, 0x6E, 0x50, 0x00,
    0x00, 0x55, 0x65, 0x00,
    0x05, 0x50, 0x0A, 0x00,
    0x00, 0x00, 0x00, 0x00,
    0x00, 0x00, 0x00, 0x00,

    0xFF, 0xFF, 0xFF, 0xFF,
    0xF0, 0xFF, 0x00, 0xFF,
    0xF0, 0x00, 0x0F, 0xFF,
    0xFF, 0x00, 0x0F, 0xFF,
    0xFF, 0x00, 0x00, 0xFF,
    0xF0, 0x0F, 0xF0, 0xFF,
    0xFF, 0xFF, 0xFF, 0xFF,
    0xFF, 0xFF, 0xFF, 0xFF,


/* Tile ID 182, isSolid: false */
    0x00, 0x00, 0x00, 0x00,
    0x00, 0xA0, 0x05, 0x00,
    0x00, 0x56, 0x55, 0x00,
    0x00, 0x55, 0xE6, 0x50,
    0x00, 0x06, 0x5A, 0x50,
    0x00, 0x05, 0x00, 0x00,
    0x00, 0x00, 0x00, 0x00,
    0x00, 0x00, 0x00, 0x00,

    0xFF, 0xFF, 0xFF, 0xFF,
    0xFF, 0x0F, 0xF0, 0xFF,
    0xFF, 0x00, 0x00, 0xFF,
    0xFF, 0x00, 0x00, 0x0F,
    0xFF, 0xF0, 0x00, 0x0F,
    0xFF, 0xF0, 0xFF, 0xFF,
    0xFF, 0xFF, 0xFF, 0xFF,
    0xFF, 0xFF, 0xFF, 0xFF,

    0x00, 0x00, 0x00, 0x00,
    0x00, 0x50, 0x0A, 0x00,
    0x00, 0x55, 0x65, 0x00,
    0x05, 0x6E, 0x55, 0x00,
    0x05, 0xA5, 0x60, 0x00,
    0x00, 0x00, 0x50, 0x00,
    0x00, 0x00, 0x00, 0x00,
    0x00, 0x00, 0x00, 0x00,

    0xFF, 0xFF, 0xFF, 0xFF,
    0xFF, 0x0F, 0xF0, 0xFF,
    0xFF, 0x00, 0x00, 0xFF,
    0xF0, 0x00, 0x00, 0xFF,
    0xF0, 0x00, 0x0F, 0xFF,
    0xFF, 0xFF, 0x0F, 0xFF,
    0xFF, 0xFF, 0xFF, 0xFF,
    0xFF, 0xFF, 0xFF, 0xFF,


/* Tile ID 183, isSolid: false */
    0x00, 0x00, 0x00, 0x00,
    0x00, 0x05, 0x00, 0x00,
    0x00, 0x56, 0x55, 0x00,
    0x05, 0x6E, 0x65, 0x00,
    0x05, 0x56, 0x50, 0x00,
    0x00, 0x05, 0x00, 0x00,
    0x00, 0x00, 0x00, 0x00,
    0x00, 0x00, 0x00, 0x00,

    0xFF, 0xFF, 0xFF, 0xFF,
    0xFF, 0xF0, 0xFF, 0xFF,
    0xFF, 0x00, 0x00, 0xFF,
    0xF0, 0x00, 0x00, 0xFF,
    0xF0, 0x00, 0x0F, 0xFF,
    0xFF, 0xF0, 0xFF, 0xFF,
    0xFF, 0xFF, 0xFF, 0xFF,
    0xFF, 0xFF, 0xFF, 0xFF,

    0x00, 0x00, 0x00, 0x00,
    0x00, 0x00, 0x50, 0x00,
    0x00, 0x55, 0x65, 0x00,
    0x00, 0x56, 0xE6, 0x50,
    0x00, 0x05, 0x65, 0x50,
    0x00, 0x00, 0x50, 0x00,
    0x00, 0x00, 0x00, 0x00,
    0x00, 0x00, 0x00, 0x00,

    0xFF, 0xFF, 0xFF, 0xFF,
    0xFF, 0xFF, 0x0F, 0xFF,
    0xFF, 0x00, 0x00, 0xFF,
    0xFF, 0x00, 0x00, 0x0F,
    0xFF, 0xF0, 0x00, 0x0F,
    0xFF, 0xFF, 0x0F, 0xFF,
    0xFF, 0xFF, 0xFF, 0xFF,
    0xFF, 0xFF, 0xFF, 0xFF,


/* Tile ID 184, isSolid: false */
    0x00, 0x00, 0x00, 0x00,
    0x00, 0x50, 0x0A, 0x00,
    0x00, 0x56, 0xA5, 0x00,
    0x00, 0x5E, 0x50, 0x00,
    0x05, 0x6A, 0x50, 0x00,
    0x05, 0x00, 0x50, 0x00,
    0x00, 0x00, 0x00, 0x00,
    0x00, 0x00, 0x00, 0x00,

    0xFF, 0xFF, 0xFF, 0xFF,
    0xFF, 0x0F, 0xF0, 0xFF,
    0xFF, 0x00, 0x00, 0xFF,
    0xFF, 0x00, 0x0F, 0xFF,
    0xF0, 0x00, 0x0F, 0xFF,
    0xF0, 0xFF, 0x0F, 0xFF,
    0xFF, 0xFF, 0xFF, 0xFF,
    0xFF, 0xFF, 0xFF, 0xFF,

    0x00, 0x00, 0x00, 0x00,
    0x00, 0xA0, 0x05, 0x00,
    0x00, 0x5A, 0x65, 0x00,
    0x00, 0x05, 0xE5, 0x00,
    0x00, 0x05, 0xA6, 0x50,
    0x00, 0x05, 0x00, 0x50,
    0x00, 0x00, 0x00, 0x00,
    0x00, 0x00, 0x00, 0x00,

    0xFF, 0xFF, 0xFF, 0xFF,
    0xFF, 0x0F, 0xF0, 0xFF,
    0xFF, 0x00, 0x00, 0xFF,
    0xFF, 0xF0, 0x00, 0xFF,
    0xFF, 0xF0, 0x00, 0x0F,
    0xFF, 0xF0, 0xFF, 0x0F,
    0xFF, 0xFF, 0xFF, 0xFF,
    0xFF, 0xFF, 0xFF, 0xFF,


/* Tile ID 185, isSolid: false */
    0x00, 0x00, 0x00, 0x00,
    0x00, 0x55, 0x00, 0x00,
    0x00, 0x5A, 0x50, 0x00,
    0x05, 0xAE, 0xA5, 0x00,
    0x00, 0x5A, 0x50, 0x00,
    0x00, 0x05, 0x50, 0x00,
    0x00, 0x00, 0x00, 0x00,
    0x00, 0x00, 0x00, 0x00,

    0xFF, 0xFF, 0xFF, 0xFF,
    0xFF, 0x00, 0xFF, 0xFF,
    0xFF, 0x00, 0x0F, 0xFF,
    0xF0, 0x00, 0x00, 0xFF,
    0xFF, 0x00, 0x0F, 0xFF,
    0xFF, 0xF0, 0x0F, 0xFF,
    0xFF, 0xFF, 0xFF, 0xFF,
    0xFF, 0xFF, 0xFF, 0xFF,

    0x00, 0x00, 0x00, 0x00,
    0x00, 0x00, 0x55, 0x00,
    0x00, 0x05, 0xA5, 0x00,
    0x00, 0x5A, 0xEA, 0x50,
    0x00, 0x05, 0xA5, 0x00,
    0x00, 0x05, 0x50, 0x00,
    0x00, 0x00, 0x00, 0x00,
    0x00, 0x00, 0x00, 0x00,

    0xFF, 0xFF, 0xFF, 0xFF,
    0xFF, 0xFF, 0x00, 0xFF,
    0xFF, 0xF0, 0x00, 0xFF,
    0xFF, 0x00, 0x00, 0x0F,
    0xFF, 0xF0, 0x00, 0xFF,
    0xFF, 0xF0, 0x0F, 0xFF,
    0xFF, 0xFF, 0xFF, 0xFF,
    0xFF, 0xFF, 0xFF, 0xFF,


/* Tile ID 186, isSolid: false */
    0x00, 0x00, 0x00, 0x00,
    0x05, 0x50, 0xA5, 0x00,
    0x00, 0x56, 0x50, 0x00,
    0x00, 0x5E, 0x50, 0x00,
    0x00, 0xA5, 0x60, 0x00,
    0x05, 0x55, 0x0A, 0x00,
    0x00, 0x00, 0x00, 0x00,
    0x00, 0x00, 0x00, 0x00,

    0xFF, 0xFF, 0xFF, 0xFF,
    0xF0, 0x0F, 0x00, 0xFF,
    0xFF, 0x00, 0x0F, 0xFF,
    0xFF, 0x00, 0x0F, 0xFF,
    0xFF, 0x00, 0x0F, 0xFF,
    0xF0, 0x00, 0xF0, 0xFF,
    0xFF, 0xFF, 0xFF, 0xFF,
    0xFF, 0xFF, 0xFF, 0xFF,

    0x00, 0x00, 0x00, 0x00,
    0x00, 0x5A, 0x05, 0x50,
    0x00, 0x05, 0x65, 0x00,
    0x00, 0x05, 0xE5, 0x00,
    0x00, 0x06, 0x5A, 0x00,
    0x00, 0xA0, 0x55, 0x50,
    0x00, 0x00, 0x00, 0x00,
    0x00, 0x00, 0x00, 0x00,

    0xFF, 0xFF, 0xFF, 0xFF,
    0xFF, 0x00, 0xF0, 0x0F,
    0xFF, 0xF0, 0x00, 0xFF,
    0xFF, 0xF0, 0x00, 0xFF,
    0xFF, 0xF0, 0x00, 0xFF,
    0xFF, 0x0F, 0x00, 0x0F,
    0xFF, 0xFF, 0xFF, 0xFF,
    0xFF, 0xFF, 0xFF, 0xFF,


/* Tile ID 187, isSolid: false */
    0x00, 0x00, 0x00, 0x00,
    0x00, 0x05, 0xA0, 0x00,
    0x05, 0x56, 0x50, 0x00,
    0x00, 0xAE, 0xA0, 0x00,
    0x00, 0x86, 0x55, 0x00,
    0x00, 0xA5, 0x00, 0x00,
    0x00, 0x00, 0x00, 0x00,
    0x00, 0x00, 0x00, 0x00,

    0xFF, 0xFF, 0xFF, 0xFF,
    0xFF, 0xF0, 0x0F, 0xFF,
    0xF0, 0x00, 0x0F, 0xFF,
    0xFF, 0x00, 0x0F, 0xFF,
    0xFF, 0x00, 0x00, 0xFF,
    0xFF, 0x00, 0xFF, 0xFF,
    0xFF, 0xFF, 0xFF, 0xFF,
    0xFF, 0xFF, 0xFF, 0xFF,

    0x00, 0x00, 0x00, 0x00,
    0x00, 0x0A, 0x50, 0x00,
    0x00, 0x05, 0x65, 0x50,
    0x00, 0x0A, 0xEA, 0x00,
    0x00, 0x55, 0x68, 0x00,
    0x00, 0x00, 0x5A, 0x00,
    0x00, 0x00, 0x00, 0x00,
    0x00, 0x00, 0x00, 0x00,

    0xFF, 0xFF, 0xFF, 0xFF,
    0xFF, 0xF0, 0x0F, 0xFF,
    0xFF, 0xF0, 0x00, 0x0F,
    0xFF, 0xF0, 0x00, 0xFF,
    0xFF, 0x00, 0x00, 0xFF,
    0xFF, 0xFF, 0x00, 0xFF,
    0xFF, 0xFF, 0xFF, 0xFF,
    0xFF, 0xFF, 0xFF, 0xFF,


/* Tile ID 188, isSolid: false */
    0x00, 0x00, 0x00, 0x00,
    0x00, 0x55, 0x00, 0x00,
    0x00, 0x5A, 0x50, 0x00,
    0x05, 0xAE, 0xA5, 0x00,
    0x00, 0x5A, 0x50, 0x00,
    0x00, 0x05, 0x50, 0x00,
    0x00, 0x00, 0x00, 0x00,
    0x00, 0x00, 0x00, 0x00,

    0xFF, 0xFF, 0xFF, 0xFF,
    0xFF, 0x00, 0xFF, 0xFF,
    0xFF, 0x00, 0x0F, 0xFF,
    0xF0, 0x00, 0x00, 0xFF,
    0xFF, 0x00, 0x0F, 0xFF,
    0xFF, 0xF0, 0x0F, 0xFF,
    0xFF, 0xFF, 0xFF, 0xFF,
    0xFF, 0xFF, 0xFF, 0xFF,

    0x00, 0x00, 0x00, 0x00,
    0x00, 0x00, 0x55, 0x00,
    0x00, 0x05, 0xA5, 0x00,
    0x00, 0x5A, 0xEA, 0x50,
    0x00, 0x05, 0xA5, 0x00,
    0x00, 0x05, 0x50, 0x00,
    0x00, 0x00, 0x00, 0x00,
    0x00, 0x00, 0x00, 0x00,

    0xFF, 0xFF, 0xFF, 0xFF,
    0xFF, 0xFF, 0x00, 0xFF,
    0xFF, 0xF0, 0x00, 0xFF,
    0xFF, 0x00, 0x00, 0x0F,
    0xFF, 0xF0, 0x00, 0xFF,
    0xFF, 0xF0, 0x0F, 0xFF,
    0xFF, 0xFF, 0xFF, 0xFF,
    0xFF, 0xFF, 0xFF, 0xFF,


/* Tile ID 189, isSolid: false */
    0x00, 0x00, 0x00, 0x00,
    0x00, 0x40, 0x00, 0x40,
    0x04, 0x04, 0x04, 0x04,
    0x00, 0x04, 0x04, 0x04,
    0x00, 0x40, 0x04, 0x04,
    0x04, 0x00, 0x04, 0x04,
    0x04, 0x44, 0x00, 0x40,
    0x00, 0x00, 0x00, 0x00,

    0xFF, 0xFF, 0xFF, 0xFF,
    0xFF, 0x0F, 0xFF, 0x0F,
    0xF0, 0xF0, 0xF0, 0xF0,
    0xFF, 0xF0, 0xF0, 0xF0,
    0xFF, 0x0F, 0xF0, 0xF0,
    0xF0, 0xFF, 0xF0, 0xF0,
    0xF0, 0x00, 0xFF, 0x0F,
    0xFF, 0xFF, 0xFF, 0xFF,

    0x00, 0x00, 0x00, 0x00,
    0x04, 0x00, 0x04, 0x00,
    0x40, 0x40, 0x40, 0x40,
    0x40, 0x40, 0x40, 0x00,
    0x40, 0x40, 0x04, 0x00,
    0x40, 0x40, 0x00, 0x40,
    0x04, 0x00, 0x44, 0x40,
    0x00, 0x00, 0x00, 0x00,

    0xFF, 0xFF, 0xFF, 0xFF,
    0xF0, 0xFF, 0xF0, 0xFF,
    0x0F, 0x0F, 0x0F, 0x0F,
    0x0F, 0x0F, 0x0F, 0xFF,
    0x0F, 0x0F, 0xF0, 0xFF,
    0x0F, 0x0F, 0xFF, 0x0F,
    0xF0, 0xFF, 0x00, 0x0F,
    0xFF, 0xFF, 0xFF, 0xFF,


/* Tile ID 190, isSolid: false */
    0x00, 0x00, 0x00, 0x00,
    0x00, 0x40, 0x00, 0x40,
    0x04, 0x04, 0x04, 0x04,
    0x04, 0x04, 0x04, 0x04,
    0x04, 0x04, 0x04, 0x04,
    0x04, 0x04, 0x04, 0x04,
    0x00, 0x40, 0x00, 0x40,
    0x00, 0x00, 0x00, 0x00,

    0xFF, 0xFF, 0xFF, 0xFF,
    0xFF, 0x0F, 0xFF, 0x0F,
    0xF0, 0xF0, 0xF0, 0xF0,
    0xF0, 0xF0, 0xF0, 0xF0,
    0xF0, 0xF0, 0xF0, 0xF0,
    0xF0, 0xF0, 0xF0, 0xF0,
    0xFF, 0x0F, 0xFF, 0x0F,
    0xFF, 0xFF, 0xFF, 0xFF,

    0x00, 0x00, 0x00, 0x00,
    0x04, 0x00, 0x04, 0x00,
    0x40, 0x40, 0x40, 0x40,
    0x40, 0x40, 0x40, 0x40,
    0x40, 0x40, 0x40, 0x40,
    0x40, 0x40, 0x40, 0x40,
    0x04, 0x00, 0x04, 0x00,
    0x00, 0x00, 0x00, 0x00,

    0xFF, 0xFF, 0xFF, 0xFF,
    0xF0, 0xFF, 0xF0, 0xFF,
    0x0F, 0x0F, 0x0F, 0x0F,
    0x0F, 0x0F, 0x0F, 0x0F,
    0x0F, 0x0F, 0x0F, 0x0F,
    0x0F, 0x0F, 0x0F, 0x0F,
    0xF0, 0xFF, 0xF0, 0xFF,
    0xFF, 0xFF, 0xFF, 0xFF,


/* Tile ID 191, isSolid: false */
    0x00, 0x00, 0x00, 0x00,
    0x00, 0xC0, 0x00, 0xC0,
    0x0C, 0xC0, 0x0C, 0x0C,
    0xC0, 0xC0, 0x0C, 0x0C,
    0xCC, 0xCC, 0x0C, 0x0C,
    0x00, 0xC0, 0x0C, 0x0C,
    0x00, 0xC0, 0x00, 0xC0,
    0x00, 0x00, 0x00, 0x00,

    0xFF, 0xFF, 0xFF, 0xFF,
    0xFF, 0x0F, 0xFF, 0x0F,
    0xF0, 0x0F, 0xF0, 0xF0,
    0x0F, 0x0F, 0xF0, 0xF0,
    0x00, 0x00, 0xF0, 0xF0,
    0xFF, 0x0F, 0xF0, 0xF0,
    0xFF, 0x0F, 0xFF, 0x0F,
    0xFF, 0xFF, 0xFF, 0xFF,

    0x00, 0x00, 0x00, 0x00,
    0x0C, 0x00, 0x0C, 0x00,
    0xC0, 0xC0, 0x0C, 0xC0,
    0xC0, 0xC0, 0x0C, 0x0C,
    0xC0, 0xC0, 0xCC, 0xCC,
    0xC0, 0xC0, 0x0C, 0x00,
    0x0C, 0x00, 0x0C, 0x00,
    0x00, 0x00, 0x00, 0x00,

    0xFF, 0xFF, 0xFF, 0xFF,
    0xF0, 0xFF, 0xF0, 0xFF,
    0x0F, 0x0F, 0xF0, 0x0F,
    0x0F, 0x0F, 0xF0, 0xF0,
    0x0F, 0x0F, 0x00, 0x00,
    0x0F, 0x0F, 0xF0, 0xFF,
    0xF0, 0xFF, 0xF0, 0xFF,
    0xFF, 0xFF, 0xFF, 0xFF,


/* Tile ID 192, isSolid: false */
    0x00, 0x00, 0x00, 0x00,
    0x00, 0xC0, 0x00, 0xC0,
    0x0C, 0x0C, 0x0C, 0x0C,
    0x0C, 0x0C, 0x0C, 0x0C,
    0x0C, 0x0C, 0x0C, 0x0C,
    0x0C, 0x0C, 0x0C, 0x0C,
    0x00, 0xC0, 0x00, 0xC0,
    0x00, 0x00, 0x00, 0x00,

    0xFF, 0xFF, 0xFF, 0xFF,
    0xFF, 0x0F, 0xFF, 0x0F,
    0xF0, 0xF0, 0xF0, 0xF0,
    0xF0, 0xF0, 0xF0, 0xF0,
    0xF0, 0xF0, 0xF0, 0xF0,
    0xF0, 0xF0, 0xF0, 0xF0,
    0xFF, 0x0F, 0xFF, 0x0F,
    0xFF, 0xFF, 0xFF, 0xFF,

    0x00, 0x00, 0x00, 0x00,
    0x0C, 0x00, 0x0C, 0x00,
    0xC0, 0xC0, 0xC0, 0xC0,
    0xC0, 0xC0, 0xC0, 0xC0,
    0xC0, 0xC0, 0xC0, 0xC0,
    0xC0, 0xC0, 0xC0, 0xC0,
    0x0C, 0x00, 0x0C, 0x00,
    0x00, 0x00, 0x00, 0x00,

    0xFF, 0xFF, 0xFF, 0xFF,
    0xF0, 0xFF, 0xF0, 0xFF,
    0x0F, 0x0F, 0x0F, 0x0F,
    0x0F, 0x0F, 0x0F, 0x0F,
    0x0F, 0x0F, 0x0F, 0x0F,
    0x0F, 0x0F, 0x0F, 0x0F,
    0xF0, 0xFF, 0xF0, 0xFF,
    0xFF, 0xFF, 0xFF, 0xFF,


/* Tile ID 193, isSolid: false */
    0x00, 0x00, 0x00, 0x00,
    0x00, 0x00, 0x00, 0xD8,
    0x00, 0x00, 0x00, 0x8D,
    0x00, 0x00, 0x00, 0x8D,
    0x00, 0x00, 0x00, 0x8D,
    0x00, 0x00, 0x00, 0x8D,
    0x00, 0x00, 0x08, 0xDD,
    0x00, 0x00, 0xD8, 0x68,

    0xFF, 0xFF, 0xFF, 0xFF,
    0xFF, 0xFF, 0xFF, 0x00,
    0xFF, 0xFF, 0xFF, 0x00,
    0xFF, 0xFF, 0xFF, 0x00,
    0xFF, 0xFF, 0xFF, 0x00,
    0xFF, 0xFF, 0xFF, 0x00,
    0xFF, 0xFF, 0xF0, 0x00,
    0xFF, 0xFF, 0x00, 0x00,

    0x00, 0x00, 0x00, 0x00,
    0x8D, 0x00, 0x00, 0x00,
    0xD8, 0x00, 0x00, 0x00,
    0xD8, 0x00, 0x00, 0x00,
    0xD8, 0x00, 0x00, 0x00,
    0xD8, 0x00, 0x00, 0x00,
    0xDD, 0x80, 0x00, 0x00,
    0x86, 0x8D, 0x00, 0x00,

    0xFF, 0xFF, 0xFF, 0xFF,
    0x00, 0xFF, 0xFF, 0xFF,
    0x00, 0xFF, 0xFF, 0xFF,
    0x00, 0xFF, 0xFF, 0xFF,
    0x00, 0xFF, 0xFF, 0xFF,
    0x00, 0xFF, 0xFF, 0xFF,
    0x00, 0x0F, 0xFF, 0xFF,
    0x00, 0x00, 0xFF, 0xFF,


/* Tile ID 194, isSolid: false */
    0x00, 0x00, 0x00, 0x00,
    0xD0, 0x00, 0x00, 0x00,
    0x80, 0x00, 0x00, 0x00,
    0x80, 0x00, 0x00, 0x00,
    0x80, 0x00, 0x00, 0x00,
    0x80, 0x00, 0x00, 0x00,
    0xD8, 0x00, 0x00, 0x00,
    0x68, 0xD0, 0x00, 0x00,

    0xFF, 0xFF, 0xFF, 0xFF,
    0x0F, 0xFF, 0xFF, 0xFF,
    0x0F, 0xFF, 0xFF, 0xFF,
    0x0F, 0xFF, 0xFF, 0xFF,
    0x0F, 0xFF, 0xFF, 0xFF,
    0x0F, 0xFF, 0xFF, 0xFF,
    0x00, 0xFF, 0xFF, 0xFF,
    0x00, 0x0F, 0xFF, 0xFF,

    0x00, 0x00, 0x00, 0x00,
    0x00, 0x00, 0x00, 0x0D,
    0x00, 0x00, 0x00, 0x08,
    0x00, 0x00, 0x00, 0x08,
    0x00, 0x00, 0x00, 0x08,
    0x00, 0x00, 0x00, 0x08,
    0x00, 0x00, 0x00, 0x8D,
    0x00, 0x00, 0x0D, 0x86,

    0xFF, 0xFF, 0xFF, 0xFF,
    0xFF, 0xFF, 0xFF, 0xF0,
    0xFF, 0xFF, 0xFF, 0xF0,
    0xFF, 0xFF, 0xFF, 0xF0,
    0xFF, 0xFF, 0xFF, 0xF0,
    0xFF, 0xFF, 0xFF, 0xF0,
    0xFF, 0xFF, 0xFF, 0x00,
    0xFF, 0xFF, 0xF0, 0x00,


/* Tile ID 195, isSolid: false */
    0x00, 0x00, 0x00, 0x00,
    0x00, 0x00, 0x00, 0x00,
    0x00, 0x00, 0x00, 0x00,
    0x00, 0x00, 0x00, 0x00,
    0x00, 0x00, 0x00, 0x00,
    0x00, 0x00, 0x00, 0x08,
    0x00, 0x00, 0x88, 0x86,
    0x00, 0x08, 0xD8, 0x86,

    0xFF, 0xFF, 0xFF, 0xFF,
    0xFF, 0xFF, 0xFF, 0xFF,
    0xFF, 0xFF, 0xFF, 0xFF,
    0xFF, 0xFF, 0xFF, 0xFF,
    0xFF, 0xFF, 0xFF, 0xFF,
    0xFF, 0xFF, 0xFF, 0xF0,
    0xFF, 0xFF, 0x00, 0x00,
    0xFF, 0xF0, 0x00, 0x00,

    0x00, 0x00, 0x00, 0x00,
    0x00, 0x00, 0x00, 0x00,
    0x00, 0x00, 0x00, 0x00,
    0x00, 0x00, 0x00, 0x00,
    0x00, 0x00, 0x00, 0x00,
    0x80, 0x00, 0x00, 0x00,
    0x68, 0x88, 0x00, 0x00,
    0x68, 0x8D, 0x80, 0x00,

    0xFF, 0xFF, 0xFF, 0xFF,
    0xFF, 0xFF, 0xFF, 0xFF,
    0xFF, 0xFF, 0xFF, 0xFF,
    0xFF, 0xFF, 0xFF, 0xFF,
    0xFF, 0xFF, 0xFF, 0xFF,
    0x0F, 0xFF, 0xFF, 0xFF,
    0x00, 0x00, 0xFF, 0xFF,
    0x00, 0x00, 0x0F, 0xFF,


/* Tile ID 196, isSolid: false */
    0x00, 0x00, 0x00, 0x00,
    0x00, 0xD8, 0x00, 0x00,
    0x08, 0xDD, 0x00, 0x00,
    0x08, 0xD8, 0x00, 0x00,
    0x8D, 0x88, 0x00, 0x00,
    0xDD, 0x80, 0x00, 0x00,
    0xDD, 0xD0, 0x00, 0x00,
    0x86, 0x80, 0x00, 0x00,

    0xFF, 0xFF, 0xFF, 0xFF,
    0xFF, 0x00, 0xFF, 0xFF,
    0xF0, 0x00, 0xFF, 0xFF,
    0xF0, 0x00, 0xFF, 0xFF,
    0x00, 0x00, 0xFF, 0xFF,
    0x00, 0x0F, 0xFF, 0xFF,
    0x00, 0x0F, 0xFF, 0xFF,
    0x00, 0x0F, 0xFF, 0xFF,

    0x00, 0x00, 0x00, 0x00,
    0x00, 0x00, 0x8D, 0x00,
    0x00, 0x00, 0xDD, 0x80,
    0x00, 0x00, 0x8D, 0x80,
    0x00, 0x00, 0x88, 0xD8,
    0x00, 0x00, 0x08, 0xDD,
    0x00, 0x00, 0x0D, 0xDD,
    0x00, 0x00, 0x08, 0x68,

    0xFF, 0xFF, 0xFF, 0xFF,
    0xFF, 0xFF, 0x00, 0xFF,
    0xFF, 0xFF, 0x00, 0x0F,
    0xFF, 0xFF, 0x00, 0x0F,
    0xFF, 0xFF, 0x00, 0x00,
    0xFF, 0xFF, 0xF0, 0x00,
    0xFF, 0xFF, 0xF0, 0x00,
    0xFF, 0xFF, 0xF0, 0x00,


/* Tile ID 197, isSolid: false */
    0x00, 0x00, 0x00, 0x00,
    0x00, 0x00, 0x00, 0x00,
    0x00, 0x00, 0x00, 0x00,
    0x00, 0x00, 0x00, 0x00,
    0x00, 0x00, 0x00, 0x00,
    0x00, 0x00, 0x00, 0x00,
    0x00, 0x88, 0x88, 0x88,
    0x00, 0x88, 0x88, 0x86,

    0xFF, 0xFF, 0xFF, 0xFF,
    0xFF, 0xFF, 0xFF, 0xFF,
    0xFF, 0xFF, 0xFF, 0xFF,
    0xFF, 0xFF, 0xFF, 0xFF,
    0xFF, 0xFF, 0xFF, 0xFF,
    0xFF, 0xFF, 0xFF, 0xFF,
    0xFF, 0x00, 0x00, 0x00,
    0xFF, 0x00, 0x00, 0x00,

    0x00, 0x00, 0x00, 0x00,
    0x00, 0x00, 0x00, 0x00,
    0x00, 0x00, 0x00, 0x00,
    0x00, 0x00, 0x00, 0x00,
    0x00, 0x00, 0x00, 0x00,
    0x00, 0x00, 0x00, 0x00,
    0x88, 0x88, 0x88, 0x00,
    0x68, 0x88, 0x88, 0x00,

    0xFF, 0xFF, 0xFF, 0xFF,
    0xFF, 0xFF, 0xFF, 0xFF,
    0xFF, 0xFF, 0xFF, 0xFF,
    0xFF, 0xFF, 0xFF, 0xFF,
    0xFF, 0xFF, 0xFF, 0xFF,
    0xFF, 0xFF, 0xFF, 0xFF,
    0x00, 0x00, 0x00, 0xFF,
    0x00, 0x00, 0x00, 0xFF,


/* Tile ID 198, isSolid: false */
    0x00, 0x00, 0x00, 0x00,
    0x00, 0x00, 0x00, 0x00,
    0x00, 0x0D, 0x00, 0x00,
    0x00, 0x8D, 0x80, 0x00,
    0x08, 0xDD, 0x80, 0x00,
    0x88, 0xD8, 0x00, 0x00,
    0xDD, 0x80, 0x00, 0x00,
    0x8D, 0x80, 0x00, 0x00,

    0xFF, 0xFF, 0xFF, 0xFF,
    0xFF, 0xFF, 0xFF, 0xFF,
    0xFF, 0xF0, 0xFF, 0xFF,
    0xFF, 0x00, 0x0F, 0xFF,
    0xF0, 0x00, 0x0F, 0xFF,
    0x00, 0x00, 0xFF, 0xFF,
    0x00, 0x0F, 0xFF, 0xFF,
    0x00, 0x0F, 0xFF, 0xFF,

    0x00, 0x00, 0x00, 0x00,
    0x00, 0x00, 0x00, 0x00,
    0x00, 0x00, 0xD0, 0x00,
    0x00, 0x08, 0xD8, 0x00,
    0x00, 0x08, 0xDD, 0x80,
    0x00, 0x00, 0x8D, 0x88,
    0x00, 0x00, 0x08, 0xDD,
    0x00, 0x00, 0x08, 0xD8,

    0xFF, 0xFF, 0xFF, 0xFF,
    0xFF, 0xFF, 0xFF, 0xFF,
    0xFF, 0xFF, 0x0F, 0xFF,
    0xFF, 0xF0, 0x00, 0xFF,
    0xFF, 0xF0, 0x00, 0x0F,
    0xFF, 0xFF, 0x00, 0x00,
    0xFF, 0xFF, 0xF0, 0x00,
    0xFF, 0xFF, 0xF0, 0x00,


/* Tile ID 199, isSolid: false */
    0x00, 0x00, 0x00, 0x00,
    0x00, 0x00, 0x00, 0x00,
    0x00, 0x00, 0x00, 0x00,
    0x00, 0x00, 0x00, 0x00,
    0x00, 0x00, 0x00, 0x00,
    0x00, 0x88, 0xD8, 0xD0,
    0x00, 0x88, 0x88, 0x88,
    0x00, 0x00, 0x00, 0x66,

    0xFF, 0xFF, 0xFF, 0xFF,
    0xFF, 0xFF, 0xFF, 0xFF,
    0xFF, 0xFF, 0xFF, 0xFF,
    0xFF, 0xFF, 0xFF, 0xFF,
    0xFF, 0xFF, 0xFF, 0xFF,
    0xFF, 0x00, 0x00, 0x0F,
    0xFF, 0x00, 0x00, 0x00,
    0xFF, 0xFF, 0xFF, 0x00,

    0x00, 0x00, 0x00, 0x00,
    0x00, 0x00, 0x00, 0x00,
    0x00, 0x00, 0x00, 0x00,
    0x00, 0x00, 0x00, 0x00,
    0x00, 0x00, 0x00, 0x00,
    0x0D, 0x8D, 0x88, 0x00,
    0x88, 0x88, 0x88, 0x00,
    0x66, 0x00, 0x00, 0x00,

    0xFF, 0xFF, 0xFF, 0xFF,
    0xFF, 0xFF, 0xFF, 0xFF,
    0xFF, 0xFF, 0xFF, 0xFF,
    0xFF, 0xFF, 0xFF, 0xFF,
    0xFF, 0xFF, 0xFF, 0xFF,
    0xF0, 0x00, 0x00, 0xFF,
    0x00, 0x00, 0x00, 0xFF,
    0x00, 0xFF, 0xFF, 0xFF,


/* Tile ID 200, isSolid: false */
    0x00, 0x00, 0x00, 0x00,
    0x00, 0x00, 0x00, 0x00,
    0x00, 0x00, 0x00, 0x00,
    0x00, 0x00, 0xD0, 0x00,
    0x00, 0x08, 0xD8, 0x00,
    0x88, 0x8D, 0xDD, 0x00,
    0xDD, 0xD8, 0x80, 0x00,
    0xDD, 0x80, 0x00, 0x00,

    0xFF, 0xFF, 0xFF, 0xFF,
    0xFF, 0xFF, 0xFF, 0xFF,
    0xFF, 0xFF, 0xFF, 0xFF,
    0xFF, 0xFF, 0x0F, 0xFF,
    0xFF, 0xF0, 0x00, 0xFF,
    0x00, 0x00, 0x00, 0xFF,
    0x00, 0x00, 0x0F, 0xFF,
    0x00, 0x0F, 0xFF, 0xFF,

    0x00, 0x00, 0x00, 0x00,
    0x00, 0x00, 0x00, 0x00,
    0x00, 0x00, 0x00, 0x00,
    0x00, 0x0D, 0x00, 0x00,
    0x00, 0x8D, 0x80, 0x00,
    0x00, 0xDD, 0xD8, 0x88,
    0x00, 0x08, 0x8D, 0xDD,
    0x00, 0x00, 0x08, 0xDD,

    0xFF, 0xFF, 0xFF, 0xFF,
    0xFF, 0xFF, 0xFF, 0xFF,
    0xFF, 0xFF, 0xFF, 0xFF,
    0xFF, 0xF0, 0xFF, 0xFF,
    0xFF, 0x00, 0x0F, 0xFF,
    0xFF, 0x00, 0x00, 0x00,
    0xFF, 0xF0, 0x00, 0x00,
    0xFF, 0xFF, 0xF0, 0x00,


/* Tile ID 201, isSolid: false */
    0x00, 0x00, 0x00, 0x00,
    0x00, 0x00, 0x00, 0x00,
    0x00, 0x00, 0x00, 0x00,
    0x00, 0x08, 0x88, 0x00,
    0x00, 0x00, 0x8D, 0x80,
    0x00, 0x00, 0x08, 0x8D,
    0x00, 0x00, 0x00, 0x88,
    0x00, 0x00, 0x06, 0x66,

    0xFF, 0xFF, 0xFF, 0xFF,
    0xFF, 0xFF, 0xFF, 0xFF,
    0xFF, 0xFF, 0xFF, 0xFF,
    0xFF, 0xF0, 0x00, 0xFF,
    0xFF, 0xFF, 0x00, 0x0F,
    0xFF, 0xFF, 0xF0, 0x00,
    0xFF, 0xFF, 0xFF, 0x00,
    0xFF, 0xFF, 0xF0, 0x00,

    0x00, 0x00, 0x00, 0x00,
    0x00, 0x00, 0x00, 0x00,
    0x00, 0x00, 0x00, 0x00,
    0x00, 0x88, 0x80, 0x00,
    0x08, 0xD8, 0x00, 0x00,
    0xD8, 0x80, 0x00, 0x00,
    0x88, 0x00, 0x00, 0x00,
    0x66, 0x60, 0x00, 0x00,

    0xFF, 0xFF, 0xFF, 0xFF,
    0xFF, 0xFF, 0xFF, 0xFF,
    0xFF, 0xFF, 0xFF, 0xFF,
    0xFF, 0x00, 0x0F, 0xFF,
    0xF0, 0x00, 0xFF, 0xFF,
    0x00, 0x0F, 0xFF, 0xFF,
    0x00, 0xFF, 0xFF, 0xFF,
    0x00, 0x0F, 0xFF, 0xFF,


/* Tile ID 202, isSolid: false */
    0x00, 0x00, 0x00, 0x00,
    0x00, 0x00, 0x00, 0x00,
    0x00, 0x00, 0x00, 0x00,
    0x00, 0x00, 0x00, 0x00,
    0x00, 0x00, 0x00, 0x00,
    0x00, 0x00, 0x00, 0x00,
    0x80, 0x00, 0x00, 0x00,
    0xD8, 0x88, 0x8D, 0x00,

    0xFF, 0xFF, 0xFF, 0xFF,
    0xFF, 0xFF, 0xFF, 0xFF,
    0xFF, 0xFF, 0xFF, 0xFF,
    0xFF, 0xFF, 0xFF, 0xFF,
    0xFF, 0xFF, 0xFF, 0xFF,
    0xFF, 0xFF, 0xFF, 0xFF,
    0x0F, 0xFF, 0xFF, 0xFF,
    0x00, 0x00, 0x00, 0xFF,

    0x00, 0x00, 0x00, 0x00,
    0x00, 0x00, 0x00, 0x00,
    0x00, 0x00, 0x00, 0x00,
    0x00, 0x00, 0x00, 0x00,
    0x00, 0x00, 0x00, 0x00,
    0x00, 0x00, 0x00, 0x00,
    0x00, 0x00, 0x00, 0x08,
    0x00, 0xD8, 0x88, 0x8D,

    0xFF, 0xFF, 0xFF, 0xFF,
    0xFF, 0xFF, 0xFF, 0xFF,
    0xFF, 0xFF, 0xFF, 0xFF,
    0xFF, 0xFF, 0xFF, 0xFF,
    0xFF, 0xFF, 0xFF, 0xFF,
    0xFF, 0xFF, 0xFF, 0xFF,
    0xFF, 0xFF, 0xFF, 0xF0,
    0xFF, 0x00, 0x00, 0x00,


/* Tile ID 203, isSolid: false */
    0x00, 0x00, 0x00, 0x00,
    0x00, 0x00, 0x00, 0x50,
    0x00, 0x00, 0x00, 0xA0,
    0x00, 0x00, 0x00, 0xA5,
    0x00, 0x50, 0x00, 0x5A,
    0x00, 0xA5, 0x00, 0x5A,
    0x00, 0x50, 0x00, 0x5A,
    0x00, 0x55, 0x00, 0x55,

    0xFF, 0xFF, 0xFF, 0xFF,
    0xFF, 0xFF, 0xFF, 0x0F,
    0xFF, 0xFF, 0xFF, 0x0F,
    0xFF, 0xFF, 0xFF, 0x00,
    0xFF, 0x0F, 0xFF, 0x00,
    0xFF, 0x00, 0xFF, 0x00,
    0xFF, 0x0F, 0xFF, 0x00,
    0xFF, 0x00, 0xFF, 0x00,

    0x00, 0x00, 0x00, 0x00,
    0x05, 0x00, 0x00, 0x00,
    0x0A, 0x00, 0x00, 0x00,
    0x5A, 0x00, 0x00, 0x00,
    0xA5, 0x00, 0x05, 0x00,
    0xA5, 0x00, 0x5A, 0x00,
    0xA5, 0x00, 0x05, 0x00,
    0x55, 0x00, 0x55, 0x00,

    0xFF, 0xFF, 0xFF, 0xFF,
    0xF0, 0xFF, 0xFF, 0xFF,
    0xF0, 0xFF, 0xFF, 0xFF,
    0x00, 0xFF, 0xFF, 0xFF,
    0x00, 0xFF, 0xF0, 0xFF,
    0x00, 0xFF, 0x00, 0xFF,
    0x00, 0xFF, 0xF0, 0xFF,
    0x00, 0xFF, 0x00, 0xFF,


/* Tile ID 204, isSolid: false */
    0x00, 0x00, 0x00, 0x00,
    0x50, 0x00, 0x00, 0x00,
    0xA0, 0x00, 0x00, 0x00,
    0xA0, 0x00, 0x00, 0x00,
    0x50, 0x00, 0x50, 0x00,
    0x50, 0x05, 0xA0, 0x00,
    0x50, 0x00, 0x50, 0x00,
    0x50, 0x05, 0x50, 0x00,

    0xFF, 0xFF, 0xFF, 0xFF,
    0x0F, 0xFF, 0xFF, 0xFF,
    0x0F, 0xFF, 0xFF, 0xFF,
    0x0F, 0xFF, 0xFF, 0xFF,
    0x0F, 0xFF, 0x0F, 0xFF,
    0x0F, 0xF0, 0x0F, 0xFF,
    0x0F, 0xFF, 0x0F, 0xFF,
    0x0F, 0xF0, 0x0F, 0xFF,

    0x00, 0x00, 0x00, 0x00,
    0x00, 0x00, 0x00, 0x05,
    0x00, 0x00, 0x00, 0x0A,
    0x00, 0x00, 0x00, 0x0A,
    0x00, 0x05, 0x00, 0x05,
    0x00, 0x0A, 0x50, 0x05,
    0x00, 0x05, 0x00, 0x05,
    0x00, 0x05, 0x50, 0x05,

    0xFF, 0xFF, 0xFF, 0xFF,
    0xFF, 0xFF, 0xFF, 0xF0,
    0xFF, 0xFF, 0xFF, 0xF0,
    0xFF, 0xFF, 0xFF, 0xF0,
    0xFF, 0xF0, 0xFF, 0xF0,
    0xFF, 0xF0, 0x0F, 0xF0,
    0xFF, 0xF0, 0xFF, 0xF0,
    0xFF, 0xF0, 0x0F, 0xF0,


/* Tile ID 205, isSolid: false */
    0x00, 0x00, 0x00, 0x00,
    0x00, 0x00, 0x00, 0x00,
    0x00, 0x00, 0x50, 0x00,
    0x00, 0x00, 0xA5, 0x00,
    0x00, 0x05, 0x50, 0x00,
    0x00, 0x05, 0x00, 0x05,
    0x00, 0x05, 0x50, 0x05,
    0x00, 0x05, 0x5A, 0x55,

    0xFF, 0xFF, 0xFF, 0xFF,
    0xFF, 0xFF, 0xFF, 0xFF,
    0xFF, 0xFF, 0x0F, 0xFF,
    0xFF, 0xFF, 0x00, 0xFF,
    0xFF, 0xF0, 0x0F, 0xFF,
    0xFF, 0xF0, 0xFF, 0xF0,
    0xFF, 0xF0, 0x0F, 0xF0,
    0xFF, 0xF0, 0x00, 0x00,

    0x00, 0x00, 0x00, 0x00,
    0x00, 0x00, 0x00, 0x00,
    0x00, 0x05, 0x00, 0x00,
    0x00, 0x5A, 0x00, 0x00,
    0x00, 0x05, 0x50, 0x00,
    0x50, 0x00, 0x50, 0x00,
    0x50, 0x05, 0x50, 0x00,
    0x55, 0xA5, 0x50, 0x00,

    0xFF, 0xFF, 0xFF, 0xFF,
    0xFF, 0xFF, 0xFF, 0xFF,
    0xFF, 0xF0, 0xFF, 0xFF,
    0xFF, 0x00, 0xFF, 0xFF,
    0xFF, 0xF0, 0x0F, 0xFF,
    0x0F, 0xFF, 0x0F, 0xFF,
    0x0F, 0xF0, 0x0F, 0xFF,
    0x00, 0x00, 0x0F, 0xFF,


/* Tile ID 206, isSolid: false */
    0x00, 0x00, 0x00, 0x00,
    0x00, 0x00, 0x00, 0x00,
    0x55, 0x00, 0x00, 0x00,
    0xA0, 0x50, 0x00, 0x00,
    0xA5, 0xA0, 0x00, 0x00,
    0xAA, 0x00, 0x00, 0x00,
    0xA5, 0x00, 0x05, 0x00,
    0x55, 0x00, 0x5A, 0x00,

    0xFF, 0xFF, 0xFF, 0xFF,
    0xFF, 0xFF, 0xFF, 0xFF,
    0x00, 0xFF, 0xFF, 0xFF,
    0x0F, 0x0F, 0xFF, 0xFF,
    0x00, 0x0F, 0xFF, 0xFF,
    0x00, 0xFF, 0xFF, 0xFF,
    0x00, 0xFF, 0xF0, 0xFF,
    0x00, 0xFF, 0x00, 0xFF,

    0x00, 0x00, 0x00, 0x00,
    0x00, 0x00, 0x00, 0x00,
    0x00, 0x00, 0x00, 0x55,
    0x00, 0x00, 0x05, 0x0A,
    0x00, 0x00, 0x0A, 0x5A,
    0x00, 0x00, 0x00, 0xAA,
    0x00, 0x50, 0x00, 0x5A,
    0x00, 0xA5, 0x00, 0x55,

    0xFF, 0xFF, 0xFF, 0xFF,
    0xFF, 0xFF, 0xFF, 0xFF,
    0xFF, 0xFF, 0xFF, 0x00,
    0xFF, 0xFF, 0xF0, 0xF0,
    0xFF, 0xFF, 0xF0, 0x00,
    0xFF, 0xFF, 0xFF, 0x00,
    0xFF, 0x0F, 0xFF, 0x00,
    0xFF, 0x00, 0xFF, 0x00,


/* Tile ID 207, isSolid: false */
    0x00, 0x00, 0x00, 0x00,
    0x00, 0x00, 0x00, 0x00,
    0x00, 0x00, 0x0A, 0x50,
    0x00, 0x00, 0x55, 0x50,
    0x00, 0x00, 0x50, 0x00,
    0x00, 0x00, 0x50, 0x00,
    0x00, 0x00, 0x5A, 0x05,
    0x00, 0x05, 0x55, 0x55,

    0xFF, 0xFF, 0xFF, 0xFF,
    0xFF, 0xFF, 0xFF, 0xFF,
    0xFF, 0xFF, 0xF0, 0x0F,
    0xFF, 0xFF, 0x00, 0x0F,
    0xFF, 0xFF, 0x0F, 0xFF,
    0xFF, 0xFF, 0x0F, 0xFF,
    0xFF, 0xFF, 0x00, 0xF0,
    0xFF, 0xF0, 0x00, 0x00,

    0x00, 0x00, 0x00, 0x00,
    0x00, 0x00, 0x00, 0x00,
    0x05, 0xA0, 0x00, 0x00,
    0x05, 0x55, 0x00, 0x00,
    0x00, 0x05, 0x00, 0x00,
    0x00, 0x05, 0x00, 0x00,
    0x50, 0xA5, 0x00, 0x00,
    0x55, 0x55, 0x50, 0x00,

    0xFF, 0xFF, 0xFF, 0xFF,
    0xFF, 0xFF, 0xFF, 0xFF,
    0xF0, 0x0F, 0xFF, 0xFF,
    0xF0, 0x00, 0xFF, 0xFF,
    0xFF, 0xF0, 0xFF, 0xFF,
    0xFF, 0xF0, 0xFF, 0xFF,
    0x0F, 0x00, 0xFF, 0xFF,
    0x00, 0x00, 0x0F, 0xFF,


/* Tile ID 208, isSolid: false */
    0x00, 0x00, 0x00, 0x00,
    0x00, 0x00, 0x00, 0x00,
    0x00, 0x00, 0x00, 0x00,
    0x00, 0x50, 0x00, 0x00,
    0x0A, 0x05, 0x50, 0x00,
    0x5A, 0x5A, 0x00, 0x00,
    0x5A, 0xA0, 0x00, 0x00,
    0x55, 0x00, 0x00, 0x00,

    0xFF, 0xFF, 0xFF, 0xFF,
    0xFF, 0xFF, 0xFF, 0xFF,
    0xFF, 0xFF, 0xFF, 0xFF,
    0xFF, 0x0F, 0xFF, 0xFF,
    0xF0, 0xF0, 0x0F, 0xFF,
    0x00, 0x00, 0xFF, 0xFF,
    0x00, 0x0F, 0xFF, 0xFF,
    0x00, 0xFF, 0xFF, 0xFF,

    0x00, 0x00, 0x00, 0x00,
    0x00, 0x00, 0x00, 0x00,
    0x00, 0x00, 0x00, 0x00,
    0x00, 0x00, 0x05, 0x00,
    0x00, 0x05, 0x50, 0xA0,
    0x00, 0x00, 0xA5, 0xA5,
    0x00, 0x00, 0x0A, 0xA5,
    0x00, 0x00, 0x00, 0x55,

    0xFF, 0xFF, 0xFF, 0xFF,
    0xFF, 0xFF, 0xFF, 0xFF,
    0xFF, 0xFF, 0xFF, 0xFF,
    0xFF, 0xFF, 0xF0, 0xFF,
    0xFF, 0xF0, 0x0F, 0x0F,
    0xFF, 0xFF, 0x00, 0x00,
    0xFF, 0xFF, 0xF0, 0x00,
    0xFF, 0xFF, 0xFF, 0x00,


/* Tile ID 209, isSolid: false */
    0x00, 0x00, 0x00, 0x00,
    0x00, 0x00, 0x00, 0x00,
    0x00, 0x00, 0x00, 0x55,
    0x00, 0x00, 0x05, 0x50,
    0x00, 0x00, 0x55, 0x00,
    0x00, 0x05, 0x5A, 0x00,
    0x00, 0x55, 0x5A, 0x55,
    0x00, 0x5D, 0x5A, 0xA5,

    0xFF, 0xFF, 0xFF, 0xFF,
    0xFF, 0xFF, 0xFF, 0xFF,
    0xFF, 0xFF, 0xFF, 0x00,
    0xFF, 0xFF, 0xF0, 0x0F,
    0xFF, 0xFF, 0x00, 0xFF,
    0xFF, 0xF0, 0x00, 0xFF,
    0xFF, 0x00, 0x00, 0x00,
    0xFF, 0x00, 0x00, 0x00,

    0x00, 0x00, 0x00, 0x00,
    0x00, 0x00, 0x00, 0x00,
    0x55, 0x00, 0x00, 0x00,
    0x05, 0x50, 0x00, 0x00,
    0x00, 0x55, 0x00, 0x00,
    0x00, 0xA5, 0x50, 0x00,
    0x55, 0xA5, 0x55, 0x00,
    0x5A, 0xA5, 0xD5, 0x00,

    0xFF, 0xFF, 0xFF, 0xFF,
    0xFF, 0xFF, 0xFF, 0xFF,
    0x00, 0xFF, 0xFF, 0xFF,
    0xF0, 0x0F, 0xFF, 0xFF,
    0xFF, 0x00, 0xFF, 0xFF,
    0xFF, 0x00, 0x0F, 0xFF,
    0x00, 0x00, 0x00, 0xFF,
    0x00, 0x00, 0x00, 0xFF,


/* Tile ID 210, isSolid: false */
    0x00, 0x00, 0x00, 0x00,
    0x00, 0x00, 0x00, 0x00,
    0x50, 0x00, 0x00, 0x00,
    0x00, 0x00, 0x00, 0x00,
    0x00, 0x00, 0x00, 0x00,
    0x00, 0xA5, 0x00, 0x00,
    0x5A, 0x50, 0x00, 0x00,
    0xAA, 0xAA, 0x50, 0x00,

    0xFF, 0xFF, 0xFF, 0xFF,
    0xFF, 0xFF, 0xFF, 0xFF,
    0x0F, 0xFF, 0xFF, 0xFF,
    0xFF, 0xFF, 0xFF, 0xFF,
    0xFF, 0xFF, 0xFF, 0xFF,
    0xFF, 0x00, 0xFF, 0xFF,
    0x00, 0x0F, 0xFF, 0xFF,
    0x00, 0x00, 0x0F, 0xFF,

    0x00, 0x00, 0x00, 0x00,
    0x00, 0x00, 0x00, 0x00,
    0x00, 0x00, 0x00, 0x05,
    0x00, 0x00, 0x00, 0x00,
    0x00, 0x00, 0x00, 0x00,
    0x00, 0x00, 0x5A, 0x00,
    0x00, 0x00, 0x05, 0xA5,
    0x00, 0x05, 0xAA, 0xAA,

    0xFF, 0xFF, 0xFF, 0xFF,
    0xFF, 0xFF, 0xFF, 0xFF,
    0xFF, 0xFF, 0xFF, 0xF0,
    0xFF, 0xFF, 0xFF, 0xFF,
    0xFF, 0xFF, 0xFF, 0xFF,
    0xFF, 0xFF, 0x00, 0xFF,
    0xFF, 0xFF, 0xF0, 0x00,
    0xFF, 0xF0, 0x00, 0x00,


/* Tile ID 211, isSolid: false */
    0x00, 0x00, 0x00, 0x00,
    0x00, 0x00, 0x00, 0x00,
    0x00, 0x00, 0x00, 0x05,
    0x00, 0x00, 0x05, 0x55,
    0x00, 0x05, 0x55, 0xA0,
    0x00, 0x55, 0x55, 0xA0,
    0x00, 0xDD, 0x5A, 0x55,
    0x00, 0xD5, 0x05, 0xA5,

    0xFF, 0xFF, 0xFF, 0xFF,
    0xFF, 0xFF, 0xFF, 0xFF,
    0xFF, 0xFF, 0xFF, 0xF0,
    0xFF, 0xFF, 0xF0, 0x00,
    0xFF, 0xF0, 0x00, 0x0F,
    0xFF, 0x00, 0x00, 0x0F,
    0xFF, 0x00, 0x00, 0x00,
    0xFF, 0x00, 0xF0, 0x00,

    0x00, 0x00, 0x00, 0x00,
    0x00, 0x00, 0x00, 0x00,
    0x50, 0x00, 0x00, 0x00,
    0x55, 0x50, 0x00, 0x00,
    0x0A, 0x55, 0x50, 0x00,
    0x0A, 0x55, 0x55, 0x00,
    0x55, 0xA5, 0xDD, 0x00,
    0x5A, 0x50, 0x5D, 0x00,

    0xFF, 0xFF, 0xFF, 0xFF,
    0xFF, 0xFF, 0xFF, 0xFF,
    0x0F, 0xFF, 0xFF, 0xFF,
    0x00, 0x0F, 0xFF, 0xFF,
    0xF0, 0x00, 0x0F, 0xFF,
    0xF0, 0x00, 0x00, 0xFF,
    0x00, 0x00, 0x00, 0xFF,
    0x00, 0x0F, 0x00, 0xFF,


/* Tile ID 212, isSolid: false */
    0x00, 0x00, 0x00, 0x00,
    0x00, 0x00, 0x00, 0x00,
    0x5A, 0x50, 0x00, 0x00,
    0x05, 0x00, 0x00, 0x00,
    0x00, 0x00, 0x00, 0x00,
    0x00, 0x00, 0x00, 0x00,
    0x55, 0xAA, 0x50, 0x00,
    0xAA, 0x50, 0x00, 0x00,

    0xFF, 0xFF, 0xFF, 0xFF,
    0xFF, 0xFF, 0xFF, 0xFF,
    0x00, 0x0F, 0xFF, 0xFF,
    0xF0, 0xFF, 0xFF, 0xFF,
    0xFF, 0xFF, 0xFF, 0xFF,
    0xFF, 0xFF, 0xFF, 0xFF,
    0x00, 0x00, 0x0F, 0xFF,
    0x00, 0x0F, 0xFF, 0xFF,

    0x00, 0x00, 0x00, 0x00,
    0x00, 0x00, 0x00, 0x00,
    0x00, 0x00, 0x05, 0xA5,
    0x00, 0x00, 0x00, 0x50,
    0x00, 0x00, 0x00, 0x00,
    0x00, 0x00, 0x00, 0x00,
    0x00, 0x05, 0xAA, 0x55,
    0x00, 0x00, 0x05, 0xAA,

    0xFF, 0xFF, 0xFF, 0xFF,
    0xFF, 0xFF, 0xFF, 0xFF,
    0xFF, 0xFF, 0xF0, 0x00,
    0xFF, 0xFF, 0xFF, 0x0F,
    0xFF, 0xFF, 0xFF, 0xFF,
    0xFF, 0xFF, 0xFF, 0xFF,
    0xFF, 0xF0, 0x00, 0x00,
    0xFF, 0xFF, 0xF0, 0x00,


/* Tile ID 213, isSolid: false */
    0x00, 0x00, 0x00, 0x00,
    0x00, 0x00, 0x00, 0x00,
    0x00, 0x00, 0x00, 0x00,
    0x00, 0x00, 0x00, 0x0C,
    0x00, 0x08, 0xC0, 0x0C,
    0x00, 0x08, 0xC0, 0x0C,
    0x00, 0x08, 0xC0, 0x0C,
    0x00, 0x08, 0xC0, 0x0C,

    0xFF, 0xFF, 0xFF, 0xFF,
    0xFF, 0xFF, 0xFF, 0xFF,
    0xFF, 0xFF, 0xFF, 0xFF,
    0xFF, 0xFF, 0xFF, 0xF0,
    0xFF, 0xF0, 0x0F, 0xF0,
    0xFF, 0xF0, 0x0F, 0xF0,
    0xFF, 0xF0, 0x0F, 0xF0,
    0xFF, 0xF0, 0x0F, 0xF0,

    0x00, 0x00, 0x00, 0x00,
    0x00, 0x00, 0x00, 0x00,
    0x00, 0x00, 0x00, 0x00,
    0xC0, 0x00, 0x00, 0x00,
    0xC0, 0x0C, 0x80, 0x00,
    0xC0, 0x0C, 0x80, 0x00,
    0xC0, 0x0C, 0x80, 0x00,
    0xC0, 0x0C, 0x80, 0x00,

    0xFF, 0xFF, 0xFF, 0xFF,
    0xFF, 0xFF, 0xFF, 0xFF,
    0xFF, 0xFF, 0xFF, 0xFF,
    0x0F, 0xFF, 0xFF, 0xFF,
    0x0F, 0xF0, 0x0F, 0xFF,
    0x0F, 0xF0, 0x0F, 0xFF,
    0x0F, 0xF0, 0x0F, 0xFF,
    0x0F, 0xF0, 0x0F, 0xFF,


/* Tile ID 214, isSolid: false */
    0x00, 0x00, 0x00, 0x00,
    0x00, 0x00, 0x00, 0x00,
    0x00, 0x00, 0x00, 0x00,
    0x00, 0x00, 0x00, 0x00,
    0x00, 0xC8, 0x00, 0x00,
    0x00, 0xC8, 0x00, 0x00,
    0x00, 0xC8, 0x00, 0x00,
    0x00, 0xC8, 0x00, 0x00,

    0xFF, 0xFF, 0xFF, 0xFF,
    0xFF, 0xFF, 0xFF, 0xFF,
    0xFF, 0xFF, 0xFF, 0xFF,
    0xFF, 0xFF, 0xFF, 0xFF,
    0xFF, 0x00, 0xFF, 0xFF,
    0xFF, 0x00, 0xFF, 0xFF,
    0xFF, 0x00, 0xFF, 0xFF,
    0xFF, 0x00, 0xFF, 0xFF,

    0x00, 0x00, 0x00, 0x00,
    0x00, 0x00, 0x00, 0x00,
    0x00, 0x00, 0x00, 0x00,
    0x00, 0x00, 0x00, 0x00,
    0x00, 0x00, 0x8C, 0x00,
    0x00, 0x00, 0x8C, 0x00,
    0x00, 0x00, 0x8C, 0x00,
    0x00, 0x00, 0x8C, 0x00,

    0xFF, 0xFF, 0xFF, 0xFF,
    0xFF, 0xFF, 0xFF, 0xFF,
    0xFF, 0xFF, 0xFF, 0xFF,
    0xFF, 0xFF, 0xFF, 0xFF,
    0xFF, 0xFF, 0x00, 0xFF,
    0xFF, 0xFF, 0x00, 0xFF,
    0xFF, 0xFF, 0x00, 0xFF,
    0xFF, 0xFF, 0x00, 0xFF,


/* Tile ID 215, isSolid: false */
    0x00, 0x00, 0x00, 0x00,
    0x00, 0x00, 0x00, 0x00,
    0x00, 0x00, 0x00, 0x00,
    0x00, 0x00, 0x08, 0xCC,
    0x00, 0x00, 0x08, 0xC0,
    0x00, 0x00, 0x08, 0xC0,
    0x00, 0x00, 0x8C, 0x00,
    0x00, 0x00, 0x8C, 0x00,

    0xFF, 0xFF, 0xFF, 0xFF,
    0xFF, 0xFF, 0xFF, 0xFF,
    0xFF, 0xFF, 0xFF, 0xFF,
    0xFF, 0xFF, 0xF0, 0x00,
    0xFF, 0xFF, 0xF0, 0x0F,
    0xFF, 0xFF, 0xF0, 0x0F,
    0xFF, 0xFF, 0x00, 0xFF,
    0xFF, 0xFF, 0x00, 0xFF,

    0x00, 0x00, 0x00, 0x00,
    0x00, 0x00, 0x00, 0x00,
    0x00, 0x00, 0x00, 0x00,
    0xCC, 0x80, 0x00, 0x00,
    0x0C, 0x80, 0x00, 0x00,
    0x0C, 0x80, 0x00, 0x00,
    0x00, 0xC8, 0x00, 0x00,
    0x00, 0xC8, 0x00, 0x00,

    0xFF, 0xFF, 0xFF, 0xFF,
    0xFF, 0xFF, 0xFF, 0xFF,
    0xFF, 0xFF, 0xFF, 0xFF,
    0x00, 0x0F, 0xFF, 0xFF,
    0xF0, 0x0F, 0xFF, 0xFF,
    0xF0, 0x0F, 0xFF, 0xFF,
    0xFF, 0x00, 0xFF, 0xFF,
    0xFF, 0x00, 0xFF, 0xFF,


/* Tile ID 216, isSolid: false */
    0x00, 0x00, 0x00, 0x00,
    0x00, 0x00, 0x00, 0x00,
    0x00, 0x00, 0x00, 0x00,
    0x00, 0xC0, 0x00, 0x00,
    0x0C, 0x00, 0x00, 0x00,
    0x0C, 0x00, 0xC0, 0x00,
    0xCC, 0x00, 0xC8, 0x00,
    0xC0, 0x0C, 0x80, 0x00,

    0xFF, 0xFF, 0xFF, 0xFF,
    0xFF, 0xFF, 0xFF, 0xFF,
    0xFF, 0xFF, 0xFF, 0xFF,
    0xFF, 0x0F, 0xFF, 0xFF,
    0xF0, 0xFF, 0xFF, 0xFF,
    0xF0, 0xFF, 0x0F, 0xFF,
    0x00, 0xFF, 0x00, 0xFF,
    0x0F, 0xF0, 0x0F, 0xFF,

    0x00, 0x00, 0x00, 0x00,
    0x00, 0x00, 0x00, 0x00,
    0x00, 0x00, 0x00, 0x00,
    0x00, 0x00, 0x0C, 0x00,
    0x00, 0x00, 0x00, 0xC0,
    0x00, 0x0C, 0x00, 0xC0,
    0x00, 0x8C, 0x00, 0xCC,
    0x00, 0x08, 0xC0, 0x0C,

    0xFF, 0xFF, 0xFF, 0xFF,
    0xFF, 0xFF, 0xFF, 0xFF,
    0xFF, 0xFF, 0xFF, 0xFF,
    0xFF, 0xFF, 0xF0, 0xFF,
    0xFF, 0xFF, 0xFF, 0x0F,
    0xFF, 0xF0, 0xFF, 0x0F,
    0xFF, 0x00, 0xFF, 0x00,
    0xFF, 0xF0, 0x0F, 0xF0,


/* Tile ID 217, isSolid: false */
    0x00, 0x00, 0x00, 0x00,
    0x00, 0x00, 0x00, 0x00,
    0x00, 0x00, 0x00, 0x00,
    0x00, 0x00, 0x00, 0x08,
    0x00, 0x00, 0x00, 0x8C,
    0x00, 0x00, 0x08, 0x8C,
    0x00, 0x00, 0x08, 0xC0,
    0x00, 0x00, 0x8C, 0xC0,

    0xFF, 0xFF, 0xFF, 0xFF,
    0xFF, 0xFF, 0xFF, 0xFF,
    0xFF, 0xFF, 0xFF, 0xFF,
    0xFF, 0xFF, 0xFF, 0xF0,
    0xFF, 0xFF, 0xFF, 0x00,
    0xFF, 0xFF, 0xF0, 0x00,
    0xFF, 0xFF, 0xF0, 0x0F,
    0xFF, 0xFF, 0x00, 0x0F,

    0x00, 0x00, 0x00, 0x00,
    0x00, 0x00, 0x00, 0x00,
    0x00, 0x00, 0x00, 0x00,
    0x80, 0x00, 0x00, 0x00,
    0xC8, 0x00, 0x00, 0x00,
    0xC8, 0x80, 0x00, 0x00,
    0x0C, 0x80, 0x00, 0x00,
    0x0C, 0xC8, 0x00, 0x00,

    0xFF, 0xFF, 0xFF, 0xFF,
    0xFF, 0xFF, 0xFF, 0xFF,
    0xFF, 0xFF, 0xFF, 0xFF,
    0x0F, 0xFF, 0xFF, 0xFF,
    0x00, 0xFF, 0xFF, 0xFF,
    0x00, 0x0F, 0xFF, 0xFF,
    0xF0, 0x0F, 0xFF, 0xFF,
    0xF0, 0x00, 0xFF, 0xFF,


/* Tile ID 218, isSolid: false */
    0x00, 0x00, 0x00, 0x00,
    0x00, 0x00, 0x00, 0x00,
    0x00, 0x00, 0x00, 0x00,
    0xC0, 0x00, 0x00, 0x00,
    0xC0, 0x0C, 0x00, 0x00,
    0x00, 0xCC, 0x00, 0x00,
    0x00, 0xC0, 0x00, 0x00,
    0x0C, 0x00, 0x0C, 0x00,

    0xFF, 0xFF, 0xFF, 0xFF,
    0xFF, 0xFF, 0xFF, 0xFF,
    0xFF, 0xFF, 0xFF, 0xFF,
    0x0F, 0xFF, 0xFF, 0xFF,
    0x0F, 0xF0, 0xFF, 0xFF,
    0xFF, 0x00, 0xFF, 0xFF,
    0xFF, 0x0F, 0xFF, 0xFF,
    0xF0, 0xFF, 0xF0, 0xFF,

    0x00, 0x00, 0x00, 0x00,
    0x00, 0x00, 0x00, 0x00,
    0x00, 0x00, 0x00, 0x00,
    0x00, 0x00, 0x00, 0x0C,
    0x00, 0x00, 0xC0, 0x0C,
    0x00, 0x00, 0xCC, 0x00,
    0x00, 0x00, 0x0C, 0x00,
    0x00, 0xC0, 0x00, 0xC0,

    0xFF, 0xFF, 0xFF, 0xFF,
    0xFF, 0xFF, 0xFF, 0xFF,
    0xFF, 0xFF, 0xFF, 0xFF,
    0xFF, 0xFF, 0xFF, 0xF0,
    0xFF, 0xFF, 0x0F, 0xF0,
    0xFF, 0xFF, 0x00, 0xFF,
    0xFF, 0xFF, 0xF0, 0xFF,
    0xFF, 0x0F, 0xFF, 0x0F,


/* Tile ID 219, isSolid: false */
    0x00, 0x00, 0x00, 0x00,
    0x00, 0x00, 0x00, 0x00,
    0x00, 0x00, 0x00, 0x00,
    0x00, 0x00, 0x00, 0x00,
    0x00, 0x00, 0x00, 0x08,
    0x00, 0x00, 0x08, 0x8C,
    0x00, 0x00, 0x88, 0xCC,
    0x00, 0x08, 0xCC, 0xCC,

    0xFF, 0xFF, 0xFF, 0xFF,
    0xFF, 0xFF, 0xFF, 0xFF,
    0xFF, 0xFF, 0xFF, 0xFF,
    0xFF, 0xFF, 0xFF, 0xFF,
    0xFF, 0xFF, 0xFF, 0xF0,
    0xFF, 0xFF, 0xF0, 0x00,
    0xFF, 0xFF, 0x00, 0x00,
    0xFF, 0xF0, 0x00, 0x00,

    0x00, 0x00, 0x00, 0x00,
    0x00, 0x00, 0x00, 0x00,
    0x00, 0x00, 0x00, 0x00,
    0x00, 0x00, 0x00, 0x00,
    0x80, 0x00, 0x00, 0x00,
    0xC8, 0x80, 0x00, 0x00,
    0xCC, 0x88, 0x00, 0x00,
    0xCC, 0xCC, 0x80, 0x00,

    0xFF, 0xFF, 0xFF, 0xFF,
    0xFF, 0xFF, 0xFF, 0xFF,
    0xFF, 0xFF, 0xFF, 0xFF,
    0xFF, 0xFF, 0xFF, 0xFF,
    0x0F, 0xFF, 0xFF, 0xFF,
    0x00, 0x0F, 0xFF, 0xFF,
    0x00, 0x00, 0xFF, 0xFF,
    0x00, 0x00, 0x0F, 0xFF,


/* Tile ID 220, isSolid: false */
    0x00, 0x00, 0x00, 0x00,
    0x00, 0x00, 0x00, 0x00,
    0x00, 0x00, 0x00, 0x00,
    0x88, 0xC0, 0x00, 0x00,
    0x8C, 0x00, 0x00, 0x00,
    0xC0, 0x00, 0xC0, 0x00,
    0x00, 0x0C, 0xC0, 0x00,
    0x0C, 0xC0, 0x00, 0x00,

    0xFF, 0xFF, 0xFF, 0xFF,
    0xFF, 0xFF, 0xFF, 0xFF,
    0xFF, 0xFF, 0xFF, 0xFF,
    0x00, 0x0F, 0xFF, 0xFF,
    0x00, 0xFF, 0xFF, 0xFF,
    0x0F, 0xFF, 0x0F, 0xFF,
    0xFF, 0xF0, 0x0F, 0xFF,
    0xF0, 0x0F, 0xFF, 0xFF,

    0x00, 0x00, 0x00, 0x00,
    0x00, 0x00, 0x00, 0x00,
    0x00, 0x00, 0x00, 0x00,
    0x00, 0x00, 0x0C, 0x88,
    0x00, 0x00, 0x00, 0xC8,
    0x00, 0x0C, 0x00, 0x0C,
    0x00, 0x0C, 0xC0, 0x00,
    0x00, 0x00, 0x0C, 0xC0,

    0xFF, 0xFF, 0xFF, 0xFF,
    0xFF, 0xFF, 0xFF, 0xFF,
    0xFF, 0xFF, 0xFF, 0xFF,
    0xFF, 0xFF, 0xF0, 0x00,
    0xFF, 0xFF, 0xFF, 0x00,
    0xFF, 0xF0, 0xFF, 0xF0,
    0xFF, 0xF0, 0x0F, 0xFF,
    0xFF, 0xFF, 0xF0, 0x0F,


/* Tile ID 221, isSolid: false */
    0x00, 0x00, 0x00, 0x00,
    0x00, 0x00, 0x00, 0x00,
    0x00, 0x00, 0x00, 0x00,
    0x00, 0x00, 0x00, 0x00,
    0x00, 0x00, 0x00, 0x00,
    0x00, 0x00, 0x88, 0x88,
    0x00, 0x08, 0x8C, 0xCC,
    0x00, 0x68, 0xC8, 0x8C,

    0xFF, 0xFF, 0xFF, 0xFF,
    0xFF, 0xFF, 0xFF, 0xFF,
    0xFF, 0xFF, 0xFF, 0xFF,
    0xFF, 0xFF, 0xFF, 0xFF,
    0xFF, 0xFF, 0xFF, 0xFF,
    0xFF, 0xFF, 0x00, 0x00,
    0xFF, 0xF0, 0x00, 0x00,
    0xFF, 0x00, 0x00, 0x00,

    0x00, 0x00, 0x00, 0x00,
    0x00, 0x00, 0x00, 0x00,
    0x00, 0x00, 0x00, 0x00,
    0x00, 0x00, 0x00, 0x00,
    0x00, 0x00, 0x00, 0x00,
    0x88, 0x88, 0x00, 0x00,
    0xCC, 0xC8, 0x80, 0x00,
    0xC8, 0x8C, 0x86, 0x00,

    0xFF, 0xFF, 0xFF, 0xFF,
    0xFF, 0xFF, 0xFF, 0xFF,
    0xFF, 0xFF, 0xFF, 0xFF,
    0xFF, 0xFF, 0xFF, 0xFF,
    0xFF, 0xFF, 0xFF, 0xFF,
    0x00, 0x00, 0xFF, 0xFF,
    0x00, 0x00, 0x0F, 0xFF,
    0x00, 0x00, 0x00, 0xFF,


/* Tile ID 222, isSolid: false */
    0x00, 0x00, 0x00, 0x00,
    0x00, 0x00, 0x00, 0x00,
    0x00, 0x00, 0x00, 0x00,
    0x00, 0x00, 0x00, 0x00,
    0x00, 0x00, 0x00, 0x00,
    0x88, 0x88, 0x80, 0x00,
    0xCC, 0xCC, 0xC0, 0x00,
    0x00, 0x00, 0x00, 0x00,

    0xFF, 0xFF, 0xFF, 0xFF,
    0xFF, 0xFF, 0xFF, 0xFF,
    0xFF, 0xFF, 0xFF, 0xFF,
    0xFF, 0xFF, 0xFF, 0xFF,
    0xFF, 0xFF, 0xFF, 0xFF,
    0x00, 0x00, 0x0F, 0xFF,
    0x00, 0x00, 0x0F, 0xFF,
    0xFF, 0xFF, 0xFF, 0xFF,

    0x00, 0x00, 0x00, 0x00,
    0x00, 0x00, 0x00, 0x00,
    0x00, 0x00, 0x00, 0x00,
    0x00, 0x00, 0x00, 0x00,
    0x00, 0x00, 0x00, 0x00,
    0x00, 0x08, 0x88, 0x88,
    0x00, 0x0C, 0xCC, 0xCC,
    0x00, 0x00, 0x00, 0x00,

    0xFF, 0xFF, 0xFF, 0xFF,
    0xFF, 0xFF, 0xFF, 0xFF,
    0xFF, 0xFF, 0xFF, 0xFF,
    0xFF, 0xFF, 0xFF, 0xFF,
    0xFF, 0xFF, 0xFF, 0xFF,
    0xFF, 0xF0, 0x00, 0x00,
    0xFF, 0xF0, 0x00, 0x00,
    0xFF, 0xFF, 0xFF, 0xFF,


/* Tile ID 223, isSolid: false */
    0x00, 0x00, 0x00, 0x00,
    0x00, 0xD0, 0x0D, 0x00,
    0x0D, 0xD0, 0xD0, 0xD0,
    0x00, 0xD0, 0xD0, 0xD0,
    0x00, 0xD0, 0xD0, 0xD0,
    0x00, 0xD0, 0xD0, 0xD0,
    0x00, 0xD0, 0x0D, 0x00,
    0x00, 0x00, 0x00, 0x00,

    0xFF, 0xFF, 0xFF, 0xFF,
    0xFF, 0x0F, 0xF0, 0xFF,
    0xF0, 0x0F, 0x0F, 0x0F,
    0xFF, 0x0F, 0x0F, 0x0F,
    0xFF, 0x0F, 0x0F, 0x0F,
    0xFF, 0x0F, 0x0F, 0x0F,
    0xFF, 0x0F, 0xF0, 0xFF,
    0xFF, 0xFF, 0xFF, 0xFF,

    0x00, 0x00, 0x00, 0x00,
    0x00, 0xD0, 0x0D, 0x00,
    0x0D, 0x0D, 0x0D, 0xD0,
    0x0D, 0x0D, 0x0D, 0x00,
    0x0D, 0x0D, 0x0D, 0x00,
    0x0D, 0x0D, 0x0D, 0x00,
    0x00, 0xD0, 0x0D, 0x00,
    0x00, 0x00, 0x00, 0x00,

    0xFF, 0xFF, 0xFF, 0xFF,
    0xFF, 0x0F, 0xF0, 0xFF,
    0xF0, 0xF0, 0xF0, 0x0F,
    0xF0, 0xF0, 0xF0, 0xFF,
    0xF0, 0xF0, 0xF0, 0xFF,
    0xF0, 0xF0, 0xF0, 0xFF,
    0xFF, 0x0F, 0xF0, 0xFF,
    0xFF, 0xFF, 0xFF, 0xFF,


/* Tile ID 224, isSolid: false */
    0x00, 0x00, 0x00, 0x00,
    0x0D, 0x00, 0x0D, 0x00,
    0xD0, 0xD0, 0xD0, 0xD0,
    0xD0, 0xD0, 0xD0, 0xD0,
    0xD0, 0xD0, 0xD0, 0xD0,
    0xD0, 0xD0, 0xD0, 0xD0,
    0x0D, 0x00, 0x0D, 0x00,
    0x00, 0x00, 0x00, 0x00,

    0xFF, 0xFF, 0xFF, 0xFF,
    0xF0, 0xFF, 0xF0, 0xFF,
    0x0F, 0x0F, 0x0F, 0x0F,
    0x0F, 0x0F, 0x0F, 0x0F,
    0x0F, 0x0F, 0x0F, 0x0F,
    0x0F, 0x0F, 0x0F, 0x0F,
    0xF0, 0xFF, 0xF0, 0xFF,
    0xFF, 0xFF, 0xFF, 0xFF,

    0x00, 0x00, 0x00, 0x00,
    0x00, 0xD0, 0x00, 0xD0,
    0x0D, 0x0D, 0x0D, 0x0D,
    0x0D, 0x0D, 0x0D, 0x0D,
    0x0D, 0x0D, 0x0D, 0x0D,
    0x0D, 0x0D, 0x0D, 0x0D,
    0x00, 0xD0, 0x00, 0xD0,
    0x00, 0x00, 0x00, 0x00,

    0xFF, 0xFF, 0xFF, 0xFF,
    0xFF, 0x0F, 0xFF, 0x0F,
    0xF0, 0xF0, 0xF0, 0xF0,
    0xF0, 0xF0, 0xF0, 0xF0,
    0xF0, 0xF0, 0xF0, 0xF0,
    0xF0, 0xF0, 0xF0, 0xF0,
    0xFF, 0x0F, 0xFF, 0x0F,
    0xFF, 0xFF, 0xFF, 0xFF,


/* Tile ID 225, isSolid: false */
    0x00, 0x08, 0x88, 0x60,
    0x00, 0x8D, 0x80, 0x66,
    0x00, 0x88, 0x00, 0x00,
    0x00, 0x80, 0x00, 0x00,
    0x00, 0x00, 0x00, 0x00,
    0x00, 0x00, 0x00, 0x00,
    0x00, 0x00, 0x00, 0x00,
    0x00, 0x00, 0x00, 0x00,

    0xFF, 0xF0, 0x00, 0x0F,
    0xFF, 0x00, 0x0F, 0x00,
    0xFF, 0x00, 0xFF, 0xFF,
    0xFF, 0x0F, 0xFF, 0xFF,
    0xFF, 0xFF, 0xFF, 0xFF,
    0xFF, 0xFF, 0xFF, 0xFF,
    0xFF, 0xFF, 0xFF, 0xFF,
    0xFF, 0xFF, 0xFF, 0xFF,

    0x06, 0x88, 0x80, 0x00,
    0x66, 0x08, 0xD8, 0x00,
    0x00, 0x00, 0x88, 0x00,
    0x00, 0x00, 0x08, 0x00,
    0x00, 0x00, 0x00, 0x00,
    0x00, 0x00, 0x00, 0x00,
    0x00, 0x00, 0x00, 0x00,
    0x00, 0x00, 0x00, 0x00,

    0xF0, 0x00, 0x0F, 0xFF,
    0x00, 0xF0, 0x00, 0xFF,
    0xFF, 0xFF, 0x00, 0xFF,
    0xFF, 0xFF, 0xF0, 0xFF,
    0xFF, 0xFF, 0xFF, 0xFF,
    0xFF, 0xFF, 0xFF, 0xFF,
    0xFF, 0xFF, 0xFF, 0xFF,
    0xFF, 0xFF, 0xFF, 0xFF,


/* Tile ID 226, isSolid: false */
    0x68, 0x88, 0x00, 0x00,
    0x60, 0x8D, 0x80, 0x00,
    0x00, 0x08, 0x80, 0x00,
    0x00, 0x00, 0x80, 0x00,
    0x00, 0x00, 0x00, 0x00,
    0x00, 0x00, 0x00, 0x00,
    0x00, 0x00, 0x00, 0x00,
    0x00, 0x00, 0x00, 0x00,

    0x00, 0x00, 0xFF, 0xFF,
    0x0F, 0x00, 0x0F, 0xFF,
    0xFF, 0xF0, 0x0F, 0xFF,
    0xFF, 0xFF, 0x0F, 0xFF,
    0xFF, 0xFF, 0xFF, 0xFF,
    0xFF, 0xFF, 0xFF, 0xFF,
    0xFF, 0xFF, 0xFF, 0xFF,
    0xFF, 0xFF, 0xFF, 0xFF,

    0x00, 0x00, 0x88, 0x86,
    0x00, 0x08, 0xD8, 0x06,
    0x00, 0x08, 0x80, 0x00,
    0x00, 0x08, 0x00, 0x00,
    0x00, 0x00, 0x00, 0x00,
    0x00, 0x00, 0x00, 0x00,
    0x00, 0x00, 0x00, 0x00,
    0x00, 0x00, 0x00, 0x00,

    0xFF, 0xFF, 0x00, 0x00,
    0xFF, 0xF0, 0x00, 0xF0,
    0xFF, 0xF0, 0x0F, 0xFF,
    0xFF, 0xF0, 0xFF, 0xFF,
    0xFF, 0xFF, 0xFF, 0xFF,
    0xFF, 0xFF, 0xFF, 0xFF,
    0xFF, 0xFF, 0xFF, 0xFF,
    0xFF, 0xFF, 0xFF, 0xFF,


/* Tile ID 227, isSolid: false */
    0x00, 0x88, 0x80, 0x06,
    0x00, 0x00, 0x00, 0x00,
    0x00, 0x00, 0x00, 0x00,
    0x00, 0x00, 0x00, 0x00,
    0x00, 0x00, 0x00, 0x00,
    0x00, 0x00, 0x00, 0x00,
    0x00, 0x00, 0x00, 0x00,
    0x00, 0x00, 0x00, 0x00,

    0xFF, 0x00, 0x0F, 0xF0,
    0xFF, 0xFF, 0xFF, 0xFF,
    0xFF, 0xFF, 0xFF, 0xFF,
    0xFF, 0xFF, 0xFF, 0xFF,
    0xFF, 0xFF, 0xFF, 0xFF,
    0xFF, 0xFF, 0xFF, 0xFF,
    0xFF, 0xFF, 0xFF, 0xFF,
    0xFF, 0xFF, 0xFF, 0xFF,

    0x60, 0x08, 0x88, 0x00,
    0x00, 0x00, 0x00, 0x00,
    0x00, 0x00, 0x00, 0x00,
    0x00, 0x00, 0x00, 0x00,
    0x00, 0x00, 0x00, 0x00,
    0x00, 0x00, 0x00, 0x00,
    0x00, 0x00, 0x00, 0x00,
    0x00, 0x00, 0x00, 0x00,

    0x0F, 0xF0, 0x00, 0xFF,
    0xFF, 0xFF, 0xFF, 0xFF,
    0xFF, 0xFF, 0xFF, 0xFF,
    0xFF, 0xFF, 0xFF, 0xFF,
    0xFF, 0xFF, 0xFF, 0xFF,
    0xFF, 0xFF, 0xFF, 0xFF,
    0xFF, 0xFF, 0xFF, 0xFF,
    0xFF, 0xFF, 0xFF, 0xFF,


/* Tile ID 228, isSolid: false */
    0x06, 0x8D, 0x00, 0x00,
    0x60, 0x88, 0x00, 0x00,
    0x00, 0x0D, 0x80, 0x00,
    0x00, 0x08, 0x80, 0x00,
    0x00, 0x08, 0x80, 0x00,
    0x00, 0x00, 0x00, 0x00,
    0x00, 0x00, 0x00, 0x00,
    0x00, 0x00, 0x00, 0x00,

    0xF0, 0x00, 0xFF, 0xFF,
    0x0F, 0x00, 0xFF, 0xFF,
    0xFF, 0xF0, 0x0F, 0xFF,
    0xFF, 0xF0, 0x0F, 0xFF,
    0xFF, 0xF0, 0x0F, 0xFF,
    0xFF, 0xFF, 0xFF, 0xFF,
    0xFF, 0xFF, 0xFF, 0xFF,
    0xFF, 0xFF, 0xFF, 0xFF,

    0x00, 0x00, 0xD8, 0x60,
    0x00, 0x00, 0x88, 0x06,
    0x00, 0x08, 0xD0, 0x00,
    0x00, 0x08, 0x80, 0x00,
    0x00, 0x08, 0x80, 0x00,
    0x00, 0x00, 0x00, 0x00,
    0x00, 0x00, 0x00, 0x00,
    0x00, 0x00, 0x00, 0x00,

    0xFF, 0xFF, 0x00, 0x0F,
    0xFF, 0xFF, 0x00, 0xF0,
    0xFF, 0xF0, 0x0F, 0xFF,
    0xFF, 0xF0, 0x0F, 0xFF,
    0xFF, 0xF0, 0x0F, 0xFF,
    0xFF, 0xFF, 0xFF, 0xFF,
    0xFF, 0xFF, 0xFF, 0xFF,
    0xFF, 0xFF, 0xFF, 0xFF,


/* Tile ID 229, isSolid: false */
    0x00, 0x00, 0x00, 0x60,
    0x00, 0x00, 0x00, 0x66,
    0x00, 0x00, 0x00, 0x00,
    0x00, 0x00, 0x00, 0x00,
    0x00, 0x00, 0x00, 0x00,
    0x00, 0x00, 0x00, 0x00,
    0x00, 0x00, 0x00, 0x00,
    0x00, 0x00, 0x00, 0x00,

    0xFF, 0xFF, 0xFF, 0x0F,
    0xFF, 0xFF, 0xFF, 0x00,
    0xFF, 0xFF, 0xFF, 0xFF,
    0xFF, 0xFF, 0xFF, 0xFF,
    0xFF, 0xFF, 0xFF, 0xFF,
    0xFF, 0xFF, 0xFF, 0xFF,
    0xFF, 0xFF, 0xFF, 0xFF,
    0xFF, 0xFF, 0xFF, 0xFF,

    0x06, 0x00, 0x00, 0x00,
    0x66, 0x00, 0x00, 0x00,
    0x00, 0x00, 0x00, 0x00,
    0x00, 0x00, 0x00, 0x00,
    0x00, 0x00, 0x00, 0x00,
    0x00, 0x00, 0x00, 0x00,
    0x00, 0x00, 0x00, 0x00,
    0x00, 0x00, 0x00, 0x00,

    0xF0, 0xFF, 0xFF, 0xFF,
    0x00, 0xFF, 0xFF, 0xFF,
    0xFF, 0xFF, 0xFF, 0xFF,
    0xFF, 0xFF, 0xFF, 0xFF,
    0xFF, 0xFF, 0xFF, 0xFF,
    0xFF, 0xFF, 0xFF, 0xFF,
    0xFF, 0xFF, 0xFF, 0xFF,
    0xFF, 0xFF, 0xFF, 0xFF,


/* Tile ID 230, isSolid: false */
    0x86, 0x80, 0x00, 0x00,
    0x68, 0xD0, 0x00, 0x00,
    0x08, 0x80, 0x00, 0x00,
    0x08, 0x80, 0x00, 0x00,
    0x08, 0x80, 0x00, 0x00,
    0x08, 0x80, 0x00, 0x00,
    0x08, 0x00, 0x00, 0x00,
    0x00, 0x00, 0x00, 0x00,

    0x00, 0x0F, 0xFF, 0xFF,
    0x00, 0x0F, 0xFF, 0xFF,
    0xF0, 0x0F, 0xFF, 0xFF,
    0xF0, 0x0F, 0xFF, 0xFF,
    0xF0, 0x0F, 0xFF, 0xFF,
    0xF0, 0x0F, 0xFF, 0xFF,
    0xF0, 0xFF, 0xFF, 0xFF,
    0xFF, 0xFF, 0xFF, 0xFF,

    0x00, 0x00, 0x08, 0x68,
    0x00, 0x00, 0x0D, 0x86,
    0x00, 0x00, 0x08, 0x80,
    0x00, 0x00, 0x08, 0x80,
    0x00, 0x00, 0x08, 0x80,
    0x00, 0x00, 0x08, 0x80,
    0x00, 0x00, 0x00, 0x80,
    0x00, 0x00, 0x00, 0x00,

    0xFF, 0xFF, 0xF0, 0x00,
    0xFF, 0xFF, 0xF0, 0x00,
    0xFF, 0xFF, 0xF0, 0x0F,
    0xFF, 0xFF, 0xF0, 0x0F,
    0xFF, 0xFF, 0xF0, 0x0F,
    0xFF, 0xFF, 0xF0, 0x0F,
    0xFF, 0xFF, 0xFF, 0x0F,
    0xFF, 0xFF, 0xFF, 0xFF,


/* Tile ID 231, isSolid: false */
    0x00, 0x00, 0x00, 0x60,
    0x00, 0x00, 0x00, 0x66,
    0x00, 0x00, 0x00, 0x00,
    0x00, 0x00, 0x00, 0x00,
    0x00, 0x00, 0x00, 0x00,
    0x00, 0x00, 0x00, 0x08,
    0x00, 0x00, 0x00, 0x08,
    0x00, 0x00, 0x00, 0x00,

    0xFF, 0xFF, 0xFF, 0x0F,
    0xFF, 0xFF, 0xFF, 0x00,
    0xFF, 0xFF, 0xFF, 0xFF,
    0xFF, 0xFF, 0xFF, 0xFF,
    0xFF, 0xFF, 0xFF, 0xFF,
    0xFF, 0xFF, 0xFF, 0xF0,
    0xFF, 0xFF, 0xFF, 0xF0,
    0xFF, 0xFF, 0xFF, 0xFF,

    0x06, 0x00, 0x00, 0x00,
    0x66, 0x00, 0x00, 0x00,
    0x00, 0x00, 0x00, 0x00,
    0x00, 0x00, 0x00, 0x00,
    0x00, 0x00, 0x00, 0x00,
    0x80, 0x00, 0x00, 0x00,
    0x80, 0x00, 0x00, 0x00,
    0x00, 0x00, 0x00, 0x00,

    0xF0, 0xFF, 0xFF, 0xFF,
    0x00, 0xFF, 0xFF, 0xFF,
    0xFF, 0xFF, 0xFF, 0xFF,
    0xFF, 0xFF, 0xFF, 0xFF,
    0xFF, 0xFF, 0xFF, 0xFF,
    0x0F, 0xFF, 0xFF, 0xFF,
    0x0F, 0xFF, 0xFF, 0xFF,
    0xFF, 0xFF, 0xFF, 0xFF,


/* Tile ID 232, isSolid: false */
    0x6D, 0x80, 0x00, 0x00,
    0x68, 0x00, 0x00, 0x00,
    0x8D, 0x00, 0x00, 0x00,
    0x88, 0x00, 0x00, 0x00,
    0xD8, 0x00, 0x00, 0x00,
    0x80, 0x00, 0x00, 0x00,
    0x00, 0x00, 0x00, 0x00,
    0x00, 0x00, 0x00, 0x00,

    0x00, 0x0F, 0xFF, 0xFF,
    0x00, 0xFF, 0xFF, 0xFF,
    0x00, 0xFF, 0xFF, 0xFF,
    0x00, 0xFF, 0xFF, 0xFF,
    0x00, 0xFF, 0xFF, 0xFF,
    0x0F, 0xFF, 0xFF, 0xFF,
    0xFF, 0xFF, 0xFF, 0xFF,
    0xFF, 0xFF, 0xFF, 0xFF,

    0x00, 0x00, 0x08, 0xD6,
    0x00, 0x00, 0x00, 0x86,
    0x00, 0x00, 0x00, 0xD8,
    0x00, 0x00, 0x00, 0x88,
    0x00, 0x00, 0x00, 0x8D,
    0x00, 0x00, 0x00, 0x08,
    0x00, 0x00, 0x00, 0x00,
    0x00, 0x00, 0x00, 0x00,

    0xFF, 0xFF, 0xF0, 0x00,
    0xFF, 0xFF, 0xFF, 0x00,
    0xFF, 0xFF, 0xFF, 0x00,
    0xFF, 0xFF, 0xFF, 0x00,
    0xFF, 0xFF, 0xFF, 0x00,
    0xFF, 0xFF, 0xFF, 0xF0,
    0xFF, 0xFF, 0xFF, 0xFF,
    0xFF, 0xFF, 0xFF, 0xFF,


/* Tile ID 233, isSolid: false */
    0x00, 0x00, 0x06, 0x08,
    0x00, 0x00, 0x06, 0x66,
    0x00, 0x00, 0x00, 0x88,
    0x00, 0x00, 0x08, 0x8D,
    0x00, 0x00, 0x8D, 0x80,
    0x00, 0x08, 0x88, 0x00,
    0x00, 0x00, 0x00, 0x00,
    0x00, 0x00, 0x00, 0x00,

    0xFF, 0xFF, 0xF0, 0xF0,
    0xFF, 0xFF, 0xF0, 0x00,
    0xFF, 0xFF, 0xFF, 0x00,
    0xFF, 0xFF, 0xF0, 0x00,
    0xFF, 0xFF, 0x00, 0x0F,
    0xFF, 0xF0, 0x00, 0xFF,
    0xFF, 0xFF, 0xFF, 0xFF,
    0xFF, 0xFF, 0xFF, 0xFF,

    0x80, 0x60, 0x00, 0x00,
    0x66, 0x60, 0x00, 0x00,
    0x88, 0x00, 0x00, 0x00,
    0xD8, 0x80, 0x00, 0x00,
    0x08, 0xD8, 0x00, 0x00,
    0x00, 0x88, 0x80, 0x00,
    0x00, 0x00, 0x00, 0x00,
    0x00, 0x00, 0x00, 0x00,

    0x0F, 0x0F, 0xFF, 0xFF,
    0x00, 0x0F, 0xFF, 0xFF,
    0x00, 0xFF, 0xFF, 0xFF,
    0x00, 0x0F, 0xFF, 0xFF,
    0xF0, 0x00, 0xFF, 0xFF,
    0xFF, 0x00, 0x0F, 0xFF,
    0xFF, 0xFF, 0xFF, 0xFF,
    0xFF, 0xFF, 0xFF, 0xFF,


/* Tile ID 234, isSolid: false */
    0xDD, 0xDD, 0xD8, 0x00,
    0xD8, 0x88, 0x8D, 0x00,
    0x80, 0x00, 0x00, 0x00,
    0x00, 0x00, 0x00, 0x00,
    0x00, 0x00, 0x00, 0x00,
    0x00, 0x00, 0x00, 0x00,
    0x00, 0x00, 0x00, 0x00,
    0x00, 0x00, 0x00, 0x00,

    0x00, 0x00, 0x00, 0xFF,
    0x00, 0x00, 0x00, 0xFF,
    0x0F, 0xFF, 0xFF, 0xFF,
    0xFF, 0xFF, 0xFF, 0xFF,
    0xFF, 0xFF, 0xFF, 0xFF,
    0xFF, 0xFF, 0xFF, 0xFF,
    0xFF, 0xFF, 0xFF, 0xFF,
    0xFF, 0xFF, 0xFF, 0xFF,

    0x00, 0x8D, 0xDD, 0xDD,
    0x00, 0xD8, 0x88, 0x8D,
    0x00, 0x00, 0x00, 0x08,
    0x00, 0x00, 0x00, 0x00,
    0x00, 0x00, 0x00, 0x00,
    0x00, 0x00, 0x00, 0x00,
    0x00, 0x00, 0x00, 0x00,
    0x00, 0x00, 0x00, 0x00,

    0xFF, 0x00, 0x00, 0x00,
    0xFF, 0x00, 0x00, 0x00,
    0xFF, 0xFF, 0xFF, 0xF0,
    0xFF, 0xFF, 0xFF, 0xFF,
    0xFF, 0xFF, 0xFF, 0xFF,
    0xFF, 0xFF, 0xFF, 0xFF,
    0xFF, 0xFF, 0xFF, 0xFF,
    0xFF, 0xFF, 0xFF, 0xFF,


/* Tile ID 235, isSolid: false */
    0x00, 0x05, 0xAA, 0x5A,
    0x00, 0x05, 0x55, 0xA5,
    0x00, 0x00, 0x55, 0x50,
    0x00, 0x00, 0x55, 0xD5,
    0x00, 0x00, 0x05, 0xDD,
    0x00, 0x00, 0x00, 0x00,
    0x00, 0x00, 0x00, 0x00,
    0x00, 0x00, 0x00, 0x00,

    0xFF, 0xF0, 0x00, 0x00,
    0xFF, 0xF0, 0x00, 0x00,
    0xFF, 0xFF, 0x00, 0x0F,
    0xFF, 0xFF, 0x00, 0x00,
    0xFF, 0xFF, 0xF0, 0x00,
    0xFF, 0xFF, 0xFF, 0xFF,
    0xFF, 0xFF, 0xFF, 0xFF,
    0xFF, 0xFF, 0xFF, 0xFF,

    0xA5, 0xAA, 0x50, 0x00,
    0x5A, 0x55, 0x50, 0x00,
    0x05, 0x55, 0x00, 0x00,
    0x5D, 0x55, 0x00, 0x00,
    0xDD, 0x50, 0x00, 0x00,
    0x00, 0x00, 0x00, 0x00,
    0x00, 0x00, 0x00, 0x00,
    0x00, 0x00, 0x00, 0x00,

    0x00, 0x00, 0x0F, 0xFF,
    0x00, 0x00, 0x0F, 0xFF,
    0xF0, 0x00, 0xFF, 0xFF,
    0x00, 0x00, 0xFF, 0xFF,
    0x00, 0x0F, 0xFF, 0xFF,
    0xFF, 0xFF, 0xFF, 0xFF,
    0xFF, 0xFF, 0xFF, 0xFF,
    0xFF, 0xFF, 0xFF, 0xFF,


/* Tile ID 236, isSolid: false */
    0x5A, 0xA5, 0x00, 0x00,
    0xA5, 0x55, 0x00, 0x00,
    0x55, 0x50, 0x00, 0x00,
    0xD5, 0x50, 0x00, 0x00,
    0xD5, 0x00, 0x00, 0x00,
    0x00, 0x00, 0x00, 0x00,
    0x00, 0x00, 0x00, 0x00,
    0x00, 0x00, 0x00, 0x00,

    0x00, 0x00, 0xFF, 0xFF,
    0x00, 0x00, 0xFF, 0xFF,
    0x00, 0x0F, 0xFF, 0xFF,
    0x00, 0x0F, 0xFF, 0xFF,
    0x00, 0xFF, 0xFF, 0xFF,
    0xFF, 0xFF, 0xFF, 0xFF,
    0xFF, 0xFF, 0xFF, 0xFF,
    0xFF, 0xFF, 0xFF, 0xFF,

    0x00, 0x00, 0x5A, 0xA5,
    0x00, 0x00, 0x55, 0x5A,
    0x00, 0x00, 0x05, 0x55,
    0x00, 0x00, 0x05, 0x5D,
    0x00, 0x00, 0x00, 0x5D,
    0x00, 0x00, 0x00, 0x00,
    0x00, 0x00, 0x00, 0x00,
    0x00, 0x00, 0x00, 0x00,

    0xFF, 0xFF, 0x00, 0x00,
    0xFF, 0xFF, 0x00, 0x00,
    0xFF, 0xFF, 0xF0, 0x00,
    0xFF, 0xFF, 0xF0, 0x00,
    0xFF, 0xFF, 0xFF, 0x00,
    0xFF, 0xFF, 0xFF, 0xFF,
    0xFF, 0xFF, 0xFF, 0xFF,
    0xFF, 0xFF, 0xFF, 0xFF,


/* Tile ID 237, isSolid: false */
    0x00, 0x05, 0x55, 0xAA,
    0x00, 0x00, 0x55, 0x55,
    0x00, 0x00, 0x5D, 0x55,
    0x00, 0x00, 0x5D, 0x5D,
    0x00, 0x00, 0x00, 0xD0,
    0x00, 0x00, 0x00, 0x00,
    0x00, 0x00, 0x00, 0x00,
    0x00, 0x00, 0x00, 0x00,

    0xFF, 0xF0, 0x00, 0x00,
    0xFF, 0xFF, 0x00, 0x00,
    0xFF, 0xFF, 0x00, 0x00,
    0xFF, 0xFF, 0x00, 0x00,
    0xFF, 0xFF, 0xFF, 0x0F,
    0xFF, 0xFF, 0xFF, 0xFF,
    0xFF, 0xFF, 0xFF, 0xFF,
    0xFF, 0xFF, 0xFF, 0xFF,

    0xAA, 0x55, 0x50, 0x00,
    0x55, 0x55, 0x00, 0x00,
    0x55, 0xD5, 0x00, 0x00,
    0xD5, 0xD5, 0x00, 0x00,
    0x0D, 0x00, 0x00, 0x00,
    0x00, 0x00, 0x00, 0x00,
    0x00, 0x00, 0x00, 0x00,
    0x00, 0x00, 0x00, 0x00,

    0x00, 0x00, 0x0F, 0xFF,
    0x00, 0x00, 0xFF, 0xFF,
    0x00, 0x00, 0xFF, 0xFF,
    0x00, 0x00, 0xFF, 0xFF,
    0xF0, 0xFF, 0xFF, 0xFF,
    0xFF, 0xFF, 0xFF, 0xFF,
    0xFF, 0xFF, 0xFF, 0xFF,
    0xFF, 0xFF, 0xFF, 0xFF,


/* Tile ID 238, isSolid: false */
    0x50, 0x00, 0x55, 0x00,
    0xAA, 0xA5, 0x50, 0x00,
    0x55, 0x55, 0x00, 0x00,
    0x55, 0x50, 0x00, 0x00,
    0x50, 0x00, 0x00, 0x00,
    0x00, 0x00, 0x00, 0x00,
    0x00, 0x00, 0x00, 0x00,
    0x00, 0x00, 0x00, 0x00,

    0x0F, 0xFF, 0x00, 0xFF,
    0x00, 0x00, 0x0F, 0xFF,
    0x00, 0x00, 0xFF, 0xFF,
    0x00, 0x0F, 0xFF, 0xFF,
    0x0F, 0xFF, 0xFF, 0xFF,
    0xFF, 0xFF, 0xFF, 0xFF,
    0xFF, 0xFF, 0xFF, 0xFF,
    0xFF, 0xFF, 0xFF, 0xFF,

    0x00, 0x55, 0x00, 0x05,
    0x00, 0x05, 0x5A, 0xAA,
    0x00, 0x00, 0x55, 0x55,
    0x00, 0x00, 0x05, 0x55,
    0x00, 0x00, 0x00, 0x05,
    0x00, 0x00, 0x00, 0x00,
    0x00, 0x00, 0x00, 0x00,
    0x00, 0x00, 0x00, 0x00,

    0xFF, 0x00, 0xFF, 0xF0,
    0xFF, 0xF0, 0x00, 0x00,
    0xFF, 0xFF, 0x00, 0x00,
    0xFF, 0xFF, 0xF0, 0x00,
    0xFF, 0xFF, 0xFF, 0xF0,
    0xFF, 0xFF, 0xFF, 0xFF,
    0xFF, 0xFF, 0xFF, 0xFF,
    0xFF, 0xFF, 0xFF, 0xFF,


/* Tile ID 239, isSolid: false */
    0x00, 0x05, 0x55, 0xAA,
    0x00, 0x05, 0x55, 0x5A,
    0x00, 0x05, 0xD5, 0x55,
    0x00, 0x00, 0xDD, 0xD5,
    0x00, 0x00, 0x00, 0x55,
    0x00, 0x00, 0x00, 0x00,
    0x00, 0x00, 0x00, 0x00,
    0x00, 0x00, 0x00, 0x00,

    0xFF, 0xF0, 0x00, 0x00,
    0xFF, 0xF0, 0x00, 0x00,
    0xFF, 0xF0, 0x00, 0x00,
    0xFF, 0xFF, 0x00, 0x00,
    0xFF, 0xFF, 0xFF, 0x00,
    0xFF, 0xFF, 0xFF, 0xFF,
    0xFF, 0xFF, 0xFF, 0xFF,
    0xFF, 0xFF, 0xFF, 0xFF,

    0xAA, 0x55, 0x50, 0x00,
    0xA5, 0x55, 0x50, 0x00,
    0x55, 0x5D, 0x50, 0x00,
    0x5D, 0xDD, 0x00, 0x00,
    0x55, 0x00, 0x00, 0x00,
    0x00, 0x00, 0x00, 0x00,
    0x00, 0x00, 0x00, 0x00,
    0x00, 0x00, 0x00, 0x00,

    0x00, 0x00, 0x0F, 0xFF,
    0x00, 0x00, 0x0F, 0xFF,
    0x00, 0x00, 0x0F, 0xFF,
    0x00, 0x00, 0xFF, 0xFF,
    0x00, 0xFF, 0xFF, 0xFF,
    0xFF, 0xFF, 0xFF, 0xFF,
    0xFF, 0xFF, 0xFF, 0xFF,
    0xFF, 0xFF, 0xFF, 0xFF,


/* Tile ID 240, isSolid: false */
    0x50, 0x00, 0x55, 0x00,
    0xAA, 0x00, 0x5A, 0x00,
    0x5A, 0x55, 0x50, 0x00,
    0x55, 0x50, 0x00, 0x00,
    0x50, 0x00, 0x00, 0x00,
    0x00, 0x00, 0x00, 0x00,
    0x00, 0x00, 0x00, 0x00,
    0x00, 0x00, 0x00, 0x00,

    0x0F, 0xFF, 0x00, 0xFF,
    0x00, 0xFF, 0x00, 0xFF,
    0x00, 0x00, 0x0F, 0xFF,
    0x00, 0x0F, 0xFF, 0xFF,
    0x0F, 0xFF, 0xFF, 0xFF,
    0xFF, 0xFF, 0xFF, 0xFF,
    0xFF, 0xFF, 0xFF, 0xFF,
    0xFF, 0xFF, 0xFF, 0xFF,

    0x00, 0x55, 0x00, 0x05,
    0x00, 0xA5, 0x00, 0xAA,
    0x00, 0x05, 0x55, 0xA5,
    0x00, 0x00, 0x05, 0x55,
    0x00, 0x00, 0x00, 0x05,
    0x00, 0x00, 0x00, 0x00,
    0x00, 0x00, 0x00, 0x00,
    0x00, 0x00, 0x00, 0x00,

    0xFF, 0x00, 0xFF, 0xF0,
    0xFF, 0x00, 0xFF, 0x00,
    0xFF, 0xF0, 0x00, 0x00,
    0xFF, 0xFF, 0xF0, 0x00,
    0xFF, 0xFF, 0xFF, 0xF0,
    0xFF, 0xFF, 0xFF, 0xFF,
    0xFF, 0xFF, 0xFF, 0xFF,
    0xFF, 0xFF, 0xFF, 0xFF,


/* Tile ID 241, isSolid: false */
    0x00, 0xD5, 0x05, 0x55,
    0x00, 0xDD, 0x5A, 0xA0,
    0x00, 0x05, 0x55, 0x5A,
    0x00, 0x05, 0x55, 0x55,
    0x00, 0x00, 0x00, 0x00,
    0x00, 0x00, 0x00, 0x00,
    0x00, 0x00, 0x00, 0x00,
    0x00, 0x00, 0x00, 0x00,

    0xFF, 0x00, 0xF0, 0x00,
    0xFF, 0x00, 0x00, 0x0F,
    0xFF, 0xF0, 0x00, 0x00,
    0xFF, 0xF0, 0x00, 0x00,
    0xFF, 0xFF, 0xFF, 0xFF,
    0xFF, 0xFF, 0xFF, 0xFF,
    0xFF, 0xFF, 0xFF, 0xFF,
    0xFF, 0xFF, 0xFF, 0xFF,

    0x55, 0x50, 0x5D, 0x00,
    0x0A, 0xA5, 0xDD, 0x00,
    0xA5, 0x55, 0x50, 0x00,
    0x55, 0x55, 0x50, 0x00,
    0x00, 0x00, 0x00, 0x00,
    0x00, 0x00, 0x00, 0x00,
    0x00, 0x00, 0x00, 0x00,
    0x00, 0x00, 0x00, 0x00,

    0x00, 0x0F, 0x00, 0xFF,
    0xF0, 0x00, 0x00, 0xFF,
    0x00, 0x00, 0x0F, 0xFF,
    0x00, 0x00, 0x0F, 0xFF,
    0xFF, 0xFF, 0xFF, 0xFF,
    0xFF, 0xFF, 0xFF, 0xFF,
    0xFF, 0xFF, 0xFF, 0xFF,
    0xFF, 0xFF, 0xFF, 0xFF,


/* Tile ID 242, isSolid: false */
    0x55, 0x00, 0x00, 0x00,
    0x00, 0x00, 0x00, 0x00,
    0x00, 0x50, 0x00, 0x00,
    0x50, 0xA5, 0x00, 0x00,
    0x55, 0x00, 0x00, 0x00,
    0x00, 0x00, 0x00, 0x00,
    0x00, 0x00, 0x00, 0x00,
    0x00, 0x00, 0x00, 0x00,

    0x00, 0xFF, 0xFF, 0xFF,
    0xFF, 0xFF, 0xFF, 0xFF,
    0xFF, 0x0F, 0xFF, 0xFF,
    0x0F, 0x00, 0xFF, 0xFF,
    0x00, 0xFF, 0xFF, 0xFF,
    0xFF, 0xFF, 0xFF, 0xFF,
    0xFF, 0xFF, 0xFF, 0xFF,
    0xFF, 0xFF, 0xFF, 0xFF,

    0x00, 0x00, 0x00, 0x55,
    0x00, 0x00, 0x00, 0x00,
    0x00, 0x00, 0x05, 0x00,
    0x00, 0x00, 0x5A, 0x05,
    0x00, 0x00, 0x00, 0x55,
    0x00, 0x00, 0x00, 0x00,
    0x00, 0x00, 0x00, 0x00,
    0x00, 0x00, 0x00, 0x00,

    0xFF, 0xFF, 0xFF, 0x00,
    0xFF, 0xFF, 0xFF, 0xFF,
    0xFF, 0xFF, 0xF0, 0xFF,
    0xFF, 0xFF, 0x00, 0xF0,
    0xFF, 0xFF, 0xFF, 0x00,
    0xFF, 0xFF, 0xFF, 0xFF,
    0xFF, 0xFF, 0xFF, 0xFF,
    0xFF, 0xFF, 0xFF, 0xFF,


/* Tile ID 243, isSolid: false */
    0x00, 0xDD, 0x5A, 0x55,
    0x00, 0x55, 0x55, 0xA0,
    0x00, 0x05, 0x55, 0xA0,
    0x00, 0x00, 0x05, 0x55,
    0x00, 0x00, 0x00, 0x05,
    0x00, 0x00, 0x00, 0x00,
    0x00, 0x00, 0x00, 0x00,
    0x00, 0x00, 0x00, 0x00,

    0xFF, 0x00, 0x00, 0x00,
    0xFF, 0x00, 0x00, 0x0F,
    0xFF, 0xF0, 0x00, 0x0F,
    0xFF, 0xFF, 0xF0, 0x00,
    0xFF, 0xFF, 0xFF, 0xF0,
    0xFF, 0xFF, 0xFF, 0xFF,
    0xFF, 0xFF, 0xFF, 0xFF,
    0xFF, 0xFF, 0xFF, 0xFF,

    0x55, 0xA5, 0xDD, 0x00,
    0x0A, 0x55, 0x55, 0x00,
    0x0A, 0x55, 0x50, 0x00,
    0x55, 0x50, 0x00, 0x00,
    0x50, 0x00, 0x00, 0x00,
    0x00, 0x00, 0x00, 0x00,
    0x00, 0x00, 0x00, 0x00,
    0x00, 0x00, 0x00, 0x00,

    0x00, 0x00, 0x00, 0xFF,
    0xF0, 0x00, 0x00, 0xFF,
    0xF0, 0x00, 0x0F, 0xFF,
    0x00, 0x0F, 0xFF, 0xFF,
    0x0F, 0xFF, 0xFF, 0xFF,
    0xFF, 0xFF, 0xFF, 0xFF,
    0xFF, 0xFF, 0xFF, 0xFF,
    0xFF, 0xFF, 0xFF, 0xFF,


/* Tile ID 244, isSolid: false */
    0x55, 0xAA, 0x50, 0x00,
    0x00, 0x00, 0x00, 0x00,
    0x00, 0x00, 0x00, 0x00,
    0x05, 0x00, 0x00, 0x00,
    0x5A, 0x50, 0x00, 0x00,
    0x00, 0x00, 0x00, 0x00,
    0x00, 0x00, 0x00, 0x00,
    0x00, 0x00, 0x00, 0x00,

    0x00, 0x00, 0x0F, 0xFF,
    0xFF, 0xFF, 0xFF, 0xFF,
    0xFF, 0xFF, 0xFF, 0xFF,
    0xF0, 0xFF, 0xFF, 0xFF,
    0x00, 0x0F, 0xFF, 0xFF,
    0xFF, 0xFF, 0xFF, 0xFF,
    0xFF, 0xFF, 0xFF, 0xFF,
    0xFF, 0xFF, 0xFF, 0xFF,

    0x00, 0x05, 0xAA, 0x55,
    0x00, 0x00, 0x00, 0x00,
    0x00, 0x00, 0x00, 0x00,
    0x00, 0x00, 0x00, 0x50,
    0x00, 0x00, 0x05, 0xA5,
    0x00, 0x00, 0x00, 0x00,
    0x00, 0x00, 0x00, 0x00,
    0x00, 0x00, 0x00, 0x00,

    0xFF, 0xF0, 0x00, 0x00,
    0xFF, 0xFF, 0xFF, 0xFF,
    0xFF, 0xFF, 0xFF, 0xFF,
    0xFF, 0xFF, 0xFF, 0x0F,
    0xFF, 0xFF, 0xF0, 0x00,
    0xFF, 0xFF, 0xFF, 0xFF,
    0xFF, 0xFF, 0xFF, 0xFF,
    0xFF, 0xFF, 0xFF, 0xFF,


/* Tile ID 245, isSolid: false */
    0x00, 0x08, 0xC0, 0x0C,
    0x00, 0x08, 0xCC, 0xC8,
    0x00, 0x08, 0xC8, 0x88,
    0x00, 0x08, 0xC8, 0x8C,
    0x00, 0x08, 0x8C, 0xC8,
    0x00, 0x00, 0x88, 0x8C,
    0x00, 0x00, 0x06, 0x66,
    0x00, 0x00, 0x00, 0x00,

    0xFF, 0xF0, 0x0F, 0xF0,
    0xFF, 0xF0, 0x00, 0x00,
    0xFF, 0xF0, 0x00, 0x00,
    0xFF, 0xF0, 0x00, 0x00,
    0xFF, 0xF0, 0x00, 0x00,
    0xFF, 0xFF, 0x00, 0x00,
    0xFF, 0xFF, 0xF0, 0x00,
    0xFF, 0xFF, 0xFF, 0xFF,

    0xC0, 0x0C, 0x80, 0x00,
    0x8C, 0xCC, 0x80, 0x00,
    0x88, 0x8C, 0x80, 0x00,
    0xC8, 0x8C, 0x80, 0x00,
    0x8C, 0xC8, 0x80, 0x00,
    0xC8, 0x88, 0x00, 0x00,
    0x66, 0x60, 0x00, 0x00,
    0x00, 0x00, 0x00, 0x00,

    0x0F, 0xF0, 0x0F, 0xFF,
    0x00, 0x00, 0x0F, 0xFF,
    0x00, 0x00, 0x0F, 0xFF,
    0x00, 0x00, 0x0F, 0xFF,
    0x00, 0x00, 0x0F, 0xFF,
    0x00, 0x00, 0xFF, 0xFF,
    0x00, 0x0F, 0xFF, 0xFF,
    0xFF, 0xFF, 0xFF, 0xFF,


/* Tile ID 246, isSolid: false */
    0x00, 0xC8, 0x00, 0x00,
    0xCC, 0xC8, 0x00, 0x00,
    0x88, 0xC8, 0x00, 0x00,
    0x88, 0xC8, 0x00, 0x00,
    0xCC, 0x88, 0x00, 0x00,
    0x88, 0x80, 0x00, 0x00,
    0x66, 0x00, 0x00, 0x00,
    0x00, 0x00, 0x00, 0x00,

    0xFF, 0x00, 0xFF, 0xFF,
    0x00, 0x00, 0xFF, 0xFF,
    0x00, 0x00, 0xFF, 0xFF,
    0x00, 0x00, 0xFF, 0xFF,
    0x00, 0x00, 0xFF, 0xFF,
    0x00, 0x0F, 0xFF, 0xFF,
    0x00, 0xFF, 0xFF, 0xFF,
    0xFF, 0xFF, 0xFF, 0xFF,

    0x00, 0x00, 0x8C, 0x00,
    0x00, 0x00, 0x8C, 0xCC,
    0x00, 0x00, 0x8C, 0x88,
    0x00, 0x00, 0x8C, 0x88,
    0x00, 0x00, 0x88, 0xCC,
    0x00, 0x00, 0x08, 0x88,
    0x00, 0x00, 0x00, 0x66,
    0x00, 0x00, 0x00, 0x00,

    0xFF, 0xFF, 0x00, 0xFF,
    0xFF, 0xFF, 0x00, 0x00,
    0xFF, 0xFF, 0x00, 0x00,
    0xFF, 0xFF, 0x00, 0x00,
    0xFF, 0xFF, 0x00, 0x00,
    0xFF, 0xFF, 0xF0, 0x00,
    0xFF, 0xFF, 0xFF, 0x00,
    0xFF, 0xFF, 0xFF, 0xFF,


/* Tile ID 247, isSolid: false */
    0x00, 0x08, 0xCC, 0xCC,
    0x00, 0x08, 0xC8, 0x88,
    0x00, 0x08, 0xC8, 0x88,
    0x00, 0x08, 0x8C, 0xCC,
    0x00, 0x00, 0x88, 0xCC,
    0x00, 0x00, 0x66, 0x68,
    0x00, 0x00, 0x00, 0x66,
    0x00, 0x00, 0x00, 0x00,

    0xFF, 0xF0, 0x00, 0x00,
    0xFF, 0xF0, 0x00, 0x00,
    0xFF, 0xF0, 0x00, 0x00,
    0xFF, 0xF0, 0x00, 0x00,
    0xFF, 0xFF, 0x00, 0x00,
    0xFF, 0xFF, 0x00, 0x00,
    0xFF, 0xFF, 0xFF, 0x00,
    0xFF, 0xFF, 0xFF, 0xFF,

    0xCC, 0xCC, 0x80, 0x00,
    0x88, 0x8C, 0x80, 0x00,
    0x88, 0x8C, 0x80, 0x00,
    0xCC, 0xC8, 0x80, 0x00,
    0xCC, 0x88, 0x00, 0x00,
    0x86, 0x66, 0x00, 0x00,
    0x66, 0x00, 0x00, 0x00,
    0x00, 0x00, 0x00, 0x00,

    0x00, 0x00, 0x0F, 0xFF,
    0x00, 0x00, 0x0F, 0xFF,
    0x00, 0x00, 0x0F, 0xFF,
    0x00, 0x00, 0x0F, 0xFF,
    0x00, 0x00, 0xFF, 0xFF,
    0x00, 0x00, 0xFF, 0xFF,
    0x00, 0xFF, 0xFF, 0xFF,
    0xFF, 0xFF, 0xFF, 0xFF,


/* Tile ID 248, isSolid: false */
    0xC0, 0x0C, 0x80, 0x00,
    0xCC, 0xCC, 0x80, 0x00,
    0x8C, 0xC8, 0x00, 0x00,
    0x88, 0xC8, 0x00, 0x00,
    0xCC, 0x80, 0x00, 0x00,
    0x88, 0x80, 0x00, 0x00,
    0x00, 0x00, 0x00, 0x00,
    0x00, 0x00, 0x00, 0x00,

    0x0F, 0xF0, 0x0F, 0xFF,
    0x00, 0x00, 0x0F, 0xFF,
    0x00, 0x00, 0xFF, 0xFF,
    0x00, 0x00, 0xFF, 0xFF,
    0x00, 0x0F, 0xFF, 0xFF,
    0x00, 0x0F, 0xFF, 0xFF,
    0xFF, 0xFF, 0xFF, 0xFF,
    0xFF, 0xFF, 0xFF, 0xFF,

    0x00, 0x08, 0xC0, 0x0C,
    0x00, 0x08, 0xCC, 0xCC,
    0x00, 0x00, 0x8C, 0xC8,
    0x00, 0x00, 0x8C, 0x88,
    0x00, 0x00, 0x08, 0xCC,
    0x00, 0x00, 0x08, 0x88,
    0x00, 0x00, 0x00, 0x00,
    0x00, 0x00, 0x00, 0x00,

    0xFF, 0xF0, 0x0F, 0xF0,
    0xFF, 0xF0, 0x00, 0x00,
    0xFF, 0xFF, 0x00, 0x00,
    0xFF, 0xFF, 0x00, 0x00,
    0xFF, 0xFF, 0xF0, 0x00,
    0xFF, 0xFF, 0xF0, 0x00,
    0xFF, 0xFF, 0xFF, 0xFF,
    0xFF, 0xFF, 0xFF, 0xFF,


/* Tile ID 249, isSolid: false */
    0x00, 0x08, 0xCC, 0xCC,
    0x00, 0x08, 0xC8, 0x88,
    0x00, 0x08, 0xCC, 0xC8,
    0x00, 0x06, 0x8C, 0x88,
    0x00, 0x06, 0x6C, 0xCC,
    0x00, 0x00, 0x66, 0x88,
    0x00, 0x00, 0x00, 0x60,
    0x00, 0x00, 0x00, 0x00,

    0xFF, 0xF0, 0x00, 0x00,
    0xFF, 0xF0, 0x00, 0x00,
    0xFF, 0xF0, 0x00, 0x00,
    0xFF, 0xF0, 0x00, 0x00,
    0xFF, 0xF0, 0x00, 0x00,
    0xFF, 0xFF, 0x00, 0x00,
    0xFF, 0xFF, 0xFF, 0x0F,
    0xFF, 0xFF, 0xFF, 0xFF,

    0xCC, 0xCC, 0x80, 0x00,
    0x88, 0x8C, 0x80, 0x00,
    0x8C, 0xCC, 0x80, 0x00,
    0x88, 0xC8, 0x60, 0x00,
    0xCC, 0xC6, 0x60, 0x00,
    0x88, 0x66, 0x00, 0x00,
    0x06, 0x00, 0x00, 0x00,
    0x00, 0x00, 0x00, 0x00,

    0x00, 0x00, 0x0F, 0xFF,
    0x00, 0x00, 0x0F, 0xFF,
    0x00, 0x00, 0x0F, 0xFF,
    0x00, 0x00, 0x0F, 0xFF,
    0x00, 0x00, 0x0F, 0xFF,
    0x00, 0x00, 0xFF, 0xFF,
    0xF0, 0xFF, 0xFF, 0xFF,
    0xFF, 0xFF, 0xFF, 0xFF,


/* Tile ID 250, isSolid: false */
    0xC0, 0x00, 0xC8, 0x00,
    0xC0, 0x0C, 0x88, 0x00,
    0x8C, 0xCC, 0x80, 0x00,
    0x8C, 0xC8, 0x00, 0x00,
    0xCC, 0x80, 0x00, 0x00,
    0x88, 0x00, 0x00, 0x00,
    0x80, 0x00, 0x00, 0x00,
    0x00, 0x00, 0x00, 0x00,

    0x0F, 0xFF, 0x00, 0xFF,
    0x0F, 0xF0, 0x00, 0xFF,
    0x00, 0x00, 0x0F, 0xFF,
    0x00, 0x00, 0xFF, 0xFF,
    0x00, 0x0F, 0xFF, 0xFF,
    0x00, 0xFF, 0xFF, 0xFF,
    0x0F, 0xFF, 0xFF, 0xFF,
    0xFF, 0xFF, 0xFF, 0xFF,

    0x00, 0x8C, 0x00, 0x0C,
    0x00, 0x88, 0xC0, 0x0C,
    0x00, 0x08, 0xCC, 0xC8,
    0x00, 0x00, 0x8C, 0xC8,
    0x00, 0x00, 0x08, 0xCC,
    0x00, 0x00, 0x00, 0x88,
    0x00, 0x00, 0x00, 0x08,
    0x00, 0x00, 0x00, 0x00,

    0xFF, 0x00, 0xFF, 0xF0,
    0xFF, 0x00, 0x0F, 0xF0,
    0xFF, 0xF0, 0x00, 0x00,
    0xFF, 0xFF, 0x00, 0x00,
    0xFF, 0xFF, 0xF0, 0x00,
    0xFF, 0xFF, 0xFF, 0x00,
    0xFF, 0xFF, 0xFF, 0xF0,
    0xFF, 0xFF, 0xFF, 0xFF,


/* Tile ID 251, isSolid: false */
    0x00, 0x08, 0xC8, 0x8C,
    0x00, 0x08, 0xCC, 0x88,
    0x00, 0x66, 0xC8, 0xC8,
    0x00, 0x06, 0xCC, 0xC8,
    0x00, 0x00, 0x68, 0xCC,
    0x00, 0x00, 0x60, 0x88,
    0x00, 0x00, 0x00, 0x00,
    0x00, 0x00, 0x00, 0x00,

    0xFF, 0xF0, 0x00, 0x00,
    0xFF, 0xF0, 0x00, 0x00,
    0xFF, 0x00, 0x00, 0x00,
    0xFF, 0xF0, 0x00, 0x00,
    0xFF, 0xFF, 0x00, 0x00,
    0xFF, 0xFF, 0x0F, 0x00,
    0xFF, 0xFF, 0xFF, 0xFF,
    0xFF, 0xFF, 0xFF, 0xFF,

    0xC8, 0x8C, 0x80, 0x00,
    0x88, 0xCC, 0x80, 0x00,
    0x8C, 0x8C, 0x66, 0x00,
    0x8C, 0xCC, 0x60, 0x00,
    0xCC, 0x86, 0x00, 0x00,
    0x88, 0x06, 0x00, 0x00,
    0x00, 0x00, 0x00, 0x00,
    0x00, 0x00, 0x00, 0x00,

    0x00, 0x00, 0x0F, 0xFF,
    0x00, 0x00, 0x0F, 0xFF,
    0x00, 0x00, 0x00, 0xFF,
    0x00, 0x00, 0x0F, 0xFF,
    0x00, 0x00, 0xFF, 0xFF,
    0x00, 0xF0, 0xFF, 0xFF,
    0xFF, 0xFF, 0xFF, 0xFF,
    0xFF, 0xFF, 0xFF, 0xFF,


/* Tile ID 252, isSolid: false */
    0xCC, 0x00, 0x0C, 0x00,
    0xC0, 0x00, 0xCC, 0x80,
    0xCC, 0xCC, 0x88, 0x00,
    0xCC, 0xC8, 0x00, 0x00,
    0xC8, 0x80, 0x00, 0x00,
    0x80, 0x00, 0x00, 0x00,
    0x00, 0x00, 0x00, 0x00,
    0x00, 0x00, 0x00, 0x00,

    0x00, 0xFF, 0xF0, 0xFF,
    0x0F, 0xFF, 0x00, 0x0F,
    0x00, 0x00, 0x00, 0xFF,
    0x00, 0x00, 0xFF, 0xFF,
    0x00, 0x0F, 0xFF, 0xFF,
    0x0F, 0xFF, 0xFF, 0xFF,
    0xFF, 0xFF, 0xFF, 0xFF,
    0xFF, 0xFF, 0xFF, 0xFF,

    0x00, 0xC0, 0x00, 0xCC,
    0x08, 0xCC, 0x00, 0x0C,
    0x00, 0x88, 0xCC, 0xCC,
    0x00, 0x00, 0x8C, 0xCC,
    0x00, 0x00, 0x08, 0x8C,
    0x00, 0x00, 0x00, 0x08,
    0x00, 0x00, 0x00, 0x00,
    0x00, 0x00, 0x00, 0x00,

    0xFF, 0x0F, 0xFF, 0x00,
    0xF0, 0x00, 0xFF, 0xF0,
    0xFF, 0x00, 0x00, 0x00,
    0xFF, 0xFF, 0x00, 0x00,
    0xFF, 0xFF, 0xF0, 0x00,
    0xFF, 0xFF, 0xFF, 0xF0,
    0xFF, 0xFF, 0xFF, 0xFF,
    0xFF, 0xFF, 0xFF, 0xFF,


/* Tile ID 253, isSolid: false */
    0x00, 0x68, 0xC8, 0x8C,
    0x00, 0x6C, 0x8C, 0x88,
    0x00, 0x68, 0xC8, 0x8C,
    0x00, 0x68, 0xC8, 0x8C,
    0x00, 0x08, 0x8C, 0xCC,
    0x00, 0x00, 0x88, 0x88,
    0x00, 0x00, 0x00, 0x00,
    0x00, 0x00, 0x00, 0x00,

    0xFF, 0x00, 0x00, 0x00,
    0xFF, 0x00, 0x00, 0x00,
    0xFF, 0x00, 0x00, 0x00,
    0xFF, 0x00, 0x00, 0x00,
    0xFF, 0xF0, 0x00, 0x00,
    0xFF, 0xFF, 0x00, 0x00,
    0xFF, 0xFF, 0xFF, 0xFF,
    0xFF, 0xFF, 0xFF, 0xFF,

    0xC8, 0x8C, 0x86, 0x00,
    0x88, 0xC8, 0xC6, 0x00,
    0xC8, 0x8C, 0x86, 0x00,
    0xC8, 0x8C, 0x86, 0x00,
    0xCC, 0xC8, 0x80, 0x00,
    0x88, 0x88, 0x00, 0x00,
    0x00, 0x00, 0x00, 0x00,
    0x00, 0x00, 0x00, 0x00,

    0x00, 0x00, 0x00, 0xFF,
    0x00, 0x00, 0x00, 0xFF,
    0x00, 0x00, 0x00, 0xFF,
    0x00, 0x00, 0x00, 0xFF,
    0x00, 0x00, 0x0F, 0xFF,
    0x00, 0x00, 0xFF, 0xFF,
    0xFF, 0xFF, 0xFF, 0xFF,
    0xFF, 0xFF, 0xFF, 0xFF,


/* Tile ID 254, isSolid: false */
    0x00, 0x00, 0x00, 0x00,
    0xCC, 0xCC, 0xCC, 0x00,
    0x00, 0x00, 0x00, 0x00,
    0x00, 0x00, 0x00, 0x00,
    0xCC, 0xCC, 0xC0, 0x00,
    0x88, 0x88, 0x80, 0x00,
    0x00, 0x00, 0x00, 0x00,
    0x00, 0x00, 0x00, 0x00,

    0xFF, 0xFF, 0xFF, 0xFF,
    0x00, 0x00, 0x00, 0xFF,
    0xFF, 0xFF, 0xFF, 0xFF,
    0xFF, 0xFF, 0xFF, 0xFF,
    0x00, 0x00, 0x0F, 0xFF,
    0x00, 0x00, 0x0F, 0xFF,
    0xFF, 0xFF, 0xFF, 0xFF,
    0xFF, 0xFF, 0xFF, 0xFF,

    0x00, 0x00, 0x00, 0x00,
    0x00, 0xCC, 0xCC, 0xCC,
    0x00, 0x00, 0x00, 0x00,
    0x00, 0x00, 0x00, 0x00,
    0x00, 0x0C, 0xCC, 0xCC,
    0x00, 0x08, 0x88, 0x88,
    0x00, 0x00, 0x00, 0x00,
    0x00, 0x00, 0x00, 0x00,

    0xFF, 0xFF, 0xFF, 0xFF,
    0xFF, 0x00, 0x00, 0x00,
    0xFF, 0xFF, 0xFF, 0xFF,
    0xFF, 0xFF, 0xFF, 0xFF,
    0xFF, 0xF0, 0x00, 0x00,
    0xFF, 0xF0, 0x00, 0x00,
    0xFF, 0xFF, 0xFF, 0xFF,
    0xFF, 0xFF, 0xFF, 0xFF,


/* Tile ID 255, isSolid: false */
    0x00, 0x00, 0x00, 0x00,
    0x00, 0x00, 0x00, 0x00,
    0x00, 0x00, 0x00, 0x00,
    0x00, 0x00, 0x00, 0x00,
    0x00, 0x00, 0x00, 0x00,
    0x00, 0x00, 0x00, 0x00,
    0x00, 0x00, 0x00, 0x00,
    0x00, 0x00, 0x00, 0x00,

    0xFF, 0xFF, 0xFF, 0xFF,
    0xFF, 0xFF, 0xFF, 0xFF,
    0xFF, 0xFF, 0xFF, 0xFF,
    0xFF, 0xFF, 0xFF, 0xFF,
    0xFF, 0xFF, 0xFF, 0xFF,
    0xFF, 0xFF, 0xFF, 0xFF,
    0xFF, 0xFF, 0xFF, 0xFF,
    0xFF, 0xFF, 0xFF, 0xFF,

    0x00, 0x00, 0x00, 0x00,
    0x00, 0x00, 0x00, 0x00,
    0x00, 0x00, 0x00, 0x00,
    0x00, 0x00, 0x00, 0x00,
    0x00, 0x00, 0x00, 0x00,
    0x00, 0x00, 0x00, 0x00,
    0x00, 0x00, 0x00, 0x00,
    0x00, 0x00, 0x00, 0x00,

    0xFF, 0xFF, 0xFF, 0xFF,
    0xFF, 0xFF, 0xFF, 0xFF,
    0xFF, 0xFF, 0xFF, 0xFF,
    0xFF, 0xFF, 0xFF, 0xFF,
    0xFF, 0xFF, 0xFF, 0xFF,
    0xFF, 0xFF, 0xFF, 0xFF,
    0xFF, 0xFF, 0xFF, 0xFF,
    0xFF, 0xFF, 0xFF, 0xFF,


/* Tile ID 256, isSolid: false */
    0x00, 0x00, 0x00, 0x00,
    0x00, 0x00, 0x00, 0x00,
    0x00, 0x00, 0x00, 0x00,
    0x00, 0x00, 0x00, 0x00,
    0x00, 0x00, 0x00, 0x00,
    0x00, 0x00, 0x00, 0x00,
    0x00, 0x00, 0x00, 0x00,
    0x00, 0x00, 0x00, 0x00,

    0xFF, 0xFF, 0xFF, 0xFF,
    0xFF, 0xFF, 0xFF, 0xFF,
    0xFF, 0xFF, 0xFF, 0xFF,
    0xFF, 0xFF, 0xFF, 0xFF,
    0xFF, 0xFF, 0xFF, 0xFF,
    0xFF, 0xFF, 0xFF, 0xFF,
    0xFF, 0xFF, 0xFF, 0xFF,
    0xFF, 0xFF, 0xFF, 0xFF,

    0x00, 0x00, 0x00, 0x00,
    0x00, 0x00, 0x00, 0x00,
    0x00, 0x00, 0x00, 0x00,
    0x00, 0x00, 0x00, 0x00,
    0x00, 0x00, 0x00, 0x00,
    0x00, 0x00, 0x00, 0x00,
    0x00, 0x00, 0x00, 0x00,
    0x00, 0x00, 0x00, 0x00,

    0xFF, 0xFF, 0xFF, 0xFF,
    0xFF, 0xFF, 0xFF, 0xFF,
    0xFF, 0xFF, 0xFF, 0xFF,
    0xFF, 0xFF, 0xFF, 0xFF,
    0xFF, 0xFF, 0xFF, 0xFF,
    0xFF, 0xFF, 0xFF, 0xFF,
    0xFF, 0xFF, 0xFF, 0xFF,
    0xFF, 0xFF, 0xFF, 0xFF,


/* Tile ID 257, isSolid: false */
    0x00, 0x00, 0x00, 0x00,
    0x00, 0x00, 0x00, 0x0D,
    0x00, 0x00, 0x00, 0x08,
    0x00, 0x00, 0x00, 0x00,
    0x00, 0x00, 0x00, 0x00,
    0x00, 0xC0, 0x00, 0x00,
    0x00, 0xC0, 0x00, 0x00,
    0x00, 0xC8, 0x58, 0xD8,

    0xFF, 0xFF, 0xFF, 0xFF,
    0xFF, 0xFF, 0xFF, 0xF0,
    0xFF, 0xFF, 0xFF, 0xF0,
    0xFF, 0xFF, 0xFF, 0xFF,
    0xFF, 0xFF, 0xFF, 0xFF,
    0xFF, 0x0F, 0xFF, 0xFF,
    0xFF, 0x0F, 0xFF, 0xFF,
    0xFF, 0x00, 0x00, 0x00,

    0x00, 0x00, 0x00, 0x00,
    0xD0, 0x00, 0x00, 0x00,
    0x80, 0x00, 0x00, 0x00,
    0x00, 0x00, 0x00, 0x00,
    0x00, 0x00, 0x00, 0x00,
    0x00, 0x00, 0x0C, 0x00,
    0x00, 0x00, 0x0C, 0x00,
    0x8D, 0x85, 0x8C, 0x00,

    0xFF, 0xFF, 0xFF, 0xFF,
    0x0F, 0xFF, 0xFF, 0xFF,
    0x0F, 0xFF, 0xFF, 0xFF,
    0xFF, 0xFF, 0xFF, 0xFF,
    0xFF, 0xFF, 0xFF, 0xFF,
    0xFF, 0xFF, 0xF0, 0xFF,
    0xFF, 0xFF, 0xF0, 0xFF,
    0x00, 0x00, 0x00, 0xFF,


/* Tile ID 258, isSolid: false */
    0x00, 0x00, 0x00, 0x00,
    0x8D, 0x00, 0x00, 0x00,
    0xD8, 0x00, 0x00, 0x00,
    0x80, 0x00, 0x00, 0x00,
    0x80, 0x00, 0x00, 0x00,
    0x50, 0x00, 0x0C, 0x00,
    0xD0, 0x00, 0x0C, 0x00,
    0x58, 0x88, 0x5C, 0x00,

    0xFF, 0xFF, 0xFF, 0xFF,
    0x00, 0xFF, 0xFF, 0xFF,
    0x00, 0xFF, 0xFF, 0xFF,
    0x0F, 0xFF, 0xFF, 0xFF,
    0x0F, 0xFF, 0xFF, 0xFF,
    0x0F, 0xFF, 0xF0, 0xFF,
    0x0F, 0xFF, 0xF0, 0xFF,
    0x00, 0x00, 0x00, 0xFF,

    0x00, 0x00, 0x00, 0x00,
    0x00, 0x00, 0x00, 0xD8,
    0x00, 0x00, 0x00, 0x8D,
    0x00, 0x00, 0x00, 0x08,
    0x00, 0x00, 0x00, 0x08,
    0x00, 0xC0, 0x00, 0x05,
    0x00, 0xC0, 0x00, 0x0D,
    0x00, 0xC5, 0x88, 0x85,

    0xFF, 0xFF, 0xFF, 0xFF,
    0xFF, 0xFF, 0xFF, 0x00,
    0xFF, 0xFF, 0xFF, 0x00,
    0xFF, 0xFF, 0xFF, 0xF0,
    0xFF, 0xFF, 0xFF, 0xF0,
    0xFF, 0x0F, 0xFF, 0xF0,
    0xFF, 0x0F, 0xFF, 0xF0,
    0xFF, 0x00, 0x00, 0x00,


/* Tile ID 259, isSolid: false */
    0x00, 0x00, 0x00, 0x00,
    0x00, 0x00, 0x00, 0x00,
    0x00, 0x00, 0x00, 0x00,
    0x00, 0x0C, 0x00, 0x00,
    0x00, 0x0C, 0x00, 0x00,
    0x00, 0xC5, 0x00, 0x00,
    0x00, 0x88, 0x88, 0x8D,
    0x00, 0x00, 0xDD, 0x55,

    0xFF, 0xFF, 0xFF, 0xFF,
    0xFF, 0xFF, 0xFF, 0xFF,
    0xFF, 0xFF, 0xFF, 0xFF,
    0xFF, 0xF0, 0xFF, 0xFF,
    0xFF, 0xF0, 0xFF, 0xFF,
    0xFF, 0x00, 0xFF, 0xFF,
    0xFF, 0x00, 0x00, 0x00,
    0xFF, 0xFF, 0x00, 0x00,

    0x00, 0x00, 0x00, 0x00,
    0x00, 0x00, 0x00, 0x00,
    0x00, 0x00, 0x00, 0x00,
    0x00, 0x00, 0xC0, 0x00,
    0x00, 0x00, 0xC0, 0x00,
    0x00, 0x00, 0x5C, 0x00,
    0xD8, 0x88, 0x88, 0x00,
    0x55, 0xDD, 0x00, 0x00,

    0xFF, 0xFF, 0xFF, 0xFF,
    0xFF, 0xFF, 0xFF, 0xFF,
    0xFF, 0xFF, 0xFF, 0xFF,
    0xFF, 0xFF, 0x0F, 0xFF,
    0xFF, 0xFF, 0x0F, 0xFF,
    0xFF, 0xFF, 0x00, 0xFF,
    0x00, 0x00, 0x00, 0xFF,
    0x00, 0x00, 0xFF, 0xFF,


/* Tile ID 260, isSolid: false */
    0x00, 0x00, 0x00, 0x00,
    0xD8, 0x00, 0x00, 0x00,
    0xDD, 0xD0, 0x00, 0x00,
    0x88, 0x00, 0x00, 0x00,
    0x80, 0x00, 0x00, 0x00,
    0x50, 0x00, 0x00, 0x00,
    0x00, 0x00, 0x00, 0x00,
    0x80, 0x00, 0x0C, 0x00,

    0xFF, 0xFF, 0xFF, 0xFF,
    0x00, 0xFF, 0xFF, 0xFF,
    0x00, 0x0F, 0xFF, 0xFF,
    0x00, 0xFF, 0xFF, 0xFF,
    0x0F, 0xFF, 0xFF, 0xFF,
    0x0F, 0xFF, 0xFF, 0xFF,
    0xFF, 0xFF, 0xFF, 0xFF,
    0x0F, 0xFF, 0xF0, 0xFF,

    0x00, 0x00, 0x00, 0x00,
    0x00, 0x00, 0x00, 0x8D,
    0x00, 0x00, 0x0D, 0xDD,
    0x00, 0x00, 0x00, 0x88,
    0x00, 0x00, 0x00, 0x08,
    0x00, 0x00, 0x00, 0x05,
    0x00, 0x00, 0x00, 0x00,
    0x00, 0xC0, 0x00, 0x08,

    0xFF, 0xFF, 0xFF, 0xFF,
    0xFF, 0xFF, 0xFF, 0x00,
    0xFF, 0xFF, 0xF0, 0x00,
    0xFF, 0xFF, 0xFF, 0x00,
    0xFF, 0xFF, 0xFF, 0xF0,
    0xFF, 0xFF, 0xFF, 0xF0,
    0xFF, 0xFF, 0xFF, 0xFF,
    0xFF, 0x0F, 0xFF, 0xF0,


/* Tile ID 261, isSolid: false */
    0x00, 0x00, 0x00, 0x00,
    0x00, 0x00, 0x00, 0x00,
    0x00, 0x00, 0x0C, 0x00,
    0x00, 0x00, 0xC0, 0x00,
    0x00, 0x08, 0x55, 0x00,
    0x00, 0x00, 0x88, 0x80,
    0x00, 0x00, 0x0D, 0x88,
    0x00, 0x00, 0x0D, 0x55,

    0xFF, 0xFF, 0xFF, 0xFF,
    0xFF, 0xFF, 0xFF, 0xFF,
    0xFF, 0xFF, 0xF0, 0xFF,
    0xFF, 0xFF, 0x0F, 0xFF,
    0xFF, 0xF0, 0x00, 0xFF,
    0xFF, 0xFF, 0x00, 0x0F,
    0xFF, 0xFF, 0xF0, 0x00,
    0xFF, 0xFF, 0xF0, 0x00,

    0x00, 0x00, 0x00, 0x00,
    0x00, 0x00, 0x00, 0x00,
    0x00, 0xC0, 0x00, 0x00,
    0x00, 0x0C, 0x00, 0x00,
    0x00, 0x55, 0x80, 0x00,
    0x08, 0x88, 0x00, 0x00,
    0x88, 0xD0, 0x00, 0x00,
    0x55, 0xD0, 0x00, 0x00,

    0xFF, 0xFF, 0xFF, 0xFF,
    0xFF, 0xFF, 0xFF, 0xFF,
    0xFF, 0x0F, 0xFF, 0xFF,
    0xFF, 0xF0, 0xFF, 0xFF,
    0xFF, 0x00, 0x0F, 0xFF,
    0xF0, 0x00, 0xFF, 0xFF,
    0x00, 0x0F, 0xFF, 0xFF,
    0x00, 0x0F, 0xFF, 0xFF,


/* Tile ID 262, isSolid: false */
    0x00, 0x00, 0x00, 0x00,
    0x00, 0x00, 0x00, 0x00,
    0x00, 0x0D, 0x00, 0x00,
    0x00, 0x8D, 0x80, 0x00,
    0x00, 0x88, 0x80, 0x00,
    0x05, 0x00, 0x00, 0x00,
    0xD0, 0x00, 0x00, 0x00,
    0x50, 0x00, 0x00, 0x00,

    0xFF, 0xFF, 0xFF, 0xFF,
    0xFF, 0xFF, 0xFF, 0xFF,
    0xFF, 0xF0, 0xFF, 0xFF,
    0xFF, 0x00, 0x0F, 0xFF,
    0xFF, 0x00, 0x0F, 0xFF,
    0xF0, 0xFF, 0xFF, 0xFF,
    0x0F, 0xFF, 0xFF, 0xFF,
    0x0F, 0xFF, 0xFF, 0xFF,

    0x00, 0x00, 0x00, 0x00,
    0x00, 0x00, 0x00, 0x00,
    0x00, 0x00, 0xD0, 0x00,
    0x00, 0x08, 0xD8, 0x00,
    0x00, 0x08, 0x88, 0x00,
    0x00, 0x00, 0x00, 0x50,
    0x00, 0x00, 0x00, 0x0D,
    0x00, 0x00, 0x00, 0x05,

    0xFF, 0xFF, 0xFF, 0xFF,
    0xFF, 0xFF, 0xFF, 0xFF,
    0xFF, 0xFF, 0x0F, 0xFF,
    0xFF, 0xF0, 0x00, 0xFF,
    0xFF, 0xF0, 0x00, 0xFF,
    0xFF, 0xFF, 0xFF, 0x0F,
    0xFF, 0xFF, 0xFF, 0xF0,
    0xFF, 0xFF, 0xFF, 0xF0,


/* Tile ID 263, isSolid: false */
    0x00, 0x00, 0x00, 0x00,
    0x00, 0x00, 0x00, 0x00,
    0x00, 0x00, 0x00, 0x0C,
    0x00, 0x00, 0x08, 0x5C,
    0x00, 0x00, 0x08, 0x80,
    0x00, 0x00, 0x00, 0xD8,
    0x00, 0x00, 0x00, 0xD8,
    0x00, 0x00, 0x8D, 0x55,

    0xFF, 0xFF, 0xFF, 0xFF,
    0xFF, 0xFF, 0xFF, 0xFF,
    0xFF, 0xFF, 0xFF, 0xF0,
    0xFF, 0xFF, 0xF0, 0x00,
    0xFF, 0xFF, 0xF0, 0x0F,
    0xFF, 0xFF, 0xFF, 0x00,
    0xFF, 0xFF, 0xFF, 0x00,
    0xFF, 0xFF, 0x00, 0x00,

    0x00, 0x00, 0x00, 0x00,
    0x00, 0x00, 0x00, 0x00,
    0xC0, 0x00, 0x00, 0x00,
    0xC5, 0x80, 0x00, 0x00,
    0x08, 0x80, 0x00, 0x00,
    0x8D, 0x00, 0x00, 0x00,
    0x8D, 0x00, 0x00, 0x00,
    0x55, 0xD8, 0x00, 0x00,

    0xFF, 0xFF, 0xFF, 0xFF,
    0xFF, 0xFF, 0xFF, 0xFF,
    0x0F, 0xFF, 0xFF, 0xFF,
    0x00, 0x0F, 0xFF, 0xFF,
    0xF0, 0x0F, 0xFF, 0xFF,
    0x00, 0xFF, 0xFF, 0xFF,
    0x00, 0xFF, 0xFF, 0xFF,
    0x00, 0x00, 0xFF, 0xFF,


/* Tile ID 264, isSolid: false */
    0x00, 0x00, 0x00, 0x00,
    0x00, 0x00, 0x00, 0x00,
    0xC0, 0x00, 0x00, 0x00,
    0x00, 0x00, 0x00, 0x00,
    0x00, 0x00, 0x8D, 0x00,
    0x00, 0x08, 0xD8, 0x00,
    0x05, 0x88, 0x88, 0x00,
    0x50, 0x00, 0x00, 0x00,

    0xFF, 0xFF, 0xFF, 0xFF,
    0xFF, 0xFF, 0xFF, 0xFF,
    0x0F, 0xFF, 0xFF, 0xFF,
    0xFF, 0xFF, 0xFF, 0xFF,
    0xFF, 0xFF, 0x00, 0xFF,
    0xFF, 0xF0, 0x00, 0xFF,
    0xF0, 0x00, 0x00, 0xFF,
    0x0F, 0xFF, 0xFF, 0xFF,

    0x00, 0x00, 0x00, 0x00,
    0x00, 0x00, 0x00, 0x00,
    0x00, 0x00, 0x00, 0x0C,
    0x00, 0x00, 0x00, 0x00,
    0x00, 0xD8, 0x00, 0x00,
    0x00, 0x8D, 0x80, 0x00,
    0x00, 0x88, 0x88, 0x50,
    0x00, 0x00, 0x00, 0x05,

    0xFF, 0xFF, 0xFF, 0xFF,
    0xFF, 0xFF, 0xFF, 0xFF,
    0xFF, 0xFF, 0xFF, 0xF0,
    0xFF, 0xFF, 0xFF, 0xFF,
    0xFF, 0x00, 0xFF, 0xFF,
    0xFF, 0x00, 0x0F, 0xFF,
    0xFF, 0x00, 0x00, 0x0F,
    0xFF, 0xFF, 0xFF, 0xF0,


/* Tile ID 265, isSolid: false */
    0x00, 0x00, 0x00, 0x00,
    0x00, 0x00, 0x00, 0x00,
    0x00, 0x00, 0x00, 0x8C,
    0x00, 0x00, 0x00, 0x85,
    0x00, 0x00, 0x00, 0xD8,
    0x00, 0x00, 0x00, 0xD8,
    0x00, 0x85, 0x8D, 0x58,
    0x00, 0x68, 0xD5, 0x55,

    0xFF, 0xFF, 0xFF, 0xFF,
    0xFF, 0xFF, 0xFF, 0xFF,
    0xFF, 0xFF, 0xFF, 0x00,
    0xFF, 0xFF, 0xFF, 0x00,
    0xFF, 0xFF, 0xFF, 0x00,
    0xFF, 0xFF, 0xFF, 0x00,
    0xFF, 0x00, 0x00, 0x00,
    0xFF, 0x00, 0x00, 0x00,

    0x00, 0x00, 0x00, 0x00,
    0x00, 0x00, 0x00, 0x00,
    0xC8, 0x00, 0x00, 0x00,
    0x58, 0x00, 0x00, 0x00,
    0x8D, 0x00, 0x00, 0x00,
    0x8D, 0x00, 0x00, 0x00,
    0x85, 0xD8, 0x58, 0x00,
    0x55, 0x5D, 0x86, 0x00,

    0xFF, 0xFF, 0xFF, 0xFF,
    0xFF, 0xFF, 0xFF, 0xFF,
    0x00, 0xFF, 0xFF, 0xFF,
    0x00, 0xFF, 0xFF, 0xFF,
    0x00, 0xFF, 0xFF, 0xFF,
    0x00, 0xFF, 0xFF, 0xFF,
    0x00, 0x00, 0x00, 0xFF,
    0x00, 0x00, 0x00, 0xFF,


/* Tile ID 266, isSolid: false */
    0x00, 0x00, 0x00, 0x00,
    0x00, 0x00, 0x00, 0x00,
    0xCC, 0x00, 0x00, 0x00,
    0x00, 0x00, 0x00, 0x00,
    0x00, 0x00, 0x00, 0x00,
    0x00, 0x00, 0x00, 0x00,
    0x00, 0x00, 0x8D, 0x00,
    0xD5, 0x88, 0xD8, 0x00,

    0xFF, 0xFF, 0xFF, 0xFF,
    0xFF, 0xFF, 0xFF, 0xFF,
    0x00, 0xFF, 0xFF, 0xFF,
    0xFF, 0xFF, 0xFF, 0xFF,
    0xFF, 0xFF, 0xFF, 0xFF,
    0xFF, 0xFF, 0xFF, 0xFF,
    0xFF, 0xFF, 0x00, 0xFF,
    0x00, 0x00, 0x00, 0xFF,

    0x00, 0x00, 0x00, 0x00,
    0x00, 0x00, 0x00, 0x00,
    0x00, 0x00, 0x00, 0xCC,
    0x00, 0x00, 0x00, 0x00,
    0x00, 0x00, 0x00, 0x00,
    0x00, 0x00, 0x00, 0x00,
    0x00, 0xD8, 0x00, 0x00,
    0x00, 0x8D, 0x88, 0x5D,

    0xFF, 0xFF, 0xFF, 0xFF,
    0xFF, 0xFF, 0xFF, 0xFF,
    0xFF, 0xFF, 0xFF, 0x00,
    0xFF, 0xFF, 0xFF, 0xFF,
    0xFF, 0xFF, 0xFF, 0xFF,
    0xFF, 0xFF, 0xFF, 0xFF,
    0xFF, 0x00, 0xFF, 0xFF,
    0xFF, 0x00, 0x00, 0x00,


/* Tile ID 267, isSolid: false */
    0x00, 0x00, 0x00, 0x00,
    0x00, 0x00, 0x00, 0x00,
    0x00, 0x00, 0x00, 0x00,
    0x00, 0x00, 0x00, 0x0D,
    0x00, 0x00, 0x00, 0x88,
    0x00, 0xC0, 0x00, 0xD5,
    0x00, 0xC8, 0xD5, 0x58,
    0x00, 0xC5, 0x8D, 0x85,

    0xFF, 0xFF, 0xFF, 0xFF,
    0xFF, 0xFF, 0xFF, 0xFF,
    0xFF, 0xFF, 0xFF, 0xFF,
    0xFF, 0xFF, 0xFF, 0xF0,
    0xFF, 0xFF, 0xFF, 0x00,
    0xFF, 0x0F, 0xFF, 0x00,
    0xFF, 0x00, 0x00, 0x00,
    0xFF, 0x00, 0x00, 0x00,

    0x00, 0x00, 0x00, 0x00,
    0x00, 0x00, 0x00, 0x00,
    0x00, 0x00, 0x00, 0x00,
    0xD0, 0x00, 0x00, 0x00,
    0x88, 0x00, 0x00, 0x00,
    0x5D, 0x00, 0x0C, 0x00,
    0x85, 0x5D, 0x8C, 0x00,
    0x58, 0xD8, 0x5C, 0x00,

    0xFF, 0xFF, 0xFF, 0xFF,
    0xFF, 0xFF, 0xFF, 0xFF,
    0xFF, 0xFF, 0xFF, 0xFF,
    0x0F, 0xFF, 0xFF, 0xFF,
    0x00, 0xFF, 0xFF, 0xFF,
    0x00, 0xFF, 0xF0, 0xFF,
    0x00, 0x00, 0x00, 0xFF,
    0x00, 0x00, 0x00, 0xFF,


/* Tile ID 268, isSolid: false */
    0x00, 0x00, 0x00, 0x00,
    0x00, 0x00, 0x00, 0x00,
    0x00, 0x00, 0x00, 0x00,
    0xD0, 0x00, 0x00, 0x00,
    0x88, 0x00, 0x00, 0x00,
    0x5D, 0x00, 0x0C, 0x00,
    0x85, 0x5D, 0x8C, 0x00,
    0x58, 0xD8, 0x5C, 0x00,

    0xFF, 0xFF, 0xFF, 0xFF,
    0xFF, 0xFF, 0xFF, 0xFF,
    0xFF, 0xFF, 0xFF, 0xFF,
    0x0F, 0xFF, 0xFF, 0xFF,
    0x00, 0xFF, 0xFF, 0xFF,
    0x00, 0xFF, 0xF0, 0xFF,
    0x00, 0x00, 0x00, 0xFF,
    0x00, 0x00, 0x00, 0xFF,

    0x00, 0x00, 0x00, 0x00,
    0x00, 0x00, 0x00, 0x00,
    0x00, 0x00, 0x00, 0x00,
    0x00, 0x00, 0x00, 0x0D,
    0x00, 0x00, 0x00, 0x88,
    0x00, 0xC0, 0x00, 0xD5,
    0x00, 0xC8, 0xD5, 0x58,
    0x00, 0xC5, 0x8D, 0x85,

    0xFF, 0xFF, 0xFF, 0xFF,
    0xFF, 0xFF, 0xFF, 0xFF,
    0xFF, 0xFF, 0xFF, 0xFF,
    0xFF, 0xFF, 0xFF, 0xF0,
    0xFF, 0xFF, 0xFF, 0x00,
    0xFF, 0x0F, 0xFF, 0x00,
    0xFF, 0x00, 0x00, 0x00,
    0xFF, 0x00, 0x00, 0x00,


/* Tile ID 269, isSolid: false */
    0x00, 0x00, 0x00, 0x00,
    0x00, 0x00, 0x00, 0x00,
    0x00, 0x00, 0x00, 0x00,
    0x00, 0x00, 0x00, 0x00,
    0x00, 0xC0, 0x00, 0x08,
    0x00, 0xC8, 0xD0, 0xD5,
    0x00, 0x55, 0xD5, 0x88,
    0x00, 0x05, 0xDD, 0x58,

    0xFF, 0xFF, 0xFF, 0xFF,
    0xFF, 0xFF, 0xFF, 0xFF,
    0xFF, 0xFF, 0xFF, 0xFF,
    0xFF, 0xFF, 0xFF, 0xFF,
    0xFF, 0x0F, 0xFF, 0xF0,
    0xFF, 0x00, 0x0F, 0x00,
    0xFF, 0x00, 0x00, 0x00,
    0xFF, 0xF0, 0x00, 0x00,

    0x00, 0x00, 0x00, 0x00,
    0x00, 0x00, 0x00, 0x00,
    0x00, 0x00, 0x00, 0x00,
    0x00, 0x00, 0x00, 0x00,
    0x80, 0x00, 0x0C, 0x00,
    0x5D, 0x0D, 0x8C, 0x00,
    0x88, 0x5D, 0x55, 0x00,
    0x85, 0xDD, 0x50, 0x00,

    0xFF, 0xFF, 0xFF, 0xFF,
    0xFF, 0xFF, 0xFF, 0xFF,
    0xFF, 0xFF, 0xFF, 0xFF,
    0xFF, 0xFF, 0xFF, 0xFF,
    0x0F, 0xFF, 0xF0, 0xFF,
    0x00, 0xF0, 0x00, 0xFF,
    0x00, 0x00, 0x00, 0xFF,
    0x00, 0x00, 0x0F, 0xFF,


/* Tile ID 270, isSolid: false */
    0x00, 0x00, 0x00, 0x00,
    0x00, 0x00, 0x00, 0x00,
    0x00, 0x00, 0x00, 0x00,
    0x00, 0x00, 0x00, 0x00,
    0xDD, 0x00, 0x00, 0x00,
    0x88, 0x00, 0x00, 0x00,
    0x5D, 0x00, 0x00, 0x00,
    0x85, 0x00, 0x00, 0x00,

    0xFF, 0xFF, 0xFF, 0xFF,
    0xFF, 0xFF, 0xFF, 0xFF,
    0xFF, 0xFF, 0xFF, 0xFF,
    0xFF, 0xFF, 0xFF, 0xFF,
    0x00, 0xFF, 0xFF, 0xFF,
    0x00, 0xFF, 0xFF, 0xFF,
    0x00, 0xFF, 0xFF, 0xFF,
    0x00, 0xFF, 0xFF, 0xFF,

    0x00, 0x00, 0x00, 0x00,
    0x00, 0x00, 0x00, 0x00,
    0x00, 0x00, 0x00, 0x00,
    0x00, 0x00, 0x00, 0x00,
    0x00, 0x00, 0x00, 0xDD,
    0x00, 0x00, 0x00, 0x88,
    0x00, 0x00, 0x00, 0xD5,
    0x00, 0x00, 0x00, 0x58,

    0xFF, 0xFF, 0xFF, 0xFF,
    0xFF, 0xFF, 0xFF, 0xFF,
    0xFF, 0xFF, 0xFF, 0xFF,
    0xFF, 0xFF, 0xFF, 0xFF,
    0xFF, 0xFF, 0xFF, 0x00,
    0xFF, 0xFF, 0xFF, 0x00,
    0xFF, 0xFF, 0xFF, 0x00,
    0xFF, 0xFF, 0xFF, 0x00,


/* Tile ID 271, isSolid: false */
    0x00, 0x00, 0x00, 0x00,
    0x00, 0x00, 0x00, 0x00,
    0x00, 0x00, 0xC0, 0x00,
    0x00, 0x0C, 0x80, 0x00,
    0x00, 0x05, 0x8D, 0x00,
    0x00, 0x08, 0x8D, 0x5D,
    0x00, 0x05, 0x8D, 0x88,
    0x00, 0x00, 0x8D, 0x58,

    0xFF, 0xFF, 0xFF, 0xFF,
    0xFF, 0xFF, 0xFF, 0xFF,
    0xFF, 0xFF, 0x0F, 0xFF,
    0xFF, 0xF0, 0x0F, 0xFF,
    0xFF, 0xF0, 0x00, 0xFF,
    0xFF, 0xF0, 0x00, 0x00,
    0xFF, 0xF0, 0x00, 0x00,
    0xFF, 0xFF, 0x00, 0x00,

    0x00, 0x00, 0x00, 0x00,
    0x00, 0x00, 0x00, 0x00,
    0x00, 0x0C, 0x00, 0x00,
    0x00, 0x08, 0xC0, 0x00,
    0x00, 0xD8, 0x50, 0x00,
    0xD5, 0xD8, 0x80, 0x00,
    0x88, 0xD8, 0x50, 0x00,
    0x85, 0xD8, 0x00, 0x00,

    0xFF, 0xFF, 0xFF, 0xFF,
    0xFF, 0xFF, 0xFF, 0xFF,
    0xFF, 0xF0, 0xFF, 0xFF,
    0xFF, 0xF0, 0x0F, 0xFF,
    0xFF, 0x00, 0x0F, 0xFF,
    0x00, 0x00, 0x0F, 0xFF,
    0x00, 0x00, 0x0F, 0xFF,
    0x00, 0x00, 0xFF, 0xFF,


/* Tile ID 272, isSolid: false */
    0x00, 0x00, 0x00, 0x00,
    0x00, 0x00, 0x00, 0x00,
    0x00, 0x00, 0x00, 0x00,
    0x00, 0x00, 0x00, 0x00,
    0x0D, 0x00, 0x00, 0x00,
    0x88, 0xD0, 0x00, 0x00,
    0x58, 0x00, 0x00, 0x00,
    0x8D, 0x00, 0x00, 0x00,

    0xFF, 0xFF, 0xFF, 0xFF,
    0xFF, 0xFF, 0xFF, 0xFF,
    0xFF, 0xFF, 0xFF, 0xFF,
    0xFF, 0xFF, 0xFF, 0xFF,
    0xF0, 0xFF, 0xFF, 0xFF,
    0x00, 0x0F, 0xFF, 0xFF,
    0x00, 0xFF, 0xFF, 0xFF,
    0x00, 0xFF, 0xFF, 0xFF,

    0x00, 0x00, 0x00, 0x00,
    0x00, 0x00, 0x00, 0x00,
    0x00, 0x00, 0x00, 0x00,
    0x00, 0x00, 0x00, 0x00,
    0x00, 0x00, 0x00, 0xD0,
    0x00, 0x00, 0x0D, 0x88,
    0x00, 0x00, 0x00, 0x85,
    0x00, 0x00, 0x00, 0xD8,

    0xFF, 0xFF, 0xFF, 0xFF,
    0xFF, 0xFF, 0xFF, 0xFF,
    0xFF, 0xFF, 0xFF, 0xFF,
    0xFF, 0xFF, 0xFF, 0xFF,
    0xFF, 0xFF, 0xFF, 0x0F,
    0xFF, 0xFF, 0xF0, 0x00,
    0xFF, 0xFF, 0xFF, 0x00,
    0xFF, 0xFF, 0xFF, 0x00,


/* Tile ID 273, isSolid: false */
    0x00, 0x00, 0x00, 0x00,
    0x00, 0x00, 0x00, 0xC0,
    0x00, 0x00, 0xCC, 0xC0,
    0x00, 0x00, 0x55, 0x80,
    0x00, 0x00, 0x58, 0xD0,
    0x00, 0x00, 0x5D, 0x85,
    0x00, 0x00, 0x8D, 0x58,
    0x00, 0x5D, 0x88, 0x58,

    0xFF, 0xFF, 0xFF, 0xFF,
    0xFF, 0xFF, 0xFF, 0x0F,
    0xFF, 0xFF, 0x00, 0x0F,
    0xFF, 0xFF, 0x00, 0x0F,
    0xFF, 0xFF, 0x00, 0x0F,
    0xFF, 0xFF, 0x00, 0x00,
    0xFF, 0xFF, 0x00, 0x00,
    0xFF, 0x00, 0x00, 0x00,

    0x00, 0x00, 0x00, 0x00,
    0x0C, 0x00, 0x00, 0x00,
    0x0C, 0xCC, 0x00, 0x00,
    0x08, 0x55, 0x00, 0x00,
    0x0D, 0x85, 0x00, 0x00,
    0x58, 0xD5, 0x00, 0x00,
    0x85, 0xD8, 0x00, 0x00,
    0x85, 0x88, 0xD5, 0x00,

    0xFF, 0xFF, 0xFF, 0xFF,
    0xF0, 0xFF, 0xFF, 0xFF,
    0xF0, 0x00, 0xFF, 0xFF,
    0xF0, 0x00, 0xFF, 0xFF,
    0xF0, 0x00, 0xFF, 0xFF,
    0x00, 0x00, 0xFF, 0xFF,
    0x00, 0x00, 0xFF, 0xFF,
    0x00, 0x00, 0x00, 0xFF,


/* Tile ID 274, isSolid: false */
    0x00, 0x00, 0x00, 0x00,
    0x00, 0x00, 0x00, 0x00,
    0x00, 0x00, 0x00, 0x00,
    0x00, 0x00, 0x00, 0x00,
    0x00, 0x00, 0x00, 0x00,
    0xD8, 0xD0, 0x00, 0x00,
    0x58, 0xD0, 0x00, 0x00,
    0x55, 0x00, 0x00, 0x00,

    0xFF, 0xFF, 0xFF, 0xFF,
    0xFF, 0xFF, 0xFF, 0xFF,
    0xFF, 0xFF, 0xFF, 0xFF,
    0xFF, 0xFF, 0xFF, 0xFF,
    0xFF, 0xFF, 0xFF, 0xFF,
    0x00, 0x0F, 0xFF, 0xFF,
    0x00, 0x0F, 0xFF, 0xFF,
    0x00, 0xFF, 0xFF, 0xFF,

    0x00, 0x00, 0x00, 0x00,
    0x00, 0x00, 0x00, 0x00,
    0x00, 0x00, 0x00, 0x00,
    0x00, 0x00, 0x00, 0x00,
    0x00, 0x00, 0x00, 0x00,
    0x00, 0x00, 0x0D, 0x8D,
    0x00, 0x00, 0x0D, 0x85,
    0x00, 0x00, 0x00, 0x55,

    0xFF, 0xFF, 0xFF, 0xFF,
    0xFF, 0xFF, 0xFF, 0xFF,
    0xFF, 0xFF, 0xFF, 0xFF,
    0xFF, 0xFF, 0xFF, 0xFF,
    0xFF, 0xFF, 0xFF, 0xFF,
    0xFF, 0xFF, 0xF0, 0x00,
    0xFF, 0xFF, 0xF0, 0x00,
    0xFF, 0xFF, 0xFF, 0x00,


/* Tile ID 275, isSolid: false */
    0x00, 0x00, 0x00, 0x00,
    0x00, 0x00, 0x00, 0x00,
    0x00, 0x00, 0x00, 0x0C,
    0x00, 0x00, 0x00, 0x85,
    0x00, 0x00, 0x00, 0x58,
    0x00, 0x00, 0x05, 0x8D,
    0x00, 0x05, 0xD8, 0xD8,
    0x00, 0x00, 0x65, 0x85,

    0xFF, 0xFF, 0xFF, 0xFF,
    0xFF, 0xFF, 0xFF, 0xFF,
    0xFF, 0xFF, 0xFF, 0xF0,
    0xFF, 0xFF, 0xFF, 0x00,
    0xFF, 0xFF, 0xFF, 0x00,
    0xFF, 0xFF, 0xF0, 0x00,
    0xFF, 0xF0, 0x00, 0x00,
    0xFF, 0xFF, 0x00, 0x00,

    0x00, 0x00, 0x00, 0x00,
    0x00, 0x00, 0x00, 0x00,
    0xC0, 0x00, 0x00, 0x00,
    0x58, 0x00, 0x00, 0x00,
    0x85, 0x00, 0x00, 0x00,
    0xD8, 0x50, 0x00, 0x00,
    0x8D, 0x8D, 0x50, 0x00,
    0x58, 0x56, 0x00, 0x00,

    0xFF, 0xFF, 0xFF, 0xFF,
    0xFF, 0xFF, 0xFF, 0xFF,
    0x0F, 0xFF, 0xFF, 0xFF,
    0x00, 0xFF, 0xFF, 0xFF,
    0x00, 0xFF, 0xFF, 0xFF,
    0x00, 0x0F, 0xFF, 0xFF,
    0x00, 0x00, 0x0F, 0xFF,
    0x00, 0x00, 0xFF, 0xFF,


/* Tile ID 276, isSolid: false */
    0x00, 0x00, 0x00, 0x00,
    0x00, 0x00, 0x00, 0x00,
    0xCC, 0x00, 0x00, 0x00,
    0x80, 0x00, 0x00, 0x00,
    0xD0, 0x00, 0x00, 0x00,
    0x50, 0x00, 0x00, 0x00,
    0x5D, 0x80, 0x00, 0x00,
    0x85, 0x8D, 0x00, 0x00,

    0xFF, 0xFF, 0xFF, 0xFF,
    0xFF, 0xFF, 0xFF, 0xFF,
    0x00, 0xFF, 0xFF, 0xFF,
    0x0F, 0xFF, 0xFF, 0xFF,
    0x0F, 0xFF, 0xFF, 0xFF,
    0x0F, 0xFF, 0xFF, 0xFF,
    0x00, 0x0F, 0xFF, 0xFF,
    0x00, 0x00, 0xFF, 0xFF,

    0x00, 0x00, 0x00, 0x00,
    0x00, 0x00, 0x00, 0x00,
    0x00, 0x00, 0x00, 0xCC,
    0x00, 0x00, 0x00, 0x08,
    0x00, 0x00, 0x00, 0x0D,
    0x00, 0x00, 0x00, 0x05,
    0x00, 0x00, 0x08, 0xD5,
    0x00, 0x00, 0xD8, 0x58,

    0xFF, 0xFF, 0xFF, 0xFF,
    0xFF, 0xFF, 0xFF, 0xFF,
    0xFF, 0xFF, 0xFF, 0x00,
    0xFF, 0xFF, 0xFF, 0xF0,
    0xFF, 0xFF, 0xFF, 0xF0,
    0xFF, 0xFF, 0xFF, 0xF0,
    0xFF, 0xFF, 0xF0, 0x00,
    0xFF, 0xFF, 0x00, 0x00,


/* Tile ID 277, isSolid: false */
    0x00, 0x00, 0x00, 0x00,
    0x00, 0x00, 0x00, 0x00,
    0x00, 0x00, 0x00, 0xDD,
    0x00, 0x00, 0x00, 0xD5,
    0x00, 0x00, 0x55, 0x85,
    0x00, 0xC0, 0x58, 0x68,
    0x00, 0xC8, 0xDD, 0xDD,
    0x00, 0xC8, 0x00, 0xD5,

    0xFF, 0xFF, 0xFF, 0xFF,
    0xFF, 0xFF, 0xFF, 0xFF,
    0xFF, 0xFF, 0xFF, 0x00,
    0xFF, 0xFF, 0xFF, 0x00,
    0xFF, 0xFF, 0x00, 0x00,
    0xFF, 0x0F, 0x00, 0x00,
    0xFF, 0x00, 0x00, 0x00,
    0xFF, 0x00, 0xFF, 0x00,

    0x00, 0x00, 0x00, 0x00,
    0x00, 0x00, 0x00, 0x00,
    0xDD, 0x00, 0x00, 0x00,
    0x5D, 0x00, 0x00, 0x00,
    0x58, 0x55, 0x00, 0x00,
    0x86, 0x85, 0x0C, 0x00,
    0xDD, 0xDD, 0x8C, 0x00,
    0x5D, 0x00, 0x8C, 0x00,

    0xFF, 0xFF, 0xFF, 0xFF,
    0xFF, 0xFF, 0xFF, 0xFF,
    0x00, 0xFF, 0xFF, 0xFF,
    0x00, 0xFF, 0xFF, 0xFF,
    0x00, 0x00, 0xFF, 0xFF,
    0x00, 0x00, 0xF0, 0xFF,
    0x00, 0x00, 0x00, 0xFF,
    0x00, 0xFF, 0x00, 0xFF,


/* Tile ID 278, isSolid: false */
    0x00, 0x00, 0x00, 0x00,
    0x00, 0x00, 0x00, 0x00,
    0xDD, 0x00, 0x00, 0x00,
    0x5D, 0x00, 0x00, 0x00,
    0x58, 0x55, 0x00, 0x00,
    0x86, 0x85, 0x0C, 0x00,
    0xDD, 0xDD, 0x8C, 0x00,
    0x5D, 0x00, 0x8C, 0x00,

    0xFF, 0xFF, 0xFF, 0xFF,
    0xFF, 0xFF, 0xFF, 0xFF,
    0x00, 0xFF, 0xFF, 0xFF,
    0x00, 0xFF, 0xFF, 0xFF,
    0x00, 0x00, 0xFF, 0xFF,
    0x00, 0x00, 0xF0, 0xFF,
    0x00, 0x00, 0x00, 0xFF,
    0x00, 0xFF, 0x00, 0xFF,

    0x00, 0x00, 0x00, 0x00,
    0x00, 0x00, 0x00, 0x00,
    0x00, 0x00, 0x00, 0xDD,
    0x00, 0x00, 0x00, 0xD5,
    0x00, 0x00, 0x55, 0x85,
    0x00, 0xC0, 0x58, 0x68,
    0x00, 0xC8, 0xDD, 0xDD,
    0x00, 0xC8, 0x00, 0xD5,

    0xFF, 0xFF, 0xFF, 0xFF,
    0xFF, 0xFF, 0xFF, 0xFF,
    0xFF, 0xFF, 0xFF, 0x00,
    0xFF, 0xFF, 0xFF, 0x00,
    0xFF, 0xFF, 0x00, 0x00,
    0xFF, 0x0F, 0x00, 0x00,
    0xFF, 0x00, 0x00, 0x00,
    0xFF, 0x00, 0xFF, 0x00,


/* Tile ID 279, isSolid: false */
    0x00, 0x00, 0x00, 0x00,
    0x00, 0x00, 0x00, 0x00,
    0x00, 0x00, 0x00, 0x00,
    0x00, 0x00, 0x00, 0x0D,
    0x00, 0xCC, 0x05, 0x5D,
    0x00, 0xC8, 0x55, 0x68,
    0x00, 0xC8, 0xDD, 0xD8,
    0x00, 0x00, 0x0D, 0xDD,

    0xFF, 0xFF, 0xFF, 0xFF,
    0xFF, 0xFF, 0xFF, 0xFF,
    0xFF, 0xFF, 0xFF, 0xFF,
    0xFF, 0xFF, 0xFF, 0xF0,
    0xFF, 0x00, 0xF0, 0x00,
    0xFF, 0x00, 0x00, 0x00,
    0xFF, 0x00, 0x00, 0x00,
    0xFF, 0xFF, 0xF0, 0x00,

    0x00, 0x00, 0x00, 0x00,
    0x00, 0x00, 0x00, 0x00,
    0x00, 0x00, 0x00, 0x00,
    0xD0, 0x00, 0x00, 0x00,
    0xD5, 0x50, 0xCC, 0x00,
    0x86, 0x55, 0x8C, 0x00,
    0x8D, 0xDD, 0x8C, 0x00,
    0xDD, 0xD0, 0x00, 0x00,

    0xFF, 0xFF, 0xFF, 0xFF,
    0xFF, 0xFF, 0xFF, 0xFF,
    0xFF, 0xFF, 0xFF, 0xFF,
    0x0F, 0xFF, 0xFF, 0xFF,
    0x00, 0x0F, 0x00, 0xFF,
    0x00, 0x00, 0x00, 0xFF,
    0x00, 0x00, 0x00, 0xFF,
    0x00, 0x0F, 0xFF, 0xFF,


/* Tile ID 280, isSolid: false */
    0x00, 0x00, 0x00, 0x00,
    0x00, 0x00, 0x00, 0x00,
    0x00, 0x00, 0x00, 0x00,
    0xDD, 0x00, 0x00, 0x00,
    0x5D, 0xD0, 0x00, 0x00,
    0x55, 0xD0, 0x00, 0x00,
    0x88, 0x85, 0x00, 0x00,
    0xD6, 0x85, 0x00, 0x00,

    0xFF, 0xFF, 0xFF, 0xFF,
    0xFF, 0xFF, 0xFF, 0xFF,
    0xFF, 0xFF, 0xFF, 0xFF,
    0x00, 0xFF, 0xFF, 0xFF,
    0x00, 0x0F, 0xFF, 0xFF,
    0x00, 0x0F, 0xFF, 0xFF,
    0x00, 0x00, 0xFF, 0xFF,
    0x00, 0x00, 0xFF, 0xFF,

    0x00, 0x00, 0x00, 0x00,
    0x00, 0x00, 0x00, 0x00,
    0x00, 0x00, 0x00, 0x00,
    0x00, 0x00, 0x00, 0xDD,
    0x00, 0x00, 0x0D, 0xD5,
    0x00, 0x00, 0x0D, 0x55,
    0x00, 0x00, 0x58, 0x88,
    0x00, 0x00, 0x58, 0x6D,

    0xFF, 0xFF, 0xFF, 0xFF,
    0xFF, 0xFF, 0xFF, 0xFF,
    0xFF, 0xFF, 0xFF, 0xFF,
    0xFF, 0xFF, 0xFF, 0x00,
    0xFF, 0xFF, 0xF0, 0x00,
    0xFF, 0xFF, 0xF0, 0x00,
    0xFF, 0xFF, 0x00, 0x00,
    0xFF, 0xFF, 0x00, 0x00,


/* Tile ID 281, isSolid: false */
    0x00, 0x00, 0x00, 0x00,
    0x00, 0x00, 0x00, 0x00,
    0x00, 0x00, 0xC0, 0x00,
    0x00, 0x0C, 0x88, 0x55,
    0x00, 0x08, 0x8D, 0x88,
    0x00, 0x00, 0x00, 0xD6,
    0x00, 0x00, 0x00, 0xDD,
    0x00, 0x00, 0x00, 0x55,

    0xFF, 0xFF, 0xFF, 0xFF,
    0xFF, 0xFF, 0xFF, 0xFF,
    0xFF, 0xFF, 0x0F, 0xFF,
    0xFF, 0xF0, 0x00, 0x00,
    0xFF, 0xF0, 0x00, 0x00,
    0xFF, 0xFF, 0xFF, 0x00,
    0xFF, 0xFF, 0xFF, 0x00,
    0xFF, 0xFF, 0xFF, 0x00,

    0x00, 0x00, 0x00, 0x00,
    0x00, 0x00, 0x00, 0x00,
    0x00, 0x0C, 0x00, 0x00,
    0x55, 0x88, 0xC0, 0x00,
    0x88, 0xD8, 0x80, 0x00,
    0x6D, 0x00, 0x00, 0x00,
    0xDD, 0x00, 0x00, 0x00,
    0x55, 0x00, 0x00, 0x00,

    0xFF, 0xFF, 0xFF, 0xFF,
    0xFF, 0xFF, 0xFF, 0xFF,
    0xFF, 0xF0, 0xFF, 0xFF,
    0x00, 0x00, 0x0F, 0xFF,
    0x00, 0x00, 0x0F, 0xFF,
    0x00, 0xFF, 0xFF, 0xFF,
    0x00, 0xFF, 0xFF, 0xFF,
    0x00, 0xFF, 0xFF, 0xFF,


/* Tile ID 282, isSolid: false */
    0x00, 0x00, 0x00, 0x00,
    0x00, 0x00, 0x00, 0x00,
    0x00, 0x00, 0x00, 0x00,
    0x0D, 0xD0, 0x00, 0x00,
    0x85, 0x5D, 0x00, 0x00,
    0x85, 0x5D, 0x00, 0x00,
    0x88, 0x80, 0x00, 0x00,
    0xD6, 0x85, 0x00, 0x00,

    0xFF, 0xFF, 0xFF, 0xFF,
    0xFF, 0xFF, 0xFF, 0xFF,
    0xFF, 0xFF, 0xFF, 0xFF,
    0xF0, 0x0F, 0xFF, 0xFF,
    0x00, 0x00, 0xFF, 0xFF,
    0x00, 0x00, 0xFF, 0xFF,
    0x00, 0x0F, 0xFF, 0xFF,
    0x00, 0x00, 0xFF, 0xFF,

    0x00, 0x00, 0x00, 0x00,
    0x00, 0x00, 0x00, 0x00,
    0x00, 0x00, 0x00, 0x00,
    0x00, 0x00, 0x0D, 0xD0,
    0x00, 0x00, 0xD5, 0x58,
    0x00, 0x00, 0xD5, 0x58,
    0x00, 0x00, 0x08, 0x88,
    0x00, 0x00, 0x58, 0x6D,

    0xFF, 0xFF, 0xFF, 0xFF,
    0xFF, 0xFF, 0xFF, 0xFF,
    0xFF, 0xFF, 0xFF, 0xFF,
    0xFF, 0xFF, 0xF0, 0x0F,
    0xFF, 0xFF, 0x00, 0x00,
    0xFF, 0xFF, 0x00, 0x00,
    0xFF, 0xFF, 0xF0, 0x00,
    0xFF, 0xFF, 0x00, 0x00,


/* Tile ID 283, isSolid: false */
    0x00, 0x00, 0x00, 0x00,
    0x00, 0x00, 0x00, 0x00,
    0x00, 0x00, 0x00, 0x0C,
    0x00, 0x00, 0x0C, 0xC0,
    0x00, 0x00, 0x08, 0x85,
    0x00, 0x00, 0x00, 0x0D,
    0x00, 0x00, 0x00, 0x0D,
    0x00, 0x0C, 0x00, 0x0D,

    0xFF, 0xFF, 0xFF, 0xFF,
    0xFF, 0xFF, 0xFF, 0xFF,
    0xFF, 0xFF, 0xFF, 0xF0,
    0xFF, 0xFF, 0xF0, 0x0F,
    0xFF, 0xFF, 0xF0, 0x00,
    0xFF, 0xFF, 0xFF, 0xF0,
    0xFF, 0xFF, 0xFF, 0xF0,
    0xFF, 0xF0, 0xFF, 0xF0,

    0x00, 0x00, 0x00, 0x00,
    0x00, 0x00, 0x00, 0x00,
    0xC0, 0x00, 0x00, 0x00,
    0x0C, 0xC0, 0x00, 0x00,
    0x58, 0x80, 0x00, 0x00,
    0xD0, 0x00, 0x00, 0x00,
    0xD0, 0x00, 0x00, 0x00,
    0xD0, 0x00, 0xC0, 0x00,

    0xFF, 0xFF, 0xFF, 0xFF,
    0xFF, 0xFF, 0xFF, 0xFF,
    0x0F, 0xFF, 0xFF, 0xFF,
    0xF0, 0x0F, 0xFF, 0xFF,
    0x00, 0x0F, 0xFF, 0xFF,
    0x0F, 0xFF, 0xFF, 0xFF,
    0x0F, 0xFF, 0xFF, 0xFF,
    0x0F, 0xFF, 0x0F, 0xFF,


/* Tile ID 284, isSolid: false */
    0x00, 0x00, 0x00, 0x00,
    0x00, 0x00, 0x00, 0x00,
    0x00, 0x00, 0x00, 0x00,
    0x00, 0x00, 0x00, 0x00,
    0x55, 0x00, 0x00, 0x00,
    0x88, 0xDD, 0x00, 0x00,
    0x68, 0x5D, 0xD0, 0x00,
    0xD8, 0x55, 0xD0, 0x00,

    0xFF, 0xFF, 0xFF, 0xFF,
    0xFF, 0xFF, 0xFF, 0xFF,
    0xFF, 0xFF, 0xFF, 0xFF,
    0xFF, 0xFF, 0xFF, 0xFF,
    0x00, 0xFF, 0xFF, 0xFF,
    0x00, 0x00, 0xFF, 0xFF,
    0x00, 0x00, 0x0F, 0xFF,
    0x00, 0x00, 0x0F, 0xFF,

    0x00, 0x00, 0x00, 0x00,
    0x00, 0x00, 0x00, 0x00,
    0x00, 0x00, 0x00, 0x00,
    0x00, 0x00, 0x00, 0x00,
    0x00, 0x00, 0x00, 0x55,
    0x00, 0x00, 0xDD, 0x88,
    0x00, 0x0D, 0xD5, 0x86,
    0x00, 0x0D, 0x55, 0x8D,

    0xFF, 0xFF, 0xFF, 0xFF,
    0xFF, 0xFF, 0xFF, 0xFF,
    0xFF, 0xFF, 0xFF, 0xFF,
    0xFF, 0xFF, 0xFF, 0xFF,
    0xFF, 0xFF, 0xFF, 0x00,
    0xFF, 0xFF, 0x00, 0x00,
    0xFF, 0xF0, 0x00, 0x00,
    0xFF, 0xF0, 0x00, 0x00,


/* Tile ID 285, isSolid: false */
    0x00, 0x00, 0x00, 0x00,
    0x00, 0x00, 0x00, 0x00,
    0x00, 0x00, 0x00, 0x0C,
    0x00, 0x00, 0x00, 0x08,
    0x00, 0x00, 0x00, 0x00,
    0x00, 0xCC, 0xC0, 0x00,
    0x00, 0x00, 0xD8, 0x0D,
    0x00, 0x06, 0x8D, 0x85,

    0xFF, 0xFF, 0xFF, 0xFF,
    0xFF, 0xFF, 0xFF, 0xFF,
    0xFF, 0xFF, 0xFF, 0xF0,
    0xFF, 0xFF, 0xFF, 0xF0,
    0xFF, 0xFF, 0xFF, 0xFF,
    0xFF, 0x00, 0x0F, 0xFF,
    0xFF, 0xFF, 0x00, 0xF0,
    0xFF, 0xF0, 0x00, 0x00,

    0x00, 0x00, 0x00, 0x00,
    0x00, 0x00, 0x00, 0x00,
    0xC0, 0x00, 0x00, 0x00,
    0x80, 0x00, 0x00, 0x00,
    0x00, 0x00, 0x00, 0x00,
    0x00, 0x0C, 0xCC, 0x00,
    0xD0, 0x8D, 0x00, 0x00,
    0x58, 0xD8, 0x60, 0x00,

    0xFF, 0xFF, 0xFF, 0xFF,
    0xFF, 0xFF, 0xFF, 0xFF,
    0x0F, 0xFF, 0xFF, 0xFF,
    0x0F, 0xFF, 0xFF, 0xFF,
    0xFF, 0xFF, 0xFF, 0xFF,
    0xFF, 0xF0, 0x00, 0xFF,
    0x0F, 0x00, 0xFF, 0xFF,
    0x00, 0x00, 0x0F, 0xFF,


/* Tile ID 286, isSolid: false */
    0x00, 0x00, 0x00, 0x00,
    0x00, 0x00, 0x00, 0x00,
    0xCC, 0x00, 0x00, 0x00,
    0x80, 0x00, 0x00, 0x00,
    0xD5, 0x50, 0x00, 0x00,
    0xD8, 0x50, 0x00, 0x00,
    0xD6, 0x8D, 0xD0, 0x00,
    0xD8, 0x55, 0xD0, 0x00,

    0xFF, 0xFF, 0xFF, 0xFF,
    0xFF, 0xFF, 0xFF, 0xFF,
    0x00, 0xFF, 0xFF, 0xFF,
    0x0F, 0xFF, 0xFF, 0xFF,
    0x00, 0x0F, 0xFF, 0xFF,
    0x00, 0x0F, 0xFF, 0xFF,
    0x00, 0x00, 0x0F, 0xFF,
    0x00, 0x00, 0x0F, 0xFF,

    0x00, 0x00, 0x00, 0x00,
    0x00, 0x00, 0x00, 0x00,
    0x00, 0x00, 0x00, 0xCC,
    0x00, 0x00, 0x00, 0x08,
    0x00, 0x00, 0x05, 0x5D,
    0x00, 0x00, 0x05, 0x8D,
    0x00, 0x0D, 0xD8, 0x6D,
    0x00, 0x0D, 0x55, 0x8D,

    0xFF, 0xFF, 0xFF, 0xFF,
    0xFF, 0xFF, 0xFF, 0xFF,
    0xFF, 0xFF, 0xFF, 0x00,
    0xFF, 0xFF, 0xFF, 0xF0,
    0xFF, 0xFF, 0xF0, 0x00,
    0xFF, 0xFF, 0xF0, 0x00,
    0xFF, 0xF0, 0x00, 0x00,
    0xFF, 0xF0, 0x00, 0x00,


/* Tile ID 287, isSolid: false */
    0x00, 0x00, 0x00, 0x01,
    0x00, 0x00, 0x00, 0x11,
    0x00, 0x00, 0x01, 0x19,
    0x00, 0x00, 0x11, 0x9E,
    0x00, 0x01, 0x19, 0xEE,
    0x00, 0x01, 0x9E, 0xEE,
    0x00, 0x11, 0x19, 0x9E,
    0x01, 0x19, 0x91, 0x9E,

    0xFF, 0xFF, 0xFF, 0xF0,
    0xFF, 0xFF, 0xFF, 0x00,
    0xFF, 0xFF, 0xF0, 0x00,
    0xFF, 0xFF, 0x00, 0x00,
    0xFF, 0xF0, 0x00, 0x00,
    0xFF, 0xF0, 0x00, 0x00,
    0xFF, 0x00, 0x00, 0x00,
    0xF0, 0x00, 0x00, 0x00,

    0x10, 0x00, 0x00, 0x00,
    0x11, 0x00, 0x00, 0x00,
    0x91, 0x10, 0x00, 0x00,
    0xE9, 0x11, 0x00, 0x00,
    0xEE, 0x91, 0x10, 0x00,
    0xEE, 0xE9, 0x10, 0x00,
    0xE9, 0x91, 0x11, 0x00,
    0xE9, 0x19, 0x91, 0x10,

    0x0F, 0xFF, 0xFF, 0xFF,
    0x00, 0xFF, 0xFF, 0xFF,
    0x00, 0x0F, 0xFF, 0xFF,
    0x00, 0x00, 0xFF, 0xFF,
    0x00, 0x00, 0x0F, 0xFF,
    0x00, 0x00, 0x0F, 0xFF,
    0x00, 0x00, 0x00, 0xFF,
    0x00, 0x00, 0x00, 0x0F,


/* Tile ID 288, isSolid: false */
    0x10, 0x00, 0x00, 0x00,
    0x11, 0x00, 0x00, 0x00,
    0x91, 0x10, 0x00, 0x00,
    0xE9, 0x11, 0x00, 0x00,
    0xEE, 0x91, 0x00, 0x00,
    0xEE, 0xE1, 0x10, 0x00,
    0xE9, 0x99, 0x11, 0x00,
    0xE9, 0x19, 0x91, 0x10,

    0x0F, 0xFF, 0xFF, 0xFF,
    0x00, 0xFF, 0xFF, 0xFF,
    0x00, 0x0F, 0xFF, 0xFF,
    0x00, 0x00, 0xFF, 0xFF,
    0x00, 0x00, 0xFF, 0xFF,
    0x00, 0x00, 0x0F, 0xFF,
    0x00, 0x00, 0x00, 0xFF,
    0x00, 0x00, 0x00, 0x0F,

    0x00, 0x00, 0x00, 0x01,
    0x00, 0x00, 0x00, 0x11,
    0x00, 0x00, 0x01, 0x19,
    0x00, 0x00, 0x11, 0x9E,
    0x00, 0x00, 0x19, 0xEE,
    0x00, 0x01, 0x1E, 0xEE,
    0x00, 0x11, 0x99, 0x9E,
    0x01, 0x19, 0x91, 0x9E,

    0xFF, 0xFF, 0xFF, 0xF0,
    0xFF, 0xFF, 0xFF, 0x00,
    0xFF, 0xFF, 0xF0, 0x00,
    0xFF, 0xFF, 0x00, 0x00,
    0xFF, 0xFF, 0x00, 0x00,
    0xFF, 0xF0, 0x00, 0x00,
    0xFF, 0x00, 0x00, 0x00,
    0xF0, 0x00, 0x00, 0x00,


/* Tile ID 289, isSolid: false */
    0x00, 0x08, 0x8D, 0x85,
    0x00, 0x00, 0x00, 0x8D,
    0x00, 0x00, 0x00, 0x08,
    0x00, 0x00, 0x00, 0x05,
    0x00, 0x00, 0x00, 0x08,
    0x00, 0x00, 0x00, 0x00,
    0x00, 0x00, 0x00, 0x00,
    0x00, 0x00, 0x00, 0x00,

    0xFF, 0xF0, 0x00, 0x00,
    0xFF, 0xFF, 0xFF, 0x00,
    0xFF, 0xFF, 0xFF, 0xF0,
    0xFF, 0xFF, 0xFF, 0xF0,
    0xFF, 0xFF, 0xFF, 0xF0,
    0xFF, 0xFF, 0xFF, 0xFF,
    0xFF, 0xFF, 0xFF, 0xFF,
    0xFF, 0xFF, 0xFF, 0xFF,

    0x58, 0xD8, 0x80, 0x00,
    0xD8, 0x00, 0x00, 0x00,
    0x80, 0x00, 0x00, 0x00,
    0x50, 0x00, 0x00, 0x00,
    0x80, 0x00, 0x00, 0x00,
    0x00, 0x00, 0x00, 0x00,
    0x00, 0x00, 0x00, 0x00,
    0x00, 0x00, 0x00, 0x00,

    0x00, 0x00, 0x0F, 0xFF,
    0x00, 0xFF, 0xFF, 0xFF,
    0x0F, 0xFF, 0xFF, 0xFF,
    0x0F, 0xFF, 0xFF, 0xFF,
    0x0F, 0xFF, 0xFF, 0xFF,
    0xFF, 0xFF, 0xFF, 0xFF,
    0xFF, 0xFF, 0xFF, 0xFF,
    0xFF, 0xFF, 0xFF, 0xFF,


/* Tile ID 290, isSolid: false */
    0x55, 0xDD, 0x88, 0x00,
    0x5D, 0x00, 0x00, 0x00,
    0xD8, 0x00, 0x00, 0x00,
    0x85, 0x00, 0x00, 0x00,
    0x68, 0x00, 0x00, 0x00,
    0x00, 0x00, 0x00, 0x00,
    0x00, 0x00, 0x00, 0x00,
    0x00, 0x00, 0x00, 0x00,

    0x00, 0x00, 0x00, 0xFF,
    0x00, 0xFF, 0xFF, 0xFF,
    0x00, 0xFF, 0xFF, 0xFF,
    0x00, 0xFF, 0xFF, 0xFF,
    0x00, 0xFF, 0xFF, 0xFF,
    0xFF, 0xFF, 0xFF, 0xFF,
    0xFF, 0xFF, 0xFF, 0xFF,
    0xFF, 0xFF, 0xFF, 0xFF,

    0x00, 0x88, 0xDD, 0x55,
    0x00, 0x00, 0x00, 0xD5,
    0x00, 0x00, 0x00, 0x8D,
    0x00, 0x00, 0x00, 0x58,
    0x00, 0x00, 0x00, 0x86,
    0x00, 0x00, 0x00, 0x00,
    0x00, 0x00, 0x00, 0x00,
    0x00, 0x00, 0x00, 0x00,

    0xFF, 0x00, 0x00, 0x00,
    0xFF, 0xFF, 0xFF, 0x00,
    0xFF, 0xFF, 0xFF, 0x00,
    0xFF, 0xFF, 0xFF, 0x00,
    0xFF, 0xFF, 0xFF, 0x00,
    0xFF, 0xFF, 0xFF, 0xFF,
    0xFF, 0xFF, 0xFF, 0xFF,
    0xFF, 0xFF, 0xFF, 0xFF,


/* Tile ID 291, isSolid: false */
    0x00, 0x00, 0x0D, 0x55,
    0x00, 0x00, 0x0D, 0x5D,
    0x00, 0x00, 0x58, 0x88,
    0x00, 0x00, 0x86, 0x50,
    0x00, 0x00, 0x00, 0x80,
    0x00, 0x00, 0x00, 0x00,
    0x00, 0x00, 0x00, 0x00,
    0x00, 0x00, 0x00, 0x00,

    0xFF, 0xFF, 0xF0, 0x00,
    0xFF, 0xFF, 0xF0, 0x00,
    0xFF, 0xFF, 0x00, 0x00,
    0xFF, 0xFF, 0x00, 0x0F,
    0xFF, 0xFF, 0xFF, 0x0F,
    0xFF, 0xFF, 0xFF, 0xFF,
    0xFF, 0xFF, 0xFF, 0xFF,
    0xFF, 0xFF, 0xFF, 0xFF,

    0x55, 0xD0, 0x00, 0x00,
    0xD5, 0xD0, 0x00, 0x00,
    0x88, 0x85, 0x00, 0x00,
    0x05, 0x68, 0x00, 0x00,
    0x08, 0x00, 0x00, 0x00,
    0x00, 0x00, 0x00, 0x00,
    0x00, 0x00, 0x00, 0x00,
    0x00, 0x00, 0x00, 0x00,

    0x00, 0x0F, 0xFF, 0xFF,
    0x00, 0x0F, 0xFF, 0xFF,
    0x00, 0x00, 0xFF, 0xFF,
    0xF0, 0x00, 0xFF, 0xFF,
    0xF0, 0xFF, 0xFF, 0xFF,
    0xFF, 0xFF, 0xFF, 0xFF,
    0xFF, 0xFF, 0xFF, 0xFF,
    0xFF, 0xFF, 0xFF, 0xFF,


/* Tile ID 292, isSolid: false */
    0x8D, 0x85, 0x0C, 0x00,
    0x8D, 0x88, 0xC0, 0x00,
    0x00, 0x00, 0x00, 0x00,
    0x00, 0x00, 0x00, 0x00,
    0x00, 0x00, 0x00, 0x00,
    0x00, 0x00, 0x00, 0x00,
    0x00, 0x00, 0x00, 0x00,
    0x00, 0x00, 0x00, 0x00,

    0x00, 0x00, 0xF0, 0xFF,
    0x00, 0x00, 0x0F, 0xFF,
    0xFF, 0xFF, 0xFF, 0xFF,
    0xFF, 0xFF, 0xFF, 0xFF,
    0xFF, 0xFF, 0xFF, 0xFF,
    0xFF, 0xFF, 0xFF, 0xFF,
    0xFF, 0xFF, 0xFF, 0xFF,
    0xFF, 0xFF, 0xFF, 0xFF,

    0x00, 0xC0, 0x58, 0xD8,
    0x00, 0x0C, 0x88, 0xD8,
    0x00, 0x00, 0x00, 0x00,
    0x00, 0x00, 0x00, 0x00,
    0x00, 0x00, 0x00, 0x00,
    0x00, 0x00, 0x00, 0x00,
    0x00, 0x00, 0x00, 0x00,
    0x00, 0x00, 0x00, 0x00,

    0xFF, 0x0F, 0x00, 0x00,
    0xFF, 0xF0, 0x00, 0x00,
    0xFF, 0xFF, 0xFF, 0xFF,
    0xFF, 0xFF, 0xFF, 0xFF,
    0xFF, 0xFF, 0xFF, 0xFF,
    0xFF, 0xFF, 0xFF, 0xFF,
    0xFF, 0xFF, 0xFF, 0xFF,
    0xFF, 0xFF, 0xFF, 0xFF,


/* Tile ID 293, isSolid: false */
    0x00, 0x00, 0x0D, 0x55,
    0x00, 0x00, 0x5D, 0xDD,
    0x00, 0x00, 0x85, 0x88,
    0x00, 0x00, 0x68, 0x00,
    0x00, 0x00, 0x00, 0x00,
    0x00, 0x00, 0x00, 0x00,
    0x00, 0x00, 0x00, 0x00,
    0x00, 0x00, 0x00, 0x00,

    0xFF, 0xFF, 0xF0, 0x00,
    0xFF, 0xFF, 0x00, 0x00,
    0xFF, 0xFF, 0x00, 0x00,
    0xFF, 0xFF, 0x00, 0xFF,
    0xFF, 0xFF, 0xFF, 0xFF,
    0xFF, 0xFF, 0xFF, 0xFF,
    0xFF, 0xFF, 0xFF, 0xFF,
    0xFF, 0xFF, 0xFF, 0xFF,

    0x55, 0xD0, 0x00, 0x00,
    0xDD, 0xD5, 0x00, 0x00,
    0x88, 0x58, 0x00, 0x00,
    0x00, 0x86, 0x00, 0x00,
    0x00, 0x00, 0x00, 0x00,
    0x00, 0x00, 0x00, 0x00,
    0x00, 0x00, 0x00, 0x00,
    0x00, 0x00, 0x00, 0x00,

    0x00, 0x0F, 0xFF, 0xFF,
    0x00, 0x00, 0xFF, 0xFF,
    0x00, 0x00, 0xFF, 0xFF,
    0xFF, 0x00, 0xFF, 0xFF,
    0xFF, 0xFF, 0xFF, 0xFF,
    0xFF, 0xFF, 0xFF, 0xFF,
    0xFF, 0xFF, 0xFF, 0xFF,
    0xFF, 0xFF, 0xFF, 0xFF,


/* Tile ID 294, isSolid: false */
    0x8D, 0x00, 0x00, 0x00,
    0x8D, 0x80, 0x00, 0x00,
    0x0D, 0x58, 0x0C, 0x00,
    0x00, 0x88, 0xC0, 0x00,
    0x00, 0x00, 0x00, 0x00,
    0x00, 0x00, 0x00, 0x00,
    0x00, 0x00, 0x00, 0x00,
    0x00, 0x00, 0x00, 0x00,

    0x00, 0xFF, 0xFF, 0xFF,
    0x00, 0x0F, 0xFF, 0xFF,
    0xF0, 0x00, 0xF0, 0xFF,
    0xFF, 0x00, 0x0F, 0xFF,
    0xFF, 0xFF, 0xFF, 0xFF,
    0xFF, 0xFF, 0xFF, 0xFF,
    0xFF, 0xFF, 0xFF, 0xFF,
    0xFF, 0xFF, 0xFF, 0xFF,

    0x00, 0x00, 0x00, 0xD8,
    0x00, 0x00, 0x08, 0xD8,
    0x00, 0xC0, 0x85, 0xD0,
    0x00, 0x0C, 0x88, 0x00,
    0x00, 0x00, 0x00, 0x00,
    0x00, 0x00, 0x00, 0x00,
    0x00, 0x00, 0x00, 0x00,
    0x00, 0x00, 0x00, 0x00,

    0xFF, 0xFF, 0xFF, 0x00,
    0xFF, 0xFF, 0xF0, 0x00,
    0xFF, 0x0F, 0x00, 0x0F,
    0xFF, 0xF0, 0x00, 0xFF,
    0xFF, 0xFF, 0xFF, 0xFF,
    0xFF, 0xFF, 0xFF, 0xFF,
    0xFF, 0xFF, 0xFF, 0xFF,
    0xFF, 0xFF, 0xFF, 0xFF,


/* Tile ID 295, isSolid: false */
    0x00, 0x08, 0x8D, 0x55,
    0x00, 0x06, 0x88, 0xD8,
    0x00, 0x00, 0x50, 0x00,
    0x00, 0x00, 0x00, 0x00,
    0x00, 0x00, 0x00, 0x00,
    0x00, 0x00, 0x00, 0x00,
    0x00, 0x00, 0x00, 0x00,
    0x00, 0x00, 0x00, 0x00,

    0xFF, 0xF0, 0x00, 0x00,
    0xFF, 0xF0, 0x00, 0x00,
    0xFF, 0xFF, 0x0F, 0xFF,
    0xFF, 0xFF, 0xFF, 0xFF,
    0xFF, 0xFF, 0xFF, 0xFF,
    0xFF, 0xFF, 0xFF, 0xFF,
    0xFF, 0xFF, 0xFF, 0xFF,
    0xFF, 0xFF, 0xFF, 0xFF,

    0x55, 0xD8, 0x80, 0x00,
    0x8D, 0x88, 0x60, 0x00,
    0x00, 0x05, 0x00, 0x00,
    0x00, 0x00, 0x00, 0x00,
    0x00, 0x00, 0x00, 0x00,
    0x00, 0x00, 0x00, 0x00,
    0x00, 0x00, 0x00, 0x00,
    0x00, 0x00, 0x00, 0x00,

    0x00, 0x00, 0x0F, 0xFF,
    0x00, 0x00, 0x0F, 0xFF,
    0xFF, 0xF0, 0xFF, 0xFF,
    0xFF, 0xFF, 0xFF, 0xFF,
    0xFF, 0xFF, 0xFF, 0xFF,
    0xFF, 0xFF, 0xFF, 0xFF,
    0xFF, 0xFF, 0xFF, 0xFF,
    0xFF, 0xFF, 0xFF, 0xFF,


/* Tile ID 296, isSolid: false */
    0x80, 0x00, 0x00, 0x00,
    0xD0, 0x00, 0x00, 0x00,
    0xD8, 0x00, 0x00, 0x00,
    0x85, 0x00, 0x00, 0x00,
    0x08, 0xCC, 0xC0, 0x00,
    0x00, 0xC0, 0x00, 0x00,
    0x00, 0x00, 0x00, 0x00,
    0x00, 0x00, 0x00, 0x00,

    0x0F, 0xFF, 0xFF, 0xFF,
    0x0F, 0xFF, 0xFF, 0xFF,
    0x00, 0xFF, 0xFF, 0xFF,
    0x00, 0xFF, 0xFF, 0xFF,
    0xF0, 0x00, 0x0F, 0xFF,
    0xFF, 0x0F, 0xFF, 0xFF,
    0xFF, 0xFF, 0xFF, 0xFF,
    0xFF, 0xFF, 0xFF, 0xFF,

    0x00, 0x00, 0x00, 0x08,
    0x00, 0x00, 0x00, 0x0D,
    0x00, 0x00, 0x00, 0x8D,
    0x00, 0x00, 0x00, 0x58,
    0x00, 0x0C, 0xCC, 0x80,
    0x00, 0x00, 0x0C, 0x00,
    0x00, 0x00, 0x00, 0x00,
    0x00, 0x00, 0x00, 0x00,

    0xFF, 0xFF, 0xFF, 0xF0,
    0xFF, 0xFF, 0xFF, 0xF0,
    0xFF, 0xFF, 0xFF, 0x00,
    0xFF, 0xFF, 0xFF, 0x00,
    0xFF, 0xF0, 0x00, 0x0F,
    0xFF, 0xFF, 0xF0, 0xFF,
    0xFF, 0xFF, 0xFF, 0xFF,
    0xFF, 0xFF, 0xFF, 0xFF,


/* Tile ID 297, isSolid: false */
    0x00, 0x85, 0x8D, 0x58,
    0x00, 0x00, 0x08, 0x8D,
    0x00, 0x00, 0x00, 0xD8,
    0x00, 0x00, 0x00, 0x85,
    0x00, 0x00, 0x00, 0x88,
    0x00, 0x00, 0x00, 0x0C,
    0x00, 0x00, 0x00, 0x00,
    0x00, 0x00, 0x00, 0x00,

    0xFF, 0x00, 0x00, 0x00,
    0xFF, 0xFF, 0xF0, 0x00,
    0xFF, 0xFF, 0xFF, 0x00,
    0xFF, 0xFF, 0xFF, 0x00,
    0xFF, 0xFF, 0xFF, 0x00,
    0xFF, 0xFF, 0xFF, 0xF0,
    0xFF, 0xFF, 0xFF, 0xFF,
    0xFF, 0xFF, 0xFF, 0xFF,

    0x85, 0xD8, 0x58, 0x00,
    0xD8, 0x80, 0x00, 0x00,
    0x8D, 0x00, 0x00, 0x00,
    0x58, 0x00, 0x00, 0x00,
    0x88, 0x00, 0x00, 0x00,
    0xC0, 0x00, 0x00, 0x00,
    0x00, 0x00, 0x00, 0x00,
    0x00, 0x00, 0x00, 0x00,

    0x00, 0x00, 0x00, 0xFF,
    0x00, 0x0F, 0xFF, 0xFF,
    0x00, 0xFF, 0xFF, 0xFF,
    0x00, 0xFF, 0xFF, 0xFF,
    0x00, 0xFF, 0xFF, 0xFF,
    0x0F, 0xFF, 0xFF, 0xFF,
    0xFF, 0xFF, 0xFF, 0xFF,
    0xFF, 0xFF, 0xFF, 0xFF,


/* Tile ID 298, isSolid: false */
    0x00, 0x00, 0x8D, 0x00,
    0x00, 0x00, 0x00, 0x00,
    0x00, 0x00, 0x00, 0x00,
    0x00, 0x00, 0x00, 0x00,
    0x00, 0x00, 0x00, 0x00,
    0xCC, 0x00, 0x00, 0x00,
    0x00, 0x00, 0x00, 0x00,
    0x00, 0x00, 0x00, 0x00,

    0xFF, 0xFF, 0x00, 0xFF,
    0xFF, 0xFF, 0xFF, 0xFF,
    0xFF, 0xFF, 0xFF, 0xFF,
    0xFF, 0xFF, 0xFF, 0xFF,
    0xFF, 0xFF, 0xFF, 0xFF,
    0x00, 0xFF, 0xFF, 0xFF,
    0xFF, 0xFF, 0xFF, 0xFF,
    0xFF, 0xFF, 0xFF, 0xFF,

    0x00, 0xD8, 0x00, 0x00,
    0x00, 0x00, 0x00, 0x00,
    0x00, 0x00, 0x00, 0x00,
    0x00, 0x00, 0x00, 0x00,
    0x00, 0x00, 0x00, 0x00,
    0x00, 0x00, 0x00, 0xCC,
    0x00, 0x00, 0x00, 0x00,
    0x00, 0x00, 0x00, 0x00,

    0xFF, 0x00, 0xFF, 0xFF,
    0xFF, 0xFF, 0xFF, 0xFF,
    0xFF, 0xFF, 0xFF, 0xFF,
    0xFF, 0xFF, 0xFF, 0xFF,
    0xFF, 0xFF, 0xFF, 0xFF,
    0xFF, 0xFF, 0xFF, 0x00,
    0xFF, 0xFF, 0xFF, 0xFF,
    0xFF, 0xFF, 0xFF, 0xFF,


/* Tile ID 299, isSolid: false */
    0x00, 0x08, 0x58, 0xD8,
    0x00, 0x00, 0x05, 0x85,
    0x00, 0x00, 0x00, 0xD6,
    0x00, 0x00, 0x00, 0x50,
    0x00, 0x00, 0x00, 0x00,
    0x00, 0x00, 0x00, 0x00,
    0x00, 0x00, 0x00, 0x00,
    0x00, 0x00, 0x00, 0x00,

    0xFF, 0xF0, 0x00, 0x00,
    0xFF, 0xFF, 0xF0, 0x00,
    0xFF, 0xFF, 0xFF, 0x00,
    0xFF, 0xFF, 0xFF, 0x0F,
    0xFF, 0xFF, 0xFF, 0xFF,
    0xFF, 0xFF, 0xFF, 0xFF,
    0xFF, 0xFF, 0xFF, 0xFF,
    0xFF, 0xFF, 0xFF, 0xFF,

    0x8D, 0x85, 0x80, 0x00,
    0x58, 0x50, 0x00, 0x00,
    0x6D, 0x00, 0x00, 0x00,
    0x05, 0x00, 0x00, 0x00,
    0x00, 0x00, 0x00, 0x00,
    0x00, 0x00, 0x00, 0x00,
    0x00, 0x00, 0x00, 0x00,
    0x00, 0x00, 0x00, 0x00,

    0x00, 0x00, 0x0F, 0xFF,
    0x00, 0x0F, 0xFF, 0xFF,
    0x00, 0xFF, 0xFF, 0xFF,
    0xF0, 0xFF, 0xFF, 0xFF,
    0xFF, 0xFF, 0xFF, 0xFF,
    0xFF, 0xFF, 0xFF, 0xFF,
    0xFF, 0xFF, 0xFF, 0xFF,
    0xFF, 0xFF, 0xFF, 0xFF,


/* Tile ID 300, isSolid: false */
    0x8D, 0x85, 0x80, 0x00,
    0x58, 0x50, 0x00, 0x00,
    0x6D, 0x00, 0x00, 0x00,
    0x05, 0x00, 0x00, 0x00,
    0x00, 0x00, 0x00, 0x00,
    0x00, 0x00, 0x00, 0x00,
    0x00, 0x00, 0x00, 0x00,
    0x00, 0x00, 0x00, 0x00,

    0x00, 0x00, 0x0F, 0xFF,
    0x00, 0x0F, 0xFF, 0xFF,
    0x00, 0xFF, 0xFF, 0xFF,
    0xF0, 0xFF, 0xFF, 0xFF,
    0xFF, 0xFF, 0xFF, 0xFF,
    0xFF, 0xFF, 0xFF, 0xFF,
    0xFF, 0xFF, 0xFF, 0xFF,
    0xFF, 0xFF, 0xFF, 0xFF,

    0x00, 0x08, 0x58, 0xD8,
    0x00, 0x00, 0x05, 0x85,
    0x00, 0x00, 0x00, 0xD6,
    0x00, 0x00, 0x00, 0x50,
    0x00, 0x00, 0x00, 0x00,
    0x00, 0x00, 0x00, 0x00,
    0x00, 0x00, 0x00, 0x00,
    0x00, 0x00, 0x00, 0x00,

    0xFF, 0xF0, 0x00, 0x00,
    0xFF, 0xFF, 0xF0, 0x00,
    0xFF, 0xFF, 0xFF, 0x00,
    0xFF, 0xFF, 0xFF, 0x0F,
    0xFF, 0xFF, 0xFF, 0xFF,
    0xFF, 0xFF, 0xFF, 0xFF,
    0xFF, 0xFF, 0xFF, 0xFF,
    0xFF, 0xFF, 0xFF, 0xFF,


/* Tile ID 301, isSolid: false */
    0x00, 0x00, 0x8D, 0x85,
    0x00, 0x00, 0x88, 0x58,
    0x00, 0x00, 0xD6, 0x68,
    0x00, 0x00, 0x00, 0x0D,
    0x00, 0x00, 0x00, 0x00,
    0x00, 0x00, 0x00, 0x00,
    0x00, 0x00, 0x00, 0x00,
    0x00, 0x00, 0x00, 0x00,

    0xFF, 0xFF, 0x00, 0x00,
    0xFF, 0xFF, 0x00, 0x00,
    0xFF, 0xFF, 0x00, 0x00,
    0xFF, 0xFF, 0xFF, 0xF0,
    0xFF, 0xFF, 0xFF, 0xFF,
    0xFF, 0xFF, 0xFF, 0xFF,
    0xFF, 0xFF, 0xFF, 0xFF,
    0xFF, 0xFF, 0xFF, 0xFF,

    0x58, 0xD8, 0x00, 0x00,
    0x85, 0x88, 0x00, 0x00,
    0x86, 0x6D, 0x00, 0x00,
    0xD0, 0x00, 0x00, 0x00,
    0x00, 0x00, 0x00, 0x00,
    0x00, 0x00, 0x00, 0x00,
    0x00, 0x00, 0x00, 0x00,
    0x00, 0x00, 0x00, 0x00,

    0x00, 0x00, 0xFF, 0xFF,
    0x00, 0x00, 0xFF, 0xFF,
    0x00, 0x00, 0xFF, 0xFF,
    0x0F, 0xFF, 0xFF, 0xFF,
    0xFF, 0xFF, 0xFF, 0xFF,
    0xFF, 0xFF, 0xFF, 0xFF,
    0xFF, 0xFF, 0xFF, 0xFF,
    0xFF, 0xFF, 0xFF, 0xFF,


/* Tile ID 302, isSolid: false */
    0x8D, 0xD8, 0xC0, 0x00,
    0xD8, 0x55, 0xC0, 0x00,
    0x85, 0x50, 0x00, 0x00,
    0x00, 0x00, 0x00, 0x00,
    0x00, 0x00, 0x00, 0x00,
    0x00, 0x00, 0x00, 0x00,
    0x00, 0x00, 0x00, 0x00,
    0x00, 0x00, 0x00, 0x00,

    0x00, 0x00, 0x0F, 0xFF,
    0x00, 0x00, 0x0F, 0xFF,
    0x00, 0x0F, 0xFF, 0xFF,
    0xFF, 0xFF, 0xFF, 0xFF,
    0xFF, 0xFF, 0xFF, 0xFF,
    0xFF, 0xFF, 0xFF, 0xFF,
    0xFF, 0xFF, 0xFF, 0xFF,
    0xFF, 0xFF, 0xFF, 0xFF,

    0x00, 0x0C, 0x8D, 0xD8,
    0x00, 0x0C, 0x55, 0x8D,
    0x00, 0x00, 0x05, 0x58,
    0x00, 0x00, 0x00, 0x00,
    0x00, 0x00, 0x00, 0x00,
    0x00, 0x00, 0x00, 0x00,
    0x00, 0x00, 0x00, 0x00,
    0x00, 0x00, 0x00, 0x00,

    0xFF, 0xF0, 0x00, 0x00,
    0xFF, 0xF0, 0x00, 0x00,
    0xFF, 0xFF, 0xF0, 0x00,
    0xFF, 0xFF, 0xFF, 0xFF,
    0xFF, 0xFF, 0xFF, 0xFF,
    0xFF, 0xFF, 0xFF, 0xFF,
    0xFF, 0xFF, 0xFF, 0xFF,
    0xFF, 0xFF, 0xFF, 0xFF,


/* Tile ID 303, isSolid: false */
    0x00, 0x00, 0x88, 0x85,
    0x00, 0x05, 0x65, 0x8D,
    0x00, 0x00, 0x06, 0x88,
    0x00, 0x00, 0x05, 0x00,
    0x00, 0x00, 0x00, 0x00,
    0x00, 0x00, 0x00, 0x00,
    0x00, 0x00, 0x00, 0x00,
    0x00, 0x00, 0x00, 0x00,

    0xFF, 0xFF, 0x00, 0x00,
    0xFF, 0xF0, 0x00, 0x00,
    0xFF, 0xFF, 0xF0, 0x00,
    0xFF, 0xFF, 0xF0, 0xFF,
    0xFF, 0xFF, 0xFF, 0xFF,
    0xFF, 0xFF, 0xFF, 0xFF,
    0xFF, 0xFF, 0xFF, 0xFF,
    0xFF, 0xFF, 0xFF, 0xFF,

    0x58, 0x88, 0x00, 0x00,
    0xD8, 0x56, 0x50, 0x00,
    0x88, 0x60, 0x00, 0x00,
    0x00, 0x50, 0x00, 0x00,
    0x00, 0x00, 0x00, 0x00,
    0x00, 0x00, 0x00, 0x00,
    0x00, 0x00, 0x00, 0x00,
    0x00, 0x00, 0x00, 0x00,

    0x00, 0x00, 0xFF, 0xFF,
    0x00, 0x00, 0x0F, 0xFF,
    0x00, 0x0F, 0xFF, 0xFF,
    0xFF, 0x0F, 0xFF, 0xFF,
    0xFF, 0xFF, 0xFF, 0xFF,
    0xFF, 0xFF, 0xFF, 0xFF,
    0xFF, 0xFF, 0xFF, 0xFF,
    0xFF, 0xFF, 0xFF, 0xFF,


/* Tile ID 304, isSolid: false */
    0x85, 0x00, 0x00, 0x00,
    0xDD, 0xD0, 0x00, 0x00,
    0x88, 0x88, 0xC0, 0x00,
    0x55, 0x5C, 0x00, 0x00,
    0x00, 0x00, 0x00, 0x00,
    0x00, 0x00, 0x00, 0x00,
    0x00, 0x00, 0x00, 0x00,
    0x00, 0x00, 0x00, 0x00,

    0x00, 0xFF, 0xFF, 0xFF,
    0x00, 0x0F, 0xFF, 0xFF,
    0x00, 0x00, 0x0F, 0xFF,
    0x00, 0x00, 0xFF, 0xFF,
    0xFF, 0xFF, 0xFF, 0xFF,
    0xFF, 0xFF, 0xFF, 0xFF,
    0xFF, 0xFF, 0xFF, 0xFF,
    0xFF, 0xFF, 0xFF, 0xFF,

    0x00, 0x00, 0x00, 0x58,
    0x00, 0x00, 0x0D, 0xDD,
    0x00, 0x0C, 0x88, 0x88,
    0x00, 0x00, 0xC5, 0x55,
    0x00, 0x00, 0x00, 0x00,
    0x00, 0x00, 0x00, 0x00,
    0x00, 0x00, 0x00, 0x00,
    0x00, 0x00, 0x00, 0x00,

    0xFF, 0xFF, 0xFF, 0x00,
    0xFF, 0xFF, 0xF0, 0x00,
    0xFF, 0xF0, 0x00, 0x00,
    0xFF, 0xFF, 0x00, 0x00,
    0xFF, 0xFF, 0xFF, 0xFF,
    0xFF, 0xFF, 0xFF, 0xFF,
    0xFF, 0xFF, 0xFF, 0xFF,
    0xFF, 0xFF, 0xFF, 0xFF,


/* Tile ID 305, isSolid: false */
    0x00, 0x06, 0x68, 0x85,
    0x00, 0x00, 0x68, 0xDD,
    0x00, 0x05, 0xD8, 0x88,
    0x00, 0x00, 0x00, 0x55,
    0x00, 0x00, 0x00, 0x00,
    0x00, 0x00, 0x00, 0x00,
    0x00, 0x00, 0x00, 0x00,
    0x00, 0x00, 0x00, 0x00,

    0xFF, 0xF0, 0x00, 0x00,
    0xFF, 0xFF, 0x00, 0x00,
    0xFF, 0xF0, 0x00, 0x00,
    0xFF, 0xFF, 0xFF, 0x00,
    0xFF, 0xFF, 0xFF, 0xFF,
    0xFF, 0xFF, 0xFF, 0xFF,
    0xFF, 0xFF, 0xFF, 0xFF,
    0xFF, 0xFF, 0xFF, 0xFF,

    0x58, 0x86, 0x60, 0x00,
    0xDD, 0x86, 0x00, 0x00,
    0x88, 0x8D, 0x50, 0x00,
    0x55, 0x00, 0x00, 0x00,
    0x00, 0x00, 0x00, 0x00,
    0x00, 0x00, 0x00, 0x00,
    0x00, 0x00, 0x00, 0x00,
    0x00, 0x00, 0x00, 0x00,

    0x00, 0x00, 0x0F, 0xFF,
    0x00, 0x00, 0xFF, 0xFF,
    0x00, 0x00, 0x0F, 0xFF,
    0x00, 0xFF, 0xFF, 0xFF,
    0xFF, 0xFF, 0xFF, 0xFF,
    0xFF, 0xFF, 0xFF, 0xFF,
    0xFF, 0xFF, 0xFF, 0xFF,
    0xFF, 0xFF, 0xFF, 0xFF,


/* Tile ID 306, isSolid: false */
    0x5D, 0x00, 0x00, 0x00,
    0x50, 0x00, 0x00, 0x00,
    0xDD, 0x00, 0x00, 0x00,
    0x58, 0x00, 0x00, 0x00,
    0x5C, 0xC0, 0x00, 0x00,
    0x00, 0x00, 0x00, 0x00,
    0x00, 0x00, 0x00, 0x00,
    0x00, 0x00, 0x00, 0x00,

    0x00, 0xFF, 0xFF, 0xFF,
    0x0F, 0xFF, 0xFF, 0xFF,
    0x00, 0xFF, 0xFF, 0xFF,
    0x00, 0xFF, 0xFF, 0xFF,
    0x00, 0x0F, 0xFF, 0xFF,
    0xFF, 0xFF, 0xFF, 0xFF,
    0xFF, 0xFF, 0xFF, 0xFF,
    0xFF, 0xFF, 0xFF, 0xFF,

    0x00, 0x00, 0x00, 0xD5,
    0x00, 0x00, 0x00, 0x05,
    0x00, 0x00, 0x00, 0xDD,
    0x00, 0x00, 0x00, 0x85,
    0x00, 0x00, 0x0C, 0xC5,
    0x00, 0x00, 0x00, 0x00,
    0x00, 0x00, 0x00, 0x00,
    0x00, 0x00, 0x00, 0x00,

    0xFF, 0xFF, 0xFF, 0x00,
    0xFF, 0xFF, 0xFF, 0xF0,
    0xFF, 0xFF, 0xFF, 0x00,
    0xFF, 0xFF, 0xFF, 0x00,
    0xFF, 0xFF, 0xF0, 0x00,
    0xFF, 0xFF, 0xFF, 0xFF,
    0xFF, 0xFF, 0xFF, 0xFF,
    0xFF, 0xFF, 0xFF, 0xFF,


/* Tile ID 307, isSolid: false */
    0x00, 0x00, 0x65, 0x85,
    0x00, 0x05, 0xD8, 0xD8,
    0x00, 0x00, 0x05, 0x8D,
    0x00, 0x00, 0x00, 0x58,
    0x00, 0x00, 0x00, 0x85,
    0x00, 0x00, 0x00, 0x0C,
    0x00, 0x00, 0x00, 0x00,
    0x00, 0x00, 0x00, 0x00,

    0xFF, 0xFF, 0x00, 0x00,
    0xFF, 0xF0, 0x00, 0x00,
    0xFF, 0xFF, 0xF0, 0x00,
    0xFF, 0xFF, 0xFF, 0x00,
    0xFF, 0xFF, 0xFF, 0x00,
    0xFF, 0xFF, 0xFF, 0xF0,
    0xFF, 0xFF, 0xFF, 0xFF,
    0xFF, 0xFF, 0xFF, 0xFF,

    0x58, 0x56, 0x00, 0x00,
    0x8D, 0x8D, 0x50, 0x00,
    0xD8, 0x50, 0x00, 0x00,
    0x85, 0x00, 0x00, 0x00,
    0x58, 0x00, 0x00, 0x00,
    0xC0, 0x00, 0x00, 0x00,
    0x00, 0x00, 0x00, 0x00,
    0x00, 0x00, 0x00, 0x00,

    0x00, 0x00, 0xFF, 0xFF,
    0x00, 0x00, 0x0F, 0xFF,
    0x00, 0x0F, 0xFF, 0xFF,
    0x00, 0xFF, 0xFF, 0xFF,
    0x00, 0xFF, 0xFF, 0xFF,
    0x0F, 0xFF, 0xFF, 0xFF,
    0xFF, 0xFF, 0xFF, 0xFF,
    0xFF, 0xFF, 0xFF, 0xFF,


/* Tile ID 308, isSolid: false */
    0x85, 0x8D, 0x00, 0x00,
    0x5D, 0x80, 0x00, 0x00,
    0x50, 0x00, 0x00, 0x00,
    0xD0, 0x00, 0x00, 0x00,
    0x80, 0x00, 0x00, 0x00,
    0xCC, 0x00, 0x00, 0x00,
    0x00, 0x00, 0x00, 0x00,
    0x00, 0x00, 0x00, 0x00,

    0x00, 0x00, 0xFF, 0xFF,
    0x00, 0x0F, 0xFF, 0xFF,
    0x0F, 0xFF, 0xFF, 0xFF,
    0x0F, 0xFF, 0xFF, 0xFF,
    0x0F, 0xFF, 0xFF, 0xFF,
    0x00, 0xFF, 0xFF, 0xFF,
    0xFF, 0xFF, 0xFF, 0xFF,
    0xFF, 0xFF, 0xFF, 0xFF,

    0x00, 0x00, 0xD8, 0x58,
    0x00, 0x00, 0x08, 0xD5,
    0x00, 0x00, 0x00, 0x05,
    0x00, 0x00, 0x00, 0x0D,
    0x00, 0x00, 0x00, 0x08,
    0x00, 0x00, 0x00, 0xCC,
    0x00, 0x00, 0x00, 0x00,
    0x00, 0x00, 0x00, 0x00,

    0xFF, 0xFF, 0x00, 0x00,
    0xFF, 0xFF, 0xF0, 0x00,
    0xFF, 0xFF, 0xFF, 0xF0,
    0xFF, 0xFF, 0xFF, 0xF0,
    0xFF, 0xFF, 0xFF, 0xF0,
    0xFF, 0xFF, 0xFF, 0x00,
    0xFF, 0xFF, 0xFF, 0xFF,
    0xFF, 0xFF, 0xFF, 0xFF,


/* Tile ID 309, isSolid: false */
    0x00, 0x00, 0x00, 0x08,
    0x00, 0x00, 0x00, 0x8D,
    0x00, 0x00, 0x0C, 0xD8,
    0x00, 0x00, 0x0C, 0x06,
    0x00, 0x00, 0x0C, 0x00,
    0x00, 0x00, 0x00, 0x00,
    0x00, 0x00, 0x00, 0x00,
    0x00, 0x00, 0x00, 0x00,

    0xFF, 0xFF, 0xFF, 0xF0,
    0xFF, 0xFF, 0xFF, 0x00,
    0xFF, 0xFF, 0xF0, 0x00,
    0xFF, 0xFF, 0xF0, 0xF0,
    0xFF, 0xFF, 0xF0, 0xFF,
    0xFF, 0xFF, 0xFF, 0xFF,
    0xFF, 0xFF, 0xFF, 0xFF,
    0xFF, 0xFF, 0xFF, 0xFF,

    0x80, 0x00, 0x00, 0x00,
    0xD8, 0x00, 0x00, 0x00,
    0x8D, 0xC0, 0x00, 0x00,
    0x60, 0xC0, 0x00, 0x00,
    0x00, 0xC0, 0x00, 0x00,
    0x00, 0x00, 0x00, 0x00,
    0x00, 0x00, 0x00, 0x00,
    0x00, 0x00, 0x00, 0x00,

    0x0F, 0xFF, 0xFF, 0xFF,
    0x00, 0xFF, 0xFF, 0xFF,
    0x00, 0x0F, 0xFF, 0xFF,
    0x0F, 0x0F, 0xFF, 0xFF,
    0xFF, 0x0F, 0xFF, 0xFF,
    0xFF, 0xFF, 0xFF, 0xFF,
    0xFF, 0xFF, 0xFF, 0xFF,
    0xFF, 0xFF, 0xFF, 0xFF,


/* Tile ID 310, isSolid: false */
    0x80, 0x00, 0x00, 0x00,
    0xD8, 0x00, 0x00, 0x00,
    0x8D, 0xC0, 0x00, 0x00,
    0x60, 0xC0, 0x00, 0x00,
    0x00, 0xC0, 0x00, 0x00,
    0x00, 0x00, 0x00, 0x00,
    0x00, 0x00, 0x00, 0x00,
    0x00, 0x00, 0x00, 0x00,

    0x0F, 0xFF, 0xFF, 0xFF,
    0x00, 0xFF, 0xFF, 0xFF,
    0x00, 0x0F, 0xFF, 0xFF,
    0x0F, 0x0F, 0xFF, 0xFF,
    0xFF, 0x0F, 0xFF, 0xFF,
    0xFF, 0xFF, 0xFF, 0xFF,
    0xFF, 0xFF, 0xFF, 0xFF,
    0xFF, 0xFF, 0xFF, 0xFF,

    0x00, 0x00, 0x00, 0x08,
    0x00, 0x00, 0x00, 0x8D,
    0x00, 0x00, 0x0C, 0xD8,
    0x00, 0x00, 0x0C, 0x06,
    0x00, 0x00, 0x0C, 0x00,
    0x00, 0x00, 0x00, 0x00,
    0x00, 0x00, 0x00, 0x00,
    0x00, 0x00, 0x00, 0x00,

    0xFF, 0xFF, 0xFF, 0xF0,
    0xFF, 0xFF, 0xFF, 0x00,
    0xFF, 0xFF, 0xF0, 0x00,
    0xFF, 0xFF, 0xF0, 0xF0,
    0xFF, 0xFF, 0xF0, 0xFF,
    0xFF, 0xFF, 0xFF, 0xFF,
    0xFF, 0xFF, 0xFF, 0xFF,
    0xFF, 0xFF, 0xFF, 0xFF,


/* Tile ID 311, isSolid: false */
    0x00, 0x00, 0x00, 0x55,
    0x00, 0x00, 0x08, 0x88,
    0x00, 0x0C, 0xDD, 0xDD,
    0x00, 0x0C, 0x06, 0x8D,
    0x00, 0x00, 0x00, 0x6C,
    0x00, 0x00, 0x00, 0x0C,
    0x00, 0x00, 0x00, 0x00,
    0x00, 0x00, 0x00, 0x00,

    0xFF, 0xFF, 0xFF, 0x00,
    0xFF, 0xFF, 0xF0, 0x00,
    0xFF, 0xF0, 0x00, 0x00,
    0xFF, 0xF0, 0xF0, 0x00,
    0xFF, 0xFF, 0xFF, 0x00,
    0xFF, 0xFF, 0xFF, 0xF0,
    0xFF, 0xFF, 0xFF, 0xFF,
    0xFF, 0xFF, 0xFF, 0xFF,

    0x55, 0x00, 0x00, 0x00,
    0x88, 0x80, 0x00, 0x00,
    0xDD, 0xDD, 0xC0, 0x00,
    0xD8, 0x60, 0xC0, 0x00,
    0xC6, 0x00, 0x00, 0x00,
    0xC0, 0x00, 0x00, 0x00,
    0x00, 0x00, 0x00, 0x00,
    0x00, 0x00, 0x00, 0x00,

    0x00, 0xFF, 0xFF, 0xFF,
    0x00, 0x0F, 0xFF, 0xFF,
    0x00, 0x00, 0x0F, 0xFF,
    0x00, 0x0F, 0x0F, 0xFF,
    0x00, 0xFF, 0xFF, 0xFF,
    0x0F, 0xFF, 0xFF, 0xFF,
    0xFF, 0xFF, 0xFF, 0xFF,
    0xFF, 0xFF, 0xFF, 0xFF,


/* Tile ID 312, isSolid: false */
    0xDD, 0xD8, 0x0C, 0x00,
    0x00, 0x08, 0xC0, 0x00,
    0x00, 0x08, 0xC0, 0x00,
    0x00, 0x00, 0x00, 0x00,
    0xC0, 0x00, 0x00, 0x00,
    0x00, 0x00, 0x00, 0x00,
    0x00, 0x00, 0x00, 0x00,
    0x00, 0x00, 0x00, 0x00,

    0x00, 0x00, 0xF0, 0xFF,
    0xFF, 0xF0, 0x0F, 0xFF,
    0xFF, 0xF0, 0x0F, 0xFF,
    0xFF, 0xFF, 0xFF, 0xFF,
    0x0F, 0xFF, 0xFF, 0xFF,
    0xFF, 0xFF, 0xFF, 0xFF,
    0xFF, 0xFF, 0xFF, 0xFF,
    0xFF, 0xFF, 0xFF, 0xFF,

    0x00, 0xC0, 0x8D, 0xDD,
    0x00, 0x0C, 0x80, 0x00,
    0x00, 0x0C, 0x80, 0x00,
    0x00, 0x00, 0x00, 0x00,
    0x00, 0x00, 0x00, 0x0C,
    0x00, 0x00, 0x00, 0x00,
    0x00, 0x00, 0x00, 0x00,
    0x00, 0x00, 0x00, 0x00,

    0xFF, 0x0F, 0x00, 0x00,
    0xFF, 0xF0, 0x0F, 0xFF,
    0xFF, 0xF0, 0x0F, 0xFF,
    0xFF, 0xFF, 0xFF, 0xFF,
    0xFF, 0xFF, 0xFF, 0xF0,
    0xFF, 0xFF, 0xFF, 0xFF,
    0xFF, 0xFF, 0xFF, 0xFF,
    0xFF, 0xFF, 0xFF, 0xFF,


/* Tile ID 313, isSolid: false */
    0x00, 0xCC, 0xDD, 0x85,
    0x00, 0xC0, 0x88, 0xD0,
    0x00, 0x00, 0x68, 0xD0,
    0x00, 0x00, 0x00, 0xC0,
    0x00, 0x00, 0x0C, 0xC0,
    0x00, 0x00, 0x00, 0x00,
    0x00, 0x00, 0x00, 0x00,
    0x00, 0x00, 0x00, 0x00,

    0xFF, 0x00, 0x00, 0x00,
    0xFF, 0x0F, 0x00, 0x0F,
    0xFF, 0xFF, 0x00, 0x0F,
    0xFF, 0xFF, 0xFF, 0x0F,
    0xFF, 0xFF, 0xF0, 0x0F,
    0xFF, 0xFF, 0xFF, 0xFF,
    0xFF, 0xFF, 0xFF, 0xFF,
    0xFF, 0xFF, 0xFF, 0xFF,

    0x58, 0xDD, 0xCC, 0x00,
    0x0D, 0x88, 0x0C, 0x00,
    0x0D, 0x86, 0x00, 0x00,
    0x0C, 0x00, 0x00, 0x00,
    0x0C, 0xC0, 0x00, 0x00,
    0x00, 0x00, 0x00, 0x00,
    0x00, 0x00, 0x00, 0x00,
    0x00, 0x00, 0x00, 0x00,

    0x00, 0x00, 0x00, 0xFF,
    0xF0, 0x00, 0xF0, 0xFF,
    0xF0, 0x00, 0xFF, 0xFF,
    0xF0, 0xFF, 0xFF, 0xFF,
    0xF0, 0x0F, 0xFF, 0xFF,
    0xFF, 0xFF, 0xFF, 0xFF,
    0xFF, 0xFF, 0xFF, 0xFF,
    0xFF, 0xFF, 0xFF, 0xFF,


/* Tile ID 314, isSolid: false */
    0xDD, 0x85, 0x00, 0x00,
    0x00, 0xD5, 0x00, 0x00,
    0x00, 0x88, 0xC0, 0x00,
    0x00, 0x8C, 0x00, 0x00,
    0x00, 0x00, 0x00, 0x00,
    0x00, 0x00, 0x00, 0x00,
    0x00, 0x00, 0x00, 0x00,
    0x00, 0x00, 0x00, 0x00,

    0x00, 0x00, 0xFF, 0xFF,
    0xFF, 0x00, 0xFF, 0xFF,
    0xFF, 0x00, 0x0F, 0xFF,
    0xFF, 0x00, 0xFF, 0xFF,
    0xFF, 0xFF, 0xFF, 0xFF,
    0xFF, 0xFF, 0xFF, 0xFF,
    0xFF, 0xFF, 0xFF, 0xFF,
    0xFF, 0xFF, 0xFF, 0xFF,

    0x00, 0x00, 0x58, 0xDD,
    0x00, 0x00, 0x5D, 0x00,
    0x00, 0x0C, 0x88, 0x00,
    0x00, 0x00, 0xC8, 0x00,
    0x00, 0x00, 0x00, 0x00,
    0x00, 0x00, 0x00, 0x00,
    0x00, 0x00, 0x00, 0x00,
    0x00, 0x00, 0x00, 0x00,

    0xFF, 0xFF, 0x00, 0x00,
    0xFF, 0xFF, 0x00, 0xFF,
    0xFF, 0xF0, 0x00, 0xFF,
    0xFF, 0xFF, 0x00, 0xFF,
    0xFF, 0xFF, 0xFF, 0xFF,
    0xFF, 0xFF, 0xFF, 0xFF,
    0xFF, 0xFF, 0xFF, 0xFF,
    0xFF, 0xFF, 0xFF, 0xFF,


/* Tile ID 315, isSolid: false */
    0x00, 0xCD, 0xDD, 0x85,
    0x00, 0x06, 0x8D, 0x85,
    0x00, 0x06, 0x6D, 0x80,
    0x00, 0x00, 0x0D, 0x00,
    0x00, 0x00, 0xCC, 0x00,
    0x00, 0x00, 0x00, 0x00,
    0x00, 0x00, 0x00, 0x00,
    0x00, 0x00, 0x00, 0x00,

    0xFF, 0x00, 0x00, 0x00,
    0xFF, 0xF0, 0x00, 0x00,
    0xFF, 0xF0, 0x00, 0x0F,
    0xFF, 0xFF, 0xF0, 0xFF,
    0xFF, 0xFF, 0x00, 0xFF,
    0xFF, 0xFF, 0xFF, 0xFF,
    0xFF, 0xFF, 0xFF, 0xFF,
    0xFF, 0xFF, 0xFF, 0xFF,

    0x58, 0xDD, 0xDC, 0x00,
    0x58, 0xD8, 0x60, 0x00,
    0x08, 0xD6, 0x60, 0x00,
    0x00, 0xD0, 0x00, 0x00,
    0x00, 0xCC, 0x00, 0x00,
    0x00, 0x00, 0x00, 0x00,
    0x00, 0x00, 0x00, 0x00,
    0x00, 0x00, 0x00, 0x00,

    0x00, 0x00, 0x00, 0xFF,
    0x00, 0x00, 0x0F, 0xFF,
    0xF0, 0x00, 0x0F, 0xFF,
    0xFF, 0x0F, 0xFF, 0xFF,
    0xFF, 0x00, 0xFF, 0xFF,
    0xFF, 0xFF, 0xFF, 0xFF,
    0xFF, 0xFF, 0xFF, 0xFF,
    0xFF, 0xFF, 0xFF, 0xFF,


/* Tile ID 316, isSolid: false */
    0xD8, 0x8D, 0xD0, 0x00,
    0xDD, 0x85, 0x00, 0x00,
    0xDD, 0x55, 0x00, 0x00,
    0x0D, 0x50, 0x00, 0x00,
    0x08, 0x80, 0x00, 0x00,
    0x0C, 0xCC, 0x00, 0x00,
    0x00, 0x00, 0x00, 0x00,
    0x00, 0x00, 0x00, 0x00,

    0x00, 0x00, 0x0F, 0xFF,
    0x00, 0x00, 0xFF, 0xFF,
    0x00, 0x00, 0xFF, 0xFF,
    0xF0, 0x0F, 0xFF, 0xFF,
    0xF0, 0x0F, 0xFF, 0xFF,
    0xF0, 0x00, 0xFF, 0xFF,
    0xFF, 0xFF, 0xFF, 0xFF,
    0xFF, 0xFF, 0xFF, 0xFF,

    0x00, 0x0D, 0xD8, 0x8D,
    0x00, 0x00, 0x58, 0xDD,
    0x00, 0x00, 0x55, 0xDD,
    0x00, 0x00, 0x05, 0xD0,
    0x00, 0x00, 0x08, 0x80,
    0x00, 0x00, 0xCC, 0xC0,
    0x00, 0x00, 0x00, 0x00,
    0x00, 0x00, 0x00, 0x00,

    0xFF, 0xF0, 0x00, 0x00,
    0xFF, 0xFF, 0x00, 0x00,
    0xFF, 0xFF, 0x00, 0x00,
    0xFF, 0xFF, 0xF0, 0x0F,
    0xFF, 0xFF, 0xF0, 0x0F,
    0xFF, 0xFF, 0x00, 0x0F,
    0xFF, 0xFF, 0xFF, 0xFF,
    0xFF, 0xFF, 0xFF, 0xFF,


/* Tile ID 317, isSolid: false */
    0x00, 0x06, 0x8D, 0x85,
    0x00, 0x00, 0xD8, 0x0D,
    0x00, 0xCC, 0xC0, 0x00,
    0x00, 0x00, 0x00, 0x00,
    0x00, 0x00, 0x00, 0x08,
    0x00, 0x00, 0x00, 0x0C,
    0x00, 0x00, 0x00, 0x00,
    0x00, 0x00, 0x00, 0x00,

    0xFF, 0xF0, 0x00, 0x00,
    0xFF, 0xFF, 0x00, 0xF0,
    0xFF, 0x00, 0x0F, 0xFF,
    0xFF, 0xFF, 0xFF, 0xFF,
    0xFF, 0xFF, 0xFF, 0xF0,
    0xFF, 0xFF, 0xFF, 0xF0,
    0xFF, 0xFF, 0xFF, 0xFF,
    0xFF, 0xFF, 0xFF, 0xFF,

    0x58, 0xD8, 0x60, 0x00,
    0xD0, 0x8D, 0x00, 0x00,
    0x00, 0x0C, 0xCC, 0x00,
    0x00, 0x00, 0x00, 0x00,
    0x80, 0x00, 0x00, 0x00,
    0xC0, 0x00, 0x00, 0x00,
    0x00, 0x00, 0x00, 0x00,
    0x00, 0x00, 0x00, 0x00,

    0x00, 0x00, 0x0F, 0xFF,
    0x0F, 0x00, 0xFF, 0xFF,
    0xFF, 0xF0, 0x00, 0xFF,
    0xFF, 0xFF, 0xFF, 0xFF,
    0x0F, 0xFF, 0xFF, 0xFF,
    0x0F, 0xFF, 0xFF, 0xFF,
    0xFF, 0xFF, 0xFF, 0xFF,
    0xFF, 0xFF, 0xFF, 0xFF,


/* Tile ID 318, isSolid: false */
    0xD8, 0x55, 0xD0, 0x00,
    0xD6, 0x8D, 0xD0, 0x00,
    0xD8, 0x50, 0x00, 0x00,
    0xD5, 0x50, 0x00, 0x00,
    0x80, 0x00, 0x00, 0x00,
    0xCC, 0x00, 0x00, 0x00,
    0x00, 0x00, 0x00, 0x00,
    0x00, 0x00, 0x00, 0x00,

    0x00, 0x00, 0x0F, 0xFF,
    0x00, 0x00, 0x0F, 0xFF,
    0x00, 0x0F, 0xFF, 0xFF,
    0x00, 0x0F, 0xFF, 0xFF,
    0x0F, 0xFF, 0xFF, 0xFF,
    0x00, 0xFF, 0xFF, 0xFF,
    0xFF, 0xFF, 0xFF, 0xFF,
    0xFF, 0xFF, 0xFF, 0xFF,

    0x00, 0x0D, 0x55, 0x8D,
    0x00, 0x0D, 0xD8, 0x6D,
    0x00, 0x00, 0x05, 0x8D,
    0x00, 0x00, 0x05, 0x5D,
    0x00, 0x00, 0x00, 0x08,
    0x00, 0x00, 0x00, 0xCC,
    0x00, 0x00, 0x00, 0x00,
    0x00, 0x00, 0x00, 0x00,

    0xFF, 0xF0, 0x00, 0x00,
    0xFF, 0xF0, 0x00, 0x00,
    0xFF, 0xFF, 0xF0, 0x00,
    0xFF, 0xFF, 0xF0, 0x00,
    0xFF, 0xFF, 0xFF, 0xF0,
    0xFF, 0xFF, 0xFF, 0x00,
    0xFF, 0xFF, 0xFF, 0xFF,
    0xFF, 0xFF, 0xFF, 0xFF,


/* Tile ID 319, isSolid: false */
    0x01, 0x9E, 0xE9, 0x9E,
    0x01, 0x9E, 0xE9, 0x9E,
    0x01, 0x9E, 0xEE, 0x9E,
    0x01, 0x9E, 0xE9, 0x9E,
    0x01, 0x19, 0x91, 0x9E,
    0x01, 0x11, 0x11, 0x19,
    0x00, 0x01, 0x10, 0x11,
    0x00, 0x01, 0x00, 0x01,

    0xF0, 0x00, 0x00, 0x00,
    0xF0, 0x00, 0x00, 0x00,
    0xF0, 0x00, 0x00, 0x00,
    0xF0, 0x00, 0x00, 0x00,
    0xF0, 0x00, 0x00, 0x00,
    0xF0, 0x00, 0x00, 0x00,
    0xFF, 0xF0, 0x0F, 0x00,
    0xFF, 0xF0, 0xFF, 0xF0,

    0xE9, 0x9E, 0xE9, 0x10,
    0xE9, 0x9E, 0xE9, 0x10,
    0xE9, 0xEE, 0xE9, 0x10,
    0xE9, 0x9E, 0xE9, 0x10,
    0xE9, 0x19, 0x91, 0x10,
    0x91, 0x11, 0x11, 0x10,
    0x11, 0x01, 0x10, 0x00,
    0x10, 0x00, 0x10, 0x00,

    0x00, 0x00, 0x00, 0x0F,
    0x00, 0x00, 0x00, 0x0F,
    0x00, 0x00, 0x00, 0x0F,
    0x00, 0x00, 0x00, 0x0F,
    0x00, 0x00, 0x00, 0x0F,
    0x00, 0x00, 0x00, 0x0F,
    0x00, 0xF0, 0x0F, 0xFF,
    0x0F, 0xFF, 0x0F, 0xFF,


/* Tile ID 320, isSolid: false */
    0xE9, 0x9E, 0xE9, 0x10,
    0xE9, 0x9E, 0xE9, 0x10,
    0xE9, 0xEE, 0xE9, 0x10,
    0xE9, 0x9E, 0xE9, 0x10,
    0xE9, 0x19, 0x91, 0x10,
    0x91, 0x19, 0x11, 0x10,
    0x11, 0x01, 0x10, 0x00,
    0x10, 0x01, 0x00, 0x00,

    0x00, 0x00, 0x00, 0x0F,
    0x00, 0x00, 0x00, 0x0F,
    0x00, 0x00, 0x00, 0x0F,
    0x00, 0x00, 0x00, 0x0F,
    0x00, 0x00, 0x00, 0x0F,
    0x00, 0x00, 0x00, 0x0F,
    0x00, 0xF0, 0x0F, 0xFF,
    0x0F, 0xF0, 0xFF, 0xFF,

    0x01, 0x9E, 0xE9, 0x9E,
    0x01, 0x9E, 0xE9, 0x9E,
    0x01, 0x9E, 0xEE, 0x9E,
    0x01, 0x9E, 0xE9, 0x9E,
    0x01, 0x19, 0x91, 0x9E,
    0x01, 0x11, 0x91, 0x19,
    0x00, 0x01, 0x10, 0x11,
    0x00, 0x00, 0x10, 0x01,

    0xF0, 0x00, 0x00, 0x00,
    0xF0, 0x00, 0x00, 0x00,
    0xF0, 0x00, 0x00, 0x00,
    0xF0, 0x00, 0x00, 0x00,
    0xF0, 0x00, 0x00, 0x00,
    0xF0, 0x00, 0x00, 0x00,
    0xFF, 0xF0, 0x0F, 0x00,
    0xFF, 0xFF, 0x0F, 0xF0,


/* Tile ID 321, isSolid: false */
    0x00, 0x00, 0x00, 0x00,
    0x00, 0x00, 0x00, 0x00,
    0x00, 0x00, 0x00, 0x00,
    0x00, 0x00, 0x00, 0x00,
    0x00, 0x00, 0x00, 0x00,
    0x00, 0x00, 0x06, 0x66,
    0x00, 0x00, 0x66, 0x66,
    0x00, 0x00, 0x06, 0x66,

    0xFF, 0xFF, 0xFF, 0xFF,
    0xFF, 0xFF, 0xFF, 0xFF,
    0xFF, 0xFF, 0xFF, 0xFF,
    0xFF, 0xFF, 0xFF, 0xFF,
    0xFF, 0xFF, 0xFF, 0xFF,
    0xFF, 0xFF, 0xF0, 0x00,
    0xFF, 0xFF, 0x00, 0x00,
    0xFF, 0xFF, 0xF0, 0x00,

    0x00, 0x00, 0x00, 0x00,
    0x00, 0x00, 0x00, 0x00,
    0x00, 0x00, 0x00, 0x00,
    0x00, 0x00, 0x00, 0x00,
    0x00, 0x00, 0x00, 0x00,
    0x66, 0x60, 0x00, 0x00,
    0x66, 0x66, 0x00, 0x00,
    0x66, 0x60, 0x00, 0x00,

    0xFF, 0xFF, 0xFF, 0xFF,
    0xFF, 0xFF, 0xFF, 0xFF,
    0xFF, 0xFF, 0xFF, 0xFF,
    0xFF, 0xFF, 0xFF, 0xFF,
    0xFF, 0xFF, 0xFF, 0xFF,
    0x00, 0x0F, 0xFF, 0xFF,
    0x00, 0x00, 0xFF, 0xFF,
    0x00, 0x0F, 0xFF, 0xFF,


/* Tile ID 322, isSolid: false */
    0x00, 0x00, 0x00, 0x00,
    0x00, 0x00, 0x00, 0x00,
    0x00, 0x00, 0x00, 0x00,
    0x00, 0x00, 0x00, 0x00,
    0x00, 0x00, 0x00, 0x00,
    0x66, 0x66, 0x66, 0x66,
    0x66, 0x66, 0x66, 0x66,
    0x66, 0x66, 0x66, 0x66,

    0xFF, 0xFF, 0xFF, 0xFF,
    0xFF, 0xFF, 0xFF, 0xFF,
    0xFF, 0xFF, 0xFF, 0xFF,
    0xFF, 0xFF, 0xFF, 0xFF,
    0xFF, 0xFF, 0xFF, 0xFF,
    0x00, 0x00, 0x00, 0x00,
    0x00, 0x00, 0x00, 0x00,
    0x00, 0x00, 0x00, 0x00,

    0x00, 0x00, 0x00, 0x00,
    0x00, 0x00, 0x00, 0x00,
    0x00, 0x00, 0x00, 0x00,
    0x00, 0x00, 0x00, 0x00,
    0x00, 0x00, 0x00, 0x00,
    0x66, 0x66, 0x66, 0x66,
    0x66, 0x66, 0x66, 0x66,
    0x66, 0x66, 0x66, 0x66,

    0xFF, 0xFF, 0xFF, 0xFF,
    0xFF, 0xFF, 0xFF, 0xFF,
    0xFF, 0xFF, 0xFF, 0xFF,
    0xFF, 0xFF, 0xFF, 0xFF,
    0xFF, 0xFF, 0xFF, 0xFF,
    0x00, 0x00, 0x00, 0x00,
    0x00, 0x00, 0x00, 0x00,
    0x00, 0x00, 0x00, 0x00,


/* Tile ID 323, isSolid: false */
    0x00, 0x00, 0x00, 0x00,
    0x00, 0x00, 0x00, 0x00,
    0x00, 0x00, 0x00, 0x00,
    0x00, 0x00, 0x00, 0x00,
    0x00, 0x00, 0x00, 0x00,
    0x66, 0x66, 0x66, 0x66,
    0x66, 0x66, 0x66, 0x66,
    0x66, 0x66, 0x66, 0x66,

    0xFF, 0xFF, 0xFF, 0xFF,
    0xFF, 0xFF, 0xFF, 0xFF,
    0xFF, 0xFF, 0xFF, 0xFF,
    0xFF, 0xFF, 0xFF, 0xFF,
    0xFF, 0xFF, 0xFF, 0xFF,
    0x00, 0x00, 0x00, 0x00,
    0x00, 0x00, 0x00, 0x00,
    0x00, 0x00, 0x00, 0x00,

    0x00, 0x00, 0x00, 0x00,
    0x00, 0x00, 0x00, 0x00,
    0x00, 0x00, 0x00, 0x00,
    0x00, 0x00, 0x00, 0x00,
    0x00, 0x00, 0x00, 0x00,
    0x66, 0x66, 0x66, 0x66,
    0x66, 0x66, 0x66, 0x66,
    0x66, 0x66, 0x66, 0x66,

    0xFF, 0xFF, 0xFF, 0xFF,
    0xFF, 0xFF, 0xFF, 0xFF,
    0xFF, 0xFF, 0xFF, 0xFF,
    0xFF, 0xFF, 0xFF, 0xFF,
    0xFF, 0xFF, 0xFF, 0xFF,
    0x00, 0x00, 0x00, 0x00,
    0x00, 0x00, 0x00, 0x00,
    0x00, 0x00, 0x00, 0x00,


/* Tile ID 324, isSolid: false */
    0x00, 0x00, 0x00, 0x00,
    0x00, 0x00, 0x00, 0x00,
    0x00, 0x00, 0x00, 0x00,
    0x00, 0x00, 0x00, 0x00,
    0x00, 0x00, 0x00, 0x00,
    0x66, 0x60, 0x00, 0x00,
    0x66, 0x66, 0x66, 0x00,
    0x66, 0x66, 0x66, 0x66,

    0xFF, 0xFF, 0xFF, 0xFF,
    0xFF, 0xFF, 0xFF, 0xFF,
    0xFF, 0xFF, 0xFF, 0xFF,
    0xFF, 0xFF, 0xFF, 0xFF,
    0xFF, 0xFF, 0xFF, 0xFF,
    0x00, 0x0F, 0xFF, 0xFF,
    0x00, 0x00, 0x00, 0xFF,
    0x00, 0x00, 0x00, 0x00,

    0x00, 0x00, 0x00, 0x00,
    0x00, 0x00, 0x00, 0x00,
    0x00, 0x00, 0x00, 0x00,
    0x00, 0x00, 0x00, 0x00,
    0x00, 0x00, 0x00, 0x00,
    0x00, 0x00, 0x06, 0x66,
    0x00, 0x66, 0x66, 0x66,
    0x66, 0x66, 0x66, 0x66,

    0xFF, 0xFF, 0xFF, 0xFF,
    0xFF, 0xFF, 0xFF, 0xFF,
    0xFF, 0xFF, 0xFF, 0xFF,
    0xFF, 0xFF, 0xFF, 0xFF,
    0xFF, 0xFF, 0xFF, 0xFF,
    0xFF, 0xFF, 0xF0, 0x00,
    0xFF, 0x00, 0x00, 0x00,
    0x00, 0x00, 0x00, 0x00,


/* Tile ID 325, isSolid: false */
    0x00, 0x00, 0x00, 0x00,
    0x00, 0x00, 0x00, 0x00,
    0x00, 0x00, 0x00, 0x00,
    0x00, 0x00, 0x00, 0x00,
    0x00, 0x00, 0x00, 0x00,
    0x00, 0x00, 0x00, 0x00,
    0x00, 0x00, 0x00, 0x00,
    0x00, 0x00, 0x00, 0x00,

    0xFF, 0xFF, 0xFF, 0xFF,
    0xFF, 0xFF, 0xFF, 0xFF,
    0xFF, 0xFF, 0xFF, 0xFF,
    0xFF, 0xFF, 0xFF, 0xFF,
    0xFF, 0xFF, 0xFF, 0xFF,
    0xFF, 0xFF, 0xFF, 0xFF,
    0xFF, 0xFF, 0xFF, 0xFF,
    0xFF, 0xFF, 0xFF, 0xFF,

    0x00, 0x00, 0x00, 0x00,
    0x00, 0x00, 0x00, 0x00,
    0x00, 0x00, 0x00, 0x00,
    0x00, 0x00, 0x00, 0x00,
    0x00, 0x00, 0x00, 0x00,
    0x00, 0x00, 0x00, 0x00,
    0x00, 0x00, 0x00, 0x00,
    0x00, 0x00, 0x00, 0x00,

    0xFF, 0xFF, 0xFF, 0xFF,
    0xFF, 0xFF, 0xFF, 0xFF,
    0xFF, 0xFF, 0xFF, 0xFF,
    0xFF, 0xFF, 0xFF, 0xFF,
    0xFF, 0xFF, 0xFF, 0xFF,
    0xFF, 0xFF, 0xFF, 0xFF,
    0xFF, 0xFF, 0xFF, 0xFF,
    0xFF, 0xFF, 0xFF, 0xFF,


/* Tile ID 326, isSolid: false */
    0x00, 0x00, 0x00, 0x00,
    0x00, 0x00, 0x00, 0x00,
    0x00, 0x00, 0x00, 0x00,
    0x00, 0x00, 0x00, 0x00,
    0x00, 0x00, 0x00, 0x00,
    0x00, 0x00, 0x00, 0x00,
    0x00, 0x00, 0x00, 0x00,
    0x00, 0x00, 0x00, 0x00,

    0xFF, 0xFF, 0xFF, 0xFF,
    0xFF, 0xFF, 0xFF, 0xFF,
    0xFF, 0xFF, 0xFF, 0xFF,
    0xFF, 0xFF, 0xFF, 0xFF,
    0xFF, 0xFF, 0xFF, 0xFF,
    0xFF, 0xFF, 0xFF, 0xFF,
    0xFF, 0xFF, 0xFF, 0xFF,
    0xFF, 0xFF, 0xFF, 0xFF,

    0x00, 0x00, 0x00, 0x00,
    0x00, 0x00, 0x00, 0x00,
    0x00, 0x00, 0x00, 0x00,
    0x00, 0x00, 0x00, 0x00,
    0x00, 0x00, 0x00, 0x00,
    0x00, 0x00, 0x00, 0x00,
    0x00, 0x00, 0x00, 0x00,
    0x00, 0x00, 0x00, 0x00,

    0xFF, 0xFF, 0xFF, 0xFF,
    0xFF, 0xFF, 0xFF, 0xFF,
    0xFF, 0xFF, 0xFF, 0xFF,
    0xFF, 0xFF, 0xFF, 0xFF,
    0xFF, 0xFF, 0xFF, 0xFF,
    0xFF, 0xFF, 0xFF, 0xFF,
    0xFF, 0xFF, 0xFF, 0xFF,
    0xFF, 0xFF, 0xFF, 0xFF,


/* Tile ID 327, isSolid: false */
    0x00, 0x00, 0x00, 0x00,
    0x00, 0x00, 0x00, 0x00,
    0x00, 0x00, 0x00, 0x00,
    0x00, 0x00, 0x00, 0x00,
    0x00, 0x00, 0x00, 0x00,
    0x00, 0x00, 0x00, 0x0C,
    0x00, 0x00, 0x00, 0xCC,
    0x00, 0x00, 0x0C, 0xCC,

    0xFF, 0xFF, 0xFF, 0xFF,
    0xFF, 0xFF, 0xFF, 0xFF,
    0xFF, 0xFF, 0xFF, 0xFF,
    0xFF, 0xFF, 0xFF, 0xFF,
    0xFF, 0xFF, 0xFF, 0xFF,
    0xFF, 0xFF, 0xFF, 0xF0,
    0xFF, 0xFF, 0xFF, 0x00,
    0xFF, 0xFF, 0xF0, 0x00,

    0x00, 0x00, 0x00, 0x00,
    0x00, 0x00, 0x00, 0x00,
    0x00, 0x00, 0x00, 0x00,
    0x00, 0x00, 0x00, 0x00,
    0x00, 0x00, 0x00, 0x00,
    0xC0, 0x00, 0x00, 0x00,
    0xCC, 0x00, 0x00, 0x00,
    0xCC, 0xC0, 0x00, 0x00,

    0xFF, 0xFF, 0xFF, 0xFF,
    0xFF, 0xFF, 0xFF, 0xFF,
    0xFF, 0xFF, 0xFF, 0xFF,
    0xFF, 0xFF, 0xFF, 0xFF,
    0xFF, 0xFF, 0xFF, 0xFF,
    0x0F, 0xFF, 0xFF, 0xFF,
    0x00, 0xFF, 0xFF, 0xFF,
    0x00, 0x0F, 0xFF, 0xFF,


/* Tile ID 328, isSolid: false */
    0x00, 0x00, 0x00, 0x00,
    0x00, 0x00, 0x00, 0x00,
    0x00, 0x00, 0x00, 0x00,
    0x00, 0x00, 0x00, 0x00,
    0x00, 0x00, 0x00, 0x00,
    0xCC, 0xCC, 0x00, 0x00,
    0xCC, 0xCC, 0xC0, 0x00,
    0xCC, 0xCC, 0xCC, 0x00,

    0xFF, 0xFF, 0xFF, 0xFF,
    0xFF, 0xFF, 0xFF, 0xFF,
    0xFF, 0xFF, 0xFF, 0xFF,
    0xFF, 0xFF, 0xFF, 0xFF,
    0xFF, 0xFF, 0xFF, 0xFF,
    0x00, 0x00, 0xFF, 0xFF,
    0x00, 0x00, 0x0F, 0xFF,
    0x00, 0x00, 0x00, 0xFF,

    0x00, 0x00, 0x00, 0x00,
    0x00, 0x00, 0x00, 0x00,
    0x00, 0x00, 0x00, 0x00,
    0x00, 0x00, 0x00, 0x00,
    0x00, 0x00, 0x00, 0x00,
    0x00, 0x00, 0xCC, 0xCC,
    0x00, 0x0C, 0xCC, 0xCC,
    0x00, 0xCC, 0xCC, 0xCC,

    0xFF, 0xFF, 0xFF, 0xFF,
    0xFF, 0xFF, 0xFF, 0xFF,
    0xFF, 0xFF, 0xFF, 0xFF,
    0xFF, 0xFF, 0xFF, 0xFF,
    0xFF, 0xFF, 0xFF, 0xFF,
    0xFF, 0xFF, 0x00, 0x00,
    0xFF, 0xF0, 0x00, 0x00,
    0xFF, 0x00, 0x00, 0x00,


/* Tile ID 329, isSolid: false */
    0x00, 0x00, 0x00, 0x00,
    0x00, 0x00, 0x00, 0x00,
    0x00, 0x00, 0x00, 0x00,
    0x00, 0x00, 0x00, 0x00,
    0x00, 0x00, 0x00, 0x00,
    0x00, 0x00, 0x00, 0x00,
    0x00, 0x00, 0x00, 0x00,
    0x00, 0x00, 0x00, 0x00,

    0xFF, 0xFF, 0xFF, 0xFF,
    0xFF, 0xFF, 0xFF, 0xFF,
    0xFF, 0xFF, 0xFF, 0xFF,
    0xFF, 0xFF, 0xFF, 0xFF,
    0xFF, 0xFF, 0xFF, 0xFF,
    0xFF, 0xFF, 0xFF, 0xFF,
    0xFF, 0xFF, 0xFF, 0xFF,
    0xFF, 0xFF, 0xFF, 0xFF,

    0x00, 0x00, 0x00, 0x00,
    0x00, 0x00, 0x00, 0x00,
    0x00, 0x00, 0x00, 0x00,
    0x00, 0x00, 0x00, 0x00,
    0x00, 0x00, 0x00, 0x00,
    0x00, 0x00, 0x00, 0x00,
    0x00, 0x00, 0x00, 0x00,
    0x00, 0x00, 0x00, 0x00,

    0xFF, 0xFF, 0xFF, 0xFF,
    0xFF, 0xFF, 0xFF, 0xFF,
    0xFF, 0xFF, 0xFF, 0xFF,
    0xFF, 0xFF, 0xFF, 0xFF,
    0xFF, 0xFF, 0xFF, 0xFF,
    0xFF, 0xFF, 0xFF, 0xFF,
    0xFF, 0xFF, 0xFF, 0xFF,
    0xFF, 0xFF, 0xFF, 0xFF,


/* Tile ID 330, isSolid: false */
    0x00, 0x00, 0x00, 0x00,
    0x00, 0x00, 0x00, 0x00,
    0x00, 0x00, 0x00, 0x00,
    0x00, 0x00, 0x00, 0x00,
    0x00, 0x00, 0x00, 0x01,
    0x00, 0x00, 0x00, 0x11,
    0x00, 0x00, 0x01, 0x11,
    0x00, 0x00, 0x00, 0x11,

    0xFF, 0xFF, 0xFF, 0xFF,
    0xFF, 0xFF, 0xFF, 0xFF,
    0xFF, 0xFF, 0xFF, 0xFF,
    0xFF, 0xFF, 0xFF, 0xFF,
    0xFF, 0xFF, 0xFF, 0xF0,
    0xFF, 0xFF, 0xFF, 0x00,
    0xFF, 0xFF, 0xF0, 0x00,
    0xFF, 0xFF, 0xFF, 0x00,

    0x00, 0x00, 0x00, 0x00,
    0x00, 0x00, 0x00, 0x00,
    0x00, 0x00, 0x00, 0x00,
    0x00, 0x00, 0x00, 0x00,
    0x10, 0x00, 0x00, 0x00,
    0x11, 0x00, 0x00, 0x00,
    0x11, 0x10, 0x00, 0x00,
    0x11, 0x00, 0x00, 0x00,

    0xFF, 0xFF, 0xFF, 0xFF,
    0xFF, 0xFF, 0xFF, 0xFF,
    0xFF, 0xFF, 0xFF, 0xFF,
    0xFF, 0xFF, 0xFF, 0xFF,
    0x0F, 0xFF, 0xFF, 0xFF,
    0x00, 0xFF, 0xFF, 0xFF,
    0x00, 0x0F, 0xFF, 0xFF,
    0x00, 0xFF, 0xFF, 0xFF,


/* Tile ID 331, isSolid: false */
    0x00, 0x00, 0x00, 0x00,
    0x00, 0x00, 0x00, 0x00,
    0x00, 0x00, 0x00, 0x00,
    0x00, 0x00, 0x00, 0x00,
    0x11, 0x11, 0x11, 0x11,
    0x11, 0x11, 0x11, 0x11,
    0x11, 0x11, 0x11, 0x11,
    0x11, 0x11, 0x11, 0x11,

    0xFF, 0xFF, 0xFF, 0xFF,
    0xFF, 0xFF, 0xFF, 0xFF,
    0xFF, 0xFF, 0xFF, 0xFF,
    0xFF, 0xFF, 0xFF, 0xFF,
    0x00, 0x00, 0x00, 0x00,
    0x00, 0x00, 0x00, 0x00,
    0x00, 0x00, 0x00, 0x00,
    0x00, 0x00, 0x00, 0x00,

    0x00, 0x00, 0x00, 0x00,
    0x00, 0x00, 0x00, 0x00,
    0x00, 0x00, 0x00, 0x00,
    0x00, 0x00, 0x00, 0x00,
    0x11, 0x11, 0x11, 0x11,
    0x11, 0x11, 0x11, 0x11,
    0x11, 0x11, 0x11, 0x11,
    0x11, 0x11, 0x11, 0x11,

    0xFF, 0xFF, 0xFF, 0xFF,
    0xFF, 0xFF, 0xFF, 0xFF,
    0xFF, 0xFF, 0xFF, 0xFF,
    0xFF, 0xFF, 0xFF, 0xFF,
    0x00, 0x00, 0x00, 0x00,
    0x00, 0x00, 0x00, 0x00,
    0x00, 0x00, 0x00, 0x00,
    0x00, 0x00, 0x00, 0x00,


/* Tile ID 332, isSolid: false */
    0x00, 0x00, 0x00, 0x00,
    0x00, 0x00, 0x00, 0x00,
    0x00, 0x00, 0x00, 0x00,
    0x00, 0x00, 0x00, 0x00,
    0x11, 0x11, 0x11, 0x00,
    0x11, 0x11, 0x11, 0x10,
    0x11, 0x11, 0x11, 0x11,
    0x11, 0x11, 0x11, 0x10,

    0xFF, 0xFF, 0xFF, 0xFF,
    0xFF, 0xFF, 0xFF, 0xFF,
    0xFF, 0xFF, 0xFF, 0xFF,
    0xFF, 0xFF, 0xFF, 0xFF,
    0x00, 0x00, 0x00, 0xFF,
    0x00, 0x00, 0x00, 0x0F,
    0x00, 0x00, 0x00, 0x00,
    0x00, 0x00, 0x00, 0x0F,

    0x00, 0x00, 0x00, 0x00,
    0x00, 0x00, 0x00, 0x00,
    0x00, 0x00, 0x00, 0x00,
    0x00, 0x00, 0x00, 0x00,
    0x00, 0x11, 0x11, 0x11,
    0x01, 0x11, 0x11, 0x11,
    0x11, 0x11, 0x11, 0x11,
    0x01, 0x11, 0x11, 0x11,

    0xFF, 0xFF, 0xFF, 0xFF,
    0xFF, 0xFF, 0xFF, 0xFF,
    0xFF, 0xFF, 0xFF, 0xFF,
    0xFF, 0xFF, 0xFF, 0xFF,
    0xFF, 0x00, 0x00, 0x00,
    0xF0, 0x00, 0x00, 0x00,
    0x00, 0x00, 0x00, 0x00,
    0xF0, 0x00, 0x00, 0x00,


/* Tile ID 333, isSolid: false */
    0x00, 0x00, 0x00, 0x00,
    0x00, 0x00, 0x00, 0x00,
    0x00, 0x00, 0x00, 0x00,
    0x00, 0x00, 0x00, 0x00,
    0x00, 0x00, 0x00, 0x11,
    0x00, 0x00, 0x01, 0x11,
    0x00, 0x00, 0x11, 0x11,
    0x00, 0x00, 0x01, 0x11,

    0xFF, 0xFF, 0xFF, 0xFF,
    0xFF, 0xFF, 0xFF, 0xFF,
    0xFF, 0xFF, 0xFF, 0xFF,
    0xFF, 0xFF, 0xFF, 0xFF,
    0xFF, 0xFF, 0xFF, 0x00,
    0xFF, 0xFF, 0xF0, 0x00,
    0xFF, 0xFF, 0x00, 0x00,
    0xFF, 0xFF, 0xF0, 0x00,

    0x00, 0x00, 0x00, 0x00,
    0x00, 0x00, 0x00, 0x00,
    0x00, 0x00, 0x00, 0x00,
    0x00, 0x00, 0x00, 0x00,
    0x11, 0x00, 0x00, 0x00,
    0x11, 0x10, 0x00, 0x00,
    0x11, 0x11, 0x00, 0x00,
    0x11, 0x10, 0x00, 0x00,

    0xFF, 0xFF, 0xFF, 0xFF,
    0xFF, 0xFF, 0xFF, 0xFF,
    0xFF, 0xFF, 0xFF, 0xFF,
    0xFF, 0xFF, 0xFF, 0xFF,
    0x00, 0xFF, 0xFF, 0xFF,
    0x00, 0x0F, 0xFF, 0xFF,
    0x00, 0x00, 0xFF, 0xFF,
    0x00, 0x0F, 0xFF, 0xFF,


/* Tile ID 334, isSolid: false */
    0x00, 0x00, 0x00, 0x00,
    0x00, 0x00, 0x00, 0x00,
    0x00, 0x00, 0x00, 0x00,
    0x00, 0x00, 0x00, 0x00,
    0x11, 0x11, 0x11, 0x11,
    0x11, 0x11, 0x11, 0x11,
    0x11, 0x11, 0x11, 0x11,
    0x11, 0x11, 0x11, 0x11,

    0xFF, 0xFF, 0xFF, 0xFF,
    0xFF, 0xFF, 0xFF, 0xFF,
    0xFF, 0xFF, 0xFF, 0xFF,
    0xFF, 0xFF, 0xFF, 0xFF,
    0x00, 0x00, 0x00, 0x00,
    0x00, 0x00, 0x00, 0x00,
    0x00, 0x00, 0x00, 0x00,
    0x00, 0x00, 0x00, 0x00,

    0x00, 0x00, 0x00, 0x00,
    0x00, 0x00, 0x00, 0x00,
    0x00, 0x00, 0x00, 0x00,
    0x00, 0x00, 0x00, 0x00,
    0x11, 0x11, 0x11, 0x11,
    0x11, 0x11, 0x11, 0x11,
    0x11, 0x11, 0x11, 0x11,
    0x11, 0x11, 0x11, 0x11,

    0xFF, 0xFF, 0xFF, 0xFF,
    0xFF, 0xFF, 0xFF, 0xFF,
    0xFF, 0xFF, 0xFF, 0xFF,
    0xFF, 0xFF, 0xFF, 0xFF,
    0x00, 0x00, 0x00, 0x00,
    0x00, 0x00, 0x00, 0x00,
    0x00, 0x00, 0x00, 0x00,
    0x00, 0x00, 0x00, 0x00,


/* Tile ID 335, isSolid: false */
    0x00, 0x00, 0x00, 0x00,
    0x00, 0x00, 0x00, 0x00,
    0x00, 0x00, 0x00, 0x00,
    0x00, 0x00, 0x00, 0x00,
    0x11, 0x11, 0x11, 0x00,
    0x11, 0x11, 0x11, 0x10,
    0x11, 0x11, 0x11, 0x11,
    0x11, 0x11, 0x11, 0x10,

    0xFF, 0xFF, 0xFF, 0xFF,
    0xFF, 0xFF, 0xFF, 0xFF,
    0xFF, 0xFF, 0xFF, 0xFF,
    0xFF, 0xFF, 0xFF, 0xFF,
    0x00, 0x00, 0x00, 0xFF,
    0x00, 0x00, 0x00, 0x0F,
    0x00, 0x00, 0x00, 0x00,
    0x00, 0x00, 0x00, 0x0F,

    0x00, 0x00, 0x00, 0x00,
    0x00, 0x00, 0x00, 0x00,
    0x00, 0x00, 0x00, 0x00,
    0x00, 0x00, 0x00, 0x00,
    0x00, 0x11, 0x11, 0x11,
    0x01, 0x11, 0x11, 0x11,
    0x11, 0x11, 0x11, 0x11,
    0x01, 0x11, 0x11, 0x11,

    0xFF, 0xFF, 0xFF, 0xFF,
    0xFF, 0xFF, 0xFF, 0xFF,
    0xFF, 0xFF, 0xFF, 0xFF,
    0xFF, 0xFF, 0xFF, 0xFF,
    0xFF, 0x00, 0x00, 0x00,
    0xF0, 0x00, 0x00, 0x00,
    0x00, 0x00, 0x00, 0x00,
    0xF0, 0x00, 0x00, 0x00,


/* Tile ID 336, isSolid: false */
    0x00, 0x00, 0x00, 0x00,
    0x00, 0x00, 0x00, 0x00,
    0x00, 0x00, 0x00, 0x00,
    0x00, 0x00, 0x00, 0x00,
    0x00, 0x00, 0x00, 0x00,
    0x00, 0x00, 0x00, 0x00,
    0x00, 0x00, 0x00, 0x00,
    0x00, 0x00, 0x00, 0x00,

    0xFF, 0xFF, 0xFF, 0xFF,
    0xFF, 0xFF, 0xFF, 0xFF,
    0xFF, 0xFF, 0xFF, 0xFF,
    0xFF, 0xFF, 0xFF, 0xFF,
    0xFF, 0xFF, 0xFF, 0xFF,
    0xFF, 0xFF, 0xFF, 0xFF,
    0xFF, 0xFF, 0xFF, 0xFF,
    0xFF, 0xFF, 0xFF, 0xFF,

    0x00, 0x00, 0x00, 0x00,
    0x00, 0x00, 0x00, 0x00,
    0x00, 0x00, 0x00, 0x00,
    0x00, 0x00, 0x00, 0x00,
    0x00, 0x00, 0x00, 0x00,
    0x00, 0x00, 0x00, 0x00,
    0x00, 0x00, 0x00, 0x00,
    0x00, 0x00, 0x00, 0x00,

    0xFF, 0xFF, 0xFF, 0xFF,
    0xFF, 0xFF, 0xFF, 0xFF,
    0xFF, 0xFF, 0xFF, 0xFF,
    0xFF, 0xFF, 0xFF, 0xFF,
    0xFF, 0xFF, 0xFF, 0xFF,
    0xFF, 0xFF, 0xFF, 0xFF,
    0xFF, 0xFF, 0xFF, 0xFF,
    0xFF, 0xFF, 0xFF, 0xFF,


/* Tile ID 337, isSolid: false */
    0x00, 0x00, 0x00, 0x00,
    0x00, 0x00, 0x00, 0x00,
    0x00, 0x00, 0x00, 0x00,
    0x00, 0x00, 0x00, 0x00,
    0x00, 0x00, 0x00, 0x99,
    0x00, 0x09, 0x99, 0x99,
    0x09, 0x99, 0x99, 0x99,
    0x99, 0x99, 0x99, 0x99,

    0xFF, 0xFF, 0xFF, 0xFF,
    0xFF, 0xFF, 0xFF, 0xFF,
    0xFF, 0xFF, 0xFF, 0xFF,
    0xFF, 0xFF, 0xFF, 0xFF,
    0xFF, 0xFF, 0xFF, 0x00,
    0xFF, 0xF0, 0x00, 0x00,
    0xF0, 0x00, 0x00, 0x00,
    0x00, 0x00, 0x00, 0x00,

    0x00, 0x00, 0x00, 0x00,
    0x00, 0x00, 0x00, 0x00,
    0x00, 0x00, 0x00, 0x00,
    0x00, 0x00, 0x00, 0x00,
    0x99, 0x00, 0x00, 0x00,
    0x99, 0x99, 0x90, 0x00,
    0x99, 0x99, 0x99, 0x90,
    0x99, 0x99, 0x99, 0x99,

    0xFF, 0xFF, 0xFF, 0xFF,
    0xFF, 0xFF, 0xFF, 0xFF,
    0xFF, 0xFF, 0xFF, 0xFF,
    0xFF, 0xFF, 0xFF, 0xFF,
    0x00, 0xFF, 0xFF, 0xFF,
    0x00, 0x00, 0x0F, 0xFF,
    0x00, 0x00, 0x00, 0x0F,
    0x00, 0x00, 0x00, 0x00,


/* Tile ID 338, isSolid: false */
    0x00, 0x00, 0x00, 0x00,
    0x00, 0x00, 0x00, 0x00,
    0x00, 0x00, 0x00, 0x00,
    0x00, 0x00, 0x00, 0x00,
    0x99, 0x99, 0x99, 0x90,
    0x99, 0x99, 0x99, 0x99,
    0x99, 0x99, 0x99, 0x99,
    0x00, 0x00, 0x09, 0x99,

    0xFF, 0xFF, 0xFF, 0xFF,
    0xFF, 0xFF, 0xFF, 0xFF,
    0xFF, 0xFF, 0xFF, 0xFF,
    0xFF, 0xFF, 0xFF, 0xFF,
    0x00, 0x00, 0x00, 0x0F,
    0x00, 0x00, 0x00, 0x00,
    0x00, 0x00, 0x00, 0x00,
    0xFF, 0xFF, 0xF0, 0x00,

    0x00, 0x00, 0x00, 0x00,
    0x00, 0x00, 0x00, 0x00,
    0x00, 0x00, 0x00, 0x00,
    0x00, 0x00, 0x00, 0x00,
    0x09, 0x99, 0x99, 0x99,
    0x99, 0x99, 0x99, 0x99,
    0x99, 0x99, 0x99, 0x99,
    0x99, 0x90, 0x00, 0x00,

    0xFF, 0xFF, 0xFF, 0xFF,
    0xFF, 0xFF, 0xFF, 0xFF,
    0xFF, 0xFF, 0xFF, 0xFF,
    0xFF, 0xFF, 0xFF, 0xFF,
    0xF0, 0x00, 0x00, 0x00,
    0x00, 0x00, 0x00, 0x00,
    0x00, 0x00, 0x00, 0x00,
    0x00, 0x0F, 0xFF, 0xFF,


/* Tile ID 339, isSolid: false */
    0x00, 0x00, 0x00, 0x00,
    0x00, 0x00, 0x00, 0x00,
    0x00, 0x00, 0x00, 0x00,
    0x00, 0x00, 0x00, 0x00,
    0x00, 0x00, 0x00, 0x00,
    0x99, 0x00, 0x00, 0x00,
    0x99, 0x99, 0x00, 0x00,
    0x99, 0x99, 0x90, 0x00,

    0xFF, 0xFF, 0xFF, 0xFF,
    0xFF, 0xFF, 0xFF, 0xFF,
    0xFF, 0xFF, 0xFF, 0xFF,
    0xFF, 0xFF, 0xFF, 0xFF,
    0xFF, 0xFF, 0xFF, 0xFF,
    0x00, 0xFF, 0xFF, 0xFF,
    0x00, 0x00, 0xFF, 0xFF,
    0x00, 0x00, 0x0F, 0xFF,

    0x00, 0x00, 0x00, 0x00,
    0x00, 0x00, 0x00, 0x00,
    0x00, 0x00, 0x00, 0x00,
    0x00, 0x00, 0x00, 0x00,
    0x00, 0x00, 0x00, 0x00,
    0x00, 0x00, 0x00, 0x99,
    0x00, 0x00, 0x99, 0x99,
    0x00, 0x09, 0x99, 0x99,

    0xFF, 0xFF, 0xFF, 0xFF,
    0xFF, 0xFF, 0xFF, 0xFF,
    0xFF, 0xFF, 0xFF, 0xFF,
    0xFF, 0xFF, 0xFF, 0xFF,
    0xFF, 0xFF, 0xFF, 0xFF,
    0xFF, 0xFF, 0xFF, 0x00,
    0xFF, 0xFF, 0x00, 0x00,
    0xFF, 0xF0, 0x00, 0x00,


/* Tile ID 340, isSolid: false */
    0x00, 0x00, 0x00, 0x00,
    0x00, 0x00, 0x00, 0x00,
    0x00, 0x00, 0x00, 0x00,
    0x00, 0x00, 0x00, 0x00,
    0x00, 0x00, 0x00, 0x00,
    0x00, 0x00, 0xDD, 0xDD,
    0x00, 0x0D, 0xDD, 0xDD,
    0x00, 0x00, 0xDD, 0xDD,

    0xFF, 0xFF, 0xFF, 0xFF,
    0xFF, 0xFF, 0xFF, 0xFF,
    0xFF, 0xFF, 0xFF, 0xFF,
    0xFF, 0xFF, 0xFF, 0xFF,
    0xFF, 0xFF, 0xFF, 0xFF,
    0xFF, 0xFF, 0x00, 0x00,
    0xFF, 0xF0, 0x00, 0x00,
    0xFF, 0xFF, 0x00, 0x00,

    0x00, 0x00, 0x00, 0x00,
    0x00, 0x00, 0x00, 0x00,
    0x00, 0x00, 0x00, 0x00,
    0x00, 0x00, 0x00, 0x00,
    0x00, 0x00, 0x00, 0x00,
    0xDD, 0xDD, 0x00, 0x00,
    0xDD, 0xDD, 0xD0, 0x00,
    0xDD, 0xDD, 0x00, 0x00,

    0xFF, 0xFF, 0xFF, 0xFF,
    0xFF, 0xFF, 0xFF, 0xFF,
    0xFF, 0xFF, 0xFF, 0xFF,
    0xFF, 0xFF, 0xFF, 0xFF,
    0xFF, 0xFF, 0xFF, 0xFF,
    0x00, 0x00, 0xFF, 0xFF,
    0x00, 0x00, 0x0F, 0xFF,
    0x00, 0x00, 0xFF, 0xFF,


/* Tile ID 341, isSolid: false */
    0x00, 0x00, 0x00, 0x00,
    0x00, 0x00, 0x00, 0x00,
    0x00, 0x00, 0x00, 0x00,
    0x00, 0x00, 0x00, 0x00,
    0x00, 0x00, 0x00, 0x00,
    0xDD, 0xDD, 0xDD, 0xDD,
    0xDD, 0xDD, 0xDD, 0xDD,
    0xDD, 0xDD, 0xDD, 0xDD,

    0xFF, 0xFF, 0xFF, 0xFF,
    0xFF, 0xFF, 0xFF, 0xFF,
    0xFF, 0xFF, 0xFF, 0xFF,
    0xFF, 0xFF, 0xFF, 0xFF,
    0xFF, 0xFF, 0xFF, 0xFF,
    0x00, 0x00, 0x00, 0x00,
    0x00, 0x00, 0x00, 0x00,
    0x00, 0x00, 0x00, 0x00,

    0x00, 0x00, 0x00, 0x00,
    0x00, 0x00, 0x00, 0x00,
    0x00, 0x00, 0x00, 0x00,
    0x00, 0x00, 0x00, 0x00,
    0x00, 0x00, 0x00, 0x00,
    0xDD, 0xDD, 0xDD, 0xDD,
    0xDD, 0xDD, 0xDD, 0xDD,
    0xDD, 0xDD, 0xDD, 0xDD,

    0xFF, 0xFF, 0xFF, 0xFF,
    0xFF, 0xFF, 0xFF, 0xFF,
    0xFF, 0xFF, 0xFF, 0xFF,
    0xFF, 0xFF, 0xFF, 0xFF,
    0xFF, 0xFF, 0xFF, 0xFF,
    0x00, 0x00, 0x00, 0x00,
    0x00, 0x00, 0x00, 0x00,
    0x00, 0x00, 0x00, 0x00,


/* Tile ID 342, isSolid: false */
    0x00, 0x00, 0x00, 0x00,
    0x00, 0x00, 0x00, 0x00,
    0x00, 0x00, 0x00, 0x00,
    0x00, 0x00, 0x00, 0x00,
    0x00, 0x00, 0x00, 0x00,
    0xDD, 0xDD, 0xDD, 0xDD,
    0xDD, 0xDD, 0xDD, 0xDD,
    0xDD, 0xDD, 0xDD, 0xDD,

    0xFF, 0xFF, 0xFF, 0xFF,
    0xFF, 0xFF, 0xFF, 0xFF,
    0xFF, 0xFF, 0xFF, 0xFF,
    0xFF, 0xFF, 0xFF, 0xFF,
    0xFF, 0xFF, 0xFF, 0xFF,
    0x00, 0x00, 0x00, 0x00,
    0x00, 0x00, 0x00, 0x00,
    0x00, 0x00, 0x00, 0x00,

    0x00, 0x00, 0x00, 0x00,
    0x00, 0x00, 0x00, 0x00,
    0x00, 0x00, 0x00, 0x00,
    0x00, 0x00, 0x00, 0x00,
    0x00, 0x00, 0x00, 0x00,
    0xDD, 0xDD, 0xDD, 0xDD,
    0xDD, 0xDD, 0xDD, 0xDD,
    0xDD, 0xDD, 0xDD, 0xDD,

    0xFF, 0xFF, 0xFF, 0xFF,
    0xFF, 0xFF, 0xFF, 0xFF,
    0xFF, 0xFF, 0xFF, 0xFF,
    0xFF, 0xFF, 0xFF, 0xFF,
    0xFF, 0xFF, 0xFF, 0xFF,
    0x00, 0x00, 0x00, 0x00,
    0x00, 0x00, 0x00, 0x00,
    0x00, 0x00, 0x00, 0x00,


/* Tile ID 343, isSolid: false */
    0x00, 0x00, 0x00, 0x00,
    0x00, 0x00, 0x00, 0x00,
    0x00, 0x00, 0x00, 0x00,
    0x00, 0x00, 0x00, 0x00,
    0x00, 0x00, 0x00, 0x00,
    0xDD, 0xDD, 0xDD, 0xDD,
    0xDD, 0xDD, 0xDD, 0xDD,
    0xDD, 0xDD, 0xDD, 0xDD,

    0xFF, 0xFF, 0xFF, 0xFF,
    0xFF, 0xFF, 0xFF, 0xFF,
    0xFF, 0xFF, 0xFF, 0xFF,
    0xFF, 0xFF, 0xFF, 0xFF,
    0xFF, 0xFF, 0xFF, 0xFF,
    0x00, 0x00, 0x00, 0x00,
    0x00, 0x00, 0x00, 0x00,
    0x00, 0x00, 0x00, 0x00,

    0x00, 0x00, 0x00, 0x00,
    0x00, 0x00, 0x00, 0x00,
    0x00, 0x00, 0x00, 0x00,
    0x00, 0x00, 0x00, 0x00,
    0x00, 0x00, 0x00, 0x00,
    0xDD, 0xDD, 0xDD, 0xDD,
    0xDD, 0xDD, 0xDD, 0xDD,
    0xDD, 0xDD, 0xDD, 0xDD,

    0xFF, 0xFF, 0xFF, 0xFF,
    0xFF, 0xFF, 0xFF, 0xFF,
    0xFF, 0xFF, 0xFF, 0xFF,
    0xFF, 0xFF, 0xFF, 0xFF,
    0xFF, 0xFF, 0xFF, 0xFF,
    0x00, 0x00, 0x00, 0x00,
    0x00, 0x00, 0x00, 0x00,
    0x00, 0x00, 0x00, 0x00,


/* Tile ID 344, isSolid: false */
    0x00, 0x00, 0x00, 0x00,
    0x00, 0x00, 0x00, 0x00,
    0x00, 0x00, 0x00, 0x00,
    0x00, 0x00, 0x00, 0x00,
    0x00, 0x00, 0x00, 0x00,
    0xD0, 0x00, 0x00, 0x00,
    0xDD, 0x00, 0x00, 0x00,
    0xDD, 0x00, 0x00, 0x00,

    0xFF, 0xFF, 0xFF, 0xFF,
    0xFF, 0xFF, 0xFF, 0xFF,
    0xFF, 0xFF, 0xFF, 0xFF,
    0xFF, 0xFF, 0xFF, 0xFF,
    0xFF, 0xFF, 0xFF, 0xFF,
    0x0F, 0xFF, 0xFF, 0xFF,
    0x00, 0xFF, 0xFF, 0xFF,
    0x00, 0xFF, 0xFF, 0xFF,

    0x00, 0x00, 0x00, 0x00,
    0x00, 0x00, 0x00, 0x00,
    0x00, 0x00, 0x00, 0x00,
    0x00, 0x00, 0x00, 0x00,
    0x00, 0x00, 0x00, 0x00,
    0x00, 0x00, 0x00, 0x0D,
    0x00, 0x00, 0x00, 0xDD,
    0x00, 0x00, 0x00, 0xDD,

    0xFF, 0xFF, 0xFF, 0xFF,
    0xFF, 0xFF, 0xFF, 0xFF,
    0xFF, 0xFF, 0xFF, 0xFF,
    0xFF, 0xFF, 0xFF, 0xFF,
    0xFF, 0xFF, 0xFF, 0xFF,
    0xFF, 0xFF, 0xFF, 0xF0,
    0xFF, 0xFF, 0xFF, 0x00,
    0xFF, 0xFF, 0xFF, 0x00,


/* Tile ID 345, isSolid: false */
    0x00, 0x00, 0x00, 0x00,
    0x00, 0x00, 0x00, 0x00,
    0x00, 0x00, 0x00, 0x00,
    0x00, 0x00, 0x00, 0x00,
    0x00, 0x00, 0x00, 0x00,
    0x00, 0x00, 0x00, 0x00,
    0x00, 0x00, 0x00, 0x00,
    0x00, 0x00, 0x00, 0x00,

    0xFF, 0xFF, 0xFF, 0xFF,
    0xFF, 0xFF, 0xFF, 0xFF,
    0xFF, 0xFF, 0xFF, 0xFF,
    0xFF, 0xFF, 0xFF, 0xFF,
    0xFF, 0xFF, 0xFF, 0xFF,
    0xFF, 0xFF, 0xFF, 0xFF,
    0xFF, 0xFF, 0xFF, 0xFF,
    0xFF, 0xFF, 0xFF, 0xFF,

    0x00, 0x00, 0x00, 0x00,
    0x00, 0x00, 0x00, 0x00,
    0x00, 0x00, 0x00, 0x00,
    0x00, 0x00, 0x00, 0x00,
    0x00, 0x00, 0x00, 0x00,
    0x00, 0x00, 0x00, 0x00,
    0x00, 0x00, 0x00, 0x00,
    0x00, 0x00, 0x00, 0x00,

    0xFF, 0xFF, 0xFF, 0xFF,
    0xFF, 0xFF, 0xFF, 0xFF,
    0xFF, 0xFF, 0xFF, 0xFF,
    0xFF, 0xFF, 0xFF, 0xFF,
    0xFF, 0xFF, 0xFF, 0xFF,
    0xFF, 0xFF, 0xFF, 0xFF,
    0xFF, 0xFF, 0xFF, 0xFF,
    0xFF, 0xFF, 0xFF, 0xFF,


/* Tile ID 346, isSolid: false */
    0x00, 0x00, 0x00, 0x00,
    0x00, 0x00, 0x00, 0x00,
    0x00, 0x00, 0x00, 0x00,
    0x00, 0x00, 0x00, 0x00,
    0x00, 0x00, 0x00, 0x00,
    0x00, 0x00, 0x00, 0x00,
    0x00, 0x00, 0x00, 0x00,
    0x00, 0x00, 0x00, 0x00,

    0xFF, 0xFF, 0xFF, 0xFF,
    0xFF, 0xFF, 0xFF, 0xFF,
    0xFF, 0xFF, 0xFF, 0xFF,
    0xFF, 0xFF, 0xFF, 0xFF,
    0xFF, 0xFF, 0xFF, 0xFF,
    0xFF, 0xFF, 0xFF, 0xFF,
    0xFF, 0xFF, 0xFF, 0xFF,
    0xFF, 0xFF, 0xFF, 0xFF,

    0x00, 0x00, 0x00, 0x00,
    0x00, 0x00, 0x00, 0x00,
    0x00, 0x00, 0x00, 0x00,
    0x00, 0x00, 0x00, 0x00,
    0x00, 0x00, 0x00, 0x00,
    0x00, 0x00, 0x00, 0x00,
    0x00, 0x00, 0x00, 0x00,
    0x00, 0x00, 0x00, 0x00,

    0xFF, 0xFF, 0xFF, 0xFF,
    0xFF, 0xFF, 0xFF, 0xFF,
    0xFF, 0xFF, 0xFF, 0xFF,
    0xFF, 0xFF, 0xFF, 0xFF,
    0xFF, 0xFF, 0xFF, 0xFF,
    0xFF, 0xFF, 0xFF, 0xFF,
    0xFF, 0xFF, 0xFF, 0xFF,
    0xFF, 0xFF, 0xFF, 0xFF,


/* Tile ID 347, isSolid: false */
    0x00, 0x00, 0x00, 0x00,
    0x00, 0x00, 0x00, 0x00,
    0x00, 0x00, 0x00, 0x00,
    0x00, 0x00, 0x00, 0x00,
    0x00, 0x00, 0x00, 0x00,
    0x00, 0x00, 0x00, 0x00,
    0x00, 0x00, 0x00, 0x00,
    0x00, 0x00, 0x00, 0x00,

    0xFF, 0xFF, 0xFF, 0xFF,
    0xFF, 0xFF, 0xFF, 0xFF,
    0xFF, 0xFF, 0xFF, 0xFF,
    0xFF, 0xFF, 0xFF, 0xFF,
    0xFF, 0xFF, 0xFF, 0xFF,
    0xFF, 0xFF, 0xFF, 0xFF,
    0xFF, 0xFF, 0xFF, 0xFF,
    0xFF, 0xFF, 0xFF, 0xFF,

    0x00, 0x00, 0x00, 0x00,
    0x00, 0x00, 0x00, 0x00,
    0x00, 0x00, 0x00, 0x00,
    0x00, 0x00, 0x00, 0x00,
    0x00, 0x00, 0x00, 0x00,
    0x00, 0x00, 0x00, 0x00,
    0x00, 0x00, 0x00, 0x00,
    0x00, 0x00, 0x00, 0x00,

    0xFF, 0xFF, 0xFF, 0xFF,
    0xFF, 0xFF, 0xFF, 0xFF,
    0xFF, 0xFF, 0xFF, 0xFF,
    0xFF, 0xFF, 0xFF, 0xFF,
    0xFF, 0xFF, 0xFF, 0xFF,
    0xFF, 0xFF, 0xFF, 0xFF,
    0xFF, 0xFF, 0xFF, 0xFF,
    0xFF, 0xFF, 0xFF, 0xFF,


/* Tile ID 348, isSolid: false */
    0x00, 0x00, 0x00, 0x00,
    0x00, 0x00, 0x00, 0x00,
    0x00, 0x00, 0x00, 0x00,
    0x00, 0x00, 0x00, 0x00,
    0x00, 0x00, 0x00, 0x00,
    0x00, 0x00, 0x00, 0x00,
    0x00, 0x00, 0x00, 0x00,
    0x00, 0x00, 0x00, 0x00,

    0xFF, 0xFF, 0xFF, 0xFF,
    0xFF, 0xFF, 0xFF, 0xFF,
    0xFF, 0xFF, 0xFF, 0xFF,
    0xFF, 0xFF, 0xFF, 0xFF,
    0xFF, 0xFF, 0xFF, 0xFF,
    0xFF, 0xFF, 0xFF, 0xFF,
    0xFF, 0xFF, 0xFF, 0xFF,
    0xFF, 0xFF, 0xFF, 0xFF,

    0x00, 0x00, 0x00, 0x00,
    0x00, 0x00, 0x00, 0x00,
    0x00, 0x00, 0x00, 0x00,
    0x00, 0x00, 0x00, 0x00,
    0x00, 0x00, 0x00, 0x00,
    0x00, 0x00, 0x00, 0x00,
    0x00, 0x00, 0x00, 0x00,
    0x00, 0x00, 0x00, 0x00,

    0xFF, 0xFF, 0xFF, 0xFF,
    0xFF, 0xFF, 0xFF, 0xFF,
    0xFF, 0xFF, 0xFF, 0xFF,
    0xFF, 0xFF, 0xFF, 0xFF,
    0xFF, 0xFF, 0xFF, 0xFF,
    0xFF, 0xFF, 0xFF, 0xFF,
    0xFF, 0xFF, 0xFF, 0xFF,
    0xFF, 0xFF, 0xFF, 0xFF,


/* Tile ID 349, isSolid: false */
    0x00, 0x00, 0x00, 0x00,
    0x00, 0x00, 0x00, 0x00,
    0x00, 0x00, 0x00, 0x00,
    0x00, 0x00, 0x00, 0x00,
    0x00, 0x00, 0x00, 0x00,
    0x00, 0x00, 0x00, 0x00,
    0x00, 0x00, 0x00, 0x00,
    0x00, 0x00, 0x00, 0x00,

    0xFF, 0xFF, 0xFF, 0xFF,
    0xFF, 0xFF, 0xFF, 0xFF,
    0xFF, 0xFF, 0xFF, 0xFF,
    0xFF, 0xFF, 0xFF, 0xFF,
    0xFF, 0xFF, 0xFF, 0xFF,
    0xFF, 0xFF, 0xFF, 0xFF,
    0xFF, 0xFF, 0xFF, 0xFF,
    0xFF, 0xFF, 0xFF, 0xFF,

    0x00, 0x00, 0x00, 0x00,
    0x00, 0x00, 0x00, 0x00,
    0x00, 0x00, 0x00, 0x00,
    0x00, 0x00, 0x00, 0x00,
    0x00, 0x00, 0x00, 0x00,
    0x00, 0x00, 0x00, 0x00,
    0x00, 0x00, 0x00, 0x00,
    0x00, 0x00, 0x00, 0x00,

    0xFF, 0xFF, 0xFF, 0xFF,
    0xFF, 0xFF, 0xFF, 0xFF,
    0xFF, 0xFF, 0xFF, 0xFF,
    0xFF, 0xFF, 0xFF, 0xFF,
    0xFF, 0xFF, 0xFF, 0xFF,
    0xFF, 0xFF, 0xFF, 0xFF,
    0xFF, 0xFF, 0xFF, 0xFF,
    0xFF, 0xFF, 0xFF, 0xFF,


/* Tile ID 350, isSolid: false */
    0x00, 0x00, 0x00, 0x00,
    0x00, 0x00, 0x00, 0x00,
    0x00, 0x00, 0x00, 0x00,
    0x00, 0x00, 0x00, 0x00,
    0x00, 0x00, 0x00, 0x00,
    0x00, 0x00, 0x00, 0x00,
    0x00, 0x00, 0x00, 0x00,
    0x00, 0x00, 0x00, 0x00,

    0xFF, 0xFF, 0xFF, 0xFF,
    0xFF, 0xFF, 0xFF, 0xFF,
    0xFF, 0xFF, 0xFF, 0xFF,
    0xFF, 0xFF, 0xFF, 0xFF,
    0xFF, 0xFF, 0xFF, 0xFF,
    0xFF, 0xFF, 0xFF, 0xFF,
    0xFF, 0xFF, 0xFF, 0xFF,
    0xFF, 0xFF, 0xFF, 0xFF,

    0x00, 0x00, 0x00, 0x00,
    0x00, 0x00, 0x00, 0x00,
    0x00, 0x00, 0x00, 0x00,
    0x00, 0x00, 0x00, 0x00,
    0x00, 0x00, 0x00, 0x00,
    0x00, 0x00, 0x00, 0x00,
    0x00, 0x00, 0x00, 0x00,
    0x00, 0x00, 0x00, 0x00,

    0xFF, 0xFF, 0xFF, 0xFF,
    0xFF, 0xFF, 0xFF, 0xFF,
    0xFF, 0xFF, 0xFF, 0xFF,
    0xFF, 0xFF, 0xFF, 0xFF,
    0xFF, 0xFF, 0xFF, 0xFF,
    0xFF, 0xFF, 0xFF, 0xFF,
    0xFF, 0xFF, 0xFF, 0xFF,
    0xFF, 0xFF, 0xFF, 0xFF,


/* Tile ID 351, isSolid: false */
    0x00, 0x00, 0x00, 0x00,
    0x00, 0x00, 0x00, 0x00,
    0x00, 0x00, 0x00, 0x00,
    0x00, 0x00, 0x00, 0x00,
    0x00, 0x00, 0x00, 0x00,
    0x00, 0x00, 0x00, 0x00,
    0x00, 0x00, 0x00, 0x00,
    0x00, 0x00, 0x00, 0x00,

    0xFF, 0xFF, 0xFF, 0xFF,
    0xFF, 0xFF, 0xFF, 0xFF,
    0xFF, 0xFF, 0xFF, 0xFF,
    0xFF, 0xFF, 0xFF, 0xFF,
    0xFF, 0xFF, 0xFF, 0xFF,
    0xFF, 0xFF, 0xFF, 0xFF,
    0xFF, 0xFF, 0xFF, 0xFF,
    0xFF, 0xFF, 0xFF, 0xFF,

    0x00, 0x00, 0x00, 0x00,
    0x00, 0x00, 0x00, 0x00,
    0x00, 0x00, 0x00, 0x00,
    0x00, 0x00, 0x00, 0x00,
    0x00, 0x00, 0x00, 0x00,
    0x00, 0x00, 0x00, 0x00,
    0x00, 0x00, 0x00, 0x00,
    0x00, 0x00, 0x00, 0x00,

    0xFF, 0xFF, 0xFF, 0xFF,
    0xFF, 0xFF, 0xFF, 0xFF,
    0xFF, 0xFF, 0xFF, 0xFF,
    0xFF, 0xFF, 0xFF, 0xFF,
    0xFF, 0xFF, 0xFF, 0xFF,
    0xFF, 0xFF, 0xFF, 0xFF,
    0xFF, 0xFF, 0xFF, 0xFF,
    0xFF, 0xFF, 0xFF, 0xFF,


/* Tile ID 352, isSolid: false */
    0x00, 0x00, 0x00, 0x00,
    0x00, 0x00, 0x00, 0x00,
    0x00, 0x00, 0x00, 0x00,
    0x00, 0x00, 0x00, 0x00,
    0x00, 0x00, 0x00, 0x00,
    0x00, 0x00, 0x00, 0x00,
    0x00, 0x00, 0x00, 0x00,
    0x00, 0x00, 0x00, 0x00,

    0xFF, 0xFF, 0xFF, 0xFF,
    0xFF, 0xFF, 0xFF, 0xFF,
    0xFF, 0xFF, 0xFF, 0xFF,
    0xFF, 0xFF, 0xFF, 0xFF,
    0xFF, 0xFF, 0xFF, 0xFF,
    0xFF, 0xFF, 0xFF, 0xFF,
    0xFF, 0xFF, 0xFF, 0xFF,
    0xFF, 0xFF, 0xFF, 0xFF,

    0x00, 0x00, 0x00, 0x00,
    0x00, 0x00, 0x00, 0x00,
    0x00, 0x00, 0x00, 0x00,
    0x00, 0x00, 0x00, 0x00,
    0x00, 0x00, 0x00, 0x00,
    0x00, 0x00, 0x00, 0x00,
    0x00, 0x00, 0x00, 0x00,
    0x00, 0x00, 0x00, 0x00,

    0xFF, 0xFF, 0xFF, 0xFF,
    0xFF, 0xFF, 0xFF, 0xFF,
    0xFF, 0xFF, 0xFF, 0xFF,
    0xFF, 0xFF, 0xFF, 0xFF,
    0xFF, 0xFF, 0xFF, 0xFF,
    0xFF, 0xFF, 0xFF, 0xFF,
    0xFF, 0xFF, 0xFF, 0xFF,
    0xFF, 0xFF, 0xFF, 0xFF,


/* Tile ID 353, isSolid: false */
    0x00, 0x00, 0x00, 0x06,
    0x00, 0x00, 0x00, 0x00,
    0x00, 0x00, 0x00, 0x00,
    0x00, 0x00, 0x00, 0x00,
    0x00, 0x00, 0x00, 0x00,
    0x00, 0x00, 0x00, 0x00,
    0x00, 0x00, 0x00, 0x00,
    0x00, 0x00, 0x00, 0x00,

    0xFF, 0xFF, 0xFF, 0xF0,
    0xFF, 0xFF, 0xFF, 0xFF,
    0xFF, 0xFF, 0xFF, 0xFF,
    0xFF, 0xFF, 0xFF, 0xFF,
    0xFF, 0xFF, 0xFF, 0xFF,
    0xFF, 0xFF, 0xFF, 0xFF,
    0xFF, 0xFF, 0xFF, 0xFF,
    0xFF, 0xFF, 0xFF, 0xFF,

    0x60, 0x00, 0x00, 0x00,
    0x00, 0x00, 0x00, 0x00,
    0x00, 0x00, 0x00, 0x00,
    0x00, 0x00, 0x00, 0x00,
    0x00, 0x00, 0x00, 0x00,
    0x00, 0x00, 0x00, 0x00,
    0x00, 0x00, 0x00, 0x00,
    0x00, 0x00, 0x00, 0x00,

    0x0F, 0xFF, 0xFF, 0xFF,
    0xFF, 0xFF, 0xFF, 0xFF,
    0xFF, 0xFF, 0xFF, 0xFF,
    0xFF, 0xFF, 0xFF, 0xFF,
    0xFF, 0xFF, 0xFF, 0xFF,
    0xFF, 0xFF, 0xFF, 0xFF,
    0xFF, 0xFF, 0xFF, 0xFF,
    0xFF, 0xFF, 0xFF, 0xFF,


/* Tile ID 354, isSolid: true */
    0x66, 0x66, 0x66, 0x66,
    0x66, 0x66, 0x66, 0x66,
    0x66, 0x66, 0x66, 0x66,
    0x66, 0x66, 0x66, 0x66,
    0x66, 0x66, 0x66, 0x66,
    0x66, 0x66, 0x66, 0x66,
    0x66, 0x66, 0x66, 0x66,
    0x66, 0x66, 0x66, 0x66,

    0x00, 0x00, 0x00, 0x00,
    0x00, 0x00, 0x00, 0x00,
    0x00, 0x00, 0x00, 0x00,
    0x00, 0x00, 0x00, 0x00,
    0x00, 0x00, 0x00, 0x00,
    0x00, 0x00, 0x00, 0x00,
    0x00, 0x00, 0x00, 0x00,
    0x00, 0x00, 0x00, 0x00,

    0x66, 0x66, 0x66, 0x66,
    0x66, 0x66, 0x66, 0x66,
    0x66, 0x66, 0x66, 0x66,
    0x66, 0x66, 0x66, 0x66,
    0x66, 0x66, 0x66, 0x66,
    0x66, 0x66, 0x66, 0x66,
    0x66, 0x66, 0x66, 0x66,
    0x66, 0x66, 0x66, 0x66,

    0x00, 0x00, 0x00, 0x00,
    0x00, 0x00, 0x00, 0x00,
    0x00, 0x00, 0x00, 0x00,
    0x00, 0x00, 0x00, 0x00,
    0x00, 0x00, 0x00, 0x00,
    0x00, 0x00, 0x00, 0x00,
    0x00, 0x00, 0x00, 0x00,
    0x00, 0x00, 0x00, 0x00,


/* Tile ID 355, isSolid: false */
    0x66, 0x00, 0x00, 0x00,
    0x60, 0x00, 0x00, 0x00,
    0x60, 0x00, 0x00, 0x00,
    0x60, 0x00, 0x00, 0x00,
    0x60, 0x00, 0x00, 0x00,
    0x60, 0x00, 0x00, 0x00,
    0x60, 0x00, 0x00, 0x00,
    0x60, 0x00, 0x00, 0x00,

    0x00, 0xFF, 0xFF, 0xFF,
    0x0F, 0xFF, 0xFF, 0xFF,
    0x0F, 0xFF, 0xFF, 0xFF,
    0x0F, 0xFF, 0xFF, 0xFF,
    0x0F, 0xFF, 0xFF, 0xFF,
    0x0F, 0xFF, 0xFF, 0xFF,
    0x0F, 0xFF, 0xFF, 0xFF,
    0x0F, 0xFF, 0xFF, 0xFF,

    0x00, 0x00, 0x00, 0x66,
    0x00, 0x00, 0x00, 0x06,
    0x00, 0x00, 0x00, 0x06,
    0x00, 0x00, 0x00, 0x06,
    0x00, 0x00, 0x00, 0x06,
    0x00, 0x00, 0x00, 0x06,
    0x00, 0x00, 0x00, 0x06,
    0x00, 0x00, 0x00, 0x06,

    0xFF, 0xFF, 0xFF, 0x00,
    0xFF, 0xFF, 0xFF, 0xF0,
    0xFF, 0xFF, 0xFF, 0xF0,
    0xFF, 0xFF, 0xFF, 0xF0,
    0xFF, 0xFF, 0xFF, 0xF0,
    0xFF, 0xFF, 0xFF, 0xF0,
    0xFF, 0xFF, 0xFF, 0xF0,
    0xFF, 0xFF, 0xFF, 0xF0,


/* Tile ID 356, isSolid: false */
    0x66, 0x66, 0x66, 0x66,
    0x06, 0x66, 0x66, 0x66,
    0x00, 0x66, 0x66, 0x66,
    0x00, 0x06, 0x66, 0x66,
    0x00, 0x00, 0x66, 0x66,
    0x00, 0x00, 0x66, 0x66,
    0x00, 0x00, 0x66, 0x66,
    0x00, 0x00, 0x66, 0x66,

    0x00, 0x00, 0x00, 0x00,
    0xF0, 0x00, 0x00, 0x00,
    0xFF, 0x00, 0x00, 0x00,
    0xFF, 0xF0, 0x00, 0x00,
    0xFF, 0xFF, 0x00, 0x00,
    0xFF, 0xFF, 0x00, 0x00,
    0xFF, 0xFF, 0x00, 0x00,
    0xFF, 0xFF, 0x00, 0x00,

    0x66, 0x66, 0x66, 0x66,
    0x66, 0x66, 0x66, 0x60,
    0x66, 0x66, 0x66, 0x00,
    0x66, 0x66, 0x60, 0x00,
    0x66, 0x66, 0x00, 0x00,
    0x66, 0x66, 0x00, 0x00,
    0x66, 0x66, 0x00, 0x00,
    0x66, 0x66, 0x00, 0x00,

    0x00, 0x00, 0x00, 0x00,
    0x00, 0x00, 0x00, 0x0F,
    0x00, 0x00, 0x00, 0xFF,
    0x00, 0x00, 0x0F, 0xFF,
    0x00, 0x00, 0xFF, 0xFF,
    0x00, 0x00, 0xFF, 0xFF,
    0x00, 0x00, 0xFF, 0xFF,
    0x00, 0x00, 0xFF, 0xFF,


/* Tile ID 357, isSolid: false */
    0x66, 0x00, 0x00, 0x00,
    0x66, 0x00, 0x00, 0x00,
    0x66, 0x60, 0x00, 0x00,
    0x66, 0x60, 0x00, 0x00,
    0x66, 0x66, 0x00, 0x00,
    0x66, 0x66, 0x00, 0x00,
    0x66, 0x66, 0x60, 0x00,
    0x66, 0x66, 0x60, 0x00,

    0x00, 0xFF, 0xFF, 0xFF,
    0x00, 0xFF, 0xFF, 0xFF,
    0x00, 0x0F, 0xFF, 0xFF,
    0x00, 0x0F, 0xFF, 0xFF,
    0x00, 0x00, 0xFF, 0xFF,
    0x00, 0x00, 0xFF, 0xFF,
    0x00, 0x00, 0x0F, 0xFF,
    0x00, 0x00, 0x0F, 0xFF,

    0x00, 0x00, 0x00, 0x66,
    0x00, 0x00, 0x00, 0x66,
    0x00, 0x00, 0x06, 0x66,
    0x00, 0x00, 0x06, 0x66,
    0x00, 0x00, 0x66, 0x66,
    0x00, 0x00, 0x66, 0x66,
    0x00, 0x06, 0x66, 0x66,
    0x00, 0x06, 0x66, 0x66,

    0xFF, 0xFF, 0xFF, 0x00,
    0xFF, 0xFF, 0xFF, 0x00,
    0xFF, 0xFF, 0xF0, 0x00,
    0xFF, 0xFF, 0xF0, 0x00,
    0xFF, 0xFF, 0x00, 0x00,
    0xFF, 0xFF, 0x00, 0x00,
    0xFF, 0xF0, 0x00, 0x00,
    0xFF, 0xF0, 0x00, 0x00,


/* Tile ID 358, isSolid: false */
    0x00, 0x00, 0x00, 0x00,
    0x00, 0x00, 0x00, 0x00,
    0x00, 0x00, 0x00, 0x00,
    0x00, 0x00, 0x00, 0x00,
    0x00, 0x00, 0x00, 0x00,
    0x00, 0x00, 0x00, 0x00,
    0x00, 0x00, 0x00, 0x00,
    0x00, 0x00, 0x00, 0x00,

    0xFF, 0xFF, 0xFF, 0xFF,
    0xFF, 0xFF, 0xFF, 0xFF,
    0xFF, 0xFF, 0xFF, 0xFF,
    0xFF, 0xFF, 0xFF, 0xFF,
    0xFF, 0xFF, 0xFF, 0xFF,
    0xFF, 0xFF, 0xFF, 0xFF,
    0xFF, 0xFF, 0xFF, 0xFF,
    0xFF, 0xFF, 0xFF, 0xFF,

    0x00, 0x00, 0x00, 0x00,
    0x00, 0x00, 0x00, 0x00,
    0x00, 0x00, 0x00, 0x00,
    0x00, 0x00, 0x00, 0x00,
    0x00, 0x00, 0x00, 0x00,
    0x00, 0x00, 0x00, 0x00,
    0x00, 0x00, 0x00, 0x00,
    0x00, 0x00, 0x00, 0x00,

    0xFF, 0xFF, 0xFF, 0xFF,
    0xFF, 0xFF, 0xFF, 0xFF,
    0xFF, 0xFF, 0xFF, 0xFF,
    0xFF, 0xFF, 0xFF, 0xFF,
    0xFF, 0xFF, 0xFF, 0xFF,
    0xFF, 0xFF, 0xFF, 0xFF,
    0xFF, 0xFF, 0xFF, 0xFF,
    0xFF, 0xFF, 0xFF, 0xFF,


/* Tile ID 359, isSolid: false */
    0x00, 0x00, 0x0C, 0xCC,
    0x00, 0x00, 0x0C, 0xCC,
    0x00, 0x00, 0x0C, 0xCC,
    0x00, 0x00, 0xCC, 0xCC,
    0x00, 0x00, 0xCC, 0xCC,
    0x00, 0x00, 0xCC, 0xCC,
    0x00, 0x0C, 0xCC, 0x00,
    0x00, 0x0C, 0xCC, 0x00,

    0xFF, 0xFF, 0xF0, 0x00,
    0xFF, 0xFF, 0xF0, 0x00,
    0xFF, 0xFF, 0xF0, 0x00,
    0xFF, 0xFF, 0x00, 0x00,
    0xFF, 0xFF, 0x00, 0x00,
    0xFF, 0xFF, 0x00, 0x00,
    0xFF, 0xF0, 0x00, 0xFF,
    0xFF, 0xF0, 0x00, 0xFF,

    0xCC, 0xC0, 0x00, 0x00,
    0xCC, 0xC0, 0x00, 0x00,
    0xCC, 0xC0, 0x00, 0x00,
    0xCC, 0xCC, 0x00, 0x00,
    0xCC, 0xCC, 0x00, 0x00,
    0xCC, 0xCC, 0x00, 0x00,
    0x00, 0xCC, 0xC0, 0x00,
    0x00, 0xCC, 0xC0, 0x00,

    0x00, 0x0F, 0xFF, 0xFF,
    0x00, 0x0F, 0xFF, 0xFF,
    0x00, 0x0F, 0xFF, 0xFF,
    0x00, 0x00, 0xFF, 0xFF,
    0x00, 0x00, 0xFF, 0xFF,
    0x00, 0x00, 0xFF, 0xFF,
    0xFF, 0x00, 0x0F, 0xFF,
    0xFF, 0x00, 0x0F, 0xFF,


/* Tile ID 360, isSolid: false */
    0xCC, 0xCC, 0xCC, 0x00,
    0xCC, 0xCC, 0xCC, 0x00,
    0xCC, 0xCC, 0xCC, 0xC0,
    0xCC, 0xCC, 0xCC, 0xC0,
    0xCC, 0xCC, 0xCC, 0xC0,
    0xCC, 0xCC, 0xCC, 0xCC,
    0xCC, 0xCC, 0xCC, 0xCC,
    0xCC, 0xCC, 0xCC, 0xCC,

    0x00, 0x00, 0x00, 0xFF,
    0x00, 0x00, 0x00, 0xFF,
    0x00, 0x00, 0x00, 0x0F,
    0x00, 0x00, 0x00, 0x0F,
    0x00, 0x00, 0x00, 0x0F,
    0x00, 0x00, 0x00, 0x00,
    0x00, 0x00, 0x00, 0x00,
    0x00, 0x00, 0x00, 0x00,

    0x00, 0xCC, 0xCC, 0xCC,
    0x00, 0xCC, 0xCC, 0xCC,
    0x0C, 0xCC, 0xCC, 0xCC,
    0x0C, 0xCC, 0xCC, 0xCC,
    0x0C, 0xCC, 0xCC, 0xCC,
    0xCC, 0xCC, 0xCC, 0xCC,
    0xCC, 0xCC, 0xCC, 0xCC,
    0xCC, 0xCC, 0xCC, 0xCC,

    0xFF, 0x00, 0x00, 0x00,
    0xFF, 0x00, 0x00, 0x00,
    0xF0, 0x00, 0x00, 0x00,
    0xF0, 0x00, 0x00, 0x00,
    0xF0, 0x00, 0x00, 0x00,
    0x00, 0x00, 0x00, 0x00,
    0x00, 0x00, 0x00, 0x00,
    0x00, 0x00, 0x00, 0x00,


/* Tile ID 361, isSolid: false */
    0x00, 0x00, 0x00, 0x00,
    0x00, 0x00, 0x00, 0x00,
    0x00, 0x00, 0x00, 0x00,
    0x00, 0x00, 0x00, 0x00,
    0x00, 0x00, 0x00, 0x00,
    0x00, 0x00, 0x00, 0x00,
    0x00, 0x00, 0x00, 0x00,
    0x00, 0x00, 0x00, 0x00,

    0xFF, 0xFF, 0xFF, 0xFF,
    0xFF, 0xFF, 0xFF, 0xFF,
    0xFF, 0xFF, 0xFF, 0xFF,
    0xFF, 0xFF, 0xFF, 0xFF,
    0xFF, 0xFF, 0xFF, 0xFF,
    0xFF, 0xFF, 0xFF, 0xFF,
    0xFF, 0xFF, 0xFF, 0xFF,
    0xFF, 0xFF, 0xFF, 0xFF,

    0x00, 0x00, 0x00, 0x00,
    0x00, 0x00, 0x00, 0x00,
    0x00, 0x00, 0x00, 0x00,
    0x00, 0x00, 0x00, 0x00,
    0x00, 0x00, 0x00, 0x00,
    0x00, 0x00, 0x00, 0x00,
    0x00, 0x00, 0x00, 0x00,
    0x00, 0x00, 0x00, 0x00,

    0xFF, 0xFF, 0xFF, 0xFF,
    0xFF, 0xFF, 0xFF, 0xFF,
    0xFF, 0xFF, 0xFF, 0xFF,
    0xFF, 0xFF, 0xFF, 0xFF,
    0xFF, 0xFF, 0xFF, 0xFF,
    0xFF, 0xFF, 0xFF, 0xFF,
    0xFF, 0xFF, 0xFF, 0xFF,
    0xFF, 0xFF, 0xFF, 0xFF,


/* Tile ID 362, isSolid: false */
    0x00, 0x00, 0x00, 0x01,
    0x00, 0x00, 0x00, 0x00,
    0x00, 0x00, 0x00, 0x00,
    0x00, 0x00, 0x00, 0x00,
    0x00, 0x00, 0x00, 0x00,
    0x00, 0x00, 0x00, 0x00,
    0x00, 0x00, 0x00, 0x00,
    0x00, 0x00, 0x00, 0x00,

    0xFF, 0xFF, 0xFF, 0xF0,
    0xFF, 0xFF, 0xFF, 0xFF,
    0xFF, 0xFF, 0xFF, 0xFF,
    0xFF, 0xFF, 0xFF, 0xFF,
    0xFF, 0xFF, 0xFF, 0xFF,
    0xFF, 0xFF, 0xFF, 0xFF,
    0xFF, 0xFF, 0xFF, 0xFF,
    0xFF, 0xFF, 0xFF, 0xFF,

    0x10, 0x00, 0x00, 0x00,
    0x00, 0x00, 0x00, 0x00,
    0x00, 0x00, 0x00, 0x00,
    0x00, 0x00, 0x00, 0x00,
    0x00, 0x00, 0x00, 0x00,
    0x00, 0x00, 0x00, 0x00,
    0x00, 0x00, 0x00, 0x00,
    0x00, 0x00, 0x00, 0x00,

    0x0F, 0xFF, 0xFF, 0xFF,
    0xFF, 0xFF, 0xFF, 0xFF,
    0xFF, 0xFF, 0xFF, 0xFF,
    0xFF, 0xFF, 0xFF, 0xFF,
    0xFF, 0xFF, 0xFF, 0xFF,
    0xFF, 0xFF, 0xFF, 0xFF,
    0xFF, 0xFF, 0xFF, 0xFF,
    0xFF, 0xFF, 0xFF, 0xFF,


/* Tile ID 363, isSolid: false */
    0x11, 0x11, 0x11, 0x11,
    0x01, 0x11, 0x11, 0x11,
    0x01, 0x11, 0x11, 0x11,
    0x01, 0x11, 0x11, 0x11,
    0x01, 0x11, 0x11, 0x11,
    0x01, 0x11, 0x11, 0x11,
    0x01, 0x11, 0x11, 0x11,
    0x01, 0x11, 0x11, 0x11,

    0x00, 0x00, 0x00, 0x00,
    0xF0, 0x00, 0x00, 0x00,
    0xF0, 0x00, 0x00, 0x00,
    0xF0, 0x00, 0x00, 0x00,
    0xF0, 0x00, 0x00, 0x00,
    0xF0, 0x00, 0x00, 0x00,
    0xF0, 0x00, 0x00, 0x00,
    0xF0, 0x00, 0x00, 0x00,

    0x11, 0x11, 0x11, 0x11,
    0x11, 0x11, 0x11, 0x10,
    0x11, 0x11, 0x11, 0x10,
    0x11, 0x11, 0x11, 0x10,
    0x11, 0x11, 0x11, 0x10,
    0x11, 0x11, 0x11, 0x10,
    0x11, 0x11, 0x11, 0x10,
    0x11, 0x11, 0x11, 0x10,

    0x00, 0x00, 0x00, 0x00,
    0x00, 0x00, 0x00, 0x0F,
    0x00, 0x00, 0x00, 0x0F,
    0x00, 0x00, 0x00, 0x0F,
    0x00, 0x00, 0x00, 0x0F,
    0x00, 0x00, 0x00, 0x0F,
    0x00, 0x00, 0x00, 0x0F,
    0x00, 0x00, 0x00, 0x0F,


/* Tile ID 364, isSolid: false */
    0x11, 0x11, 0x11, 0x00,
    0x11, 0x11, 0x00, 0x00,
    0x11, 0x11, 0x00, 0x00,
    0x11, 0x11, 0x00, 0x00,
    0x11, 0x11, 0x00, 0x00,
    0x11, 0x11, 0x00, 0x00,
    0x11, 0x11, 0x00, 0x00,
    0x11, 0x11, 0x00, 0x00,

    0x00, 0x00, 0x00, 0xFF,
    0x00, 0x00, 0xFF, 0xFF,
    0x00, 0x00, 0xFF, 0xFF,
    0x00, 0x00, 0xFF, 0xFF,
    0x00, 0x00, 0xFF, 0xFF,
    0x00, 0x00, 0xFF, 0xFF,
    0x00, 0x00, 0xFF, 0xFF,
    0x00, 0x00, 0xFF, 0xFF,

    0x00, 0x11, 0x11, 0x11,
    0x00, 0x00, 0x11, 0x11,
    0x00, 0x00, 0x11, 0x11,
    0x00, 0x00, 0x11, 0x11,
    0x00, 0x00, 0x11, 0x11,
    0x00, 0x00, 0x11, 0x11,
    0x00, 0x00, 0x11, 0x11,
    0x00, 0x00, 0x11, 0x11,

    0xFF, 0x00, 0x00, 0x00,
    0xFF, 0xFF, 0x00, 0x00,
    0xFF, 0xFF, 0x00, 0x00,
    0xFF, 0xFF, 0x00, 0x00,
    0xFF, 0xFF, 0x00, 0x00,
    0xFF, 0xFF, 0x00, 0x00,
    0xFF, 0xFF, 0x00, 0x00,
    0xFF, 0xFF, 0x00, 0x00,


/* Tile ID 365, isSolid: false */
    0x00, 0x00, 0x00, 0x11,
    0x00, 0x00, 0x00, 0x00,
    0x00, 0x00, 0x00, 0x00,
    0x00, 0x00, 0x00, 0x00,
    0x00, 0x00, 0x00, 0x00,
    0x00, 0x00, 0x00, 0x00,
    0x00, 0x00, 0x00, 0x00,
    0x00, 0x00, 0x00, 0x00,

    0xFF, 0xFF, 0xFF, 0x00,
    0xFF, 0xFF, 0xFF, 0xFF,
    0xFF, 0xFF, 0xFF, 0xFF,
    0xFF, 0xFF, 0xFF, 0xFF,
    0xFF, 0xFF, 0xFF, 0xFF,
    0xFF, 0xFF, 0xFF, 0xFF,
    0xFF, 0xFF, 0xFF, 0xFF,
    0xFF, 0xFF, 0xFF, 0xFF,

    0x11, 0x00, 0x00, 0x00,
    0x00, 0x00, 0x00, 0x00,
    0x00, 0x00, 0x00, 0x00,
    0x00, 0x00, 0x00, 0x00,
    0x00, 0x00, 0x00, 0x00,
    0x00, 0x00, 0x00, 0x00,
    0x00, 0x00, 0x00, 0x00,
    0x00, 0x00, 0x00, 0x00,

    0x00, 0xFF, 0xFF, 0xFF,
    0xFF, 0xFF, 0xFF, 0xFF,
    0xFF, 0xFF, 0xFF, 0xFF,
    0xFF, 0xFF, 0xFF, 0xFF,
    0xFF, 0xFF, 0xFF, 0xFF,
    0xFF, 0xFF, 0xFF, 0xFF,
    0xFF, 0xFF, 0xFF, 0xFF,
    0xFF, 0xFF, 0xFF, 0xFF,


/* Tile ID 366, isSolid: false */
    0x11, 0x11, 0x11, 0x11,
    0x01, 0x11, 0x11, 0x11,
    0x01, 0x11, 0x11, 0x11,
    0x01, 0x11, 0x11, 0x11,
    0x01, 0x11, 0x11, 0x11,
    0x01, 0x11, 0x11, 0x11,
    0x01, 0x11, 0x11, 0x11,
    0x01, 0x11, 0x11, 0x11,

    0x00, 0x00, 0x00, 0x00,
    0xF0, 0x00, 0x00, 0x00,
    0xF0, 0x00, 0x00, 0x00,
    0xF0, 0x00, 0x00, 0x00,
    0xF0, 0x00, 0x00, 0x00,
    0xF0, 0x00, 0x00, 0x00,
    0xF0, 0x00, 0x00, 0x00,
    0xF0, 0x00, 0x00, 0x00,

    0x11, 0x11, 0x11, 0x11,
    0x11, 0x11, 0x11, 0x10,
    0x11, 0x11, 0x11, 0x10,
    0x11, 0x11, 0x11, 0x10,
    0x11, 0x11, 0x11, 0x10,
    0x11, 0x11, 0x11, 0x10,
    0x11, 0x11, 0x11, 0x10,
    0x11, 0x11, 0x11, 0x10,

    0x00, 0x00, 0x00, 0x00,
    0x00, 0x00, 0x00, 0x0F,
    0x00, 0x00, 0x00, 0x0F,
    0x00, 0x00, 0x00, 0x0F,
    0x00, 0x00, 0x00, 0x0F,
    0x00, 0x00, 0x00, 0x0F,
    0x00, 0x00, 0x00, 0x0F,
    0x00, 0x00, 0x00, 0x0F,


/* Tile ID 367, isSolid: false */
    0x11, 0x11, 0x11, 0x00,
    0x11, 0x11, 0x00, 0x00,
    0x11, 0x11, 0x00, 0x00,
    0x11, 0x11, 0x00, 0x00,
    0x11, 0x11, 0x00, 0x00,
    0x11, 0x11, 0x00, 0x00,
    0x11, 0x11, 0x00, 0x00,
    0x11, 0x11, 0x00, 0x00,

    0x00, 0x00, 0x00, 0xFF,
    0x00, 0x00, 0xFF, 0xFF,
    0x00, 0x00, 0xFF, 0xFF,
    0x00, 0x00, 0xFF, 0xFF,
    0x00, 0x00, 0xFF, 0xFF,
    0x00, 0x00, 0xFF, 0xFF,
    0x00, 0x00, 0xFF, 0xFF,
    0x00, 0x00, 0xFF, 0xFF,

    0x00, 0x11, 0x11, 0x11,
    0x00, 0x00, 0x11, 0x11,
    0x00, 0x00, 0x11, 0x11,
    0x00, 0x00, 0x11, 0x11,
    0x00, 0x00, 0x11, 0x11,
    0x00, 0x00, 0x11, 0x11,
    0x00, 0x00, 0x11, 0x11,
    0x00, 0x00, 0x11, 0x11,

    0xFF, 0x00, 0x00, 0x00,
    0xFF, 0xFF, 0x00, 0x00,
    0xFF, 0xFF, 0x00, 0x00,
    0xFF, 0xFF, 0x00, 0x00,
    0xFF, 0xFF, 0x00, 0x00,
    0xFF, 0xFF, 0x00, 0x00,
    0xFF, 0xFF, 0x00, 0x00,
    0xFF, 0xFF, 0x00, 0x00,


/* Tile ID 368, isSolid: false */
    0x00, 0x00, 0x00, 0x09,
    0x00, 0x00, 0x00, 0x99,
    0x00, 0x00, 0x09, 0x99,
    0x00, 0x00, 0x09, 0x99,
    0x00, 0x00, 0x09, 0x99,
    0x00, 0x00, 0x99, 0x99,
    0x00, 0x00, 0x99, 0x99,
    0x00, 0x00, 0x99, 0x99,

    0xFF, 0xFF, 0xFF, 0xF0,
    0xFF, 0xFF, 0xFF, 0x00,
    0xFF, 0xFF, 0xF0, 0x00,
    0xFF, 0xFF, 0xF0, 0x00,
    0xFF, 0xFF, 0xF0, 0x00,
    0xFF, 0xFF, 0x00, 0x00,
    0xFF, 0xFF, 0x00, 0x00,
    0xFF, 0xFF, 0x00, 0x00,

    0x90, 0x00, 0x00, 0x00,
    0x99, 0x00, 0x00, 0x00,
    0x99, 0x90, 0x00, 0x00,
    0x99, 0x90, 0x00, 0x00,
    0x99, 0x90, 0x00, 0x00,
    0x99, 0x99, 0x00, 0x00,
    0x99, 0x99, 0x00, 0x00,
    0x99, 0x99, 0x00, 0x00,

    0x0F, 0xFF, 0xFF, 0xFF,
    0x00, 0xFF, 0xFF, 0xFF,
    0x00, 0x0F, 0xFF, 0xFF,
    0x00, 0x0F, 0xFF, 0xFF,
    0x00, 0x0F, 0xFF, 0xFF,
    0x00, 0x00, 0xFF, 0xFF,
    0x00, 0x00, 0xFF, 0xFF,
    0x00, 0x00, 0xFF, 0xFF,


/* Tile ID 369, isSolid: false */
    0x99, 0x99, 0x99, 0x90,
    0x99, 0x99, 0x99, 0x00,
    0x99, 0x99, 0x90, 0x00,
    0x99, 0x99, 0x90, 0x00,
    0x99, 0x99, 0x90, 0x00,
    0x99, 0x99, 0x90, 0x00,
    0x99, 0x99, 0x90, 0x00,
    0x99, 0x99, 0x99, 0x00,

    0x00, 0x00, 0x00, 0x0F,
    0x00, 0x00, 0x00, 0xFF,
    0x00, 0x00, 0x0F, 0xFF,
    0x00, 0x00, 0x0F, 0xFF,
    0x00, 0x00, 0x0F, 0xFF,
    0x00, 0x00, 0x0F, 0xFF,
    0x00, 0x00, 0x0F, 0xFF,
    0x00, 0x00, 0x00, 0xFF,

    0x09, 0x99, 0x99, 0x99,
    0x00, 0x99, 0x99, 0x99,
    0x00, 0x09, 0x99, 0x99,
    0x00, 0x09, 0x99, 0x99,
    0x00, 0x09, 0x99, 0x99,
    0x00, 0x09, 0x99, 0x99,
    0x00, 0x09, 0x99, 0x99,
    0x00, 0x99, 0x99, 0x99,

    0xF0, 0x00, 0x00, 0x00,
    0xFF, 0x00, 0x00, 0x00,
    0xFF, 0xF0, 0x00, 0x00,
    0xFF, 0xF0, 0x00, 0x00,
    0xFF, 0xF0, 0x00, 0x00,
    0xFF, 0xF0, 0x00, 0x00,
    0xFF, 0xF0, 0x00, 0x00,
    0xFF, 0x00, 0x00, 0x00,


/* Tile ID 370, isSolid: false */
    0x00, 0x00, 0x00, 0x99,
    0x00, 0x00, 0x00, 0x09,
    0x00, 0x00, 0x00, 0x00,
    0x00, 0x00, 0x00, 0x00,
    0x00, 0x00, 0x00, 0x00,
    0x00, 0x00, 0x00, 0x00,
    0x00, 0x00, 0x00, 0x00,
    0x00, 0x00, 0x00, 0x00,

    0xFF, 0xFF, 0xFF, 0x00,
    0xFF, 0xFF, 0xFF, 0xF0,
    0xFF, 0xFF, 0xFF, 0xFF,
    0xFF, 0xFF, 0xFF, 0xFF,
    0xFF, 0xFF, 0xFF, 0xFF,
    0xFF, 0xFF, 0xFF, 0xFF,
    0xFF, 0xFF, 0xFF, 0xFF,
    0xFF, 0xFF, 0xFF, 0xFF,

    0x99, 0x00, 0x00, 0x00,
    0x90, 0x00, 0x00, 0x00,
    0x00, 0x00, 0x00, 0x00,
    0x00, 0x00, 0x00, 0x00,
    0x00, 0x00, 0x00, 0x00,
    0x00, 0x00, 0x00, 0x00,
    0x00, 0x00, 0x00, 0x00,
    0x00, 0x00, 0x00, 0x00,

    0x00, 0xFF, 0xFF, 0xFF,
    0x0F, 0xFF, 0xFF, 0xFF,
    0xFF, 0xFF, 0xFF, 0xFF,
    0xFF, 0xFF, 0xFF, 0xFF,
    0xFF, 0xFF, 0xFF, 0xFF,
    0xFF, 0xFF, 0xFF, 0xFF,
    0xFF, 0xFF, 0xFF, 0xFF,
    0xFF, 0xFF, 0xFF, 0xFF,


/* Tile ID 371, isSolid: false */
    0x99, 0x99, 0x90, 0x00,
    0x99, 0x99, 0x90, 0x00,
    0x99, 0x99, 0x90, 0x00,
    0x09, 0x99, 0x90, 0x00,
    0x00, 0x99, 0x90, 0x00,
    0x00, 0x99, 0x90, 0x00,
    0x00, 0x99, 0x90, 0x00,
    0x00, 0x09, 0x90, 0x00,

    0x00, 0x00, 0x0F, 0xFF,
    0x00, 0x00, 0x0F, 0xFF,
    0x00, 0x00, 0x0F, 0xFF,
    0xF0, 0x00, 0x0F, 0xFF,
    0xFF, 0x00, 0x0F, 0xFF,
    0xFF, 0x00, 0x0F, 0xFF,
    0xFF, 0x00, 0x0F, 0xFF,
    0xFF, 0xF0, 0x0F, 0xFF,

    0x00, 0x09, 0x99, 0x99,
    0x00, 0x09, 0x99, 0x99,
    0x00, 0x09, 0x99, 0x99,
    0x00, 0x09, 0x99, 0x90,
    0x00, 0x09, 0x99, 0x00,
    0x00, 0x09, 0x99, 0x00,
    0x00, 0x09, 0x99, 0x00,
    0x00, 0x09, 0x90, 0x00,

    0xFF, 0xF0, 0x00, 0x00,
    0xFF, 0xF0, 0x00, 0x00,
    0xFF, 0xF0, 0x00, 0x00,
    0xFF, 0xF0, 0x00, 0x0F,
    0xFF, 0xF0, 0x00, 0xFF,
    0xFF, 0xF0, 0x00, 0xFF,
    0xFF, 0xF0, 0x00, 0xFF,
    0xFF, 0xF0, 0x0F, 0xFF,


/* Tile ID 372, isSolid: false */
    0x00, 0x00, 0x00, 0xDD,
    0x00, 0x00, 0x00, 0x0D,
    0x00, 0x00, 0x00, 0x0D,
    0x00, 0x00, 0x00, 0x0D,
    0x00, 0x00, 0x00, 0x0D,
    0x00, 0x00, 0x00, 0x0D,
    0x00, 0x00, 0x00, 0x0D,
    0x00, 0x00, 0x00, 0x0D,

    0xFF, 0xFF, 0xFF, 0x00,
    0xFF, 0xFF, 0xFF, 0xF0,
    0xFF, 0xFF, 0xFF, 0xF0,
    0xFF, 0xFF, 0xFF, 0xF0,
    0xFF, 0xFF, 0xFF, 0xF0,
    0xFF, 0xFF, 0xFF, 0xF0,
    0xFF, 0xFF, 0xFF, 0xF0,
    0xFF, 0xFF, 0xFF, 0xF0,

    0xDD, 0x00, 0x00, 0x00,
    0xD0, 0x00, 0x00, 0x00,
    0xD0, 0x00, 0x00, 0x00,
    0xD0, 0x00, 0x00, 0x00,
    0xD0, 0x00, 0x00, 0x00,
    0xD0, 0x00, 0x00, 0x00,
    0xD0, 0x00, 0x00, 0x00,
    0xD0, 0x00, 0x00, 0x00,

    0x00, 0xFF, 0xFF, 0xFF,
    0x0F, 0xFF, 0xFF, 0xFF,
    0x0F, 0xFF, 0xFF, 0xFF,
    0x0F, 0xFF, 0xFF, 0xFF,
    0x0F, 0xFF, 0xFF, 0xFF,
    0x0F, 0xFF, 0xFF, 0xFF,
    0x0F, 0xFF, 0xFF, 0xFF,
    0x0F, 0xFF, 0xFF, 0xFF,


/* Tile ID 373, isSolid: true */
    0xDD, 0xDD, 0xDD, 0xDD,
    0xDD, 0xDD, 0xDD, 0xDD,
    0xDD, 0xDD, 0xDD, 0xDD,
    0xDD, 0xDD, 0xDD, 0xDD,
    0xDD, 0xDD, 0xDD, 0xDD,
    0xDD, 0xDD, 0xDD, 0xDD,
    0xDD, 0xDD, 0xDD, 0xDD,
    0xDD, 0xDD, 0xDD, 0xDD,

    0x00, 0x00, 0x00, 0x00,
    0x00, 0x00, 0x00, 0x00,
    0x00, 0x00, 0x00, 0x00,
    0x00, 0x00, 0x00, 0x00,
    0x00, 0x00, 0x00, 0x00,
    0x00, 0x00, 0x00, 0x00,
    0x00, 0x00, 0x00, 0x00,
    0x00, 0x00, 0x00, 0x00,

    0xDD, 0xDD, 0xDD, 0xDD,
    0xDD, 0xDD, 0xDD, 0xDD,
    0xDD, 0xDD, 0xDD, 0xDD,
    0xDD, 0xDD, 0xDD, 0xDD,
    0xDD, 0xDD, 0xDD, 0xDD,
    0xDD, 0xDD, 0xDD, 0xDD,
    0xDD, 0xDD, 0xDD, 0xDD,
    0xDD, 0xDD, 0xDD, 0xDD,

    0x00, 0x00, 0x00, 0x00,
    0x00, 0x00, 0x00, 0x00,
    0x00, 0x00, 0x00, 0x00,
    0x00, 0x00, 0x00, 0x00,
    0x00, 0x00, 0x00, 0x00,
    0x00, 0x00, 0x00, 0x00,
    0x00, 0x00, 0x00, 0x00,
    0x00, 0x00, 0x00, 0x00,


/* Tile ID 374, isSolid: false */
    0xD0, 0x00, 0x00, 0x00,
    0x00, 0x00, 0x00, 0x00,
    0x00, 0x00, 0x00, 0x00,
    0x00, 0x00, 0x00, 0x00,
    0x00, 0x00, 0x00, 0x00,
    0x00, 0x00, 0x00, 0x00,
    0x00, 0x00, 0x00, 0x00,
    0x00, 0x00, 0x00, 0x00,

    0x0F, 0xFF, 0xFF, 0xFF,
    0xFF, 0xFF, 0xFF, 0xFF,
    0xFF, 0xFF, 0xFF, 0xFF,
    0xFF, 0xFF, 0xFF, 0xFF,
    0xFF, 0xFF, 0xFF, 0xFF,
    0xFF, 0xFF, 0xFF, 0xFF,
    0xFF, 0xFF, 0xFF, 0xFF,
    0xFF, 0xFF, 0xFF, 0xFF,

    0x00, 0x00, 0x00, 0x0D,
    0x00, 0x00, 0x00, 0x00,
    0x00, 0x00, 0x00, 0x00,
    0x00, 0x00, 0x00, 0x00,
    0x00, 0x00, 0x00, 0x00,
    0x00, 0x00, 0x00, 0x00,
    0x00, 0x00, 0x00, 0x00,
    0x00, 0x00, 0x00, 0x00,

    0xFF, 0xFF, 0xFF, 0xF0,
    0xFF, 0xFF, 0xFF, 0xFF,
    0xFF, 0xFF, 0xFF, 0xFF,
    0xFF, 0xFF, 0xFF, 0xFF,
    0xFF, 0xFF, 0xFF, 0xFF,
    0xFF, 0xFF, 0xFF, 0xFF,
    0xFF, 0xFF, 0xFF, 0xFF,
    0xFF, 0xFF, 0xFF, 0xFF,


/* Tile ID 375, isSolid: false */
    0x00, 0x0D, 0xDD, 0xDD,
    0x00, 0x00, 0xDD, 0xDD,
    0x00, 0x00, 0x0D, 0xDD,
    0x00, 0x00, 0x00, 0xDD,
    0x00, 0x00, 0x00, 0x0D,
    0x00, 0x00, 0x00, 0x0D,
    0x00, 0x00, 0x00, 0x00,
    0x00, 0x00, 0x00, 0x00,

    0xFF, 0xF0, 0x00, 0x00,
    0xFF, 0xFF, 0x00, 0x00,
    0xFF, 0xFF, 0xF0, 0x00,
    0xFF, 0xFF, 0xFF, 0x00,
    0xFF, 0xFF, 0xFF, 0xF0,
    0xFF, 0xFF, 0xFF, 0xF0,
    0xFF, 0xFF, 0xFF, 0xFF,
    0xFF, 0xFF, 0xFF, 0xFF,

    0xDD, 0xDD, 0xD0, 0x00,
    0xDD, 0xDD, 0x00, 0x00,
    0xDD, 0xD0, 0x00, 0x00,
    0xDD, 0x00, 0x00, 0x00,
    0xD0, 0x00, 0x00, 0x00,
    0xD0, 0x00, 0x00, 0x00,
    0x00, 0x00, 0x00, 0x00,
    0x00, 0x00, 0x00, 0x00,

    0x00, 0x00, 0x0F, 0xFF,
    0x00, 0x00, 0xFF, 0xFF,
    0x00, 0x0F, 0xFF, 0xFF,
    0x00, 0xFF, 0xFF, 0xFF,
    0x0F, 0xFF, 0xFF, 0xFF,
    0x0F, 0xFF, 0xFF, 0xFF,
    0xFF, 0xFF, 0xFF, 0xFF,
    0xFF, 0xFF, 0xFF, 0xFF,


/* Tile ID 376, isSolid: false */
    0xDD, 0x00, 0x00, 0x00,
    0xDD, 0x00, 0x00, 0x00,
    0xDD, 0x00, 0x00, 0x00,
    0xDD, 0x00, 0x00, 0x00,
    0xDD, 0x00, 0x00, 0x00,
    0xDD, 0x00, 0x00, 0x00,
    0xDD, 0x00, 0x00, 0x00,
    0x00, 0x00, 0x00, 0x00,

    0x00, 0xFF, 0xFF, 0xFF,
    0x00, 0xFF, 0xFF, 0xFF,
    0x00, 0xFF, 0xFF, 0xFF,
    0x00, 0xFF, 0xFF, 0xFF,
    0x00, 0xFF, 0xFF, 0xFF,
    0x00, 0xFF, 0xFF, 0xFF,
    0x00, 0xFF, 0xFF, 0xFF,
    0xFF, 0xFF, 0xFF, 0xFF,

    0x00, 0x00, 0x00, 0xDD,
    0x00, 0x00, 0x00, 0xDD,
    0x00, 0x00, 0x00, 0xDD,
    0x00, 0x00, 0x00, 0xDD,
    0x00, 0x00, 0x00, 0xDD,
    0x00, 0x00, 0x00, 0xDD,
    0x00, 0x00, 0x00, 0xDD,
    0x00, 0x00, 0x00, 0x00,

    0xFF, 0xFF, 0xFF, 0x00,
    0xFF, 0xFF, 0xFF, 0x00,
    0xFF, 0xFF, 0xFF, 0x00,
    0xFF, 0xFF, 0xFF, 0x00,
    0xFF, 0xFF, 0xFF, 0x00,
    0xFF, 0xFF, 0xFF, 0x00,
    0xFF, 0xFF, 0xFF, 0x00,
    0xFF, 0xFF, 0xFF, 0xFF,


/* Tile ID 377, isSolid: false */
    0x00, 0x00, 0x00, 0x00,
    0x00, 0x00, 0x00, 0x00,
    0x00, 0x00, 0x00, 0x00,
    0x00, 0x00, 0x00, 0x00,
    0x00, 0x00, 0x00, 0x00,
    0x00, 0x00, 0x00, 0x00,
    0x00, 0x00, 0x00, 0x00,
    0x00, 0x00, 0x00, 0x00,

    0xFF, 0xFF, 0xFF, 0xFF,
    0xFF, 0xFF, 0xFF, 0xFF,
    0xFF, 0xFF, 0xFF, 0xFF,
    0xFF, 0xFF, 0xFF, 0xFF,
    0xFF, 0xFF, 0xFF, 0xFF,
    0xFF, 0xFF, 0xFF, 0xFF,
    0xFF, 0xFF, 0xFF, 0xFF,
    0xFF, 0xFF, 0xFF, 0xFF,

    0x00, 0x00, 0x00, 0x00,
    0x00, 0x00, 0x00, 0x00,
    0x00, 0x00, 0x00, 0x00,
    0x00, 0x00, 0x00, 0x00,
    0x00, 0x00, 0x00, 0x00,
    0x00, 0x00, 0x00, 0x00,
    0x00, 0x00, 0x00, 0x00,
    0x00, 0x00, 0x00, 0x00,

    0xFF, 0xFF, 0xFF, 0xFF,
    0xFF, 0xFF, 0xFF, 0xFF,
    0xFF, 0xFF, 0xFF, 0xFF,
    0xFF, 0xFF, 0xFF, 0xFF,
    0xFF, 0xFF, 0xFF, 0xFF,
    0xFF, 0xFF, 0xFF, 0xFF,
    0xFF, 0xFF, 0xFF, 0xFF,
    0xFF, 0xFF, 0xFF, 0xFF,


/* Tile ID 378, isSolid: false */
    0x00, 0x00, 0x00, 0x00,
    0x00, 0x00, 0x00, 0x00,
    0x00, 0x00, 0x00, 0x00,
    0x00, 0x00, 0x00, 0x00,
    0x00, 0x00, 0x00, 0x00,
    0x00, 0x00, 0x00, 0x00,
    0x00, 0x00, 0x00, 0x00,
    0x00, 0x00, 0x00, 0x00,

    0xFF, 0xFF, 0xFF, 0xFF,
    0xFF, 0xFF, 0xFF, 0xFF,
    0xFF, 0xFF, 0xFF, 0xFF,
    0xFF, 0xFF, 0xFF, 0xFF,
    0xFF, 0xFF, 0xFF, 0xFF,
    0xFF, 0xFF, 0xFF, 0xFF,
    0xFF, 0xFF, 0xFF, 0xFF,
    0xFF, 0xFF, 0xFF, 0xFF,

    0x00, 0x00, 0x00, 0x00,
    0x00, 0x00, 0x00, 0x00,
    0x00, 0x00, 0x00, 0x00,
    0x00, 0x00, 0x00, 0x00,
    0x00, 0x00, 0x00, 0x00,
    0x00, 0x00, 0x00, 0x00,
    0x00, 0x00, 0x00, 0x00,
    0x00, 0x00, 0x00, 0x00,

    0xFF, 0xFF, 0xFF, 0xFF,
    0xFF, 0xFF, 0xFF, 0xFF,
    0xFF, 0xFF, 0xFF, 0xFF,
    0xFF, 0xFF, 0xFF, 0xFF,
    0xFF, 0xFF, 0xFF, 0xFF,
    0xFF, 0xFF, 0xFF, 0xFF,
    0xFF, 0xFF, 0xFF, 0xFF,
    0xFF, 0xFF, 0xFF, 0xFF,


/* Tile ID 379, isSolid: false */
    0x00, 0x00, 0x00, 0x00,
    0x00, 0x00, 0x00, 0x00,
    0x00, 0x00, 0x00, 0x00,
    0x00, 0x00, 0x00, 0x00,
    0x00, 0x00, 0x00, 0x00,
    0x00, 0x00, 0x00, 0x00,
    0x00, 0x00, 0x00, 0x00,
    0x00, 0x00, 0x00, 0x00,

    0xFF, 0xFF, 0xFF, 0xFF,
    0xFF, 0xFF, 0xFF, 0xFF,
    0xFF, 0xFF, 0xFF, 0xFF,
    0xFF, 0xFF, 0xFF, 0xFF,
    0xFF, 0xFF, 0xFF, 0xFF,
    0xFF, 0xFF, 0xFF, 0xFF,
    0xFF, 0xFF, 0xFF, 0xFF,
    0xFF, 0xFF, 0xFF, 0xFF,

    0x00, 0x00, 0x00, 0x00,
    0x00, 0x00, 0x00, 0x00,
    0x00, 0x00, 0x00, 0x00,
    0x00, 0x00, 0x00, 0x00,
    0x00, 0x00, 0x00, 0x00,
    0x00, 0x00, 0x00, 0x00,
    0x00, 0x00, 0x00, 0x00,
    0x00, 0x00, 0x00, 0x00,

    0xFF, 0xFF, 0xFF, 0xFF,
    0xFF, 0xFF, 0xFF, 0xFF,
    0xFF, 0xFF, 0xFF, 0xFF,
    0xFF, 0xFF, 0xFF, 0xFF,
    0xFF, 0xFF, 0xFF, 0xFF,
    0xFF, 0xFF, 0xFF, 0xFF,
    0xFF, 0xFF, 0xFF, 0xFF,
    0xFF, 0xFF, 0xFF, 0xFF,


/* Tile ID 380, isSolid: false */
    0x00, 0x00, 0x00, 0x00,
    0x00, 0x00, 0x00, 0x00,
    0x00, 0x00, 0x00, 0x00,
    0x00, 0x00, 0x00, 0x00,
    0x00, 0x00, 0x00, 0x00,
    0x00, 0x00, 0x00, 0x00,
    0x00, 0x00, 0x00, 0x00,
    0x00, 0x00, 0x00, 0x00,

    0xFF, 0xFF, 0xFF, 0xFF,
    0xFF, 0xFF, 0xFF, 0xFF,
    0xFF, 0xFF, 0xFF, 0xFF,
    0xFF, 0xFF, 0xFF, 0xFF,
    0xFF, 0xFF, 0xFF, 0xFF,
    0xFF, 0xFF, 0xFF, 0xFF,
    0xFF, 0xFF, 0xFF, 0xFF,
    0xFF, 0xFF, 0xFF, 0xFF,

    0x00, 0x00, 0x00, 0x00,
    0x00, 0x00, 0x00, 0x00,
    0x00, 0x00, 0x00, 0x00,
    0x00, 0x00, 0x00, 0x00,
    0x00, 0x00, 0x00, 0x00,
    0x00, 0x00, 0x00, 0x00,
    0x00, 0x00, 0x00, 0x00,
    0x00, 0x00, 0x00, 0x00,

    0xFF, 0xFF, 0xFF, 0xFF,
    0xFF, 0xFF, 0xFF, 0xFF,
    0xFF, 0xFF, 0xFF, 0xFF,
    0xFF, 0xFF, 0xFF, 0xFF,
    0xFF, 0xFF, 0xFF, 0xFF,
    0xFF, 0xFF, 0xFF, 0xFF,
    0xFF, 0xFF, 0xFF, 0xFF,
    0xFF, 0xFF, 0xFF, 0xFF,


/* Tile ID 381, isSolid: false */
    0x00, 0x00, 0x00, 0x00,
    0x00, 0x00, 0x00, 0x00,
    0x00, 0x00, 0x00, 0x00,
    0x00, 0x00, 0x00, 0x00,
    0x00, 0x00, 0x00, 0x00,
    0x00, 0x00, 0x00, 0x00,
    0x00, 0x00, 0x00, 0x00,
    0x00, 0x00, 0x00, 0x00,

    0xFF, 0xFF, 0xFF, 0xFF,
    0xFF, 0xFF, 0xFF, 0xFF,
    0xFF, 0xFF, 0xFF, 0xFF,
    0xFF, 0xFF, 0xFF, 0xFF,
    0xFF, 0xFF, 0xFF, 0xFF,
    0xFF, 0xFF, 0xFF, 0xFF,
    0xFF, 0xFF, 0xFF, 0xFF,
    0xFF, 0xFF, 0xFF, 0xFF,

    0x00, 0x00, 0x00, 0x00,
    0x00, 0x00, 0x00, 0x00,
    0x00, 0x00, 0x00, 0x00,
    0x00, 0x00, 0x00, 0x00,
    0x00, 0x00, 0x00, 0x00,
    0x00, 0x00, 0x00, 0x00,
    0x00, 0x00, 0x00, 0x00,
    0x00, 0x00, 0x00, 0x00,

    0xFF, 0xFF, 0xFF, 0xFF,
    0xFF, 0xFF, 0xFF, 0xFF,
    0xFF, 0xFF, 0xFF, 0xFF,
    0xFF, 0xFF, 0xFF, 0xFF,
    0xFF, 0xFF, 0xFF, 0xFF,
    0xFF, 0xFF, 0xFF, 0xFF,
    0xFF, 0xFF, 0xFF, 0xFF,
    0xFF, 0xFF, 0xFF, 0xFF,


/* Tile ID 382, isSolid: false */
    0x00, 0x00, 0x00, 0x00,
    0x00, 0x00, 0x00, 0x00,
    0x00, 0x00, 0x00, 0x00,
    0x00, 0x00, 0x00, 0x00,
    0x00, 0x00, 0x00, 0x00,
    0x00, 0x00, 0x00, 0x00,
    0x00, 0x00, 0x00, 0x00,
    0x00, 0x00, 0x00, 0x00,

    0xFF, 0xFF, 0xFF, 0xFF,
    0xFF, 0xFF, 0xFF, 0xFF,
    0xFF, 0xFF, 0xFF, 0xFF,
    0xFF, 0xFF, 0xFF, 0xFF,
    0xFF, 0xFF, 0xFF, 0xFF,
    0xFF, 0xFF, 0xFF, 0xFF,
    0xFF, 0xFF, 0xFF, 0xFF,
    0xFF, 0xFF, 0xFF, 0xFF,

    0x00, 0x00, 0x00, 0x00,
    0x00, 0x00, 0x00, 0x00,
    0x00, 0x00, 0x00, 0x00,
    0x00, 0x00, 0x00, 0x00,
    0x00, 0x00, 0x00, 0x00,
    0x00, 0x00, 0x00, 0x00,
    0x00, 0x00, 0x00, 0x00,
    0x00, 0x00, 0x00, 0x00,

    0xFF, 0xFF, 0xFF, 0xFF,
    0xFF, 0xFF, 0xFF, 0xFF,
    0xFF, 0xFF, 0xFF, 0xFF,
    0xFF, 0xFF, 0xFF, 0xFF,
    0xFF, 0xFF, 0xFF, 0xFF,
    0xFF, 0xFF, 0xFF, 0xFF,
    0xFF, 0xFF, 0xFF, 0xFF,
    0xFF, 0xFF, 0xFF, 0xFF,


/* Tile ID 383, isSolid: false */
    0x00, 0x00, 0x00, 0x00,
    0x00, 0x00, 0x00, 0x00,
    0x00, 0x00, 0x00, 0x00,
    0x00, 0x00, 0x00, 0x00,
    0x00, 0x00, 0x00, 0x00,
    0x00, 0x00, 0x00, 0x00,
    0x00, 0x00, 0x00, 0x00,
    0x00, 0x00, 0x00, 0x00,

    0xFF, 0xFF, 0xFF, 0xFF,
    0xFF, 0xFF, 0xFF, 0xFF,
    0xFF, 0xFF, 0xFF, 0xFF,
    0xFF, 0xFF, 0xFF, 0xFF,
    0xFF, 0xFF, 0xFF, 0xFF,
    0xFF, 0xFF, 0xFF, 0xFF,
    0xFF, 0xFF, 0xFF, 0xFF,
    0xFF, 0xFF, 0xFF, 0xFF,

    0x00, 0x00, 0x00, 0x00,
    0x00, 0x00, 0x00, 0x00,
    0x00, 0x00, 0x00, 0x00,
    0x00, 0x00, 0x00, 0x00,
    0x00, 0x00, 0x00, 0x00,
    0x00, 0x00, 0x00, 0x00,
    0x00, 0x00, 0x00, 0x00,
    0x00, 0x00, 0x00, 0x00,

    0xFF, 0xFF, 0xFF, 0xFF,
    0xFF, 0xFF, 0xFF, 0xFF,
    0xFF, 0xFF, 0xFF, 0xFF,
    0xFF, 0xFF, 0xFF, 0xFF,
    0xFF, 0xFF, 0xFF, 0xFF,
    0xFF, 0xFF, 0xFF, 0xFF,
    0xFF, 0xFF, 0xFF, 0xFF,
    0xFF, 0xFF, 0xFF, 0xFF,


/* Tile ID 384, isSolid: false */
    0x00, 0x00, 0x00, 0x00,
    0x00, 0x00, 0x00, 0x00,
    0x00, 0x00, 0x00, 0x00,
    0x00, 0x00, 0x00, 0x00,
    0x00, 0x00, 0x00, 0x00,
    0x00, 0x00, 0x00, 0x00,
    0x00, 0x00, 0x00, 0x00,
    0x00, 0x00, 0x00, 0x00,

    0xFF, 0xFF, 0xFF, 0xFF,
    0xFF, 0xFF, 0xFF, 0xFF,
    0xFF, 0xFF, 0xFF, 0xFF,
    0xFF, 0xFF, 0xFF, 0xFF,
    0xFF, 0xFF, 0xFF, 0xFF,
    0xFF, 0xFF, 0xFF, 0xFF,
    0xFF, 0xFF, 0xFF, 0xFF,
    0xFF, 0xFF, 0xFF, 0xFF,

    0x00, 0x00, 0x00, 0x00,
    0x00, 0x00, 0x00, 0x00,
    0x00, 0x00, 0x00, 0x00,
    0x00, 0x00, 0x00, 0x00,
    0x00, 0x00, 0x00, 0x00,
    0x00, 0x00, 0x00, 0x00,
    0x00, 0x00, 0x00, 0x00,
    0x00, 0x00, 0x00, 0x00,

    0xFF, 0xFF, 0xFF, 0xFF,
    0xFF, 0xFF, 0xFF, 0xFF,
    0xFF, 0xFF, 0xFF, 0xFF,
    0xFF, 0xFF, 0xFF, 0xFF,
    0xFF, 0xFF, 0xFF, 0xFF,
    0xFF, 0xFF, 0xFF, 0xFF,
    0xFF, 0xFF, 0xFF, 0xFF,
    0xFF, 0xFF, 0xFF, 0xFF,


/* Tile ID 385, isSolid: false */
    0x00, 0x00, 0x00, 0x00,
    0x00, 0x00, 0x00, 0x00,
    0x00, 0x00, 0x00, 0x00,
    0x00, 0x00, 0x00, 0x00,
    0x00, 0x00, 0x00, 0x00,
    0x00, 0x00, 0x00, 0x00,
    0x00, 0x00, 0x00, 0x00,
    0x00, 0x00, 0x00, 0x00,

    0xFF, 0xFF, 0xFF, 0xFF,
    0xFF, 0xFF, 0xFF, 0xFF,
    0xFF, 0xFF, 0xFF, 0xFF,
    0xFF, 0xFF, 0xFF, 0xFF,
    0xFF, 0xFF, 0xFF, 0xFF,
    0xFF, 0xFF, 0xFF, 0xFF,
    0xFF, 0xFF, 0xFF, 0xFF,
    0xFF, 0xFF, 0xFF, 0xFF,

    0x00, 0x00, 0x00, 0x00,
    0x00, 0x00, 0x00, 0x00,
    0x00, 0x00, 0x00, 0x00,
    0x00, 0x00, 0x00, 0x00,
    0x00, 0x00, 0x00, 0x00,
    0x00, 0x00, 0x00, 0x00,
    0x00, 0x00, 0x00, 0x00,
    0x00, 0x00, 0x00, 0x00,

    0xFF, 0xFF, 0xFF, 0xFF,
    0xFF, 0xFF, 0xFF, 0xFF,
    0xFF, 0xFF, 0xFF, 0xFF,
    0xFF, 0xFF, 0xFF, 0xFF,
    0xFF, 0xFF, 0xFF, 0xFF,
    0xFF, 0xFF, 0xFF, 0xFF,
    0xFF, 0xFF, 0xFF, 0xFF,
    0xFF, 0xFF, 0xFF, 0xFF,


/* Tile ID 386, isSolid: true */
    0x66, 0x66, 0x66, 0x66,
    0x66, 0x66, 0x66, 0x66,
    0x66, 0x66, 0x66, 0x66,
    0x66, 0x66, 0x66, 0x66,
    0x66, 0x66, 0x66, 0x66,
    0x66, 0x66, 0x66, 0x66,
    0x66, 0x66, 0x66, 0x66,
    0x66, 0x66, 0x66, 0x66,

    0x00, 0x00, 0x00, 0x00,
    0x00, 0x00, 0x00, 0x00,
    0x00, 0x00, 0x00, 0x00,
    0x00, 0x00, 0x00, 0x00,
    0x00, 0x00, 0x00, 0x00,
    0x00, 0x00, 0x00, 0x00,
    0x00, 0x00, 0x00, 0x00,
    0x00, 0x00, 0x00, 0x00,

    0x66, 0x66, 0x66, 0x66,
    0x66, 0x66, 0x66, 0x66,
    0x66, 0x66, 0x66, 0x66,
    0x66, 0x66, 0x66, 0x66,
    0x66, 0x66, 0x66, 0x66,
    0x66, 0x66, 0x66, 0x66,
    0x66, 0x66, 0x66, 0x66,
    0x66, 0x66, 0x66, 0x66,

    0x00, 0x00, 0x00, 0x00,
    0x00, 0x00, 0x00, 0x00,
    0x00, 0x00, 0x00, 0x00,
    0x00, 0x00, 0x00, 0x00,
    0x00, 0x00, 0x00, 0x00,
    0x00, 0x00, 0x00, 0x00,
    0x00, 0x00, 0x00, 0x00,
    0x00, 0x00, 0x00, 0x00,


/* Tile ID 387, isSolid: false */
    0x60, 0x00, 0x00, 0x00,
    0x60, 0x00, 0x00, 0x00,
    0x60, 0x00, 0x00, 0x00,
    0x60, 0x00, 0x00, 0x00,
    0x60, 0x00, 0x00, 0x00,
    0x60, 0x00, 0x00, 0x00,
    0x60, 0x00, 0x00, 0x00,
    0x60, 0x00, 0x00, 0x00,

    0x0F, 0xFF, 0xFF, 0xFF,
    0x0F, 0xFF, 0xFF, 0xFF,
    0x0F, 0xFF, 0xFF, 0xFF,
    0x0F, 0xFF, 0xFF, 0xFF,
    0x0F, 0xFF, 0xFF, 0xFF,
    0x0F, 0xFF, 0xFF, 0xFF,
    0x0F, 0xFF, 0xFF, 0xFF,
    0x0F, 0xFF, 0xFF, 0xFF,

    0x00, 0x00, 0x00, 0x06,
    0x00, 0x00, 0x00, 0x06,
    0x00, 0x00, 0x00, 0x06,
    0x00, 0x00, 0x00, 0x06,
    0x00, 0x00, 0x00, 0x06,
    0x00, 0x00, 0x00, 0x06,
    0x00, 0x00, 0x00, 0x06,
    0x00, 0x00, 0x00, 0x06,

    0xFF, 0xFF, 0xFF, 0xF0,
    0xFF, 0xFF, 0xFF, 0xF0,
    0xFF, 0xFF, 0xFF, 0xF0,
    0xFF, 0xFF, 0xFF, 0xF0,
    0xFF, 0xFF, 0xFF, 0xF0,
    0xFF, 0xFF, 0xFF, 0xF0,
    0xFF, 0xFF, 0xFF, 0xF0,
    0xFF, 0xFF, 0xFF, 0xF0,


/* Tile ID 388, isSolid: false */
    0x00, 0x00, 0x66, 0x66,
    0x00, 0x00, 0x66, 0x66,
    0x00, 0x00, 0x66, 0x66,
    0x00, 0x00, 0x66, 0x66,
    0x00, 0x00, 0x66, 0x66,
    0x00, 0x00, 0x66, 0x66,
    0x00, 0x06, 0x66, 0x66,
    0x00, 0x66, 0x66, 0x66,

    0xFF, 0xFF, 0x00, 0x00,
    0xFF, 0xFF, 0x00, 0x00,
    0xFF, 0xFF, 0x00, 0x00,
    0xFF, 0xFF, 0x00, 0x00,
    0xFF, 0xFF, 0x00, 0x00,
    0xFF, 0xFF, 0x00, 0x00,
    0xFF, 0xF0, 0x00, 0x00,
    0xFF, 0x00, 0x00, 0x00,

    0x66, 0x66, 0x00, 0x00,
    0x66, 0x66, 0x00, 0x00,
    0x66, 0x66, 0x00, 0x00,
    0x66, 0x66, 0x00, 0x00,
    0x66, 0x66, 0x00, 0x00,
    0x66, 0x66, 0x00, 0x00,
    0x66, 0x66, 0x60, 0x00,
    0x66, 0x66, 0x66, 0x00,

    0x00, 0x00, 0xFF, 0xFF,
    0x00, 0x00, 0xFF, 0xFF,
    0x00, 0x00, 0xFF, 0xFF,
    0x00, 0x00, 0xFF, 0xFF,
    0x00, 0x00, 0xFF, 0xFF,
    0x00, 0x00, 0xFF, 0xFF,
    0x00, 0x00, 0x0F, 0xFF,
    0x00, 0x00, 0x00, 0xFF,


/* Tile ID 389, isSolid: false */
    0x66, 0x66, 0x60, 0x00,
    0x66, 0x66, 0x60, 0x00,
    0x66, 0x66, 0x60, 0x00,
    0x66, 0x66, 0x60, 0x00,
    0x66, 0x66, 0x00, 0x00,
    0x66, 0x66, 0x00, 0x00,
    0x66, 0x60, 0x00, 0x00,
    0x66, 0x60, 0x00, 0x00,

    0x00, 0x00, 0x0F, 0xFF,
    0x00, 0x00, 0x0F, 0xFF,
    0x00, 0x00, 0x0F, 0xFF,
    0x00, 0x00, 0x0F, 0xFF,
    0x00, 0x00, 0xFF, 0xFF,
    0x00, 0x00, 0xFF, 0xFF,
    0x00, 0x0F, 0xFF, 0xFF,
    0x00, 0x0F, 0xFF, 0xFF,

    0x00, 0x06, 0x66, 0x66,
    0x00, 0x06, 0x66, 0x66,
    0x00, 0x06, 0x66, 0x66,
    0x00, 0x06, 0x66, 0x66,
    0x00, 0x00, 0x66, 0x66,
    0x00, 0x00, 0x66, 0x66,
    0x00, 0x00, 0x06, 0x66,
    0x00, 0x00, 0x06, 0x66,

    0xFF, 0xF0, 0x00, 0x00,
    0xFF, 0xF0, 0x00, 0x00,
    0xFF, 0xF0, 0x00, 0x00,
    0xFF, 0xF0, 0x00, 0x00,
    0xFF, 0xFF, 0x00, 0x00,
    0xFF, 0xFF, 0x00, 0x00,
    0xFF, 0xFF, 0xF0, 0x00,
    0xFF, 0xFF, 0xF0, 0x00,


/* Tile ID 390, isSolid: false */
    0x00, 0x00, 0x00, 0x00,
    0x00, 0x00, 0x00, 0x00,
    0x00, 0x00, 0x00, 0x00,
    0x00, 0x00, 0x00, 0x00,
    0x00, 0x00, 0x00, 0x00,
    0x00, 0x00, 0x00, 0x00,
    0x00, 0x00, 0x00, 0x00,
    0x00, 0x00, 0x00, 0x00,

    0xFF, 0xFF, 0xFF, 0xFF,
    0xFF, 0xFF, 0xFF, 0xFF,
    0xFF, 0xFF, 0xFF, 0xFF,
    0xFF, 0xFF, 0xFF, 0xFF,
    0xFF, 0xFF, 0xFF, 0xFF,
    0xFF, 0xFF, 0xFF, 0xFF,
    0xFF, 0xFF, 0xFF, 0xFF,
    0xFF, 0xFF, 0xFF, 0xFF,

    0x00, 0x00, 0x00, 0x00,
    0x00, 0x00, 0x00, 0x00,
    0x00, 0x00, 0x00, 0x00,
    0x00, 0x00, 0x00, 0x00,
    0x00, 0x00, 0x00, 0x00,
    0x00, 0x00, 0x00, 0x00,
    0x00, 0x00, 0x00, 0x00,
    0x00, 0x00, 0x00, 0x00,

    0xFF, 0xFF, 0xFF, 0xFF,
    0xFF, 0xFF, 0xFF, 0xFF,
    0xFF, 0xFF, 0xFF, 0xFF,
    0xFF, 0xFF, 0xFF, 0xFF,
    0xFF, 0xFF, 0xFF, 0xFF,
    0xFF, 0xFF, 0xFF, 0xFF,
    0xFF, 0xFF, 0xFF, 0xFF,
    0xFF, 0xFF, 0xFF, 0xFF,


/* Tile ID 391, isSolid: false */
    0x00, 0x0C, 0xC0, 0x00,
    0x00, 0xCC, 0xC0, 0x00,
    0x00, 0xCC, 0xC0, 0x00,
    0x00, 0xCC, 0x00, 0x00,
    0x00, 0xCC, 0x00, 0x00,
    0x0C, 0xCC, 0x00, 0x00,
    0x0C, 0xCC, 0x00, 0x00,
    0x0C, 0xC0, 0x00, 0x00,

    0xFF, 0xF0, 0x0F, 0xFF,
    0xFF, 0x00, 0x0F, 0xFF,
    0xFF, 0x00, 0x0F, 0xFF,
    0xFF, 0x00, 0xFF, 0xFF,
    0xFF, 0x00, 0xFF, 0xFF,
    0xF0, 0x00, 0xFF, 0xFF,
    0xF0, 0x00, 0xFF, 0xFF,
    0xF0, 0x0F, 0xFF, 0xFF,

    0x00, 0x0C, 0xC0, 0x00,
    0x00, 0x0C, 0xCC, 0x00,
    0x00, 0x0C, 0xCC, 0x00,
    0x00, 0x00, 0xCC, 0x00,
    0x00, 0x00, 0xCC, 0x00,
    0x00, 0x00, 0xCC, 0xC0,
    0x00, 0x00, 0xCC, 0xC0,
    0x00, 0x00, 0x0C, 0xC0,

    0xFF, 0xF0, 0x0F, 0xFF,
    0xFF, 0xF0, 0x00, 0xFF,
    0xFF, 0xF0, 0x00, 0xFF,
    0xFF, 0xFF, 0x00, 0xFF,
    0xFF, 0xFF, 0x00, 0xFF,
    0xFF, 0xFF, 0x00, 0x0F,
    0xFF, 0xFF, 0x00, 0x0F,
    0xFF, 0xFF, 0xF0, 0x0F,


/* Tile ID 392, isSolid: false */
    0x0C, 0xCC, 0xCC, 0xCC,
    0x0C, 0xCC, 0xCC, 0xCC,
    0x0C, 0xCC, 0xCC, 0xCC,
    0x00, 0xCC, 0xCC, 0xCC,
    0x00, 0xCC, 0xCC, 0xCC,
    0x00, 0xCC, 0xCC, 0xCC,
    0x00, 0xCC, 0xCC, 0xCC,
    0x00, 0x0C, 0xCC, 0xCC,

    0xF0, 0x00, 0x00, 0x00,
    0xF0, 0x00, 0x00, 0x00,
    0xF0, 0x00, 0x00, 0x00,
    0xFF, 0x00, 0x00, 0x00,
    0xFF, 0x00, 0x00, 0x00,
    0xFF, 0x00, 0x00, 0x00,
    0xFF, 0x00, 0x00, 0x00,
    0xFF, 0xF0, 0x00, 0x00,

    0xCC, 0xCC, 0xCC, 0xC0,
    0xCC, 0xCC, 0xCC, 0xC0,
    0xCC, 0xCC, 0xCC, 0xC0,
    0xCC, 0xCC, 0xCC, 0x00,
    0xCC, 0xCC, 0xCC, 0x00,
    0xCC, 0xCC, 0xCC, 0x00,
    0xCC, 0xCC, 0xCC, 0x00,
    0xCC, 0xCC, 0xC0, 0x00,

    0x00, 0x00, 0x00, 0x0F,
    0x00, 0x00, 0x00, 0x0F,
    0x00, 0x00, 0x00, 0x0F,
    0x00, 0x00, 0x00, 0xFF,
    0x00, 0x00, 0x00, 0xFF,
    0x00, 0x00, 0x00, 0xFF,
    0x00, 0x00, 0x00, 0xFF,
    0x00, 0x00, 0x0F, 0xFF,


/* Tile ID 393, isSolid: false */
    0xC0, 0x00, 0x00, 0x00,
    0xC0, 0x00, 0x00, 0x00,
    0xC0, 0x00, 0x00, 0x00,
    0xC0, 0x00, 0x00, 0x00,
    0xCC, 0x00, 0x00, 0x00,
    0xCC, 0x00, 0x00, 0x00,
    0xCC, 0x00, 0x00, 0x00,
    0xCC, 0xC0, 0x00, 0x00,

    0x0F, 0xFF, 0xFF, 0xFF,
    0x0F, 0xFF, 0xFF, 0xFF,
    0x0F, 0xFF, 0xFF, 0xFF,
    0x0F, 0xFF, 0xFF, 0xFF,
    0x00, 0xFF, 0xFF, 0xFF,
    0x00, 0xFF, 0xFF, 0xFF,
    0x00, 0xFF, 0xFF, 0xFF,
    0x00, 0x0F, 0xFF, 0xFF,

    0x00, 0x00, 0x00, 0x0C,
    0x00, 0x00, 0x00, 0x0C,
    0x00, 0x00, 0x00, 0x0C,
    0x00, 0x00, 0x00, 0x0C,
    0x00, 0x00, 0x00, 0xCC,
    0x00, 0x00, 0x00, 0xCC,
    0x00, 0x00, 0x00, 0xCC,
    0x00, 0x00, 0x0C, 0xCC,

    0xFF, 0xFF, 0xFF, 0xF0,
    0xFF, 0xFF, 0xFF, 0xF0,
    0xFF, 0xFF, 0xFF, 0xF0,
    0xFF, 0xFF, 0xFF, 0xF0,
    0xFF, 0xFF, 0xFF, 0x00,
    0xFF, 0xFF, 0xFF, 0x00,
    0xFF, 0xFF, 0xFF, 0x00,
    0xFF, 0xFF, 0xF0, 0x00,


/* Tile ID 394, isSolid: false */
    0x00, 0x00, 0x00, 0x00,
    0x00, 0x00, 0x00, 0x00,
    0x00, 0x00, 0x00, 0x00,
    0x00, 0x00, 0x00, 0x00,
    0x00, 0x00, 0x00, 0x00,
    0x00, 0x00, 0x00, 0x00,
    0x00, 0x00, 0x00, 0x00,
    0x00, 0x00, 0x00, 0x00,

    0xFF, 0xFF, 0xFF, 0xFF,
    0xFF, 0xFF, 0xFF, 0xFF,
    0xFF, 0xFF, 0xFF, 0xFF,
    0xFF, 0xFF, 0xFF, 0xFF,
    0xFF, 0xFF, 0xFF, 0xFF,
    0xFF, 0xFF, 0xFF, 0xFF,
    0xFF, 0xFF, 0xFF, 0xFF,
    0xFF, 0xFF, 0xFF, 0xFF,

    0x00, 0x00, 0x00, 0x00,
    0x00, 0x00, 0x00, 0x00,
    0x00, 0x00, 0x00, 0x00,
    0x00, 0x00, 0x00, 0x00,
    0x00, 0x00, 0x00, 0x00,
    0x00, 0x00, 0x00, 0x00,
    0x00, 0x00, 0x00, 0x00,
    0x00, 0x00, 0x00, 0x00,

    0xFF, 0xFF, 0xFF, 0xFF,
    0xFF, 0xFF, 0xFF, 0xFF,
    0xFF, 0xFF, 0xFF, 0xFF,
    0xFF, 0xFF, 0xFF, 0xFF,
    0xFF, 0xFF, 0xFF, 0xFF,
    0xFF, 0xFF, 0xFF, 0xFF,
    0xFF, 0xFF, 0xFF, 0xFF,
    0xFF, 0xFF, 0xFF, 0xFF,


/* Tile ID 395, isSolid: false */
    0x01, 0x11, 0x11, 0x11,
    0x01, 0x11, 0x11, 0x11,
    0x01, 0x11, 0x11, 0x11,
    0x01, 0x11, 0x11, 0x11,
    0x01, 0x11, 0x11, 0x11,
    0x01, 0x11, 0x11, 0x11,
    0x01, 0x11, 0x11, 0x11,
    0x01, 0x11, 0x11, 0x11,

    0xF0, 0x00, 0x00, 0x00,
    0xF0, 0x00, 0x00, 0x00,
    0xF0, 0x00, 0x00, 0x00,
    0xF0, 0x00, 0x00, 0x00,
    0xF0, 0x00, 0x00, 0x00,
    0xF0, 0x00, 0x00, 0x00,
    0xF0, 0x00, 0x00, 0x00,
    0xF0, 0x00, 0x00, 0x00,

    0x11, 0x11, 0x11, 0x10,
    0x11, 0x11, 0x11, 0x10,
    0x11, 0x11, 0x11, 0x10,
    0x11, 0x11, 0x11, 0x10,
    0x11, 0x11, 0x11, 0x10,
    0x11, 0x11, 0x11, 0x10,
    0x11, 0x11, 0x11, 0x10,
    0x11, 0x11, 0x11, 0x10,

    0x00, 0x00, 0x00, 0x0F,
    0x00, 0x00, 0x00, 0x0F,
    0x00, 0x00, 0x00, 0x0F,
    0x00, 0x00, 0x00, 0x0F,
    0x00, 0x00, 0x00, 0x0F,
    0x00, 0x00, 0x00, 0x0F,
    0x00, 0x00, 0x00, 0x0F,
    0x00, 0x00, 0x00, 0x0F,


/* Tile ID 396, isSolid: false */
    0x11, 0x11, 0x00, 0x00,
    0x11, 0x11, 0x00, 0x00,
    0x11, 0x11, 0x00, 0x00,
    0x11, 0x11, 0x00, 0x00,
    0x11, 0x11, 0x00, 0x00,
    0x11, 0x11, 0x00, 0x00,
    0x11, 0x11, 0x00, 0x00,
    0x11, 0x11, 0x00, 0x00,

    0x00, 0x00, 0xFF, 0xFF,
    0x00, 0x00, 0xFF, 0xFF,
    0x00, 0x00, 0xFF, 0xFF,
    0x00, 0x00, 0xFF, 0xFF,
    0x00, 0x00, 0xFF, 0xFF,
    0x00, 0x00, 0xFF, 0xFF,
    0x00, 0x00, 0xFF, 0xFF,
    0x00, 0x00, 0xFF, 0xFF,

    0x00, 0x00, 0x11, 0x11,
    0x00, 0x00, 0x11, 0x11,
    0x00, 0x00, 0x11, 0x11,
    0x00, 0x00, 0x11, 0x11,
    0x00, 0x00, 0x11, 0x11,
    0x00, 0x00, 0x11, 0x11,
    0x00, 0x00, 0x11, 0x11,
    0x00, 0x00, 0x11, 0x11,

    0xFF, 0xFF, 0x00, 0x00,
    0xFF, 0xFF, 0x00, 0x00,
    0xFF, 0xFF, 0x00, 0x00,
    0xFF, 0xFF, 0x00, 0x00,
    0xFF, 0xFF, 0x00, 0x00,
    0xFF, 0xFF, 0x00, 0x00,
    0xFF, 0xFF, 0x00, 0x00,
    0xFF, 0xFF, 0x00, 0x00,


/* Tile ID 397, isSolid: false */
    0x00, 0x00, 0x00, 0x00,
    0x00, 0x00, 0x00, 0x00,
    0x00, 0x00, 0x00, 0x00,
    0x00, 0x00, 0x00, 0x00,
    0x00, 0x00, 0x00, 0x00,
    0x00, 0x00, 0x00, 0x00,
    0x00, 0x00, 0x00, 0x00,
    0x00, 0x00, 0x00, 0x00,

    0xFF, 0xFF, 0xFF, 0xFF,
    0xFF, 0xFF, 0xFF, 0xFF,
    0xFF, 0xFF, 0xFF, 0xFF,
    0xFF, 0xFF, 0xFF, 0xFF,
    0xFF, 0xFF, 0xFF, 0xFF,
    0xFF, 0xFF, 0xFF, 0xFF,
    0xFF, 0xFF, 0xFF, 0xFF,
    0xFF, 0xFF, 0xFF, 0xFF,

    0x00, 0x00, 0x00, 0x00,
    0x00, 0x00, 0x00, 0x00,
    0x00, 0x00, 0x00, 0x00,
    0x00, 0x00, 0x00, 0x00,
    0x00, 0x00, 0x00, 0x00,
    0x00, 0x00, 0x00, 0x00,
    0x00, 0x00, 0x00, 0x00,
    0x00, 0x00, 0x00, 0x00,

    0xFF, 0xFF, 0xFF, 0xFF,
    0xFF, 0xFF, 0xFF, 0xFF,
    0xFF, 0xFF, 0xFF, 0xFF,
    0xFF, 0xFF, 0xFF, 0xFF,
    0xFF, 0xFF, 0xFF, 0xFF,
    0xFF, 0xFF, 0xFF, 0xFF,
    0xFF, 0xFF, 0xFF, 0xFF,
    0xFF, 0xFF, 0xFF, 0xFF,


/* Tile ID 398, isSolid: false */
    0x01, 0x11, 0x11, 0x11,
    0x01, 0x11, 0x11, 0x11,
    0x01, 0x11, 0x11, 0x11,
    0x01, 0x11, 0x11, 0x11,
    0x01, 0x11, 0x11, 0x11,
    0x01, 0x11, 0x11, 0x11,
    0x01, 0x11, 0x11, 0x11,
    0x01, 0x11, 0x11, 0x11,

    0xF0, 0x00, 0x00, 0x00,
    0xF0, 0x00, 0x00, 0x00,
    0xF0, 0x00, 0x00, 0x00,
    0xF0, 0x00, 0x00, 0x00,
    0xF0, 0x00, 0x00, 0x00,
    0xF0, 0x00, 0x00, 0x00,
    0xF0, 0x00, 0x00, 0x00,
    0xF0, 0x00, 0x00, 0x00,

    0x11, 0x11, 0x11, 0x10,
    0x11, 0x11, 0x11, 0x10,
    0x11, 0x11, 0x11, 0x10,
    0x11, 0x11, 0x11, 0x10,
    0x11, 0x11, 0x11, 0x10,
    0x11, 0x11, 0x11, 0x10,
    0x11, 0x11, 0x11, 0x10,
    0x11, 0x11, 0x11, 0x10,

    0x00, 0x00, 0x00, 0x0F,
    0x00, 0x00, 0x00, 0x0F,
    0x00, 0x00, 0x00, 0x0F,
    0x00, 0x00, 0x00, 0x0F,
    0x00, 0x00, 0x00, 0x0F,
    0x00, 0x00, 0x00, 0x0F,
    0x00, 0x00, 0x00, 0x0F,
    0x00, 0x00, 0x00, 0x0F,


/* Tile ID 399, isSolid: false */
    0x11, 0x11, 0x00, 0x00,
    0x11, 0x11, 0x00, 0x00,
    0x11, 0x11, 0x00, 0x00,
    0x11, 0x11, 0x00, 0x00,
    0x11, 0x11, 0x00, 0x00,
    0x11, 0x11, 0x00, 0x00,
    0x11, 0x11, 0x00, 0x00,
    0x11, 0x11, 0x00, 0x00,

    0x00, 0x00, 0xFF, 0xFF,
    0x00, 0x00, 0xFF, 0xFF,
    0x00, 0x00, 0xFF, 0xFF,
    0x00, 0x00, 0xFF, 0xFF,
    0x00, 0x00, 0xFF, 0xFF,
    0x00, 0x00, 0xFF, 0xFF,
    0x00, 0x00, 0xFF, 0xFF,
    0x00, 0x00, 0xFF, 0xFF,

    0x00, 0x00, 0x11, 0x11,
    0x00, 0x00, 0x11, 0x11,
    0x00, 0x00, 0x11, 0x11,
    0x00, 0x00, 0x11, 0x11,
    0x00, 0x00, 0x11, 0x11,
    0x00, 0x00, 0x11, 0x11,
    0x00, 0x00, 0x11, 0x11,
    0x00, 0x00, 0x11, 0x11,

    0xFF, 0xFF, 0x00, 0x00,
    0xFF, 0xFF, 0x00, 0x00,
    0xFF, 0xFF, 0x00, 0x00,
    0xFF, 0xFF, 0x00, 0x00,
    0xFF, 0xFF, 0x00, 0x00,
    0xFF, 0xFF, 0x00, 0x00,
    0xFF, 0xFF, 0x00, 0x00,
    0xFF, 0xFF, 0x00, 0x00,


/* Tile ID 400, isSolid: false */
    0x00, 0x00, 0x99, 0x99,
    0x00, 0x00, 0x99, 0x99,
    0x00, 0x00, 0x99, 0x99,
    0x00, 0x00, 0x99, 0x99,
    0x00, 0x00, 0x09, 0x99,
    0x00, 0x00, 0x09, 0x99,
    0x00, 0x00, 0x00, 0x99,
    0x00, 0x00, 0x00, 0x09,

    0xFF, 0xFF, 0x00, 0x00,
    0xFF, 0xFF, 0x00, 0x00,
    0xFF, 0xFF, 0x00, 0x00,
    0xFF, 0xFF, 0x00, 0x00,
    0xFF, 0xFF, 0xF0, 0x00,
    0xFF, 0xFF, 0xF0, 0x00,
    0xFF, 0xFF, 0xFF, 0x00,
    0xFF, 0xFF, 0xFF, 0xF0,

    0x99, 0x99, 0x00, 0x00,
    0x99, 0x99, 0x00, 0x00,
    0x99, 0x99, 0x00, 0x00,
    0x99, 0x99, 0x00, 0x00,
    0x99, 0x90, 0x00, 0x00,
    0x99, 0x90, 0x00, 0x00,
    0x99, 0x00, 0x00, 0x00,
    0x90, 0x00, 0x00, 0x00,

    0x00, 0x00, 0xFF, 0xFF,
    0x00, 0x00, 0xFF, 0xFF,
    0x00, 0x00, 0xFF, 0xFF,
    0x00, 0x00, 0xFF, 0xFF,
    0x00, 0x0F, 0xFF, 0xFF,
    0x00, 0x0F, 0xFF, 0xFF,
    0x00, 0xFF, 0xFF, 0xFF,
    0x0F, 0xFF, 0xFF, 0xFF,


/* Tile ID 401, isSolid: false */
    0x99, 0x99, 0x99, 0x00,
    0x99, 0x99, 0x99, 0x90,
    0x99, 0x99, 0x99, 0x99,
    0x99, 0x99, 0x99, 0x99,
    0x99, 0x99, 0x99, 0x99,
    0x99, 0x99, 0x99, 0x99,
    0x99, 0x99, 0x99, 0x99,
    0x99, 0x99, 0x99, 0x99,

    0x00, 0x00, 0x00, 0xFF,
    0x00, 0x00, 0x00, 0x0F,
    0x00, 0x00, 0x00, 0x00,
    0x00, 0x00, 0x00, 0x00,
    0x00, 0x00, 0x00, 0x00,
    0x00, 0x00, 0x00, 0x00,
    0x00, 0x00, 0x00, 0x00,
    0x00, 0x00, 0x00, 0x00,

    0x00, 0x99, 0x99, 0x99,
    0x09, 0x99, 0x99, 0x99,
    0x99, 0x99, 0x99, 0x99,
    0x99, 0x99, 0x99, 0x99,
    0x99, 0x99, 0x99, 0x99,
    0x99, 0x99, 0x99, 0x99,
    0x99, 0x99, 0x99, 0x99,
    0x99, 0x99, 0x99, 0x99,

    0xFF, 0x00, 0x00, 0x00,
    0xF0, 0x00, 0x00, 0x00,
    0x00, 0x00, 0x00, 0x00,
    0x00, 0x00, 0x00, 0x00,
    0x00, 0x00, 0x00, 0x00,
    0x00, 0x00, 0x00, 0x00,
    0x00, 0x00, 0x00, 0x00,
    0x00, 0x00, 0x00, 0x00,


/* Tile ID 402, isSolid: false */
    0x00, 0x00, 0x00, 0x00,
    0x00, 0x00, 0x00, 0x00,
    0x00, 0x00, 0x00, 0x00,
    0x90, 0x00, 0x00, 0x00,
    0x99, 0x90, 0x00, 0x00,
    0x99, 0x99, 0x99, 0x00,
    0x99, 0x99, 0x99, 0x99,
    0x99, 0x99, 0x99, 0x99,

    0xFF, 0xFF, 0xFF, 0xFF,
    0xFF, 0xFF, 0xFF, 0xFF,
    0xFF, 0xFF, 0xFF, 0xFF,
    0x0F, 0xFF, 0xFF, 0xFF,
    0x00, 0x0F, 0xFF, 0xFF,
    0x00, 0x00, 0x00, 0xFF,
    0x00, 0x00, 0x00, 0x00,
    0x00, 0x00, 0x00, 0x00,

    0x00, 0x00, 0x00, 0x00,
    0x00, 0x00, 0x00, 0x00,
    0x00, 0x00, 0x00, 0x00,
    0x00, 0x00, 0x00, 0x09,
    0x00, 0x00, 0x09, 0x99,
    0x00, 0x99, 0x99, 0x99,
    0x99, 0x99, 0x99, 0x99,
    0x99, 0x99, 0x99, 0x99,

    0xFF, 0xFF, 0xFF, 0xFF,
    0xFF, 0xFF, 0xFF, 0xFF,
    0xFF, 0xFF, 0xFF, 0xFF,
    0xFF, 0xFF, 0xFF, 0xF0,
    0xFF, 0xFF, 0xF0, 0x00,
    0xFF, 0x00, 0x00, 0x00,
    0x00, 0x00, 0x00, 0x00,
    0x00, 0x00, 0x00, 0x00,


/* Tile ID 403, isSolid: false */
    0x00, 0x00, 0x00, 0x00,
    0x00, 0x00, 0x00, 0x00,
    0x00, 0x00, 0x00, 0x00,
    0x00, 0x00, 0x00, 0x00,
    0x00, 0x00, 0x00, 0x00,
    0x00, 0x00, 0x00, 0x00,
    0x00, 0x00, 0x00, 0x00,
    0x99, 0x00, 0x00, 0x00,

    0xFF, 0xFF, 0xFF, 0xFF,
    0xFF, 0xFF, 0xFF, 0xFF,
    0xFF, 0xFF, 0xFF, 0xFF,
    0xFF, 0xFF, 0xFF, 0xFF,
    0xFF, 0xFF, 0xFF, 0xFF,
    0xFF, 0xFF, 0xFF, 0xFF,
    0xFF, 0xFF, 0xFF, 0xFF,
    0x00, 0xFF, 0xFF, 0xFF,

    0x00, 0x00, 0x00, 0x00,
    0x00, 0x00, 0x00, 0x00,
    0x00, 0x00, 0x00, 0x00,
    0x00, 0x00, 0x00, 0x00,
    0x00, 0x00, 0x00, 0x00,
    0x00, 0x00, 0x00, 0x00,
    0x00, 0x00, 0x00, 0x00,
    0x00, 0x00, 0x00, 0x99,

    0xFF, 0xFF, 0xFF, 0xFF,
    0xFF, 0xFF, 0xFF, 0xFF,
    0xFF, 0xFF, 0xFF, 0xFF,
    0xFF, 0xFF, 0xFF, 0xFF,
    0xFF, 0xFF, 0xFF, 0xFF,
    0xFF, 0xFF, 0xFF, 0xFF,
    0xFF, 0xFF, 0xFF, 0xFF,
    0xFF, 0xFF, 0xFF, 0x00,


/* Tile ID 404, isSolid: false */
    0x00, 0x00, 0x00, 0x0D,
    0x00, 0x00, 0x00, 0x0D,
    0x00, 0x00, 0x00, 0x0D,
    0x00, 0x00, 0x00, 0x0D,
    0x00, 0x00, 0x00, 0x0D,
    0x00, 0x00, 0x00, 0x0D,
    0x00, 0x00, 0x00, 0x0D,
    0x00, 0x00, 0x00, 0x0D,

    0xFF, 0xFF, 0xFF, 0xF0,
    0xFF, 0xFF, 0xFF, 0xF0,
    0xFF, 0xFF, 0xFF, 0xF0,
    0xFF, 0xFF, 0xFF, 0xF0,
    0xFF, 0xFF, 0xFF, 0xF0,
    0xFF, 0xFF, 0xFF, 0xF0,
    0xFF, 0xFF, 0xFF, 0xF0,
    0xFF, 0xFF, 0xFF, 0xF0,

    0xD0, 0x00, 0x00, 0x00,
    0xD0, 0x00, 0x00, 0x00,
    0xD0, 0x00, 0x00, 0x00,
    0xD0, 0x00, 0x00, 0x00,
    0xD0, 0x00, 0x00, 0x00,
    0xD0, 0x00, 0x00, 0x00,
    0xD0, 0x00, 0x00, 0x00,
    0xD0, 0x00, 0x00, 0x00,

    0x0F, 0xFF, 0xFF, 0xFF,
    0x0F, 0xFF, 0xFF, 0xFF,
    0x0F, 0xFF, 0xFF, 0xFF,
    0x0F, 0xFF, 0xFF, 0xFF,
    0x0F, 0xFF, 0xFF, 0xFF,
    0x0F, 0xFF, 0xFF, 0xFF,
    0x0F, 0xFF, 0xFF, 0xFF,
    0x0F, 0xFF, 0xFF, 0xFF,


/* Tile ID 405, isSolid: true */
    0xDD, 0xDD, 0xDD, 0xDD,
    0xDD, 0xDD, 0xDD, 0xDD,
    0xDD, 0xDD, 0xDD, 0xDD,
    0xDD, 0xDD, 0xDD, 0xDD,
    0xDD, 0xDD, 0xDD, 0xDD,
    0xDD, 0xDD, 0xDD, 0xDD,
    0xDD, 0xDD, 0xDD, 0xDD,
    0xDD, 0xDD, 0xDD, 0xDD,

    0x00, 0x00, 0x00, 0x00,
    0x00, 0x00, 0x00, 0x00,
    0x00, 0x00, 0x00, 0x00,
    0x00, 0x00, 0x00, 0x00,
    0x00, 0x00, 0x00, 0x00,
    0x00, 0x00, 0x00, 0x00,
    0x00, 0x00, 0x00, 0x00,
    0x00, 0x00, 0x00, 0x00,

    0xDD, 0xDD, 0xDD, 0xDD,
    0xDD, 0xDD, 0xDD, 0xDD,
    0xDD, 0xDD, 0xDD, 0xDD,
    0xDD, 0xDD, 0xDD, 0xDD,
    0xDD, 0xDD, 0xDD, 0xDD,
    0xDD, 0xDD, 0xDD, 0xDD,
    0xDD, 0xDD, 0xDD, 0xDD,
    0xDD, 0xDD, 0xDD, 0xDD,

    0x00, 0x00, 0x00, 0x00,
    0x00, 0x00, 0x00, 0x00,
    0x00, 0x00, 0x00, 0x00,
    0x00, 0x00, 0x00, 0x00,
    0x00, 0x00, 0x00, 0x00,
    0x00, 0x00, 0x00, 0x00,
    0x00, 0x00, 0x00, 0x00,
    0x00, 0x00, 0x00, 0x00,


/* Tile ID 406, isSolid: false */
    0x00, 0x00, 0x00, 0x00,
    0x00, 0x00, 0x00, 0x00,
    0x00, 0x00, 0x00, 0x00,
    0x00, 0x00, 0x00, 0x00,
    0x00, 0x00, 0x00, 0x00,
    0x00, 0x00, 0x00, 0x00,
    0x00, 0x00, 0x00, 0x00,
    0xDD, 0xDD, 0xDD, 0xDD,

    0xFF, 0xFF, 0xFF, 0xFF,
    0xFF, 0xFF, 0xFF, 0xFF,
    0xFF, 0xFF, 0xFF, 0xFF,
    0xFF, 0xFF, 0xFF, 0xFF,
    0xFF, 0xFF, 0xFF, 0xFF,
    0xFF, 0xFF, 0xFF, 0xFF,
    0xFF, 0xFF, 0xFF, 0xFF,
    0x00, 0x00, 0x00, 0x00,

    0x00, 0x00, 0x00, 0x00,
    0x00, 0x00, 0x00, 0x00,
    0x00, 0x00, 0x00, 0x00,
    0x00, 0x00, 0x00, 0x00,
    0x00, 0x00, 0x00, 0x00,
    0x00, 0x00, 0x00, 0x00,
    0x00, 0x00, 0x00, 0x00,
    0xDD, 0xDD, 0xDD, 0xDD,

    0xFF, 0xFF, 0xFF, 0xFF,
    0xFF, 0xFF, 0xFF, 0xFF,
    0xFF, 0xFF, 0xFF, 0xFF,
    0xFF, 0xFF, 0xFF, 0xFF,
    0xFF, 0xFF, 0xFF, 0xFF,
    0xFF, 0xFF, 0xFF, 0xFF,
    0xFF, 0xFF, 0xFF, 0xFF,
    0x00, 0x00, 0x00, 0x00,


/* Tile ID 407, isSolid: false */
    0x00, 0x00, 0x00, 0x00,
    0x00, 0x00, 0x00, 0x00,
    0x00, 0x00, 0x00, 0x00,
    0x00, 0x0D, 0xD0, 0x00,
    0x00, 0x0D, 0xD0, 0x00,
    0x00, 0xDD, 0xD0, 0x00,
    0x0D, 0xDD, 0xD0, 0x00,
    0xDD, 0xDD, 0xD0, 0x00,

    0xFF, 0xFF, 0xFF, 0xFF,
    0xFF, 0xFF, 0xFF, 0xFF,
    0xFF, 0xFF, 0xFF, 0xFF,
    0xFF, 0xF0, 0x0F, 0xFF,
    0xFF, 0xF0, 0x0F, 0xFF,
    0xFF, 0x00, 0x0F, 0xFF,
    0xF0, 0x00, 0x0F, 0xFF,
    0x00, 0x00, 0x0F, 0xFF,

    0x00, 0x00, 0x00, 0x00,
    0x00, 0x00, 0x00, 0x00,
    0x00, 0x00, 0x00, 0x00,
    0x00, 0x0D, 0xD0, 0x00,
    0x00, 0x0D, 0xD0, 0x00,
    0x00, 0x0D, 0xDD, 0x00,
    0x00, 0x0D, 0xDD, 0xD0,
    0x00, 0x0D, 0xDD, 0xDD,

    0xFF, 0xFF, 0xFF, 0xFF,
    0xFF, 0xFF, 0xFF, 0xFF,
    0xFF, 0xFF, 0xFF, 0xFF,
    0xFF, 0xF0, 0x0F, 0xFF,
    0xFF, 0xF0, 0x0F, 0xFF,
    0xFF, 0xF0, 0x00, 0xFF,
    0xFF, 0xF0, 0x00, 0x0F,
    0xFF, 0xF0, 0x00, 0x00,


/* Tile ID 408, isSolid: false */
    0x00, 0x00, 0x00, 0x00,
    0x00, 0x00, 0x00, 0x00,
    0x00, 0x00, 0x00, 0x00,
    0x00, 0x00, 0x00, 0x00,
    0x00, 0x00, 0x00, 0x00,
    0x00, 0x00, 0x00, 0x00,
    0x00, 0x00, 0x00, 0x00,
    0x00, 0x00, 0x00, 0x00,

    0xFF, 0xFF, 0xFF, 0xFF,
    0xFF, 0xFF, 0xFF, 0xFF,
    0xFF, 0xFF, 0xFF, 0xFF,
    0xFF, 0xFF, 0xFF, 0xFF,
    0xFF, 0xFF, 0xFF, 0xFF,
    0xFF, 0xFF, 0xFF, 0xFF,
    0xFF, 0xFF, 0xFF, 0xFF,
    0xFF, 0xFF, 0xFF, 0xFF,

    0x00, 0x00, 0x00, 0x00,
    0x00, 0x00, 0x00, 0x00,
    0x00, 0x00, 0x00, 0x00,
    0x00, 0x00, 0x00, 0x00,
    0x00, 0x00, 0x00, 0x00,
    0x00, 0x00, 0x00, 0x00,
    0x00, 0x00, 0x00, 0x00,
    0x00, 0x00, 0x00, 0x00,

    0xFF, 0xFF, 0xFF, 0xFF,
    0xFF, 0xFF, 0xFF, 0xFF,
    0xFF, 0xFF, 0xFF, 0xFF,
    0xFF, 0xFF, 0xFF, 0xFF,
    0xFF, 0xFF, 0xFF, 0xFF,
    0xFF, 0xFF, 0xFF, 0xFF,
    0xFF, 0xFF, 0xFF, 0xFF,
    0xFF, 0xFF, 0xFF, 0xFF,


/* Tile ID 409, isSolid: false */
    0x00, 0x00, 0x00, 0x00,
    0x00, 0x00, 0x00, 0x00,
    0x00, 0x00, 0x00, 0x00,
    0x00, 0x00, 0x00, 0x00,
    0x00, 0x00, 0x00, 0x00,
    0x00, 0x00, 0x00, 0x00,
    0x00, 0x00, 0x00, 0x00,
    0x00, 0x00, 0x00, 0x00,

    0xFF, 0xFF, 0xFF, 0xFF,
    0xFF, 0xFF, 0xFF, 0xFF,
    0xFF, 0xFF, 0xFF, 0xFF,
    0xFF, 0xFF, 0xFF, 0xFF,
    0xFF, 0xFF, 0xFF, 0xFF,
    0xFF, 0xFF, 0xFF, 0xFF,
    0xFF, 0xFF, 0xFF, 0xFF,
    0xFF, 0xFF, 0xFF, 0xFF,

    0x00, 0x00, 0x00, 0x00,
    0x00, 0x00, 0x00, 0x00,
    0x00, 0x00, 0x00, 0x00,
    0x00, 0x00, 0x00, 0x00,
    0x00, 0x00, 0x00, 0x00,
    0x00, 0x00, 0x00, 0x00,
    0x00, 0x00, 0x00, 0x00,
    0x00, 0x00, 0x00, 0x00,

    0xFF, 0xFF, 0xFF, 0xFF,
    0xFF, 0xFF, 0xFF, 0xFF,
    0xFF, 0xFF, 0xFF, 0xFF,
    0xFF, 0xFF, 0xFF, 0xFF,
    0xFF, 0xFF, 0xFF, 0xFF,
    0xFF, 0xFF, 0xFF, 0xFF,
    0xFF, 0xFF, 0xFF, 0xFF,
    0xFF, 0xFF, 0xFF, 0xFF,


/* Tile ID 410, isSolid: false */
    0x00, 0x00, 0x00, 0x00,
    0x00, 0x00, 0x00, 0x00,
    0x00, 0x00, 0x00, 0x00,
    0x00, 0x00, 0x00, 0x00,
    0x00, 0x00, 0x00, 0x00,
    0x00, 0x00, 0x00, 0x00,
    0x00, 0x00, 0x00, 0x00,
    0x00, 0x00, 0x00, 0x00,

    0xFF, 0xFF, 0xFF, 0xFF,
    0xFF, 0xFF, 0xFF, 0xFF,
    0xFF, 0xFF, 0xFF, 0xFF,
    0xFF, 0xFF, 0xFF, 0xFF,
    0xFF, 0xFF, 0xFF, 0xFF,
    0xFF, 0xFF, 0xFF, 0xFF,
    0xFF, 0xFF, 0xFF, 0xFF,
    0xFF, 0xFF, 0xFF, 0xFF,

    0x00, 0x00, 0x00, 0x00,
    0x00, 0x00, 0x00, 0x00,
    0x00, 0x00, 0x00, 0x00,
    0x00, 0x00, 0x00, 0x00,
    0x00, 0x00, 0x00, 0x00,
    0x00, 0x00, 0x00, 0x00,
    0x00, 0x00, 0x00, 0x00,
    0x00, 0x00, 0x00, 0x00,

    0xFF, 0xFF, 0xFF, 0xFF,
    0xFF, 0xFF, 0xFF, 0xFF,
    0xFF, 0xFF, 0xFF, 0xFF,
    0xFF, 0xFF, 0xFF, 0xFF,
    0xFF, 0xFF, 0xFF, 0xFF,
    0xFF, 0xFF, 0xFF, 0xFF,
    0xFF, 0xFF, 0xFF, 0xFF,
    0xFF, 0xFF, 0xFF, 0xFF,


/* Tile ID 411, isSolid: false */
    0x00, 0x00, 0x00, 0x00,
    0x00, 0x00, 0x00, 0x00,
    0x00, 0x00, 0x00, 0x00,
    0x00, 0x00, 0x00, 0x00,
    0x00, 0x00, 0x00, 0x00,
    0x00, 0x00, 0x00, 0x00,
    0x00, 0x00, 0x00, 0x00,
    0x00, 0x00, 0x00, 0x00,

    0xFF, 0xFF, 0xFF, 0xFF,
    0xFF, 0xFF, 0xFF, 0xFF,
    0xFF, 0xFF, 0xFF, 0xFF,
    0xFF, 0xFF, 0xFF, 0xFF,
    0xFF, 0xFF, 0xFF, 0xFF,
    0xFF, 0xFF, 0xFF, 0xFF,
    0xFF, 0xFF, 0xFF, 0xFF,
    0xFF, 0xFF, 0xFF, 0xFF,

    0x00, 0x00, 0x00, 0x00,
    0x00, 0x00, 0x00, 0x00,
    0x00, 0x00, 0x00, 0x00,
    0x00, 0x00, 0x00, 0x00,
    0x00, 0x00, 0x00, 0x00,
    0x00, 0x00, 0x00, 0x00,
    0x00, 0x00, 0x00, 0x00,
    0x00, 0x00, 0x00, 0x00,

    0xFF, 0xFF, 0xFF, 0xFF,
    0xFF, 0xFF, 0xFF, 0xFF,
    0xFF, 0xFF, 0xFF, 0xFF,
    0xFF, 0xFF, 0xFF, 0xFF,
    0xFF, 0xFF, 0xFF, 0xFF,
    0xFF, 0xFF, 0xFF, 0xFF,
    0xFF, 0xFF, 0xFF, 0xFF,
    0xFF, 0xFF, 0xFF, 0xFF,


/* Tile ID 412, isSolid: false */
    0x00, 0x00, 0x00, 0x00,
    0x00, 0x00, 0x00, 0x00,
    0x00, 0x00, 0x00, 0x00,
    0x00, 0x00, 0x00, 0x00,
    0x00, 0x00, 0x00, 0x00,
    0x00, 0x00, 0x00, 0x00,
    0x00, 0x00, 0x00, 0x00,
    0x00, 0x00, 0x00, 0x00,

    0xFF, 0xFF, 0xFF, 0xFF,
    0xFF, 0xFF, 0xFF, 0xFF,
    0xFF, 0xFF, 0xFF, 0xFF,
    0xFF, 0xFF, 0xFF, 0xFF,
    0xFF, 0xFF, 0xFF, 0xFF,
    0xFF, 0xFF, 0xFF, 0xFF,
    0xFF, 0xFF, 0xFF, 0xFF,
    0xFF, 0xFF, 0xFF, 0xFF,

    0x00, 0x00, 0x00, 0x00,
    0x00, 0x00, 0x00, 0x00,
    0x00, 0x00, 0x00, 0x00,
    0x00, 0x00, 0x00, 0x00,
    0x00, 0x00, 0x00, 0x00,
    0x00, 0x00, 0x00, 0x00,
    0x00, 0x00, 0x00, 0x00,
    0x00, 0x00, 0x00, 0x00,

    0xFF, 0xFF, 0xFF, 0xFF,
    0xFF, 0xFF, 0xFF, 0xFF,
    0xFF, 0xFF, 0xFF, 0xFF,
    0xFF, 0xFF, 0xFF, 0xFF,
    0xFF, 0xFF, 0xFF, 0xFF,
    0xFF, 0xFF, 0xFF, 0xFF,
    0xFF, 0xFF, 0xFF, 0xFF,
    0xFF, 0xFF, 0xFF, 0xFF,


/* Tile ID 413, isSolid: false */
    0x00, 0x00, 0x00, 0x00,
    0x00, 0x00, 0x00, 0x00,
    0x00, 0x00, 0x00, 0x00,
    0x00, 0x00, 0x00, 0x00,
    0x00, 0x00, 0x00, 0x00,
    0x00, 0x00, 0x00, 0x00,
    0x00, 0x00, 0x00, 0x00,
    0x00, 0x00, 0x00, 0x00,

    0xFF, 0xFF, 0xFF, 0xFF,
    0xFF, 0xFF, 0xFF, 0xFF,
    0xFF, 0xFF, 0xFF, 0xFF,
    0xFF, 0xFF, 0xFF, 0xFF,
    0xFF, 0xFF, 0xFF, 0xFF,
    0xFF, 0xFF, 0xFF, 0xFF,
    0xFF, 0xFF, 0xFF, 0xFF,
    0xFF, 0xFF, 0xFF, 0xFF,

    0x00, 0x00, 0x00, 0x00,
    0x00, 0x00, 0x00, 0x00,
    0x00, 0x00, 0x00, 0x00,
    0x00, 0x00, 0x00, 0x00,
    0x00, 0x00, 0x00, 0x00,
    0x00, 0x00, 0x00, 0x00,
    0x00, 0x00, 0x00, 0x00,
    0x00, 0x00, 0x00, 0x00,

    0xFF, 0xFF, 0xFF, 0xFF,
    0xFF, 0xFF, 0xFF, 0xFF,
    0xFF, 0xFF, 0xFF, 0xFF,
    0xFF, 0xFF, 0xFF, 0xFF,
    0xFF, 0xFF, 0xFF, 0xFF,
    0xFF, 0xFF, 0xFF, 0xFF,
    0xFF, 0xFF, 0xFF, 0xFF,
    0xFF, 0xFF, 0xFF, 0xFF,


/* Tile ID 414, isSolid: false */
    0x00, 0x00, 0x00, 0x00,
    0x00, 0x00, 0x00, 0x00,
    0x00, 0x00, 0x00, 0x00,
    0x00, 0x00, 0x00, 0x00,
    0x00, 0x00, 0x00, 0x00,
    0x00, 0x00, 0x00, 0x00,
    0x00, 0x00, 0x00, 0x00,
    0x00, 0x00, 0x00, 0x00,

    0xFF, 0xFF, 0xFF, 0xFF,
    0xFF, 0xFF, 0xFF, 0xFF,
    0xFF, 0xFF, 0xFF, 0xFF,
    0xFF, 0xFF, 0xFF, 0xFF,
    0xFF, 0xFF, 0xFF, 0xFF,
    0xFF, 0xFF, 0xFF, 0xFF,
    0xFF, 0xFF, 0xFF, 0xFF,
    0xFF, 0xFF, 0xFF, 0xFF,

    0x00, 0x00, 0x00, 0x00,
    0x00, 0x00, 0x00, 0x00,
    0x00, 0x00, 0x00, 0x00,
    0x00, 0x00, 0x00, 0x00,
    0x00, 0x00, 0x00, 0x00,
    0x00, 0x00, 0x00, 0x00,
    0x00, 0x00, 0x00, 0x00,
    0x00, 0x00, 0x00, 0x00,

    0xFF, 0xFF, 0xFF, 0xFF,
    0xFF, 0xFF, 0xFF, 0xFF,
    0xFF, 0xFF, 0xFF, 0xFF,
    0xFF, 0xFF, 0xFF, 0xFF,
    0xFF, 0xFF, 0xFF, 0xFF,
    0xFF, 0xFF, 0xFF, 0xFF,
    0xFF, 0xFF, 0xFF, 0xFF,
    0xFF, 0xFF, 0xFF, 0xFF,


/* Tile ID 415, isSolid: false */
    0x00, 0x00, 0x00, 0x00,
    0x00, 0x00, 0x00, 0x00,
    0x00, 0x00, 0x00, 0x00,
    0x00, 0x00, 0x00, 0x00,
    0x00, 0x00, 0x00, 0x00,
    0x00, 0x00, 0x00, 0x00,
    0x00, 0x00, 0x00, 0x00,
    0x00, 0x00, 0x00, 0x00,

    0xFF, 0xFF, 0xFF, 0xFF,
    0xFF, 0xFF, 0xFF, 0xFF,
    0xFF, 0xFF, 0xFF, 0xFF,
    0xFF, 0xFF, 0xFF, 0xFF,
    0xFF, 0xFF, 0xFF, 0xFF,
    0xFF, 0xFF, 0xFF, 0xFF,
    0xFF, 0xFF, 0xFF, 0xFF,
    0xFF, 0xFF, 0xFF, 0xFF,

    0x00, 0x00, 0x00, 0x00,
    0x00, 0x00, 0x00, 0x00,
    0x00, 0x00, 0x00, 0x00,
    0x00, 0x00, 0x00, 0x00,
    0x00, 0x00, 0x00, 0x00,
    0x00, 0x00, 0x00, 0x00,
    0x00, 0x00, 0x00, 0x00,
    0x00, 0x00, 0x00, 0x00,

    0xFF, 0xFF, 0xFF, 0xFF,
    0xFF, 0xFF, 0xFF, 0xFF,
    0xFF, 0xFF, 0xFF, 0xFF,
    0xFF, 0xFF, 0xFF, 0xFF,
    0xFF, 0xFF, 0xFF, 0xFF,
    0xFF, 0xFF, 0xFF, 0xFF,
    0xFF, 0xFF, 0xFF, 0xFF,
    0xFF, 0xFF, 0xFF, 0xFF,


/* Tile ID 416, isSolid: false */
    0x00, 0x00, 0x00, 0x00,
    0x00, 0x00, 0x00, 0x00,
    0x00, 0x00, 0x00, 0x00,
    0x00, 0x00, 0x00, 0x00,
    0x00, 0x00, 0x00, 0x00,
    0x00, 0x00, 0x00, 0x00,
    0x00, 0x00, 0x00, 0x00,
    0x00, 0x00, 0x00, 0x00,

    0xFF, 0xFF, 0xFF, 0xFF,
    0xFF, 0xFF, 0xFF, 0xFF,
    0xFF, 0xFF, 0xFF, 0xFF,
    0xFF, 0xFF, 0xFF, 0xFF,
    0xFF, 0xFF, 0xFF, 0xFF,
    0xFF, 0xFF, 0xFF, 0xFF,
    0xFF, 0xFF, 0xFF, 0xFF,
    0xFF, 0xFF, 0xFF, 0xFF,

    0x00, 0x00, 0x00, 0x00,
    0x00, 0x00, 0x00, 0x00,
    0x00, 0x00, 0x00, 0x00,
    0x00, 0x00, 0x00, 0x00,
    0x00, 0x00, 0x00, 0x00,
    0x00, 0x00, 0x00, 0x00,
    0x00, 0x00, 0x00, 0x00,
    0x00, 0x00, 0x00, 0x00,

    0xFF, 0xFF, 0xFF, 0xFF,
    0xFF, 0xFF, 0xFF, 0xFF,
    0xFF, 0xFF, 0xFF, 0xFF,
    0xFF, 0xFF, 0xFF, 0xFF,
    0xFF, 0xFF, 0xFF, 0xFF,
    0xFF, 0xFF, 0xFF, 0xFF,
    0xFF, 0xFF, 0xFF, 0xFF,
    0xFF, 0xFF, 0xFF, 0xFF,


/* Tile ID 417, isSolid: false */
    0x00, 0x00, 0x00, 0x00,
    0x00, 0x00, 0x00, 0x00,
    0x00, 0x00, 0x00, 0x00,
    0x00, 0x00, 0x00, 0x00,
    0x00, 0x00, 0x00, 0x00,
    0x00, 0x00, 0x00, 0x00,
    0x00, 0x00, 0x00, 0x00,
    0x00, 0x00, 0x00, 0x00,

    0xFF, 0xFF, 0xFF, 0xFF,
    0xFF, 0xFF, 0xFF, 0xFF,
    0xFF, 0xFF, 0xFF, 0xFF,
    0xFF, 0xFF, 0xFF, 0xFF,
    0xFF, 0xFF, 0xFF, 0xFF,
    0xFF, 0xFF, 0xFF, 0xFF,
    0xFF, 0xFF, 0xFF, 0xFF,
    0xFF, 0xFF, 0xFF, 0xFF,

    0x00, 0x00, 0x00, 0x00,
    0x00, 0x00, 0x00, 0x00,
    0x00, 0x00, 0x00, 0x00,
    0x00, 0x00, 0x00, 0x00,
    0x00, 0x00, 0x00, 0x00,
    0x00, 0x00, 0x00, 0x00,
    0x00, 0x00, 0x00, 0x00,
    0x00, 0x00, 0x00, 0x00,

    0xFF, 0xFF, 0xFF, 0xFF,
    0xFF, 0xFF, 0xFF, 0xFF,
    0xFF, 0xFF, 0xFF, 0xFF,
    0xFF, 0xFF, 0xFF, 0xFF,
    0xFF, 0xFF, 0xFF, 0xFF,
    0xFF, 0xFF, 0xFF, 0xFF,
    0xFF, 0xFF, 0xFF, 0xFF,
    0xFF, 0xFF, 0xFF, 0xFF,


/* Tile ID 418, isSolid: true */
    0x66, 0x66, 0x66, 0x66,
    0x66, 0x66, 0x66, 0x66,
    0x66, 0x66, 0x66, 0x66,
    0x66, 0x66, 0x66, 0x66,
    0x66, 0x66, 0x66, 0x66,
    0x66, 0x66, 0x66, 0x66,
    0x66, 0x66, 0x66, 0x66,
    0x66, 0x66, 0x66, 0x66,

    0x00, 0x00, 0x00, 0x00,
    0x00, 0x00, 0x00, 0x00,
    0x00, 0x00, 0x00, 0x00,
    0x00, 0x00, 0x00, 0x00,
    0x00, 0x00, 0x00, 0x00,
    0x00, 0x00, 0x00, 0x00,
    0x00, 0x00, 0x00, 0x00,
    0x00, 0x00, 0x00, 0x00,

    0x66, 0x66, 0x66, 0x66,
    0x66, 0x66, 0x66, 0x66,
    0x66, 0x66, 0x66, 0x66,
    0x66, 0x66, 0x66, 0x66,
    0x66, 0x66, 0x66, 0x66,
    0x66, 0x66, 0x66, 0x66,
    0x66, 0x66, 0x66, 0x66,
    0x66, 0x66, 0x66, 0x66,

    0x00, 0x00, 0x00, 0x00,
    0x00, 0x00, 0x00, 0x00,
    0x00, 0x00, 0x00, 0x00,
    0x00, 0x00, 0x00, 0x00,
    0x00, 0x00, 0x00, 0x00,
    0x00, 0x00, 0x00, 0x00,
    0x00, 0x00, 0x00, 0x00,
    0x00, 0x00, 0x00, 0x00,


/* Tile ID 419, isSolid: false */
    0x60, 0x00, 0x00, 0x00,
    0x60, 0x00, 0x00, 0x00,
    0x66, 0x66, 0x66, 0x66,
    0x66, 0x66, 0x66, 0x66,
    0x66, 0x66, 0x66, 0x66,
    0x60, 0x00, 0x00, 0x00,
    0x60, 0x00, 0x00, 0x00,
    0x60, 0x00, 0x00, 0x00,

    0x0F, 0xFF, 0xFF, 0xFF,
    0x0F, 0xFF, 0xFF, 0xFF,
    0x00, 0x00, 0x00, 0x00,
    0x00, 0x00, 0x00, 0x00,
    0x00, 0x00, 0x00, 0x00,
    0x0F, 0xFF, 0xFF, 0xFF,
    0x0F, 0xFF, 0xFF, 0xFF,
    0x0F, 0xFF, 0xFF, 0xFF,

    0x00, 0x00, 0x00, 0x06,
    0x00, 0x00, 0x00, 0x06,
    0x66, 0x66, 0x66, 0x66,
    0x66, 0x66, 0x66, 0x66,
    0x66, 0x66, 0x66, 0x66,
    0x00, 0x00, 0x00, 0x06,
    0x00, 0x00, 0x00, 0x06,
    0x00, 0x00, 0x00, 0x06,

    0xFF, 0xFF, 0xFF, 0xF0,
    0xFF, 0xFF, 0xFF, 0xF0,
    0x00, 0x00, 0x00, 0x00,
    0x00, 0x00, 0x00, 0x00,
    0x00, 0x00, 0x00, 0x00,
    0xFF, 0xFF, 0xFF, 0xF0,
    0xFF, 0xFF, 0xFF, 0xF0,
    0xFF, 0xFF, 0xFF, 0xF0,


/* Tile ID 420, isSolid: false */
    0x06, 0x66, 0x66, 0x66,
    0x66, 0x66, 0x66, 0x66,
    0x66, 0x66, 0x66, 0x66,
    0x66, 0x66, 0x66, 0x00,
    0x66, 0x00, 0x00, 0x00,
    0x00, 0x00, 0x00, 0x00,
    0x00, 0x00, 0x00, 0x00,
    0x00, 0x00, 0x00, 0x00,

    0xF0, 0x00, 0x00, 0x00,
    0x00, 0x00, 0x00, 0x00,
    0x00, 0x00, 0x00, 0x00,
    0x00, 0x00, 0x00, 0xFF,
    0x00, 0xFF, 0xFF, 0xFF,
    0xFF, 0xFF, 0xFF, 0xFF,
    0xFF, 0xFF, 0xFF, 0xFF,
    0xFF, 0xFF, 0xFF, 0xFF,

    0x66, 0x66, 0x66, 0x60,
    0x66, 0x66, 0x66, 0x66,
    0x66, 0x66, 0x66, 0x66,
    0x00, 0x66, 0x66, 0x66,
    0x00, 0x00, 0x00, 0x66,
    0x00, 0x00, 0x00, 0x00,
    0x00, 0x00, 0x00, 0x00,
    0x00, 0x00, 0x00, 0x00,

    0x00, 0x00, 0x00, 0x0F,
    0x00, 0x00, 0x00, 0x00,
    0x00, 0x00, 0x00, 0x00,
    0xFF, 0x00, 0x00, 0x00,
    0xFF, 0xFF, 0xFF, 0x00,
    0xFF, 0xFF, 0xFF, 0xFF,
    0xFF, 0xFF, 0xFF, 0xFF,
    0xFF, 0xFF, 0xFF, 0xFF,


/* Tile ID 421, isSolid: false */
    0x66, 0x00, 0x00, 0x00,
    0x66, 0x00, 0x00, 0x00,
    0x00, 0x00, 0x00, 0x00,
    0x00, 0x00, 0x00, 0x00,
    0x00, 0x00, 0x00, 0x00,
    0x00, 0x00, 0x00, 0x00,
    0x00, 0x00, 0x00, 0x00,
    0x00, 0x00, 0x00, 0x00,

    0x00, 0xFF, 0xFF, 0xFF,
    0x00, 0xFF, 0xFF, 0xFF,
    0xFF, 0xFF, 0xFF, 0xFF,
    0xFF, 0xFF, 0xFF, 0xFF,
    0xFF, 0xFF, 0xFF, 0xFF,
    0xFF, 0xFF, 0xFF, 0xFF,
    0xFF, 0xFF, 0xFF, 0xFF,
    0xFF, 0xFF, 0xFF, 0xFF,

    0x00, 0x00, 0x00, 0x66,
    0x00, 0x00, 0x00, 0x66,
    0x00, 0x00, 0x00, 0x00,
    0x00, 0x00, 0x00, 0x00,
    0x00, 0x00, 0x00, 0x00,
    0x00, 0x00, 0x00, 0x00,
    0x00, 0x00, 0x00, 0x00,
    0x00, 0x00, 0x00, 0x00,

    0xFF, 0xFF, 0xFF, 0x00,
    0xFF, 0xFF, 0xFF, 0x00,
    0xFF, 0xFF, 0xFF, 0xFF,
    0xFF, 0xFF, 0xFF, 0xFF,
    0xFF, 0xFF, 0xFF, 0xFF,
    0xFF, 0xFF, 0xFF, 0xFF,
    0xFF, 0xFF, 0xFF, 0xFF,
    0xFF, 0xFF, 0xFF, 0xFF,


/* Tile ID 422, isSolid: false */
    0x00, 0x00, 0x00, 0x00,
    0x00, 0x00, 0x00, 0x00,
    0x00, 0x00, 0x00, 0x00,
    0x00, 0x00, 0x00, 0x0C,
    0x00, 0x00, 0x00, 0x0C,
    0x00, 0x00, 0x00, 0x0C,
    0x00, 0x00, 0x00, 0xCC,
    0x00, 0x00, 0x00, 0xCC,

    0xFF, 0xFF, 0xFF, 0xFF,
    0xFF, 0xFF, 0xFF, 0xFF,
    0xFF, 0xFF, 0xFF, 0xFF,
    0xFF, 0xFF, 0xFF, 0xF0,
    0xFF, 0xFF, 0xFF, 0xF0,
    0xFF, 0xFF, 0xFF, 0xF0,
    0xFF, 0xFF, 0xFF, 0x00,
    0xFF, 0xFF, 0xFF, 0x00,

    0x00, 0x00, 0x00, 0x00,
    0x00, 0x00, 0x00, 0x00,
    0x00, 0x00, 0x00, 0x00,
    0xC0, 0x00, 0x00, 0x00,
    0xC0, 0x00, 0x00, 0x00,
    0xC0, 0x00, 0x00, 0x00,
    0xCC, 0x00, 0x00, 0x00,
    0xCC, 0x00, 0x00, 0x00,

    0xFF, 0xFF, 0xFF, 0xFF,
    0xFF, 0xFF, 0xFF, 0xFF,
    0xFF, 0xFF, 0xFF, 0xFF,
    0x0F, 0xFF, 0xFF, 0xFF,
    0x0F, 0xFF, 0xFF, 0xFF,
    0x0F, 0xFF, 0xFF, 0xFF,
    0x00, 0xFF, 0xFF, 0xFF,
    0x00, 0xFF, 0xFF, 0xFF,


/* Tile ID 423, isSolid: false */
    0xCC, 0xC0, 0x00, 0x00,
    0xCC, 0xC0, 0x00, 0x00,
    0xCC, 0x00, 0x00, 0x00,
    0xCC, 0xC0, 0x00, 0x00,
    0xCC, 0xCC, 0xCC, 0xCC,
    0xCC, 0xCC, 0xCC, 0xCC,
    0xCC, 0xCC, 0xCC, 0xCC,
    0xC0, 0x00, 0x00, 0x00,

    0x00, 0x0F, 0xFF, 0xFF,
    0x00, 0x0F, 0xFF, 0xFF,
    0x00, 0xFF, 0xFF, 0xFF,
    0x00, 0x0F, 0xFF, 0xFF,
    0x00, 0x00, 0x00, 0x00,
    0x00, 0x00, 0x00, 0x00,
    0x00, 0x00, 0x00, 0x00,
    0x0F, 0xFF, 0xFF, 0xFF,

    0x00, 0x00, 0x0C, 0xCC,
    0x00, 0x00, 0x0C, 0xCC,
    0x00, 0x00, 0x00, 0xCC,
    0x00, 0x00, 0x0C, 0xCC,
    0xCC, 0xCC, 0xCC, 0xCC,
    0xCC, 0xCC, 0xCC, 0xCC,
    0xCC, 0xCC, 0xCC, 0xCC,
    0x00, 0x00, 0x00, 0x0C,

    0xFF, 0xFF, 0xF0, 0x00,
    0xFF, 0xFF, 0xF0, 0x00,
    0xFF, 0xFF, 0xFF, 0x00,
    0xFF, 0xFF, 0xF0, 0x00,
    0x00, 0x00, 0x00, 0x00,
    0x00, 0x00, 0x00, 0x00,
    0x00, 0x00, 0x00, 0x00,
    0xFF, 0xFF, 0xFF, 0xF0,


/* Tile ID 424, isSolid: false */
    0x00, 0x0C, 0xCC, 0xCC,
    0x00, 0x0C, 0xCC, 0xCC,
    0x00, 0x00, 0xCC, 0xCC,
    0x00, 0x0C, 0xCC, 0xCC,
    0xCC, 0xCC, 0xCC, 0xCC,
    0xCC, 0xCC, 0xCC, 0xCC,
    0xCC, 0xCC, 0xCC, 0xCC,
    0x00, 0x00, 0xCC, 0xCC,

    0xFF, 0xF0, 0x00, 0x00,
    0xFF, 0xF0, 0x00, 0x00,
    0xFF, 0xFF, 0x00, 0x00,
    0xFF, 0xF0, 0x00, 0x00,
    0x00, 0x00, 0x00, 0x00,
    0x00, 0x00, 0x00, 0x00,
    0x00, 0x00, 0x00, 0x00,
    0xFF, 0xFF, 0x00, 0x00,

    0xCC, 0xCC, 0xC0, 0x00,
    0xCC, 0xCC, 0xC0, 0x00,
    0xCC, 0xCC, 0x00, 0x00,
    0xCC, 0xCC, 0xC0, 0x00,
    0xCC, 0xCC, 0xCC, 0xCC,
    0xCC, 0xCC, 0xCC, 0xCC,
    0xCC, 0xCC, 0xCC, 0xCC,
    0xCC, 0xCC, 0x00, 0x00,

    0x00, 0x00, 0x0F, 0xFF,
    0x00, 0x00, 0x0F, 0xFF,
    0x00, 0x00, 0xFF, 0xFF,
    0x00, 0x00, 0x0F, 0xFF,
    0x00, 0x00, 0x00, 0x00,
    0x00, 0x00, 0x00, 0x00,
    0x00, 0x00, 0x00, 0x00,
    0x00, 0x00, 0xFF, 0xFF,


/* Tile ID 425, isSolid: false */
    0xCC, 0xC0, 0x00, 0x00,
    0xCC, 0xC0, 0x00, 0x00,
    0xCC, 0xCC, 0x00, 0x00,
    0xCC, 0xCC, 0x00, 0x00,
    0xCC, 0xCC, 0x00, 0x00,
    0xCC, 0xCC, 0xC0, 0x00,
    0xCC, 0xCC, 0xC0, 0x00,
    0xCC, 0xCC, 0xC0, 0x00,

    0x00, 0x0F, 0xFF, 0xFF,
    0x00, 0x0F, 0xFF, 0xFF,
    0x00, 0x00, 0xFF, 0xFF,
    0x00, 0x00, 0xFF, 0xFF,
    0x00, 0x00, 0xFF, 0xFF,
    0x00, 0x00, 0x0F, 0xFF,
    0x00, 0x00, 0x0F, 0xFF,
    0x00, 0x00, 0x0F, 0xFF,

    0x00, 0x00, 0x0C, 0xCC,
    0x00, 0x00, 0x0C, 0xCC,
    0x00, 0x00, 0xCC, 0xCC,
    0x00, 0x00, 0xCC, 0xCC,
    0x00, 0x00, 0xCC, 0xCC,
    0x00, 0x0C, 0xCC, 0xCC,
    0x00, 0x0C, 0xCC, 0xCC,
    0x00, 0x0C, 0xCC, 0xCC,

    0xFF, 0xFF, 0xF0, 0x00,
    0xFF, 0xFF, 0xF0, 0x00,
    0xFF, 0xFF, 0x00, 0x00,
    0xFF, 0xFF, 0x00, 0x00,
    0xFF, 0xFF, 0x00, 0x00,
    0xFF, 0xF0, 0x00, 0x00,
    0xFF, 0xF0, 0x00, 0x00,
    0xFF, 0xF0, 0x00, 0x00,


/* Tile ID 426, isSolid: false */
    0x00, 0x00, 0x00, 0x00,
    0x00, 0x00, 0x00, 0x00,
    0x00, 0x00, 0x00, 0x00,
    0x00, 0x00, 0x00, 0x00,
    0x00, 0x00, 0x00, 0x00,
    0x00, 0x00, 0x00, 0x00,
    0x00, 0x00, 0x00, 0x00,
    0x00, 0x00, 0x00, 0x00,

    0xFF, 0xFF, 0xFF, 0xFF,
    0xFF, 0xFF, 0xFF, 0xFF,
    0xFF, 0xFF, 0xFF, 0xFF,
    0xFF, 0xFF, 0xFF, 0xFF,
    0xFF, 0xFF, 0xFF, 0xFF,
    0xFF, 0xFF, 0xFF, 0xFF,
    0xFF, 0xFF, 0xFF, 0xFF,
    0xFF, 0xFF, 0xFF, 0xFF,

    0x00, 0x00, 0x00, 0x00,
    0x00, 0x00, 0x00, 0x00,
    0x00, 0x00, 0x00, 0x00,
    0x00, 0x00, 0x00, 0x00,
    0x00, 0x00, 0x00, 0x00,
    0x00, 0x00, 0x00, 0x00,
    0x00, 0x00, 0x00, 0x00,
    0x00, 0x00, 0x00, 0x00,

    0xFF, 0xFF, 0xFF, 0xFF,
    0xFF, 0xFF, 0xFF, 0xFF,
    0xFF, 0xFF, 0xFF, 0xFF,
    0xFF, 0xFF, 0xFF, 0xFF,
    0xFF, 0xFF, 0xFF, 0xFF,
    0xFF, 0xFF, 0xFF, 0xFF,
    0xFF, 0xFF, 0xFF, 0xFF,
    0xFF, 0xFF, 0xFF, 0xFF,


/* Tile ID 427, isSolid: false */
    0x01, 0x11, 0x11, 0x11,
    0x01, 0x11, 0x11, 0x11,
    0x01, 0x11, 0x11, 0x11,
    0x01, 0x11, 0x11, 0x11,
    0x01, 0x11, 0x11, 0x11,
    0x01, 0x11, 0x11, 0x11,
    0x01, 0x11, 0x11, 0x11,
    0x01, 0x11, 0x11, 0x11,

    0xF0, 0x00, 0x00, 0x00,
    0xF0, 0x00, 0x00, 0x00,
    0xF0, 0x00, 0x00, 0x00,
    0xF0, 0x00, 0x00, 0x00,
    0xF0, 0x00, 0x00, 0x00,
    0xF0, 0x00, 0x00, 0x00,
    0xF0, 0x00, 0x00, 0x00,
    0xF0, 0x00, 0x00, 0x00,

    0x11, 0x11, 0x11, 0x10,
    0x11, 0x11, 0x11, 0x10,
    0x11, 0x11, 0x11, 0x10,
    0x11, 0x11, 0x11, 0x10,
    0x11, 0x11, 0x11, 0x10,
    0x11, 0x11, 0x11, 0x10,
    0x11, 0x11, 0x11, 0x10,
    0x11, 0x11, 0x11, 0x10,

    0x00, 0x00, 0x00, 0x0F,
    0x00, 0x00, 0x00, 0x0F,
    0x00, 0x00, 0x00, 0x0F,
    0x00, 0x00, 0x00, 0x0F,
    0x00, 0x00, 0x00, 0x0F,
    0x00, 0x00, 0x00, 0x0F,
    0x00, 0x00, 0x00, 0x0F,
    0x00, 0x00, 0x00, 0x0F,


/* Tile ID 428, isSolid: false */
    0x11, 0x11, 0x00, 0x00,
    0x11, 0x11, 0x00, 0x00,
    0x11, 0x11, 0x00, 0x00,
    0x11, 0x11, 0x00, 0x00,
    0x11, 0x11, 0x00, 0x00,
    0x11, 0x11, 0x00, 0x00,
    0x11, 0x11, 0x00, 0x00,
    0x11, 0x11, 0x00, 0x00,

    0x00, 0x00, 0xFF, 0xFF,
    0x00, 0x00, 0xFF, 0xFF,
    0x00, 0x00, 0xFF, 0xFF,
    0x00, 0x00, 0xFF, 0xFF,
    0x00, 0x00, 0xFF, 0xFF,
    0x00, 0x00, 0xFF, 0xFF,
    0x00, 0x00, 0xFF, 0xFF,
    0x00, 0x00, 0xFF, 0xFF,

    0x00, 0x00, 0x11, 0x11,
    0x00, 0x00, 0x11, 0x11,
    0x00, 0x00, 0x11, 0x11,
    0x00, 0x00, 0x11, 0x11,
    0x00, 0x00, 0x11, 0x11,
    0x00, 0x00, 0x11, 0x11,
    0x00, 0x00, 0x11, 0x11,
    0x00, 0x00, 0x11, 0x11,

    0xFF, 0xFF, 0x00, 0x00,
    0xFF, 0xFF, 0x00, 0x00,
    0xFF, 0xFF, 0x00, 0x00,
    0xFF, 0xFF, 0x00, 0x00,
    0xFF, 0xFF, 0x00, 0x00,
    0xFF, 0xFF, 0x00, 0x00,
    0xFF, 0xFF, 0x00, 0x00,
    0xFF, 0xFF, 0x00, 0x00,


/* Tile ID 429, isSolid: false */
    0x00, 0x00, 0x00, 0x00,
    0x00, 0x00, 0x00, 0x00,
    0x00, 0x00, 0x00, 0x00,
    0x00, 0x00, 0x00, 0x00,
    0x00, 0x00, 0x00, 0x00,
    0x00, 0x00, 0x00, 0x00,
    0x00, 0x00, 0x00, 0x00,
    0x00, 0x00, 0x00, 0x00,

    0xFF, 0xFF, 0xFF, 0xFF,
    0xFF, 0xFF, 0xFF, 0xFF,
    0xFF, 0xFF, 0xFF, 0xFF,
    0xFF, 0xFF, 0xFF, 0xFF,
    0xFF, 0xFF, 0xFF, 0xFF,
    0xFF, 0xFF, 0xFF, 0xFF,
    0xFF, 0xFF, 0xFF, 0xFF,
    0xFF, 0xFF, 0xFF, 0xFF,

    0x00, 0x00, 0x00, 0x00,
    0x00, 0x00, 0x00, 0x00,
    0x00, 0x00, 0x00, 0x00,
    0x00, 0x00, 0x00, 0x00,
    0x00, 0x00, 0x00, 0x00,
    0x00, 0x00, 0x00, 0x00,
    0x00, 0x00, 0x00, 0x00,
    0x00, 0x00, 0x00, 0x00,

    0xFF, 0xFF, 0xFF, 0xFF,
    0xFF, 0xFF, 0xFF, 0xFF,
    0xFF, 0xFF, 0xFF, 0xFF,
    0xFF, 0xFF, 0xFF, 0xFF,
    0xFF, 0xFF, 0xFF, 0xFF,
    0xFF, 0xFF, 0xFF, 0xFF,
    0xFF, 0xFF, 0xFF, 0xFF,
    0xFF, 0xFF, 0xFF, 0xFF,


/* Tile ID 430, isSolid: false */
    0x01, 0x11, 0x11, 0x11,
    0x01, 0x11, 0x11, 0x11,
    0x01, 0x11, 0x11, 0x11,
    0x01, 0x11, 0x11, 0x11,
    0x01, 0x11, 0x11, 0x11,
    0x01, 0x11, 0x11, 0x11,
    0x01, 0x11, 0x11, 0x11,
    0x01, 0x11, 0x11, 0x11,

    0xF0, 0x00, 0x00, 0x00,
    0xF0, 0x00, 0x00, 0x00,
    0xF0, 0x00, 0x00, 0x00,
    0xF0, 0x00, 0x00, 0x00,
    0xF0, 0x00, 0x00, 0x00,
    0xF0, 0x00, 0x00, 0x00,
    0xF0, 0x00, 0x00, 0x00,
    0xF0, 0x00, 0x00, 0x00,

    0x11, 0x11, 0x11, 0x10,
    0x11, 0x11, 0x11, 0x10,
    0x11, 0x11, 0x11, 0x10,
    0x11, 0x11, 0x11, 0x10,
    0x11, 0x11, 0x11, 0x10,
    0x11, 0x11, 0x11, 0x10,
    0x11, 0x11, 0x11, 0x10,
    0x11, 0x11, 0x11, 0x10,

    0x00, 0x00, 0x00, 0x0F,
    0x00, 0x00, 0x00, 0x0F,
    0x00, 0x00, 0x00, 0x0F,
    0x00, 0x00, 0x00, 0x0F,
    0x00, 0x00, 0x00, 0x0F,
    0x00, 0x00, 0x00, 0x0F,
    0x00, 0x00, 0x00, 0x0F,
    0x00, 0x00, 0x00, 0x0F,


/* Tile ID 431, isSolid: false */
    0x11, 0x11, 0x00, 0x00,
    0x11, 0x11, 0x00, 0x00,
    0x11, 0x11, 0x00, 0x00,
    0x11, 0x11, 0x00, 0x00,
    0x11, 0x11, 0x00, 0x00,
    0x11, 0x11, 0x00, 0x00,
    0x11, 0x11, 0x00, 0x00,
    0x11, 0x11, 0x00, 0x00,

    0x00, 0x00, 0xFF, 0xFF,
    0x00, 0x00, 0xFF, 0xFF,
    0x00, 0x00, 0xFF, 0xFF,
    0x00, 0x00, 0xFF, 0xFF,
    0x00, 0x00, 0xFF, 0xFF,
    0x00, 0x00, 0xFF, 0xFF,
    0x00, 0x00, 0xFF, 0xFF,
    0x00, 0x00, 0xFF, 0xFF,

    0x00, 0x00, 0x11, 0x11,
    0x00, 0x00, 0x11, 0x11,
    0x00, 0x00, 0x11, 0x11,
    0x00, 0x00, 0x11, 0x11,
    0x00, 0x00, 0x11, 0x11,
    0x00, 0x00, 0x11, 0x11,
    0x00, 0x00, 0x11, 0x11,
    0x00, 0x00, 0x11, 0x11,

    0xFF, 0xFF, 0x00, 0x00,
    0xFF, 0xFF, 0x00, 0x00,
    0xFF, 0xFF, 0x00, 0x00,
    0xFF, 0xFF, 0x00, 0x00,
    0xFF, 0xFF, 0x00, 0x00,
    0xFF, 0xFF, 0x00, 0x00,
    0xFF, 0xFF, 0x00, 0x00,
    0xFF, 0xFF, 0x00, 0x00,


/* Tile ID 432, isSolid: false */
    0x00, 0x00, 0x00, 0x00,
    0x00, 0x00, 0x00, 0x00,
    0x00, 0x00, 0x00, 0x00,
    0x00, 0x00, 0x00, 0x00,
    0x00, 0x00, 0x00, 0x00,
    0x00, 0x00, 0x00, 0x00,
    0x00, 0x00, 0x00, 0x00,
    0x00, 0x00, 0x00, 0x00,

    0xFF, 0xFF, 0xFF, 0xFF,
    0xFF, 0xFF, 0xFF, 0xFF,
    0xFF, 0xFF, 0xFF, 0xFF,
    0xFF, 0xFF, 0xFF, 0xFF,
    0xFF, 0xFF, 0xFF, 0xFF,
    0xFF, 0xFF, 0xFF, 0xFF,
    0xFF, 0xFF, 0xFF, 0xFF,
    0xFF, 0xFF, 0xFF, 0xFF,

    0x00, 0x00, 0x00, 0x00,
    0x00, 0x00, 0x00, 0x00,
    0x00, 0x00, 0x00, 0x00,
    0x00, 0x00, 0x00, 0x00,
    0x00, 0x00, 0x00, 0x00,
    0x00, 0x00, 0x00, 0x00,
    0x00, 0x00, 0x00, 0x00,
    0x00, 0x00, 0x00, 0x00,

    0xFF, 0xFF, 0xFF, 0xFF,
    0xFF, 0xFF, 0xFF, 0xFF,
    0xFF, 0xFF, 0xFF, 0xFF,
    0xFF, 0xFF, 0xFF, 0xFF,
    0xFF, 0xFF, 0xFF, 0xFF,
    0xFF, 0xFF, 0xFF, 0xFF,
    0xFF, 0xFF, 0xFF, 0xFF,
    0xFF, 0xFF, 0xFF, 0xFF,


/* Tile ID 433, isSolid: false */
    0x99, 0x99, 0x99, 0x99,
    0x09, 0x99, 0x99, 0x99,
    0x00, 0x09, 0x99, 0x99,
    0x00, 0x00, 0x09, 0x99,
    0x00, 0x00, 0x00, 0x09,
    0x00, 0x00, 0x00, 0x00,
    0x00, 0x00, 0x00, 0x00,
    0x00, 0x00, 0x00, 0x00,

    0x00, 0x00, 0x00, 0x00,
    0xF0, 0x00, 0x00, 0x00,
    0xFF, 0xF0, 0x00, 0x00,
    0xFF, 0xFF, 0xF0, 0x00,
    0xFF, 0xFF, 0xFF, 0xF0,
    0xFF, 0xFF, 0xFF, 0xFF,
    0xFF, 0xFF, 0xFF, 0xFF,
    0xFF, 0xFF, 0xFF, 0xFF,

    0x99, 0x99, 0x99, 0x99,
    0x99, 0x99, 0x99, 0x90,
    0x99, 0x99, 0x90, 0x00,
    0x99, 0x90, 0x00, 0x00,
    0x90, 0x00, 0x00, 0x00,
    0x00, 0x00, 0x00, 0x00,
    0x00, 0x00, 0x00, 0x00,
    0x00, 0x00, 0x00, 0x00,

    0x00, 0x00, 0x00, 0x00,
    0x00, 0x00, 0x00, 0x0F,
    0x00, 0x00, 0x0F, 0xFF,
    0x00, 0x0F, 0xFF, 0xFF,
    0x0F, 0xFF, 0xFF, 0xFF,
    0xFF, 0xFF, 0xFF, 0xFF,
    0xFF, 0xFF, 0xFF, 0xFF,
    0xFF, 0xFF, 0xFF, 0xFF,


/* Tile ID 434, isSolid: false */
    0x99, 0x99, 0x99, 0x99,
    0x99, 0x99, 0x99, 0x99,
    0x99, 0x99, 0x99, 0x99,
    0x99, 0x99, 0x99, 0x99,
    0x99, 0x99, 0x99, 0x99,
    0x09, 0x99, 0x99, 0x99,
    0x00, 0x09, 0x99, 0x99,
    0x00, 0x00, 0x99, 0x99,

    0x00, 0x00, 0x00, 0x00,
    0x00, 0x00, 0x00, 0x00,
    0x00, 0x00, 0x00, 0x00,
    0x00, 0x00, 0x00, 0x00,
    0x00, 0x00, 0x00, 0x00,
    0xF0, 0x00, 0x00, 0x00,
    0xFF, 0xF0, 0x00, 0x00,
    0xFF, 0xFF, 0x00, 0x00,

    0x99, 0x99, 0x99, 0x99,
    0x99, 0x99, 0x99, 0x99,
    0x99, 0x99, 0x99, 0x99,
    0x99, 0x99, 0x99, 0x99,
    0x99, 0x99, 0x99, 0x99,
    0x99, 0x99, 0x99, 0x90,
    0x99, 0x99, 0x90, 0x00,
    0x99, 0x99, 0x00, 0x00,

    0x00, 0x00, 0x00, 0x00,
    0x00, 0x00, 0x00, 0x00,
    0x00, 0x00, 0x00, 0x00,
    0x00, 0x00, 0x00, 0x00,
    0x00, 0x00, 0x00, 0x00,
    0x00, 0x00, 0x00, 0x0F,
    0x00, 0x00, 0x0F, 0xFF,
    0x00, 0x00, 0xFF, 0xFF,


/* Tile ID 435, isSolid: false */
    0x99, 0x90, 0x00, 0x00,
    0x99, 0x99, 0x00, 0x00,
    0x99, 0x99, 0x90, 0x00,
    0x99, 0x99, 0x99, 0x00,
    0x99, 0x99, 0x99, 0x90,
    0x99, 0x99, 0x99, 0x90,
    0x99, 0x99, 0x99, 0x99,
    0x99, 0x99, 0x99, 0x99,

    0x00, 0x0F, 0xFF, 0xFF,
    0x00, 0x00, 0xFF, 0xFF,
    0x00, 0x00, 0x0F, 0xFF,
    0x00, 0x00, 0x00, 0xFF,
    0x00, 0x00, 0x00, 0x0F,
    0x00, 0x00, 0x00, 0x0F,
    0x00, 0x00, 0x00, 0x00,
    0x00, 0x00, 0x00, 0x00,

    0x00, 0x00, 0x09, 0x99,
    0x00, 0x00, 0x99, 0x99,
    0x00, 0x09, 0x99, 0x99,
    0x00, 0x99, 0x99, 0x99,
    0x09, 0x99, 0x99, 0x99,
    0x09, 0x99, 0x99, 0x99,
    0x99, 0x99, 0x99, 0x99,
    0x99, 0x99, 0x99, 0x99,

    0xFF, 0xFF, 0xF0, 0x00,
    0xFF, 0xFF, 0x00, 0x00,
    0xFF, 0xF0, 0x00, 0x00,
    0xFF, 0x00, 0x00, 0x00,
    0xF0, 0x00, 0x00, 0x00,
    0xF0, 0x00, 0x00, 0x00,
    0x00, 0x00, 0x00, 0x00,
    0x00, 0x00, 0x00, 0x00,


/* Tile ID 436, isSolid: false */
    0x00, 0x00, 0x00, 0x0D,
    0x00, 0x00, 0x00, 0x0D,
    0x00, 0x00, 0x00, 0x0D,
    0x00, 0x00, 0x00, 0x0D,
    0x00, 0x00, 0x00, 0x0D,
    0x00, 0x00, 0x00, 0x0D,
    0x00, 0x00, 0x00, 0x0D,
    0x00, 0x00, 0x00, 0x0D,

    0xFF, 0xFF, 0xFF, 0xF0,
    0xFF, 0xFF, 0xFF, 0xF0,
    0xFF, 0xFF, 0xFF, 0xF0,
    0xFF, 0xFF, 0xFF, 0xF0,
    0xFF, 0xFF, 0xFF, 0xF0,
    0xFF, 0xFF, 0xFF, 0xF0,
    0xFF, 0xFF, 0xFF, 0xF0,
    0xFF, 0xFF, 0xFF, 0xF0,

    0xD0, 0x00, 0x00, 0x00,
    0xD0, 0x00, 0x00, 0x00,
    0xD0, 0x00, 0x00, 0x00,
    0xD0, 0x00, 0x00, 0x00,
    0xD0, 0x00, 0x00, 0x00,
    0xD0, 0x00, 0x00, 0x00,
    0xD0, 0x00, 0x00, 0x00,
    0xD0, 0x00, 0x00, 0x00,

    0x0F, 0xFF, 0xFF, 0xFF,
    0x0F, 0xFF, 0xFF, 0xFF,
    0x0F, 0xFF, 0xFF, 0xFF,
    0x0F, 0xFF, 0xFF, 0xFF,
    0x0F, 0xFF, 0xFF, 0xFF,
    0x0F, 0xFF, 0xFF, 0xFF,
    0x0F, 0xFF, 0xFF, 0xFF,
    0x0F, 0xFF, 0xFF, 0xFF,


/* Tile ID 437, isSolid: true */
    0xDD, 0xDD, 0xDD, 0xDD,
    0xDD, 0xDD, 0xDD, 0xDD,
    0xDD, 0xDD, 0xDD, 0xDD,
    0xDD, 0xDD, 0xDD, 0xDD,
    0xDD, 0xDD, 0xDD, 0xDD,
    0xDD, 0xDD, 0xDD, 0xDD,
    0xDD, 0xDD, 0xDD, 0xDD,
    0xDD, 0xDD, 0xDD, 0xDD,

    0x00, 0x00, 0x00, 0x00,
    0x00, 0x00, 0x00, 0x00,
    0x00, 0x00, 0x00, 0x00,
    0x00, 0x00, 0x00, 0x00,
    0x00, 0x00, 0x00, 0x00,
    0x00, 0x00, 0x00, 0x00,
    0x00, 0x00, 0x00, 0x00,
    0x00, 0x00, 0x00, 0x00,

    0xDD, 0xDD, 0xDD, 0xDD,
    0xDD, 0xDD, 0xDD, 0xDD,
    0xDD, 0xDD, 0xDD, 0xDD,
    0xDD, 0xDD, 0xDD, 0xDD,
    0xDD, 0xDD, 0xDD, 0xDD,
    0xDD, 0xDD, 0xDD, 0xDD,
    0xDD, 0xDD, 0xDD, 0xDD,
    0xDD, 0xDD, 0xDD, 0xDD,

    0x00, 0x00, 0x00, 0x00,
    0x00, 0x00, 0x00, 0x00,
    0x00, 0x00, 0x00, 0x00,
    0x00, 0x00, 0x00, 0x00,
    0x00, 0x00, 0x00, 0x00,
    0x00, 0x00, 0x00, 0x00,
    0x00, 0x00, 0x00, 0x00,
    0x00, 0x00, 0x00, 0x00,


/* Tile ID 438, isSolid: false */
    0xDD, 0xDD, 0xDD, 0xDD,
    0xDD, 0xDD, 0xDD, 0xDD,
    0x00, 0x00, 0x00, 0x00,
    0x00, 0x00, 0x00, 0x00,
    0x00, 0x00, 0x00, 0x00,
    0x00, 0x00, 0x00, 0x00,
    0x00, 0x00, 0x00, 0x00,
    0x00, 0x00, 0x00, 0x00,

    0x00, 0x00, 0x00, 0x00,
    0x00, 0x00, 0x00, 0x00,
    0xFF, 0xFF, 0xFF, 0xFF,
    0xFF, 0xFF, 0xFF, 0xFF,
    0xFF, 0xFF, 0xFF, 0xFF,
    0xFF, 0xFF, 0xFF, 0xFF,
    0xFF, 0xFF, 0xFF, 0xFF,
    0xFF, 0xFF, 0xFF, 0xFF,

    0xDD, 0xDD, 0xDD, 0xDD,
    0xDD, 0xDD, 0xDD, 0xDD,
    0x00, 0x00, 0x00, 0x00,
    0x00, 0x00, 0x00, 0x00,
    0x00, 0x00, 0x00, 0x00,
    0x00, 0x00, 0x00, 0x00,
    0x00, 0x00, 0x00, 0x00,
    0x00, 0x00, 0x00, 0x00,

    0x00, 0x00, 0x00, 0x00,
    0x00, 0x00, 0x00, 0x00,
    0xFF, 0xFF, 0xFF, 0xFF,
    0xFF, 0xFF, 0xFF, 0xFF,
    0xFF, 0xFF, 0xFF, 0xFF,
    0xFF, 0xFF, 0xFF, 0xFF,
    0xFF, 0xFF, 0xFF, 0xFF,
    0xFF, 0xFF, 0xFF, 0xFF,


/* Tile ID 439, isSolid: false */
    0xDD, 0xDD, 0xD0, 0x00,
    0xDD, 0xDD, 0xD0, 0x00,
    0x0D, 0xDD, 0xD0, 0x00,
    0x00, 0xDD, 0xD0, 0x00,
    0x00, 0x0D, 0xD0, 0x00,
    0x00, 0x0D, 0xD0, 0x00,
    0x00, 0x00, 0x00, 0x00,
    0x00, 0x00, 0x00, 0x00,

    0x00, 0x00, 0x0F, 0xFF,
    0x00, 0x00, 0x0F, 0xFF,
    0xF0, 0x00, 0x0F, 0xFF,
    0xFF, 0x00, 0x0F, 0xFF,
    0xFF, 0xF0, 0x0F, 0xFF,
    0xFF, 0xF0, 0x0F, 0xFF,
    0xFF, 0xFF, 0xFF, 0xFF,
    0xFF, 0xFF, 0xFF, 0xFF,

    0x00, 0x0D, 0xDD, 0xDD,
    0x00, 0x0D, 0xDD, 0xDD,
    0x00, 0x0D, 0xDD, 0xD0,
    0x00, 0x0D, 0xDD, 0x00,
    0x00, 0x0D, 0xD0, 0x00,
    0x00, 0x0D, 0xD0, 0x00,
    0x00, 0x00, 0x00, 0x00,
    0x00, 0x00, 0x00, 0x00,

    0xFF, 0xF0, 0x00, 0x00,
    0xFF, 0xF0, 0x00, 0x00,
    0xFF, 0xF0, 0x00, 0x0F,
    0xFF, 0xF0, 0x00, 0xFF,
    0xFF, 0xF0, 0x0F, 0xFF,
    0xFF, 0xF0, 0x0F, 0xFF,
    0xFF, 0xFF, 0xFF, 0xFF,
    0xFF, 0xFF, 0xFF, 0xFF,


/* Tile ID 440, isSolid: false */
    0x00, 0x00, 0x00, 0x00,
    0x00, 0x00, 0x00, 0x00,
    0x00, 0x00, 0x00, 0x00,
    0x00, 0x00, 0x00, 0x00,
    0x00, 0x00, 0x00, 0x00,
    0x00, 0x00, 0x00, 0x00,
    0x00, 0x00, 0x00, 0x00,
    0x00, 0x00, 0x00, 0x00,

    0xFF, 0xFF, 0xFF, 0xFF,
    0xFF, 0xFF, 0xFF, 0xFF,
    0xFF, 0xFF, 0xFF, 0xFF,
    0xFF, 0xFF, 0xFF, 0xFF,
    0xFF, 0xFF, 0xFF, 0xFF,
    0xFF, 0xFF, 0xFF, 0xFF,
    0xFF, 0xFF, 0xFF, 0xFF,
    0xFF, 0xFF, 0xFF, 0xFF,

    0x00, 0x00, 0x00, 0x00,
    0x00, 0x00, 0x00, 0x00,
    0x00, 0x00, 0x00, 0x00,
    0x00, 0x00, 0x00, 0x00,
    0x00, 0x00, 0x00, 0x00,
    0x00, 0x00, 0x00, 0x00,
    0x00, 0x00, 0x00, 0x00,
    0x00, 0x00, 0x00, 0x00,

    0xFF, 0xFF, 0xFF, 0xFF,
    0xFF, 0xFF, 0xFF, 0xFF,
    0xFF, 0xFF, 0xFF, 0xFF,
    0xFF, 0xFF, 0xFF, 0xFF,
    0xFF, 0xFF, 0xFF, 0xFF,
    0xFF, 0xFF, 0xFF, 0xFF,
    0xFF, 0xFF, 0xFF, 0xFF,
    0xFF, 0xFF, 0xFF, 0xFF,


/* Tile ID 441, isSolid: false */
    0x00, 0x00, 0x00, 0x00,
    0x00, 0x00, 0x00, 0x00,
    0x00, 0x00, 0x00, 0x00,
    0x00, 0x00, 0x00, 0x00,
    0x00, 0x00, 0x00, 0x00,
    0x00, 0x00, 0x00, 0x00,
    0x00, 0x00, 0x00, 0x00,
    0x00, 0x00, 0x00, 0x00,

    0xFF, 0xFF, 0xFF, 0xFF,
    0xFF, 0xFF, 0xFF, 0xFF,
    0xFF, 0xFF, 0xFF, 0xFF,
    0xFF, 0xFF, 0xFF, 0xFF,
    0xFF, 0xFF, 0xFF, 0xFF,
    0xFF, 0xFF, 0xFF, 0xFF,
    0xFF, 0xFF, 0xFF, 0xFF,
    0xFF, 0xFF, 0xFF, 0xFF,

    0x00, 0x00, 0x00, 0x00,
    0x00, 0x00, 0x00, 0x00,
    0x00, 0x00, 0x00, 0x00,
    0x00, 0x00, 0x00, 0x00,
    0x00, 0x00, 0x00, 0x00,
    0x00, 0x00, 0x00, 0x00,
    0x00, 0x00, 0x00, 0x00,
    0x00, 0x00, 0x00, 0x00,

    0xFF, 0xFF, 0xFF, 0xFF,
    0xFF, 0xFF, 0xFF, 0xFF,
    0xFF, 0xFF, 0xFF, 0xFF,
    0xFF, 0xFF, 0xFF, 0xFF,
    0xFF, 0xFF, 0xFF, 0xFF,
    0xFF, 0xFF, 0xFF, 0xFF,
    0xFF, 0xFF, 0xFF, 0xFF,
    0xFF, 0xFF, 0xFF, 0xFF,


/* Tile ID 442, isSolid: false */
    0x00, 0x00, 0x00, 0x00,
    0x00, 0x00, 0x00, 0x00,
    0x00, 0x00, 0x00, 0x00,
    0x00, 0x00, 0x00, 0x00,
    0x00, 0x00, 0x00, 0x00,
    0x00, 0x00, 0x00, 0x00,
    0x00, 0x00, 0x00, 0x00,
    0x00, 0x00, 0x00, 0x00,

    0xFF, 0xFF, 0xFF, 0xFF,
    0xFF, 0xFF, 0xFF, 0xFF,
    0xFF, 0xFF, 0xFF, 0xFF,
    0xFF, 0xFF, 0xFF, 0xFF,
    0xFF, 0xFF, 0xFF, 0xFF,
    0xFF, 0xFF, 0xFF, 0xFF,
    0xFF, 0xFF, 0xFF, 0xFF,
    0xFF, 0xFF, 0xFF, 0xFF,

    0x00, 0x00, 0x00, 0x00,
    0x00, 0x00, 0x00, 0x00,
    0x00, 0x00, 0x00, 0x00,
    0x00, 0x00, 0x00, 0x00,
    0x00, 0x00, 0x00, 0x00,
    0x00, 0x00, 0x00, 0x00,
    0x00, 0x00, 0x00, 0x00,
    0x00, 0x00, 0x00, 0x00,

    0xFF, 0xFF, 0xFF, 0xFF,
    0xFF, 0xFF, 0xFF, 0xFF,
    0xFF, 0xFF, 0xFF, 0xFF,
    0xFF, 0xFF, 0xFF, 0xFF,
    0xFF, 0xFF, 0xFF, 0xFF,
    0xFF, 0xFF, 0xFF, 0xFF,
    0xFF, 0xFF, 0xFF, 0xFF,
    0xFF, 0xFF, 0xFF, 0xFF,


/* Tile ID 443, isSolid: false */
    0x00, 0x00, 0x00, 0x00,
    0x00, 0x00, 0x00, 0x00,
    0x00, 0x00, 0x00, 0x00,
    0x00, 0x00, 0x00, 0x00,
    0x00, 0x00, 0x00, 0x00,
    0x00, 0x00, 0x00, 0x00,
    0x00, 0x00, 0x00, 0x00,
    0x00, 0x00, 0x00, 0x00,

    0xFF, 0xFF, 0xFF, 0xFF,
    0xFF, 0xFF, 0xFF, 0xFF,
    0xFF, 0xFF, 0xFF, 0xFF,
    0xFF, 0xFF, 0xFF, 0xFF,
    0xFF, 0xFF, 0xFF, 0xFF,
    0xFF, 0xFF, 0xFF, 0xFF,
    0xFF, 0xFF, 0xFF, 0xFF,
    0xFF, 0xFF, 0xFF, 0xFF,

    0x00, 0x00, 0x00, 0x00,
    0x00, 0x00, 0x00, 0x00,
    0x00, 0x00, 0x00, 0x00,
    0x00, 0x00, 0x00, 0x00,
    0x00, 0x00, 0x00, 0x00,
    0x00, 0x00, 0x00, 0x00,
    0x00, 0x00, 0x00, 0x00,
    0x00, 0x00, 0x00, 0x00,

    0xFF, 0xFF, 0xFF, 0xFF,
    0xFF, 0xFF, 0xFF, 0xFF,
    0xFF, 0xFF, 0xFF, 0xFF,
    0xFF, 0xFF, 0xFF, 0xFF,
    0xFF, 0xFF, 0xFF, 0xFF,
    0xFF, 0xFF, 0xFF, 0xFF,
    0xFF, 0xFF, 0xFF, 0xFF,
    0xFF, 0xFF, 0xFF, 0xFF,


/* Tile ID 444, isSolid: false */
    0x00, 0x00, 0x00, 0x00,
    0x00, 0x00, 0x00, 0x00,
    0x00, 0x00, 0x00, 0x00,
    0x00, 0x00, 0x00, 0x00,
    0x00, 0x00, 0x00, 0x00,
    0x00, 0x00, 0x00, 0x00,
    0x00, 0x00, 0x00, 0x00,
    0x00, 0x00, 0x00, 0x00,

    0xFF, 0xFF, 0xFF, 0xFF,
    0xFF, 0xFF, 0xFF, 0xFF,
    0xFF, 0xFF, 0xFF, 0xFF,
    0xFF, 0xFF, 0xFF, 0xFF,
    0xFF, 0xFF, 0xFF, 0xFF,
    0xFF, 0xFF, 0xFF, 0xFF,
    0xFF, 0xFF, 0xFF, 0xFF,
    0xFF, 0xFF, 0xFF, 0xFF,

    0x00, 0x00, 0x00, 0x00,
    0x00, 0x00, 0x00, 0x00,
    0x00, 0x00, 0x00, 0x00,
    0x00, 0x00, 0x00, 0x00,
    0x00, 0x00, 0x00, 0x00,
    0x00, 0x00, 0x00, 0x00,
    0x00, 0x00, 0x00, 0x00,
    0x00, 0x00, 0x00, 0x00,

    0xFF, 0xFF, 0xFF, 0xFF,
    0xFF, 0xFF, 0xFF, 0xFF,
    0xFF, 0xFF, 0xFF, 0xFF,
    0xFF, 0xFF, 0xFF, 0xFF,
    0xFF, 0xFF, 0xFF, 0xFF,
    0xFF, 0xFF, 0xFF, 0xFF,
    0xFF, 0xFF, 0xFF, 0xFF,
    0xFF, 0xFF, 0xFF, 0xFF,


/* Tile ID 445, isSolid: false */
    0x00, 0x00, 0x00, 0x00,
    0x00, 0x00, 0x00, 0x00,
    0x00, 0x00, 0x00, 0x00,
    0x00, 0x00, 0x00, 0x00,
    0x00, 0x00, 0x00, 0x00,
    0x00, 0x00, 0x00, 0x00,
    0x00, 0x00, 0x00, 0x00,
    0x00, 0x00, 0x00, 0x00,

    0xFF, 0xFF, 0xFF, 0xFF,
    0xFF, 0xFF, 0xFF, 0xFF,
    0xFF, 0xFF, 0xFF, 0xFF,
    0xFF, 0xFF, 0xFF, 0xFF,
    0xFF, 0xFF, 0xFF, 0xFF,
    0xFF, 0xFF, 0xFF, 0xFF,
    0xFF, 0xFF, 0xFF, 0xFF,
    0xFF, 0xFF, 0xFF, 0xFF,

    0x00, 0x00, 0x00, 0x00,
    0x00, 0x00, 0x00, 0x00,
    0x00, 0x00, 0x00, 0x00,
    0x00, 0x00, 0x00, 0x00,
    0x00, 0x00, 0x00, 0x00,
    0x00, 0x00, 0x00, 0x00,
    0x00, 0x00, 0x00, 0x00,
    0x00, 0x00, 0x00, 0x00,

    0xFF, 0xFF, 0xFF, 0xFF,
    0xFF, 0xFF, 0xFF, 0xFF,
    0xFF, 0xFF, 0xFF, 0xFF,
    0xFF, 0xFF, 0xFF, 0xFF,
    0xFF, 0xFF, 0xFF, 0xFF,
    0xFF, 0xFF, 0xFF, 0xFF,
    0xFF, 0xFF, 0xFF, 0xFF,
    0xFF, 0xFF, 0xFF, 0xFF,


/* Tile ID 446, isSolid: false */
    0x00, 0x00, 0x00, 0x00,
    0x00, 0x00, 0x00, 0x00,
    0x00, 0x00, 0x00, 0x00,
    0x00, 0x00, 0x00, 0x00,
    0x00, 0x00, 0x00, 0x00,
    0x00, 0x00, 0x00, 0x00,
    0x00, 0x00, 0x00, 0x00,
    0x00, 0x00, 0x00, 0x00,

    0xFF, 0xFF, 0xFF, 0xFF,
    0xFF, 0xFF, 0xFF, 0xFF,
    0xFF, 0xFF, 0xFF, 0xFF,
    0xFF, 0xFF, 0xFF, 0xFF,
    0xFF, 0xFF, 0xFF, 0xFF,
    0xFF, 0xFF, 0xFF, 0xFF,
    0xFF, 0xFF, 0xFF, 0xFF,
    0xFF, 0xFF, 0xFF, 0xFF,

    0x00, 0x00, 0x00, 0x00,
    0x00, 0x00, 0x00, 0x00,
    0x00, 0x00, 0x00, 0x00,
    0x00, 0x00, 0x00, 0x00,
    0x00, 0x00, 0x00, 0x00,
    0x00, 0x00, 0x00, 0x00,
    0x00, 0x00, 0x00, 0x00,
    0x00, 0x00, 0x00, 0x00,

    0xFF, 0xFF, 0xFF, 0xFF,
    0xFF, 0xFF, 0xFF, 0xFF,
    0xFF, 0xFF, 0xFF, 0xFF,
    0xFF, 0xFF, 0xFF, 0xFF,
    0xFF, 0xFF, 0xFF, 0xFF,
    0xFF, 0xFF, 0xFF, 0xFF,
    0xFF, 0xFF, 0xFF, 0xFF,
    0xFF, 0xFF, 0xFF, 0xFF,


/* Tile ID 447, isSolid: false */
    0x00, 0x00, 0x00, 0x00,
    0x00, 0x00, 0x00, 0x00,
    0x00, 0x00, 0x00, 0x00,
    0x00, 0x00, 0x00, 0x00,
    0x00, 0x00, 0x00, 0x00,
    0x00, 0x00, 0x00, 0x00,
    0x00, 0x00, 0x00, 0x00,
    0x00, 0x00, 0x00, 0x00,

    0xFF, 0xFF, 0xFF, 0xFF,
    0xFF, 0xFF, 0xFF, 0xFF,
    0xFF, 0xFF, 0xFF, 0xFF,
    0xFF, 0xFF, 0xFF, 0xFF,
    0xFF, 0xFF, 0xFF, 0xFF,
    0xFF, 0xFF, 0xFF, 0xFF,
    0xFF, 0xFF, 0xFF, 0xFF,
    0xFF, 0xFF, 0xFF, 0xFF,

    0x00, 0x00, 0x00, 0x00,
    0x00, 0x00, 0x00, 0x00,
    0x00, 0x00, 0x00, 0x00,
    0x00, 0x00, 0x00, 0x00,
    0x00, 0x00, 0x00, 0x00,
    0x00, 0x00, 0x00, 0x00,
    0x00, 0x00, 0x00, 0x00,
    0x00, 0x00, 0x00, 0x00,

    0xFF, 0xFF, 0xFF, 0xFF,
    0xFF, 0xFF, 0xFF, 0xFF,
    0xFF, 0xFF, 0xFF, 0xFF,
    0xFF, 0xFF, 0xFF, 0xFF,
    0xFF, 0xFF, 0xFF, 0xFF,
    0xFF, 0xFF, 0xFF, 0xFF,
    0xFF, 0xFF, 0xFF, 0xFF,
    0xFF, 0xFF, 0xFF, 0xFF,


/* Tile ID 448, isSolid: false */
    0x00, 0x00, 0x00, 0x00,
    0x00, 0x00, 0x00, 0x00,
    0x00, 0x00, 0x00, 0x00,
    0x00, 0x00, 0x00, 0x00,
    0x00, 0x00, 0x00, 0x00,
    0x00, 0x00, 0x00, 0x00,
    0x00, 0x00, 0x00, 0x00,
    0x00, 0x00, 0x00, 0x00,

    0xFF, 0xFF, 0xFF, 0xFF,
    0xFF, 0xFF, 0xFF, 0xFF,
    0xFF, 0xFF, 0xFF, 0xFF,
    0xFF, 0xFF, 0xFF, 0xFF,
    0xFF, 0xFF, 0xFF, 0xFF,
    0xFF, 0xFF, 0xFF, 0xFF,
    0xFF, 0xFF, 0xFF, 0xFF,
    0xFF, 0xFF, 0xFF, 0xFF,

    0x00, 0x00, 0x00, 0x00,
    0x00, 0x00, 0x00, 0x00,
    0x00, 0x00, 0x00, 0x00,
    0x00, 0x00, 0x00, 0x00,
    0x00, 0x00, 0x00, 0x00,
    0x00, 0x00, 0x00, 0x00,
    0x00, 0x00, 0x00, 0x00,
    0x00, 0x00, 0x00, 0x00,

    0xFF, 0xFF, 0xFF, 0xFF,
    0xFF, 0xFF, 0xFF, 0xFF,
    0xFF, 0xFF, 0xFF, 0xFF,
    0xFF, 0xFF, 0xFF, 0xFF,
    0xFF, 0xFF, 0xFF, 0xFF,
    0xFF, 0xFF, 0xFF, 0xFF,
    0xFF, 0xFF, 0xFF, 0xFF,
    0xFF, 0xFF, 0xFF, 0xFF,


/* Tile ID 449, isSolid: false */
    0x00, 0x00, 0x00, 0x00,
    0x00, 0x00, 0x00, 0x00,
    0x00, 0x00, 0x00, 0x00,
    0x00, 0x00, 0x00, 0x00,
    0x00, 0x00, 0x00, 0x00,
    0x00, 0x00, 0x00, 0x00,
    0x00, 0x00, 0x00, 0x00,
    0x00, 0x00, 0x00, 0x00,

    0xFF, 0xFF, 0xFF, 0xFF,
    0xFF, 0xFF, 0xFF, 0xFF,
    0xFF, 0xFF, 0xFF, 0xFF,
    0xFF, 0xFF, 0xFF, 0xFF,
    0xFF, 0xFF, 0xFF, 0xFF,
    0xFF, 0xFF, 0xFF, 0xFF,
    0xFF, 0xFF, 0xFF, 0xFF,
    0xFF, 0xFF, 0xFF, 0xFF,

    0x00, 0x00, 0x00, 0x00,
    0x00, 0x00, 0x00, 0x00,
    0x00, 0x00, 0x00, 0x00,
    0x00, 0x00, 0x00, 0x00,
    0x00, 0x00, 0x00, 0x00,
    0x00, 0x00, 0x00, 0x00,
    0x00, 0x00, 0x00, 0x00,
    0x00, 0x00, 0x00, 0x00,

    0xFF, 0xFF, 0xFF, 0xFF,
    0xFF, 0xFF, 0xFF, 0xFF,
    0xFF, 0xFF, 0xFF, 0xFF,
    0xFF, 0xFF, 0xFF, 0xFF,
    0xFF, 0xFF, 0xFF, 0xFF,
    0xFF, 0xFF, 0xFF, 0xFF,
    0xFF, 0xFF, 0xFF, 0xFF,
    0xFF, 0xFF, 0xFF, 0xFF,


/* Tile ID 450, isSolid: true */
    0x66, 0x66, 0x66, 0x66,
    0x66, 0x66, 0x66, 0x66,
    0x66, 0x66, 0x66, 0x66,
    0x66, 0x66, 0x66, 0x66,
    0x66, 0x66, 0x66, 0x66,
    0x66, 0x66, 0x66, 0x66,
    0x66, 0x66, 0x66, 0x66,
    0x66, 0x66, 0x66, 0x66,

    0x00, 0x00, 0x00, 0x00,
    0x00, 0x00, 0x00, 0x00,
    0x00, 0x00, 0x00, 0x00,
    0x00, 0x00, 0x00, 0x00,
    0x00, 0x00, 0x00, 0x00,
    0x00, 0x00, 0x00, 0x00,
    0x00, 0x00, 0x00, 0x00,
    0x00, 0x00, 0x00, 0x00,

    0x66, 0x66, 0x66, 0x66,
    0x66, 0x66, 0x66, 0x66,
    0x66, 0x66, 0x66, 0x66,
    0x66, 0x66, 0x66, 0x66,
    0x66, 0x66, 0x66, 0x66,
    0x66, 0x66, 0x66, 0x66,
    0x66, 0x66, 0x66, 0x66,
    0x66, 0x66, 0x66, 0x66,

    0x00, 0x00, 0x00, 0x00,
    0x00, 0x00, 0x00, 0x00,
    0x00, 0x00, 0x00, 0x00,
    0x00, 0x00, 0x00, 0x00,
    0x00, 0x00, 0x00, 0x00,
    0x00, 0x00, 0x00, 0x00,
    0x00, 0x00, 0x00, 0x00,
    0x00, 0x00, 0x00, 0x00,


/* Tile ID 451, isSolid: false */
    0x60, 0x00, 0x00, 0x00,
    0x60, 0x00, 0x00, 0x00,
    0x60, 0x00, 0x00, 0x00,
    0x60, 0x00, 0x00, 0x00,
    0x60, 0x00, 0x00, 0x00,
    0x60, 0x00, 0x00, 0x00,
    0x60, 0x00, 0x00, 0x00,
    0x60, 0x00, 0x00, 0x00,

    0x0F, 0xFF, 0xFF, 0xFF,
    0x0F, 0xFF, 0xFF, 0xFF,
    0x0F, 0xFF, 0xFF, 0xFF,
    0x0F, 0xFF, 0xFF, 0xFF,
    0x0F, 0xFF, 0xFF, 0xFF,
    0x0F, 0xFF, 0xFF, 0xFF,
    0x0F, 0xFF, 0xFF, 0xFF,
    0x0F, 0xFF, 0xFF, 0xFF,

    0x00, 0x00, 0x00, 0x06,
    0x00, 0x00, 0x00, 0x06,
    0x00, 0x00, 0x00, 0x06,
    0x00, 0x00, 0x00, 0x06,
    0x00, 0x00, 0x00, 0x06,
    0x00, 0x00, 0x00, 0x06,
    0x00, 0x00, 0x00, 0x06,
    0x00, 0x00, 0x00, 0x06,

    0xFF, 0xFF, 0xFF, 0xF0,
    0xFF, 0xFF, 0xFF, 0xF0,
    0xFF, 0xFF, 0xFF, 0xF0,
    0xFF, 0xFF, 0xFF, 0xF0,
    0xFF, 0xFF, 0xFF, 0xF0,
    0xFF, 0xFF, 0xFF, 0xF0,
    0xFF, 0xFF, 0xFF, 0xF0,
    0xFF, 0xFF, 0xFF, 0xF0,


/* Tile ID 452, isSolid: false */
    0x00, 0x00, 0x00, 0x00,
    0x00, 0x00, 0x00, 0x00,
    0x00, 0x00, 0x00, 0x00,
    0x00, 0x00, 0x00, 0x00,
    0x00, 0x00, 0x00, 0x00,
    0x00, 0x00, 0x00, 0x00,
    0x00, 0x00, 0x00, 0x00,
    0x00, 0x00, 0x00, 0x00,

    0xFF, 0xFF, 0xFF, 0xFF,
    0xFF, 0xFF, 0xFF, 0xFF,
    0xFF, 0xFF, 0xFF, 0xFF,
    0xFF, 0xFF, 0xFF, 0xFF,
    0xFF, 0xFF, 0xFF, 0xFF,
    0xFF, 0xFF, 0xFF, 0xFF,
    0xFF, 0xFF, 0xFF, 0xFF,
    0xFF, 0xFF, 0xFF, 0xFF,

    0x00, 0x00, 0x00, 0x00,
    0x00, 0x00, 0x00, 0x00,
    0x00, 0x00, 0x00, 0x00,
    0x00, 0x00, 0x00, 0x00,
    0x00, 0x00, 0x00, 0x00,
    0x00, 0x00, 0x00, 0x00,
    0x00, 0x00, 0x00, 0x00,
    0x00, 0x00, 0x00, 0x00,

    0xFF, 0xFF, 0xFF, 0xFF,
    0xFF, 0xFF, 0xFF, 0xFF,
    0xFF, 0xFF, 0xFF, 0xFF,
    0xFF, 0xFF, 0xFF, 0xFF,
    0xFF, 0xFF, 0xFF, 0xFF,
    0xFF, 0xFF, 0xFF, 0xFF,
    0xFF, 0xFF, 0xFF, 0xFF,
    0xFF, 0xFF, 0xFF, 0xFF,


/* Tile ID 453, isSolid: false */
    0x00, 0x00, 0x00, 0x00,
    0x00, 0x00, 0x00, 0x00,
    0x00, 0x00, 0x00, 0x00,
    0x00, 0x00, 0x00, 0x00,
    0x00, 0x00, 0x00, 0x00,
    0x00, 0x00, 0x00, 0x00,
    0x00, 0x00, 0x00, 0x00,
    0x00, 0x00, 0x00, 0x00,

    0xFF, 0xFF, 0xFF, 0xFF,
    0xFF, 0xFF, 0xFF, 0xFF,
    0xFF, 0xFF, 0xFF, 0xFF,
    0xFF, 0xFF, 0xFF, 0xFF,
    0xFF, 0xFF, 0xFF, 0xFF,
    0xFF, 0xFF, 0xFF, 0xFF,
    0xFF, 0xFF, 0xFF, 0xFF,
    0xFF, 0xFF, 0xFF, 0xFF,

    0x00, 0x00, 0x00, 0x00,
    0x00, 0x00, 0x00, 0x00,
    0x00, 0x00, 0x00, 0x00,
    0x00, 0x00, 0x00, 0x00,
    0x00, 0x00, 0x00, 0x00,
    0x00, 0x00, 0x00, 0x00,
    0x00, 0x00, 0x00, 0x00,
    0x00, 0x00, 0x00, 0x00,

    0xFF, 0xFF, 0xFF, 0xFF,
    0xFF, 0xFF, 0xFF, 0xFF,
    0xFF, 0xFF, 0xFF, 0xFF,
    0xFF, 0xFF, 0xFF, 0xFF,
    0xFF, 0xFF, 0xFF, 0xFF,
    0xFF, 0xFF, 0xFF, 0xFF,
    0xFF, 0xFF, 0xFF, 0xFF,
    0xFF, 0xFF, 0xFF, 0xFF,


/* Tile ID 454, isSolid: false */
    0x00, 0x00, 0x00, 0xCC,
    0x00, 0x00, 0x0C, 0xCC,
    0x00, 0x00, 0x0C, 0xCC,
    0x00, 0x00, 0x0C, 0xCC,
    0x00, 0x00, 0xCC, 0xC0,
    0x00, 0x00, 0xCC, 0xC0,
    0x00, 0x00, 0xCC, 0xC0,
    0x00, 0x0C, 0xCC, 0xC0,

    0xFF, 0xFF, 0xFF, 0x00,
    0xFF, 0xFF, 0xF0, 0x00,
    0xFF, 0xFF, 0xF0, 0x00,
    0xFF, 0xFF, 0xF0, 0x00,
    0xFF, 0xFF, 0x00, 0x0F,
    0xFF, 0xFF, 0x00, 0x0F,
    0xFF, 0xFF, 0x00, 0x0F,
    0xFF, 0xF0, 0x00, 0x0F,

    0xCC, 0x00, 0x00, 0x00,
    0xCC, 0xC0, 0x00, 0x00,
    0xCC, 0xC0, 0x00, 0x00,
    0xCC, 0xC0, 0x00, 0x00,
    0x0C, 0xCC, 0x00, 0x00,
    0x0C, 0xCC, 0x00, 0x00,
    0x0C, 0xCC, 0x00, 0x00,
    0x0C, 0xCC, 0xC0, 0x00,

    0x00, 0xFF, 0xFF, 0xFF,
    0x00, 0x0F, 0xFF, 0xFF,
    0x00, 0x0F, 0xFF, 0xFF,
    0x00, 0x0F, 0xFF, 0xFF,
    0xF0, 0x00, 0xFF, 0xFF,
    0xF0, 0x00, 0xFF, 0xFF,
    0xF0, 0x00, 0xFF, 0xFF,
    0xF0, 0x00, 0x0F, 0xFF,


/* Tile ID 455, isSolid: false */
    0xC0, 0x00, 0x00, 0x00,
    0x00, 0x00, 0x00, 0x00,
    0x00, 0x00, 0x00, 0x00,
    0x00, 0x00, 0x00, 0x00,
    0x00, 0x00, 0x00, 0x00,
    0x00, 0x00, 0x00, 0x00,
    0x00, 0x00, 0x00, 0x00,
    0x00, 0x00, 0x00, 0x00,

    0x0F, 0xFF, 0xFF, 0xFF,
    0xFF, 0xFF, 0xFF, 0xFF,
    0xFF, 0xFF, 0xFF, 0xFF,
    0xFF, 0xFF, 0xFF, 0xFF,
    0xFF, 0xFF, 0xFF, 0xFF,
    0xFF, 0xFF, 0xFF, 0xFF,
    0xFF, 0xFF, 0xFF, 0xFF,
    0xFF, 0xFF, 0xFF, 0xFF,

    0x00, 0x00, 0x00, 0x0C,
    0x00, 0x00, 0x00, 0x00,
    0x00, 0x00, 0x00, 0x00,
    0x00, 0x00, 0x00, 0x00,
    0x00, 0x00, 0x00, 0x00,
    0x00, 0x00, 0x00, 0x00,
    0x00, 0x00, 0x00, 0x00,
    0x00, 0x00, 0x00, 0x00,

    0xFF, 0xFF, 0xFF, 0xF0,
    0xFF, 0xFF, 0xFF, 0xFF,
    0xFF, 0xFF, 0xFF, 0xFF,
    0xFF, 0xFF, 0xFF, 0xFF,
    0xFF, 0xFF, 0xFF, 0xFF,
    0xFF, 0xFF, 0xFF, 0xFF,
    0xFF, 0xFF, 0xFF, 0xFF,
    0xFF, 0xFF, 0xFF, 0xFF,


/* Tile ID 456, isSolid: false */
    0x00, 0x00, 0x0C, 0xCC,
    0x00, 0x00, 0x0C, 0xCC,
    0x00, 0x00, 0x00, 0xCC,
    0x00, 0x00, 0x00, 0xCC,
    0x00, 0x00, 0x00, 0xCC,
    0x00, 0x00, 0x00, 0xCC,
    0x00, 0x00, 0x00, 0x0C,
    0x00, 0x00, 0x00, 0x0C,

    0xFF, 0xFF, 0xF0, 0x00,
    0xFF, 0xFF, 0xF0, 0x00,
    0xFF, 0xFF, 0xFF, 0x00,
    0xFF, 0xFF, 0xFF, 0x00,
    0xFF, 0xFF, 0xFF, 0x00,
    0xFF, 0xFF, 0xFF, 0x00,
    0xFF, 0xFF, 0xFF, 0xF0,
    0xFF, 0xFF, 0xFF, 0xF0,

    0xCC, 0xC0, 0x00, 0x00,
    0xCC, 0xC0, 0x00, 0x00,
    0xCC, 0x00, 0x00, 0x00,
    0xCC, 0x00, 0x00, 0x00,
    0xCC, 0x00, 0x00, 0x00,
    0xCC, 0x00, 0x00, 0x00,
    0xC0, 0x00, 0x00, 0x00,
    0xC0, 0x00, 0x00, 0x00,

    0x00, 0x0F, 0xFF, 0xFF,
    0x00, 0x0F, 0xFF, 0xFF,
    0x00, 0xFF, 0xFF, 0xFF,
    0x00, 0xFF, 0xFF, 0xFF,
    0x00, 0xFF, 0xFF, 0xFF,
    0x00, 0xFF, 0xFF, 0xFF,
    0x0F, 0xFF, 0xFF, 0xFF,
    0x0F, 0xFF, 0xFF, 0xFF,


/* Tile ID 457, isSolid: false */
    0xCC, 0xCC, 0xCC, 0x00,
    0xCC, 0xCC, 0xCC, 0x00,
    0xCC, 0xCC, 0xCC, 0x00,
    0xCC, 0xCC, 0xCC, 0xC0,
    0xCC, 0xCC, 0xCC, 0xC0,
    0xCC, 0xCC, 0xCC, 0xC0,
    0xCC, 0xCC, 0xCC, 0xCC,
    0xCC, 0xCC, 0xCC, 0xCC,

    0x00, 0x00, 0x00, 0xFF,
    0x00, 0x00, 0x00, 0xFF,
    0x00, 0x00, 0x00, 0xFF,
    0x00, 0x00, 0x00, 0x0F,
    0x00, 0x00, 0x00, 0x0F,
    0x00, 0x00, 0x00, 0x0F,
    0x00, 0x00, 0x00, 0x00,
    0x00, 0x00, 0x00, 0x00,

    0x00, 0xCC, 0xCC, 0xCC,
    0x00, 0xCC, 0xCC, 0xCC,
    0x00, 0xCC, 0xCC, 0xCC,
    0x0C, 0xCC, 0xCC, 0xCC,
    0x0C, 0xCC, 0xCC, 0xCC,
    0x0C, 0xCC, 0xCC, 0xCC,
    0xCC, 0xCC, 0xCC, 0xCC,
    0xCC, 0xCC, 0xCC, 0xCC,

    0xFF, 0x00, 0x00, 0x00,
    0xFF, 0x00, 0x00, 0x00,
    0xFF, 0x00, 0x00, 0x00,
    0xF0, 0x00, 0x00, 0x00,
    0xF0, 0x00, 0x00, 0x00,
    0xF0, 0x00, 0x00, 0x00,
    0x00, 0x00, 0x00, 0x00,
    0x00, 0x00, 0x00, 0x00,


/* Tile ID 458, isSolid: false */
    0x00, 0x00, 0x00, 0x00,
    0x00, 0x00, 0x00, 0x00,
    0x00, 0x00, 0x00, 0x00,
    0x00, 0x00, 0x00, 0x00,
    0x00, 0x00, 0x00, 0x00,
    0x00, 0x00, 0x00, 0x00,
    0x00, 0x00, 0x00, 0x00,
    0x00, 0x00, 0x00, 0x00,

    0xFF, 0xFF, 0xFF, 0xFF,
    0xFF, 0xFF, 0xFF, 0xFF,
    0xFF, 0xFF, 0xFF, 0xFF,
    0xFF, 0xFF, 0xFF, 0xFF,
    0xFF, 0xFF, 0xFF, 0xFF,
    0xFF, 0xFF, 0xFF, 0xFF,
    0xFF, 0xFF, 0xFF, 0xFF,
    0xFF, 0xFF, 0xFF, 0xFF,

    0x00, 0x00, 0x00, 0x00,
    0x00, 0x00, 0x00, 0x00,
    0x00, 0x00, 0x00, 0x00,
    0x00, 0x00, 0x00, 0x00,
    0x00, 0x00, 0x00, 0x00,
    0x00, 0x00, 0x00, 0x00,
    0x00, 0x00, 0x00, 0x00,
    0x00, 0x00, 0x00, 0x00,

    0xFF, 0xFF, 0xFF, 0xFF,
    0xFF, 0xFF, 0xFF, 0xFF,
    0xFF, 0xFF, 0xFF, 0xFF,
    0xFF, 0xFF, 0xFF, 0xFF,
    0xFF, 0xFF, 0xFF, 0xFF,
    0xFF, 0xFF, 0xFF, 0xFF,
    0xFF, 0xFF, 0xFF, 0xFF,
    0xFF, 0xFF, 0xFF, 0xFF,


/* Tile ID 459, isSolid: false */
    0x01, 0x11, 0x11, 0x11,
    0x01, 0x11, 0x11, 0x11,
    0x01, 0x11, 0x11, 0x11,
    0x01, 0x11, 0x11, 0x11,
    0x00, 0x11, 0x11, 0x11,
    0x00, 0x11, 0x11, 0x11,
    0x00, 0x11, 0x11, 0x11,
    0x00, 0x01, 0x11, 0x11,

    0xF0, 0x00, 0x00, 0x00,
    0xF0, 0x00, 0x00, 0x00,
    0xF0, 0x00, 0x00, 0x00,
    0xF0, 0x00, 0x00, 0x00,
    0xFF, 0x00, 0x00, 0x00,
    0xFF, 0x00, 0x00, 0x00,
    0xFF, 0x00, 0x00, 0x00,
    0xFF, 0xF0, 0x00, 0x00,

    0x11, 0x11, 0x11, 0x10,
    0x11, 0x11, 0x11, 0x10,
    0x11, 0x11, 0x11, 0x10,
    0x11, 0x11, 0x11, 0x10,
    0x11, 0x11, 0x11, 0x00,
    0x11, 0x11, 0x11, 0x00,
    0x11, 0x11, 0x11, 0x00,
    0x11, 0x11, 0x10, 0x00,

    0x00, 0x00, 0x00, 0x0F,
    0x00, 0x00, 0x00, 0x0F,
    0x00, 0x00, 0x00, 0x0F,
    0x00, 0x00, 0x00, 0x0F,
    0x00, 0x00, 0x00, 0xFF,
    0x00, 0x00, 0x00, 0xFF,
    0x00, 0x00, 0x00, 0xFF,
    0x00, 0x00, 0x0F, 0xFF,


/* Tile ID 460, isSolid: false */
    0x11, 0x11, 0x00, 0x00,
    0x11, 0x11, 0x00, 0x00,
    0x11, 0x11, 0x00, 0x00,
    0x11, 0x11, 0x00, 0x00,
    0x11, 0x11, 0x00, 0x00,
    0x11, 0x11, 0x00, 0x00,
    0x11, 0x11, 0x10, 0x00,
    0x11, 0x11, 0x10, 0x00,

    0x00, 0x00, 0xFF, 0xFF,
    0x00, 0x00, 0xFF, 0xFF,
    0x00, 0x00, 0xFF, 0xFF,
    0x00, 0x00, 0xFF, 0xFF,
    0x00, 0x00, 0xFF, 0xFF,
    0x00, 0x00, 0xFF, 0xFF,
    0x00, 0x00, 0x0F, 0xFF,
    0x00, 0x00, 0x0F, 0xFF,

    0x00, 0x00, 0x11, 0x11,
    0x00, 0x00, 0x11, 0x11,
    0x00, 0x00, 0x11, 0x11,
    0x00, 0x00, 0x11, 0x11,
    0x00, 0x00, 0x11, 0x11,
    0x00, 0x00, 0x11, 0x11,
    0x00, 0x01, 0x11, 0x11,
    0x00, 0x01, 0x11, 0x11,

    0xFF, 0xFF, 0x00, 0x00,
    0xFF, 0xFF, 0x00, 0x00,
    0xFF, 0xFF, 0x00, 0x00,
    0xFF, 0xFF, 0x00, 0x00,
    0xFF, 0xFF, 0x00, 0x00,
    0xFF, 0xFF, 0x00, 0x00,
    0xFF, 0xF0, 0x00, 0x00,
    0xFF, 0xF0, 0x00, 0x00,


/* Tile ID 461, isSolid: false */
    0x00, 0x00, 0x00, 0x00,
    0x00, 0x00, 0x00, 0x00,
    0x00, 0x00, 0x00, 0x00,
    0x00, 0x00, 0x00, 0x00,
    0x00, 0x00, 0x00, 0x00,
    0x00, 0x00, 0x00, 0x00,
    0x00, 0x00, 0x00, 0x00,
    0x00, 0x00, 0x00, 0x00,

    0xFF, 0xFF, 0xFF, 0xFF,
    0xFF, 0xFF, 0xFF, 0xFF,
    0xFF, 0xFF, 0xFF, 0xFF,
    0xFF, 0xFF, 0xFF, 0xFF,
    0xFF, 0xFF, 0xFF, 0xFF,
    0xFF, 0xFF, 0xFF, 0xFF,
    0xFF, 0xFF, 0xFF, 0xFF,
    0xFF, 0xFF, 0xFF, 0xFF,

    0x00, 0x00, 0x00, 0x00,
    0x00, 0x00, 0x00, 0x00,
    0x00, 0x00, 0x00, 0x00,
    0x00, 0x00, 0x00, 0x00,
    0x00, 0x00, 0x00, 0x00,
    0x00, 0x00, 0x00, 0x00,
    0x00, 0x00, 0x00, 0x00,
    0x00, 0x00, 0x00, 0x00,

    0xFF, 0xFF, 0xFF, 0xFF,
    0xFF, 0xFF, 0xFF, 0xFF,
    0xFF, 0xFF, 0xFF, 0xFF,
    0xFF, 0xFF, 0xFF, 0xFF,
    0xFF, 0xFF, 0xFF, 0xFF,
    0xFF, 0xFF, 0xFF, 0xFF,
    0xFF, 0xFF, 0xFF, 0xFF,
    0xFF, 0xFF, 0xFF, 0xFF,


/* Tile ID 462, isSolid: false */
    0x01, 0x11, 0x11, 0x11,
    0x01, 0x11, 0x11, 0x11,
    0x01, 0x11, 0x11, 0x11,
    0x01, 0x11, 0x11, 0x11,
    0x01, 0x11, 0x11, 0x11,
    0x01, 0x11, 0x11, 0x11,
    0x11, 0x11, 0x11, 0x11,
    0x11, 0x11, 0x11, 0x11,

    0xF0, 0x00, 0x00, 0x00,
    0xF0, 0x00, 0x00, 0x00,
    0xF0, 0x00, 0x00, 0x00,
    0xF0, 0x00, 0x00, 0x00,
    0xF0, 0x00, 0x00, 0x00,
    0xF0, 0x00, 0x00, 0x00,
    0x00, 0x00, 0x00, 0x00,
    0x00, 0x00, 0x00, 0x00,

    0x11, 0x11, 0x11, 0x10,
    0x11, 0x11, 0x11, 0x10,
    0x11, 0x11, 0x11, 0x10,
    0x11, 0x11, 0x11, 0x10,
    0x11, 0x11, 0x11, 0x10,
    0x11, 0x11, 0x11, 0x10,
    0x11, 0x11, 0x11, 0x11,
    0x11, 0x11, 0x11, 0x11,

    0x00, 0x00, 0x00, 0x0F,
    0x00, 0x00, 0x00, 0x0F,
    0x00, 0x00, 0x00, 0x0F,
    0x00, 0x00, 0x00, 0x0F,
    0x00, 0x00, 0x00, 0x0F,
    0x00, 0x00, 0x00, 0x0F,
    0x00, 0x00, 0x00, 0x00,
    0x00, 0x00, 0x00, 0x00,


/* Tile ID 463, isSolid: false */
    0x11, 0x11, 0x00, 0x00,
    0x11, 0x11, 0x00, 0x00,
    0x11, 0x11, 0x00, 0x00,
    0x11, 0x10, 0x00, 0x00,
    0x11, 0x10, 0x00, 0x00,
    0x11, 0x10, 0x00, 0x00,
    0x11, 0x00, 0x00, 0x00,
    0x11, 0x00, 0x00, 0x00,

    0x00, 0x00, 0xFF, 0xFF,
    0x00, 0x00, 0xFF, 0xFF,
    0x00, 0x00, 0xFF, 0xFF,
    0x00, 0x0F, 0xFF, 0xFF,
    0x00, 0x0F, 0xFF, 0xFF,
    0x00, 0x0F, 0xFF, 0xFF,
    0x00, 0xFF, 0xFF, 0xFF,
    0x00, 0xFF, 0xFF, 0xFF,

    0x00, 0x00, 0x11, 0x11,
    0x00, 0x00, 0x11, 0x11,
    0x00, 0x00, 0x11, 0x11,
    0x00, 0x00, 0x01, 0x11,
    0x00, 0x00, 0x01, 0x11,
    0x00, 0x00, 0x01, 0x11,
    0x00, 0x00, 0x00, 0x11,
    0x00, 0x00, 0x00, 0x11,

    0xFF, 0xFF, 0x00, 0x00,
    0xFF, 0xFF, 0x00, 0x00,
    0xFF, 0xFF, 0x00, 0x00,
    0xFF, 0xFF, 0xF0, 0x00,
    0xFF, 0xFF, 0xF0, 0x00,
    0xFF, 0xFF, 0xF0, 0x00,
    0xFF, 0xFF, 0xFF, 0x00,
    0xFF, 0xFF, 0xFF, 0x00,


/* Tile ID 464, isSolid: false */
    0x00, 0x00, 0x99, 0x00,
    0x00, 0x00, 0x99, 0x90,
    0x00, 0x00, 0x99, 0x90,
    0x00, 0x00, 0x99, 0x99,
    0x00, 0x00, 0x99, 0x99,
    0x00, 0x00, 0x99, 0x99,
    0x00, 0x00, 0x99, 0x99,
    0x00, 0x00, 0x99, 0x99,

    0xFF, 0xFF, 0x00, 0xFF,
    0xFF, 0xFF, 0x00, 0x0F,
    0xFF, 0xFF, 0x00, 0x0F,
    0xFF, 0xFF, 0x00, 0x00,
    0xFF, 0xFF, 0x00, 0x00,
    0xFF, 0xFF, 0x00, 0x00,
    0xFF, 0xFF, 0x00, 0x00,
    0xFF, 0xFF, 0x00, 0x00,

    0x00, 0x99, 0x00, 0x00,
    0x09, 0x99, 0x00, 0x00,
    0x09, 0x99, 0x00, 0x00,
    0x99, 0x99, 0x00, 0x00,
    0x99, 0x99, 0x00, 0x00,
    0x99, 0x99, 0x00, 0x00,
    0x99, 0x99, 0x00, 0x00,
    0x99, 0x99, 0x00, 0x00,

    0xFF, 0x00, 0xFF, 0xFF,
    0xF0, 0x00, 0xFF, 0xFF,
    0xF0, 0x00, 0xFF, 0xFF,
    0x00, 0x00, 0xFF, 0xFF,
    0x00, 0x00, 0xFF, 0xFF,
    0x00, 0x00, 0xFF, 0xFF,
    0x00, 0x00, 0xFF, 0xFF,
    0x00, 0x00, 0xFF, 0xFF,


/* Tile ID 465, isSolid: false */
    0x00, 0x00, 0x00, 0x00,
    0x00, 0x00, 0x00, 0x00,
    0x00, 0x00, 0x00, 0x00,
    0x00, 0x00, 0x00, 0x00,
    0x00, 0x00, 0x00, 0x00,
    0x90, 0x00, 0x00, 0x00,
    0x90, 0x00, 0x00, 0x00,
    0x99, 0x00, 0x00, 0x00,

    0xFF, 0xFF, 0xFF, 0xFF,
    0xFF, 0xFF, 0xFF, 0xFF,
    0xFF, 0xFF, 0xFF, 0xFF,
    0xFF, 0xFF, 0xFF, 0xFF,
    0xFF, 0xFF, 0xFF, 0xFF,
    0x0F, 0xFF, 0xFF, 0xFF,
    0x0F, 0xFF, 0xFF, 0xFF,
    0x00, 0xFF, 0xFF, 0xFF,

    0x00, 0x00, 0x00, 0x00,
    0x00, 0x00, 0x00, 0x00,
    0x00, 0x00, 0x00, 0x00,
    0x00, 0x00, 0x00, 0x00,
    0x00, 0x00, 0x00, 0x00,
    0x00, 0x00, 0x00, 0x09,
    0x00, 0x00, 0x00, 0x09,
    0x00, 0x00, 0x00, 0x99,

    0xFF, 0xFF, 0xFF, 0xFF,
    0xFF, 0xFF, 0xFF, 0xFF,
    0xFF, 0xFF, 0xFF, 0xFF,
    0xFF, 0xFF, 0xFF, 0xFF,
    0xFF, 0xFF, 0xFF, 0xFF,
    0xFF, 0xFF, 0xFF, 0xF0,
    0xFF, 0xFF, 0xFF, 0xF0,
    0xFF, 0xFF, 0xFF, 0x00,


/* Tile ID 466, isSolid: false */
    0x00, 0x00, 0x09, 0x99,
    0x00, 0x00, 0x00, 0x99,
    0x00, 0x00, 0x00, 0x09,
    0x00, 0x00, 0x00, 0x09,
    0x00, 0x00, 0x00, 0x09,
    0x00, 0x00, 0x00, 0x09,
    0x00, 0x00, 0x00, 0x09,
    0x00, 0x00, 0x00, 0x09,

    0xFF, 0xFF, 0xF0, 0x00,
    0xFF, 0xFF, 0xFF, 0x00,
    0xFF, 0xFF, 0xFF, 0xF0,
    0xFF, 0xFF, 0xFF, 0xF0,
    0xFF, 0xFF, 0xFF, 0xF0,
    0xFF, 0xFF, 0xFF, 0xF0,
    0xFF, 0xFF, 0xFF, 0xF0,
    0xFF, 0xFF, 0xFF, 0xF0,

    0x99, 0x90, 0x00, 0x00,
    0x99, 0x00, 0x00, 0x00,
    0x90, 0x00, 0x00, 0x00,
    0x90, 0x00, 0x00, 0x00,
    0x90, 0x00, 0x00, 0x00,
    0x90, 0x00, 0x00, 0x00,
    0x90, 0x00, 0x00, 0x00,
    0x90, 0x00, 0x00, 0x00,

    0x00, 0x0F, 0xFF, 0xFF,
    0x00, 0xFF, 0xFF, 0xFF,
    0x0F, 0xFF, 0xFF, 0xFF,
    0x0F, 0xFF, 0xFF, 0xFF,
    0x0F, 0xFF, 0xFF, 0xFF,
    0x0F, 0xFF, 0xFF, 0xFF,
    0x0F, 0xFF, 0xFF, 0xFF,
    0x0F, 0xFF, 0xFF, 0xFF,


/* Tile ID 467, isSolid: false */
    0x99, 0x99, 0x99, 0x99,
    0x99, 0x99, 0x99, 0x99,
    0x99, 0x99, 0x99, 0x99,
    0x99, 0x99, 0x99, 0x99,
    0x99, 0x99, 0x99, 0x99,
    0x99, 0x99, 0x99, 0x90,
    0x99, 0x99, 0x99, 0x90,
    0x99, 0x99, 0x99, 0x00,

    0x00, 0x00, 0x00, 0x00,
    0x00, 0x00, 0x00, 0x00,
    0x00, 0x00, 0x00, 0x00,
    0x00, 0x00, 0x00, 0x00,
    0x00, 0x00, 0x00, 0x00,
    0x00, 0x00, 0x00, 0x0F,
    0x00, 0x00, 0x00, 0x0F,
    0x00, 0x00, 0x00, 0xFF,

    0x99, 0x99, 0x99, 0x99,
    0x99, 0x99, 0x99, 0x99,
    0x99, 0x99, 0x99, 0x99,
    0x99, 0x99, 0x99, 0x99,
    0x99, 0x99, 0x99, 0x99,
    0x09, 0x99, 0x99, 0x99,
    0x09, 0x99, 0x99, 0x99,
    0x00, 0x99, 0x99, 0x99,

    0x00, 0x00, 0x00, 0x00,
    0x00, 0x00, 0x00, 0x00,
    0x00, 0x00, 0x00, 0x00,
    0x00, 0x00, 0x00, 0x00,
    0x00, 0x00, 0x00, 0x00,
    0xF0, 0x00, 0x00, 0x00,
    0xF0, 0x00, 0x00, 0x00,
    0xFF, 0x00, 0x00, 0x00,


/* Tile ID 468, isSolid: false */
    0x00, 0x00, 0x00, 0x0D,
    0x00, 0x00, 0x00, 0x0D,
    0x00, 0x00, 0x00, 0x0D,
    0x00, 0x00, 0x00, 0x0D,
    0x00, 0x00, 0x00, 0x0D,
    0x00, 0x00, 0x00, 0x0D,
    0x00, 0x00, 0x00, 0x0D,
    0x00, 0x00, 0x00, 0x0D,

    0xFF, 0xFF, 0xFF, 0xF0,
    0xFF, 0xFF, 0xFF, 0xF0,
    0xFF, 0xFF, 0xFF, 0xF0,
    0xFF, 0xFF, 0xFF, 0xF0,
    0xFF, 0xFF, 0xFF, 0xF0,
    0xFF, 0xFF, 0xFF, 0xF0,
    0xFF, 0xFF, 0xFF, 0xF0,
    0xFF, 0xFF, 0xFF, 0xF0,

    0xD0, 0x00, 0x00, 0x00,
    0xD0, 0x00, 0x00, 0x00,
    0xD0, 0x00, 0x00, 0x00,
    0xD0, 0x00, 0x00, 0x00,
    0xD0, 0x00, 0x00, 0x00,
    0xD0, 0x00, 0x00, 0x00,
    0xD0, 0x00, 0x00, 0x00,
    0xD0, 0x00, 0x00, 0x00,

    0x0F, 0xFF, 0xFF, 0xFF,
    0x0F, 0xFF, 0xFF, 0xFF,
    0x0F, 0xFF, 0xFF, 0xFF,
    0x0F, 0xFF, 0xFF, 0xFF,
    0x0F, 0xFF, 0xFF, 0xFF,
    0x0F, 0xFF, 0xFF, 0xFF,
    0x0F, 0xFF, 0xFF, 0xFF,
    0x0F, 0xFF, 0xFF, 0xFF,


/* Tile ID 469, isSolid: true */
    0xDD, 0xDD, 0xDD, 0xDD,
    0xDD, 0xDD, 0xDD, 0xDD,
    0xDD, 0xDD, 0xDD, 0xDD,
    0xDD, 0xDD, 0xDD, 0xDD,
    0xDD, 0xDD, 0xDD, 0xDD,
    0xDD, 0xDD, 0xDD, 0xDD,
    0xDD, 0xDD, 0xDD, 0xDD,
    0xDD, 0xDD, 0xDD, 0xDD,

    0x00, 0x00, 0x00, 0x00,
    0x00, 0x00, 0x00, 0x00,
    0x00, 0x00, 0x00, 0x00,
    0x00, 0x00, 0x00, 0x00,
    0x00, 0x00, 0x00, 0x00,
    0x00, 0x00, 0x00, 0x00,
    0x00, 0x00, 0x00, 0x00,
    0x00, 0x00, 0x00, 0x00,

    0xDD, 0xDD, 0xDD, 0xDD,
    0xDD, 0xDD, 0xDD, 0xDD,
    0xDD, 0xDD, 0xDD, 0xDD,
    0xDD, 0xDD, 0xDD, 0xDD,
    0xDD, 0xDD, 0xDD, 0xDD,
    0xDD, 0xDD, 0xDD, 0xDD,
    0xDD, 0xDD, 0xDD, 0xDD,
    0xDD, 0xDD, 0xDD, 0xDD,

    0x00, 0x00, 0x00, 0x00,
    0x00, 0x00, 0x00, 0x00,
    0x00, 0x00, 0x00, 0x00,
    0x00, 0x00, 0x00, 0x00,
    0x00, 0x00, 0x00, 0x00,
    0x00, 0x00, 0x00, 0x00,
    0x00, 0x00, 0x00, 0x00,
    0x00, 0x00, 0x00, 0x00,


/* Tile ID 470, isSolid: false */
    0x00, 0x00, 0x00, 0x00,
    0x00, 0x00, 0x00, 0x00,
    0x00, 0x00, 0x00, 0x00,
    0x00, 0x00, 0x00, 0x00,
    0x00, 0x00, 0x00, 0x00,
    0x00, 0x00, 0x00, 0x00,
    0x00, 0x00, 0x00, 0x00,
    0x00, 0x00, 0x00, 0x00,

    0xFF, 0xFF, 0xFF, 0xFF,
    0xFF, 0xFF, 0xFF, 0xFF,
    0xFF, 0xFF, 0xFF, 0xFF,
    0xFF, 0xFF, 0xFF, 0xFF,
    0xFF, 0xFF, 0xFF, 0xFF,
    0xFF, 0xFF, 0xFF, 0xFF,
    0xFF, 0xFF, 0xFF, 0xFF,
    0xFF, 0xFF, 0xFF, 0xFF,

    0x00, 0x00, 0x00, 0x00,
    0x00, 0x00, 0x00, 0x00,
    0x00, 0x00, 0x00, 0x00,
    0x00, 0x00, 0x00, 0x00,
    0x00, 0x00, 0x00, 0x00,
    0x00, 0x00, 0x00, 0x00,
    0x00, 0x00, 0x00, 0x00,
    0x00, 0x00, 0x00, 0x00,

    0xFF, 0xFF, 0xFF, 0xFF,
    0xFF, 0xFF, 0xFF, 0xFF,
    0xFF, 0xFF, 0xFF, 0xFF,
    0xFF, 0xFF, 0xFF, 0xFF,
    0xFF, 0xFF, 0xFF, 0xFF,
    0xFF, 0xFF, 0xFF, 0xFF,
    0xFF, 0xFF, 0xFF, 0xFF,
    0xFF, 0xFF, 0xFF, 0xFF,


/* Tile ID 471, isSolid: false */
    0x00, 0x00, 0x00, 0x00,
    0x00, 0x00, 0x00, 0x00,
    0x00, 0x00, 0x00, 0x00,
    0x00, 0x00, 0x00, 0x00,
    0x00, 0x00, 0x00, 0x00,
    0x00, 0x00, 0x00, 0x00,
    0x00, 0x00, 0x00, 0x00,
    0x00, 0x00, 0x00, 0x0D,

    0xFF, 0xFF, 0xFF, 0xFF,
    0xFF, 0xFF, 0xFF, 0xFF,
    0xFF, 0xFF, 0xFF, 0xFF,
    0xFF, 0xFF, 0xFF, 0xFF,
    0xFF, 0xFF, 0xFF, 0xFF,
    0xFF, 0xFF, 0xFF, 0xFF,
    0xFF, 0xFF, 0xFF, 0xFF,
    0xFF, 0xFF, 0xFF, 0xF0,

    0x00, 0x00, 0x00, 0x00,
    0x00, 0x00, 0x00, 0x00,
    0x00, 0x00, 0x00, 0x00,
    0x00, 0x00, 0x00, 0x00,
    0x00, 0x00, 0x00, 0x00,
    0x00, 0x00, 0x00, 0x00,
    0x00, 0x00, 0x00, 0x00,
    0xD0, 0x00, 0x00, 0x00,

    0xFF, 0xFF, 0xFF, 0xFF,
    0xFF, 0xFF, 0xFF, 0xFF,
    0xFF, 0xFF, 0xFF, 0xFF,
    0xFF, 0xFF, 0xFF, 0xFF,
    0xFF, 0xFF, 0xFF, 0xFF,
    0xFF, 0xFF, 0xFF, 0xFF,
    0xFF, 0xFF, 0xFF, 0xFF,
    0x0F, 0xFF, 0xFF, 0xFF,


/* Tile ID 472, isSolid: false */
    0x00, 0x00, 0x00, 0x00,
    0x00, 0x00, 0x00, 0x00,
    0x00, 0x00, 0x00, 0x00,
    0x0D, 0xD0, 0x00, 0x00,
    0x0D, 0xD0, 0x00, 0x00,
    0xDD, 0xD0, 0x00, 0x00,
    0xDD, 0xD0, 0x00, 0x00,
    0xDD, 0xD0, 0x00, 0x00,

    0xFF, 0xFF, 0xFF, 0xFF,
    0xFF, 0xFF, 0xFF, 0xFF,
    0xFF, 0xFF, 0xFF, 0xFF,
    0xF0, 0x0F, 0xFF, 0xFF,
    0xF0, 0x0F, 0xFF, 0xFF,
    0x00, 0x0F, 0xFF, 0xFF,
    0x00, 0x0F, 0xFF, 0xFF,
    0x00, 0x0F, 0xFF, 0xFF,

    0x00, 0x00, 0x00, 0x00,
    0x00, 0x00, 0x00, 0x00,
    0x00, 0x00, 0x00, 0x00,
    0x00, 0x00, 0x0D, 0xD0,
    0x00, 0x00, 0x0D, 0xD0,
    0x00, 0x00, 0x0D, 0xDD,
    0x00, 0x00, 0x0D, 0xDD,
    0x00, 0x00, 0x0D, 0xDD,

    0xFF, 0xFF, 0xFF, 0xFF,
    0xFF, 0xFF, 0xFF, 0xFF,
    0xFF, 0xFF, 0xFF, 0xFF,
    0xFF, 0xFF, 0xF0, 0x0F,
    0xFF, 0xFF, 0xF0, 0x0F,
    0xFF, 0xFF, 0xF0, 0x00,
    0xFF, 0xFF, 0xF0, 0x00,
    0xFF, 0xFF, 0xF0, 0x00,


/* Tile ID 473, isSolid: false */
    0x00, 0x00, 0x00, 0x00,
    0x00, 0x00, 0x00, 0x00,
    0x00, 0x00, 0x00, 0x00,
    0x00, 0x00, 0x00, 0x00,
    0x00, 0x00, 0x00, 0x00,
    0x00, 0x00, 0x00, 0x00,
    0x00, 0x00, 0x00, 0x00,
    0x00, 0x00, 0x00, 0x00,

    0xFF, 0xFF, 0xFF, 0xFF,
    0xFF, 0xFF, 0xFF, 0xFF,
    0xFF, 0xFF, 0xFF, 0xFF,
    0xFF, 0xFF, 0xFF, 0xFF,
    0xFF, 0xFF, 0xFF, 0xFF,
    0xFF, 0xFF, 0xFF, 0xFF,
    0xFF, 0xFF, 0xFF, 0xFF,
    0xFF, 0xFF, 0xFF, 0xFF,

    0x00, 0x00, 0x00, 0x00,
    0x00, 0x00, 0x00, 0x00,
    0x00, 0x00, 0x00, 0x00,
    0x00, 0x00, 0x00, 0x00,
    0x00, 0x00, 0x00, 0x00,
    0x00, 0x00, 0x00, 0x00,
    0x00, 0x00, 0x00, 0x00,
    0x00, 0x00, 0x00, 0x00,

    0xFF, 0xFF, 0xFF, 0xFF,
    0xFF, 0xFF, 0xFF, 0xFF,
    0xFF, 0xFF, 0xFF, 0xFF,
    0xFF, 0xFF, 0xFF, 0xFF,
    0xFF, 0xFF, 0xFF, 0xFF,
    0xFF, 0xFF, 0xFF, 0xFF,
    0xFF, 0xFF, 0xFF, 0xFF,
    0xFF, 0xFF, 0xFF, 0xFF,


/* Tile ID 474, isSolid: false */
    0x00, 0x00, 0x00, 0x00,
    0x00, 0x00, 0x00, 0x00,
    0x00, 0x00, 0x00, 0x00,
    0x00, 0x00, 0x00, 0x00,
    0x00, 0x00, 0x00, 0x00,
    0x00, 0x00, 0x00, 0x00,
    0x00, 0x00, 0x00, 0x00,
    0x00, 0x00, 0x00, 0x00,

    0xFF, 0xFF, 0xFF, 0xFF,
    0xFF, 0xFF, 0xFF, 0xFF,
    0xFF, 0xFF, 0xFF, 0xFF,
    0xFF, 0xFF, 0xFF, 0xFF,
    0xFF, 0xFF, 0xFF, 0xFF,
    0xFF, 0xFF, 0xFF, 0xFF,
    0xFF, 0xFF, 0xFF, 0xFF,
    0xFF, 0xFF, 0xFF, 0xFF,

    0x00, 0x00, 0x00, 0x00,
    0x00, 0x00, 0x00, 0x00,
    0x00, 0x00, 0x00, 0x00,
    0x00, 0x00, 0x00, 0x00,
    0x00, 0x00, 0x00, 0x00,
    0x00, 0x00, 0x00, 0x00,
    0x00, 0x00, 0x00, 0x00,
    0x00, 0x00, 0x00, 0x00,

    0xFF, 0xFF, 0xFF, 0xFF,
    0xFF, 0xFF, 0xFF, 0xFF,
    0xFF, 0xFF, 0xFF, 0xFF,
    0xFF, 0xFF, 0xFF, 0xFF,
    0xFF, 0xFF, 0xFF, 0xFF,
    0xFF, 0xFF, 0xFF, 0xFF,
    0xFF, 0xFF, 0xFF, 0xFF,
    0xFF, 0xFF, 0xFF, 0xFF,


/* Tile ID 475, isSolid: false */
    0x00, 0x00, 0x00, 0x00,
    0x00, 0x00, 0x00, 0x00,
    0x00, 0x00, 0x00, 0x00,
    0x00, 0x00, 0x00, 0x00,
    0x00, 0x00, 0x00, 0x00,
    0x00, 0x00, 0x00, 0x00,
    0x00, 0x00, 0x00, 0x00,
    0x00, 0x00, 0x00, 0x00,

    0xFF, 0xFF, 0xFF, 0xFF,
    0xFF, 0xFF, 0xFF, 0xFF,
    0xFF, 0xFF, 0xFF, 0xFF,
    0xFF, 0xFF, 0xFF, 0xFF,
    0xFF, 0xFF, 0xFF, 0xFF,
    0xFF, 0xFF, 0xFF, 0xFF,
    0xFF, 0xFF, 0xFF, 0xFF,
    0xFF, 0xFF, 0xFF, 0xFF,

    0x00, 0x00, 0x00, 0x00,
    0x00, 0x00, 0x00, 0x00,
    0x00, 0x00, 0x00, 0x00,
    0x00, 0x00, 0x00, 0x00,
    0x00, 0x00, 0x00, 0x00,
    0x00, 0x00, 0x00, 0x00,
    0x00, 0x00, 0x00, 0x00,
    0x00, 0x00, 0x00, 0x00,

    0xFF, 0xFF, 0xFF, 0xFF,
    0xFF, 0xFF, 0xFF, 0xFF,
    0xFF, 0xFF, 0xFF, 0xFF,
    0xFF, 0xFF, 0xFF, 0xFF,
    0xFF, 0xFF, 0xFF, 0xFF,
    0xFF, 0xFF, 0xFF, 0xFF,
    0xFF, 0xFF, 0xFF, 0xFF,
    0xFF, 0xFF, 0xFF, 0xFF,


/* Tile ID 476, isSolid: false */
    0x00, 0x00, 0x00, 0x00,
    0x00, 0x00, 0x00, 0x00,
    0x00, 0x00, 0x00, 0x00,
    0x00, 0x00, 0x00, 0x00,
    0x00, 0x00, 0x00, 0x00,
    0x00, 0x00, 0x00, 0x00,
    0x00, 0x00, 0x00, 0x00,
    0x00, 0x00, 0x00, 0x00,

    0xFF, 0xFF, 0xFF, 0xFF,
    0xFF, 0xFF, 0xFF, 0xFF,
    0xFF, 0xFF, 0xFF, 0xFF,
    0xFF, 0xFF, 0xFF, 0xFF,
    0xFF, 0xFF, 0xFF, 0xFF,
    0xFF, 0xFF, 0xFF, 0xFF,
    0xFF, 0xFF, 0xFF, 0xFF,
    0xFF, 0xFF, 0xFF, 0xFF,

    0x00, 0x00, 0x00, 0x00,
    0x00, 0x00, 0x00, 0x00,
    0x00, 0x00, 0x00, 0x00,
    0x00, 0x00, 0x00, 0x00,
    0x00, 0x00, 0x00, 0x00,
    0x00, 0x00, 0x00, 0x00,
    0x00, 0x00, 0x00, 0x00,
    0x00, 0x00, 0x00, 0x00,

    0xFF, 0xFF, 0xFF, 0xFF,
    0xFF, 0xFF, 0xFF, 0xFF,
    0xFF, 0xFF, 0xFF, 0xFF,
    0xFF, 0xFF, 0xFF, 0xFF,
    0xFF, 0xFF, 0xFF, 0xFF,
    0xFF, 0xFF, 0xFF, 0xFF,
    0xFF, 0xFF, 0xFF, 0xFF,
    0xFF, 0xFF, 0xFF, 0xFF,


/* Tile ID 477, isSolid: false */
    0x00, 0x00, 0x00, 0x00,
    0x00, 0x00, 0x00, 0x00,
    0x00, 0x00, 0x00, 0x00,
    0x00, 0x00, 0x00, 0x00,
    0x00, 0x00, 0x00, 0x00,
    0x00, 0x00, 0x00, 0x00,
    0x00, 0x00, 0x00, 0x00,
    0x00, 0x00, 0x00, 0x00,

    0xFF, 0xFF, 0xFF, 0xFF,
    0xFF, 0xFF, 0xFF, 0xFF,
    0xFF, 0xFF, 0xFF, 0xFF,
    0xFF, 0xFF, 0xFF, 0xFF,
    0xFF, 0xFF, 0xFF, 0xFF,
    0xFF, 0xFF, 0xFF, 0xFF,
    0xFF, 0xFF, 0xFF, 0xFF,
    0xFF, 0xFF, 0xFF, 0xFF,

    0x00, 0x00, 0x00, 0x00,
    0x00, 0x00, 0x00, 0x00,
    0x00, 0x00, 0x00, 0x00,
    0x00, 0x00, 0x00, 0x00,
    0x00, 0x00, 0x00, 0x00,
    0x00, 0x00, 0x00, 0x00,
    0x00, 0x00, 0x00, 0x00,
    0x00, 0x00, 0x00, 0x00,

    0xFF, 0xFF, 0xFF, 0xFF,
    0xFF, 0xFF, 0xFF, 0xFF,
    0xFF, 0xFF, 0xFF, 0xFF,
    0xFF, 0xFF, 0xFF, 0xFF,
    0xFF, 0xFF, 0xFF, 0xFF,
    0xFF, 0xFF, 0xFF, 0xFF,
    0xFF, 0xFF, 0xFF, 0xFF,
    0xFF, 0xFF, 0xFF, 0xFF,


/* Tile ID 478, isSolid: false */
    0x00, 0x00, 0x00, 0x00,
    0x00, 0x00, 0x00, 0x00,
    0x00, 0x00, 0x00, 0x00,
    0x00, 0x00, 0x00, 0x00,
    0x00, 0x00, 0x00, 0x00,
    0x00, 0x00, 0x00, 0x00,
    0x00, 0x00, 0x00, 0x00,
    0x00, 0x00, 0x00, 0x00,

    0xFF, 0xFF, 0xFF, 0xFF,
    0xFF, 0xFF, 0xFF, 0xFF,
    0xFF, 0xFF, 0xFF, 0xFF,
    0xFF, 0xFF, 0xFF, 0xFF,
    0xFF, 0xFF, 0xFF, 0xFF,
    0xFF, 0xFF, 0xFF, 0xFF,
    0xFF, 0xFF, 0xFF, 0xFF,
    0xFF, 0xFF, 0xFF, 0xFF,

    0x00, 0x00, 0x00, 0x00,
    0x00, 0x00, 0x00, 0x00,
    0x00, 0x00, 0x00, 0x00,
    0x00, 0x00, 0x00, 0x00,
    0x00, 0x00, 0x00, 0x00,
    0x00, 0x00, 0x00, 0x00,
    0x00, 0x00, 0x00, 0x00,
    0x00, 0x00, 0x00, 0x00,

    0xFF, 0xFF, 0xFF, 0xFF,
    0xFF, 0xFF, 0xFF, 0xFF,
    0xFF, 0xFF, 0xFF, 0xFF,
    0xFF, 0xFF, 0xFF, 0xFF,
    0xFF, 0xFF, 0xFF, 0xFF,
    0xFF, 0xFF, 0xFF, 0xFF,
    0xFF, 0xFF, 0xFF, 0xFF,
    0xFF, 0xFF, 0xFF, 0xFF,


/* Tile ID 479, isSolid: false */
    0x00, 0x00, 0x00, 0x00,
    0x00, 0x00, 0x00, 0x00,
    0x00, 0x00, 0x00, 0x00,
    0x00, 0x00, 0x00, 0x00,
    0x00, 0x00, 0x00, 0x00,
    0x00, 0x00, 0x00, 0x00,
    0x00, 0x00, 0x00, 0x00,
    0x00, 0x00, 0x00, 0x00,

    0xFF, 0xFF, 0xFF, 0xFF,
    0xFF, 0xFF, 0xFF, 0xFF,
    0xFF, 0xFF, 0xFF, 0xFF,
    0xFF, 0xFF, 0xFF, 0xFF,
    0xFF, 0xFF, 0xFF, 0xFF,
    0xFF, 0xFF, 0xFF, 0xFF,
    0xFF, 0xFF, 0xFF, 0xFF,
    0xFF, 0xFF, 0xFF, 0xFF,

    0x00, 0x00, 0x00, 0x00,
    0x00, 0x00, 0x00, 0x00,
    0x00, 0x00, 0x00, 0x00,
    0x00, 0x00, 0x00, 0x00,
    0x00, 0x00, 0x00, 0x00,
    0x00, 0x00, 0x00, 0x00,
    0x00, 0x00, 0x00, 0x00,
    0x00, 0x00, 0x00, 0x00,

    0xFF, 0xFF, 0xFF, 0xFF,
    0xFF, 0xFF, 0xFF, 0xFF,
    0xFF, 0xFF, 0xFF, 0xFF,
    0xFF, 0xFF, 0xFF, 0xFF,
    0xFF, 0xFF, 0xFF, 0xFF,
    0xFF, 0xFF, 0xFF, 0xFF,
    0xFF, 0xFF, 0xFF, 0xFF,
    0xFF, 0xFF, 0xFF, 0xFF,


/* Tile ID 480, isSolid: false */
    0x00, 0x00, 0x00, 0x00,
    0x00, 0x00, 0x00, 0x00,
    0x00, 0x00, 0x00, 0x00,
    0x00, 0x00, 0x00, 0x00,
    0x00, 0x00, 0x00, 0x00,
    0x00, 0x00, 0x00, 0x00,
    0x00, 0x00, 0x00, 0x00,
    0x00, 0x00, 0x00, 0x00,

    0xFF, 0xFF, 0xFF, 0xFF,
    0xFF, 0xFF, 0xFF, 0xFF,
    0xFF, 0xFF, 0xFF, 0xFF,
    0xFF, 0xFF, 0xFF, 0xFF,
    0xFF, 0xFF, 0xFF, 0xFF,
    0xFF, 0xFF, 0xFF, 0xFF,
    0xFF, 0xFF, 0xFF, 0xFF,
    0xFF, 0xFF, 0xFF, 0xFF,

    0x00, 0x00, 0x00, 0x00,
    0x00, 0x00, 0x00, 0x00,
    0x00, 0x00, 0x00, 0x00,
    0x00, 0x00, 0x00, 0x00,
    0x00, 0x00, 0x00, 0x00,
    0x00, 0x00, 0x00, 0x00,
    0x00, 0x00, 0x00, 0x00,
    0x00, 0x00, 0x00, 0x00,

    0xFF, 0xFF, 0xFF, 0xFF,
    0xFF, 0xFF, 0xFF, 0xFF,
    0xFF, 0xFF, 0xFF, 0xFF,
    0xFF, 0xFF, 0xFF, 0xFF,
    0xFF, 0xFF, 0xFF, 0xFF,
    0xFF, 0xFF, 0xFF, 0xFF,
    0xFF, 0xFF, 0xFF, 0xFF,
    0xFF, 0xFF, 0xFF, 0xFF,


/* Tile ID 481, isSolid: false */
    0x00, 0x00, 0x00, 0x00,
    0x00, 0x00, 0x00, 0x00,
    0x00, 0x00, 0x00, 0x06,
    0x00, 0x00, 0x06, 0x66,
    0x00, 0x00, 0x06, 0x66,
    0x00, 0x00, 0x00, 0x00,
    0x00, 0x00, 0x00, 0x00,
    0x00, 0x00, 0x00, 0x00,

    0xFF, 0xFF, 0xFF, 0xFF,
    0xFF, 0xFF, 0xFF, 0xFF,
    0xFF, 0xFF, 0xFF, 0xF0,
    0xFF, 0xFF, 0xF0, 0x00,
    0xFF, 0xFF, 0xF0, 0x00,
    0xFF, 0xFF, 0xFF, 0xFF,
    0xFF, 0xFF, 0xFF, 0xFF,
    0xFF, 0xFF, 0xFF, 0xFF,

    0x00, 0x00, 0x00, 0x00,
    0x00, 0x00, 0x00, 0x00,
    0x60, 0x00, 0x00, 0x00,
    0x66, 0x60, 0x00, 0x00,
    0x66, 0x60, 0x00, 0x00,
    0x00, 0x00, 0x00, 0x00,
    0x00, 0x00, 0x00, 0x00,
    0x00, 0x00, 0x00, 0x00,

    0xFF, 0xFF, 0xFF, 0xFF,
    0xFF, 0xFF, 0xFF, 0xFF,
    0x0F, 0xFF, 0xFF, 0xFF,
    0x00, 0x0F, 0xFF, 0xFF,
    0x00, 0x0F, 0xFF, 0xFF,
    0xFF, 0xFF, 0xFF, 0xFF,
    0xFF, 0xFF, 0xFF, 0xFF,
    0xFF, 0xFF, 0xFF, 0xFF,


/* Tile ID 482, isSolid: false */
    0x66, 0x66, 0x66, 0x66,
    0x66, 0x66, 0x66, 0x66,
    0x66, 0x66, 0x66, 0x66,
    0x66, 0x66, 0x66, 0x66,
    0x66, 0x66, 0x66, 0x66,
    0x00, 0x00, 0x00, 0x00,
    0x00, 0x00, 0x00, 0x00,
    0x00, 0x00, 0x00, 0x00,

    0x00, 0x00, 0x00, 0x00,
    0x00, 0x00, 0x00, 0x00,
    0x00, 0x00, 0x00, 0x00,
    0x00, 0x00, 0x00, 0x00,
    0x00, 0x00, 0x00, 0x00,
    0xFF, 0xFF, 0xFF, 0xFF,
    0xFF, 0xFF, 0xFF, 0xFF,
    0xFF, 0xFF, 0xFF, 0xFF,

    0x66, 0x66, 0x66, 0x66,
    0x66, 0x66, 0x66, 0x66,
    0x66, 0x66, 0x66, 0x66,
    0x66, 0x66, 0x66, 0x66,
    0x66, 0x66, 0x66, 0x66,
    0x00, 0x00, 0x00, 0x00,
    0x00, 0x00, 0x00, 0x00,
    0x00, 0x00, 0x00, 0x00,

    0x00, 0x00, 0x00, 0x00,
    0x00, 0x00, 0x00, 0x00,
    0x00, 0x00, 0x00, 0x00,
    0x00, 0x00, 0x00, 0x00,
    0x00, 0x00, 0x00, 0x00,
    0xFF, 0xFF, 0xFF, 0xFF,
    0xFF, 0xFF, 0xFF, 0xFF,
    0xFF, 0xFF, 0xFF, 0xFF,


/* Tile ID 483, isSolid: false */
    0x60, 0x00, 0x00, 0x00,
    0x66, 0x00, 0x00, 0x00,
    0x66, 0x66, 0x66, 0x00,
    0x66, 0x66, 0x66, 0x60,
    0x66, 0x66, 0x66, 0x00,
    0x00, 0x00, 0x00, 0x00,
    0x00, 0x00, 0x00, 0x00,
    0x00, 0x00, 0x00, 0x00,

    0x0F, 0xFF, 0xFF, 0xFF,
    0x00, 0xFF, 0xFF, 0xFF,
    0x00, 0x00, 0x00, 0xFF,
    0x00, 0x00, 0x00, 0x0F,
    0x00, 0x00, 0x00, 0xFF,
    0xFF, 0xFF, 0xFF, 0xFF,
    0xFF, 0xFF, 0xFF, 0xFF,
    0xFF, 0xFF, 0xFF, 0xFF,

    0x00, 0x00, 0x00, 0x06,
    0x00, 0x00, 0x00, 0x66,
    0x00, 0x66, 0x66, 0x66,
    0x06, 0x66, 0x66, 0x66,
    0x00, 0x66, 0x66, 0x66,
    0x00, 0x00, 0x00, 0x00,
    0x00, 0x00, 0x00, 0x00,
    0x00, 0x00, 0x00, 0x00,

    0xFF, 0xFF, 0xFF, 0xF0,
    0xFF, 0xFF, 0xFF, 0x00,
    0xFF, 0x00, 0x00, 0x00,
    0xF0, 0x00, 0x00, 0x00,
    0xFF, 0x00, 0x00, 0x00,
    0xFF, 0xFF, 0xFF, 0xFF,
    0xFF, 0xFF, 0xFF, 0xFF,
    0xFF, 0xFF, 0xFF, 0xFF,


/* Tile ID 484, isSolid: false */
    0x00, 0x00, 0x00, 0x00,
    0x00, 0x00, 0x00, 0x00,
    0x00, 0x00, 0x00, 0x00,
    0x00, 0x00, 0x00, 0x00,
    0x00, 0x00, 0x00, 0x00,
    0x00, 0x00, 0x00, 0x00,
    0x00, 0x00, 0x00, 0x00,
    0x00, 0x00, 0x00, 0x00,

    0xFF, 0xFF, 0xFF, 0xFF,
    0xFF, 0xFF, 0xFF, 0xFF,
    0xFF, 0xFF, 0xFF, 0xFF,
    0xFF, 0xFF, 0xFF, 0xFF,
    0xFF, 0xFF, 0xFF, 0xFF,
    0xFF, 0xFF, 0xFF, 0xFF,
    0xFF, 0xFF, 0xFF, 0xFF,
    0xFF, 0xFF, 0xFF, 0xFF,

    0x00, 0x00, 0x00, 0x00,
    0x00, 0x00, 0x00, 0x00,
    0x00, 0x00, 0x00, 0x00,
    0x00, 0x00, 0x00, 0x00,
    0x00, 0x00, 0x00, 0x00,
    0x00, 0x00, 0x00, 0x00,
    0x00, 0x00, 0x00, 0x00,
    0x00, 0x00, 0x00, 0x00,

    0xFF, 0xFF, 0xFF, 0xFF,
    0xFF, 0xFF, 0xFF, 0xFF,
    0xFF, 0xFF, 0xFF, 0xFF,
    0xFF, 0xFF, 0xFF, 0xFF,
    0xFF, 0xFF, 0xFF, 0xFF,
    0xFF, 0xFF, 0xFF, 0xFF,
    0xFF, 0xFF, 0xFF, 0xFF,
    0xFF, 0xFF, 0xFF, 0xFF,


/* Tile ID 485, isSolid: false */
    0x00, 0x00, 0x00, 0x00,
    0x00, 0x00, 0x00, 0x00,
    0x00, 0x00, 0x00, 0x0C,
    0x00, 0x00, 0x00, 0xCC,
    0x00, 0x00, 0x00, 0x0C,
    0x00, 0x00, 0x00, 0x00,
    0x00, 0x00, 0x00, 0x00,
    0x00, 0x00, 0x00, 0x00,

    0xFF, 0xFF, 0xFF, 0xFF,
    0xFF, 0xFF, 0xFF, 0xFF,
    0xFF, 0xFF, 0xFF, 0xF0,
    0xFF, 0xFF, 0xFF, 0x00,
    0xFF, 0xFF, 0xFF, 0xF0,
    0xFF, 0xFF, 0xFF, 0xFF,
    0xFF, 0xFF, 0xFF, 0xFF,
    0xFF, 0xFF, 0xFF, 0xFF,

    0x00, 0x00, 0x00, 0x00,
    0x00, 0x00, 0x00, 0x00,
    0xC0, 0x00, 0x00, 0x00,
    0xCC, 0x00, 0x00, 0x00,
    0xC0, 0x00, 0x00, 0x00,
    0x00, 0x00, 0x00, 0x00,
    0x00, 0x00, 0x00, 0x00,
    0x00, 0x00, 0x00, 0x00,

    0xFF, 0xFF, 0xFF, 0xFF,
    0xFF, 0xFF, 0xFF, 0xFF,
    0x0F, 0xFF, 0xFF, 0xFF,
    0x00, 0xFF, 0xFF, 0xFF,
    0x0F, 0xFF, 0xFF, 0xFF,
    0xFF, 0xFF, 0xFF, 0xFF,
    0xFF, 0xFF, 0xFF, 0xFF,
    0xFF, 0xFF, 0xFF, 0xFF,


/* Tile ID 486, isSolid: false */
    0x00, 0xCC, 0xCC, 0x00,
    0x0C, 0xCC, 0xCC, 0x00,
    0xCC, 0xCC, 0xCC, 0xC0,
    0xCC, 0xCC, 0xCC, 0xCC,
    0xCC, 0xCC, 0xCC, 0xCC,
    0x00, 0x00, 0x00, 0x00,
    0x00, 0x00, 0x00, 0x00,
    0x00, 0x00, 0x00, 0x00,

    0xFF, 0x00, 0x00, 0xFF,
    0xF0, 0x00, 0x00, 0xFF,
    0x00, 0x00, 0x00, 0x0F,
    0x00, 0x00, 0x00, 0x00,
    0x00, 0x00, 0x00, 0x00,
    0xFF, 0xFF, 0xFF, 0xFF,
    0xFF, 0xFF, 0xFF, 0xFF,
    0xFF, 0xFF, 0xFF, 0xFF,

    0x00, 0xCC, 0xCC, 0x00,
    0x00, 0xCC, 0xCC, 0xC0,
    0x0C, 0xCC, 0xCC, 0xCC,
    0xCC, 0xCC, 0xCC, 0xCC,
    0xCC, 0xCC, 0xCC, 0xCC,
    0x00, 0x00, 0x00, 0x00,
    0x00, 0x00, 0x00, 0x00,
    0x00, 0x00, 0x00, 0x00,

    0xFF, 0x00, 0x00, 0xFF,
    0xFF, 0x00, 0x00, 0x0F,
    0xF0, 0x00, 0x00, 0x00,
    0x00, 0x00, 0x00, 0x00,
    0x00, 0x00, 0x00, 0x00,
    0xFF, 0xFF, 0xFF, 0xFF,
    0xFF, 0xFF, 0xFF, 0xFF,
    0xFF, 0xFF, 0xFF, 0xFF,


/* Tile ID 487, isSolid: false */
    0x00, 0x00, 0x00, 0x00,
    0x00, 0x00, 0x00, 0x00,
    0x0C, 0x00, 0x00, 0x00,
    0xCC, 0xC0, 0x00, 0x00,
    0xCC, 0x00, 0x00, 0x00,
    0x00, 0x00, 0x00, 0x00,
    0x00, 0x00, 0x00, 0x00,
    0x00, 0x00, 0x00, 0x00,

    0xFF, 0xFF, 0xFF, 0xFF,
    0xFF, 0xFF, 0xFF, 0xFF,
    0xF0, 0xFF, 0xFF, 0xFF,
    0x00, 0x0F, 0xFF, 0xFF,
    0x00, 0xFF, 0xFF, 0xFF,
    0xFF, 0xFF, 0xFF, 0xFF,
    0xFF, 0xFF, 0xFF, 0xFF,
    0xFF, 0xFF, 0xFF, 0xFF,

    0x00, 0x00, 0x00, 0x00,
    0x00, 0x00, 0x00, 0x00,
    0x00, 0x00, 0x00, 0xC0,
    0x00, 0x00, 0x0C, 0xCC,
    0x00, 0x00, 0x00, 0xCC,
    0x00, 0x00, 0x00, 0x00,
    0x00, 0x00, 0x00, 0x00,
    0x00, 0x00, 0x00, 0x00,

    0xFF, 0xFF, 0xFF, 0xFF,
    0xFF, 0xFF, 0xFF, 0xFF,
    0xFF, 0xFF, 0xFF, 0x0F,
    0xFF, 0xFF, 0xF0, 0x00,
    0xFF, 0xFF, 0xFF, 0x00,
    0xFF, 0xFF, 0xFF, 0xFF,
    0xFF, 0xFF, 0xFF, 0xFF,
    0xFF, 0xFF, 0xFF, 0xFF,


/* Tile ID 488, isSolid: false */
    0x00, 0x00, 0x00, 0x0C,
    0x00, 0x00, 0x00, 0x0C,
    0x00, 0x00, 0xCC, 0xCC,
    0x00, 0x0C, 0xCC, 0xCC,
    0x00, 0x00, 0xCC, 0xCC,
    0x00, 0x00, 0x00, 0x00,
    0x00, 0x00, 0x00, 0x00,
    0x00, 0x00, 0x00, 0x00,

    0xFF, 0xFF, 0xFF, 0xF0,
    0xFF, 0xFF, 0xFF, 0xF0,
    0xFF, 0xFF, 0x00, 0x00,
    0xFF, 0xF0, 0x00, 0x00,
    0xFF, 0xFF, 0x00, 0x00,
    0xFF, 0xFF, 0xFF, 0xFF,
    0xFF, 0xFF, 0xFF, 0xFF,
    0xFF, 0xFF, 0xFF, 0xFF,

    0xC0, 0x00, 0x00, 0x00,
    0xC0, 0x00, 0x00, 0x00,
    0xCC, 0xCC, 0x00, 0x00,
    0xCC, 0xCC, 0xC0, 0x00,
    0xCC, 0xCC, 0x00, 0x00,
    0x00, 0x00, 0x00, 0x00,
    0x00, 0x00, 0x00, 0x00,
    0x00, 0x00, 0x00, 0x00,

    0x0F, 0xFF, 0xFF, 0xFF,
    0x0F, 0xFF, 0xFF, 0xFF,
    0x00, 0x00, 0xFF, 0xFF,
    0x00, 0x00, 0x0F, 0xFF,
    0x00, 0x00, 0xFF, 0xFF,
    0xFF, 0xFF, 0xFF, 0xFF,
    0xFF, 0xFF, 0xFF, 0xFF,
    0xFF, 0xFF, 0xFF, 0xFF,


/* Tile ID 489, isSolid: false */
    0xCC, 0xCC, 0xCC, 0xCC,
    0xCC, 0xCC, 0xCC, 0xCC,
    0xCC, 0xCC, 0xCC, 0xCC,
    0xCC, 0xCC, 0xCC, 0xCC,
    0xCC, 0xCC, 0xCC, 0xCC,
    0x00, 0x00, 0x00, 0x00,
    0x00, 0x00, 0x00, 0x00,
    0x00, 0x00, 0x00, 0x00,

    0x00, 0x00, 0x00, 0x00,
    0x00, 0x00, 0x00, 0x00,
    0x00, 0x00, 0x00, 0x00,
    0x00, 0x00, 0x00, 0x00,
    0x00, 0x00, 0x00, 0x00,
    0xFF, 0xFF, 0xFF, 0xFF,
    0xFF, 0xFF, 0xFF, 0xFF,
    0xFF, 0xFF, 0xFF, 0xFF,

    0xCC, 0xCC, 0xCC, 0xCC,
    0xCC, 0xCC, 0xCC, 0xCC,
    0xCC, 0xCC, 0xCC, 0xCC,
    0xCC, 0xCC, 0xCC, 0xCC,
    0xCC, 0xCC, 0xCC, 0xCC,
    0x00, 0x00, 0x00, 0x00,
    0x00, 0x00, 0x00, 0x00,
    0x00, 0x00, 0x00, 0x00,

    0x00, 0x00, 0x00, 0x00,
    0x00, 0x00, 0x00, 0x00,
    0x00, 0x00, 0x00, 0x00,
    0x00, 0x00, 0x00, 0x00,
    0x00, 0x00, 0x00, 0x00,
    0xFF, 0xFF, 0xFF, 0xFF,
    0xFF, 0xFF, 0xFF, 0xFF,
    0xFF, 0xFF, 0xFF, 0xFF,


/* Tile ID 490, isSolid: false */
    0x00, 0x00, 0x00, 0x00,
    0xC0, 0x00, 0x00, 0x00,
    0xCC, 0xCC, 0x00, 0x00,
    0xCC, 0xCC, 0xC0, 0x00,
    0xCC, 0xCC, 0x00, 0x00,
    0x00, 0x00, 0x00, 0x00,
    0x00, 0x00, 0x00, 0x00,
    0x00, 0x00, 0x00, 0x00,

    0xFF, 0xFF, 0xFF, 0xFF,
    0x0F, 0xFF, 0xFF, 0xFF,
    0x00, 0x00, 0xFF, 0xFF,
    0x00, 0x00, 0x0F, 0xFF,
    0x00, 0x00, 0xFF, 0xFF,
    0xFF, 0xFF, 0xFF, 0xFF,
    0xFF, 0xFF, 0xFF, 0xFF,
    0xFF, 0xFF, 0xFF, 0xFF,

    0x00, 0x00, 0x00, 0x00,
    0x00, 0x00, 0x00, 0x0C,
    0x00, 0x00, 0xCC, 0xCC,
    0x00, 0x0C, 0xCC, 0xCC,
    0x00, 0x00, 0xCC, 0xCC,
    0x00, 0x00, 0x00, 0x00,
    0x00, 0x00, 0x00, 0x00,
    0x00, 0x00, 0x00, 0x00,

    0xFF, 0xFF, 0xFF, 0xFF,
    0xFF, 0xFF, 0xFF, 0xF0,
    0xFF, 0xFF, 0x00, 0x00,
    0xFF, 0xF0, 0x00, 0x00,
    0xFF, 0xFF, 0x00, 0x00,
    0xFF, 0xFF, 0xFF, 0xFF,
    0xFF, 0xFF, 0xFF, 0xFF,
    0xFF, 0xFF, 0xFF, 0xFF,


/* Tile ID 491, isSolid: false */
    0x00, 0x01, 0x11, 0x11,
    0x00, 0x00, 0x11, 0x11,
    0x00, 0x00, 0x01, 0x11,
    0x00, 0x00, 0x00, 0x11,
    0x00, 0x00, 0x00, 0x00,
    0x00, 0x00, 0x00, 0x00,
    0x00, 0x00, 0x00, 0x00,
    0x00, 0x00, 0x00, 0x00,

    0xFF, 0xF0, 0x00, 0x00,
    0xFF, 0xFF, 0x00, 0x00,
    0xFF, 0xFF, 0xF0, 0x00,
    0xFF, 0xFF, 0xFF, 0x00,
    0xFF, 0xFF, 0xFF, 0xFF,
    0xFF, 0xFF, 0xFF, 0xFF,
    0xFF, 0xFF, 0xFF, 0xFF,
    0xFF, 0xFF, 0xFF, 0xFF,

    0x11, 0x11, 0x10, 0x00,
    0x11, 0x11, 0x00, 0x00,
    0x11, 0x10, 0x00, 0x00,
    0x11, 0x00, 0x00, 0x00,
    0x00, 0x00, 0x00, 0x00,
    0x00, 0x00, 0x00, 0x00,
    0x00, 0x00, 0x00, 0x00,
    0x00, 0x00, 0x00, 0x00,

    0x00, 0x00, 0x0F, 0xFF,
    0x00, 0x00, 0xFF, 0xFF,
    0x00, 0x0F, 0xFF, 0xFF,
    0x00, 0xFF, 0xFF, 0xFF,
    0xFF, 0xFF, 0xFF, 0xFF,
    0xFF, 0xFF, 0xFF, 0xFF,
    0xFF, 0xFF, 0xFF, 0xFF,
    0xFF, 0xFF, 0xFF, 0xFF,


/* Tile ID 492, isSolid: false */
    0x11, 0x11, 0x11, 0x00,
    0x11, 0x11, 0x11, 0x10,
    0x11, 0x11, 0x11, 0x11,
    0x11, 0x11, 0x11, 0x11,
    0x11, 0x11, 0x11, 0x11,
    0x00, 0x11, 0x11, 0x11,
    0x00, 0x00, 0x00, 0x11,
    0x00, 0x00, 0x00, 0x00,

    0x00, 0x00, 0x00, 0xFF,
    0x00, 0x00, 0x00, 0x0F,
    0x00, 0x00, 0x00, 0x00,
    0x00, 0x00, 0x00, 0x00,
    0x00, 0x00, 0x00, 0x00,
    0xFF, 0x00, 0x00, 0x00,
    0xFF, 0xFF, 0xFF, 0x00,
    0xFF, 0xFF, 0xFF, 0xFF,

    0x00, 0x11, 0x11, 0x11,
    0x01, 0x11, 0x11, 0x11,
    0x11, 0x11, 0x11, 0x11,
    0x11, 0x11, 0x11, 0x11,
    0x11, 0x11, 0x11, 0x11,
    0x11, 0x11, 0x11, 0x00,
    0x11, 0x00, 0x00, 0x00,
    0x00, 0x00, 0x00, 0x00,

    0xFF, 0x00, 0x00, 0x00,
    0xF0, 0x00, 0x00, 0x00,
    0x00, 0x00, 0x00, 0x00,
    0x00, 0x00, 0x00, 0x00,
    0x00, 0x00, 0x00, 0x00,
    0x00, 0x00, 0x00, 0xFF,
    0x00, 0xFF, 0xFF, 0xFF,
    0xFF, 0xFF, 0xFF, 0xFF,


/* Tile ID 493, isSolid: false */
    0x00, 0x00, 0x00, 0x01,
    0x00, 0x00, 0x00, 0x11,
    0x11, 0x11, 0x11, 0x11,
    0x11, 0x11, 0x11, 0x11,
    0x11, 0x11, 0x11, 0x11,
    0x11, 0x11, 0x11, 0x11,
    0x11, 0x11, 0x11, 0x00,
    0x00, 0x00, 0x00, 0x00,

    0xFF, 0xFF, 0xFF, 0xF0,
    0xFF, 0xFF, 0xFF, 0x00,
    0x00, 0x00, 0x00, 0x00,
    0x00, 0x00, 0x00, 0x00,
    0x00, 0x00, 0x00, 0x00,
    0x00, 0x00, 0x00, 0x00,
    0x00, 0x00, 0x00, 0xFF,
    0xFF, 0xFF, 0xFF, 0xFF,

    0x10, 0x00, 0x00, 0x00,
    0x11, 0x00, 0x00, 0x00,
    0x11, 0x11, 0x11, 0x11,
    0x11, 0x11, 0x11, 0x11,
    0x11, 0x11, 0x11, 0x11,
    0x11, 0x11, 0x11, 0x11,
    0x00, 0x11, 0x11, 0x11,
    0x00, 0x00, 0x00, 0x00,

    0x0F, 0xFF, 0xFF, 0xFF,
    0x00, 0xFF, 0xFF, 0xFF,
    0x00, 0x00, 0x00, 0x00,
    0x00, 0x00, 0x00, 0x00,
    0x00, 0x00, 0x00, 0x00,
    0x00, 0x00, 0x00, 0x00,
    0xFF, 0x00, 0x00, 0x00,
    0xFF, 0xFF, 0xFF, 0xFF,


/* Tile ID 494, isSolid: false */
    0x11, 0x11, 0x11, 0x11,
    0x11, 0x11, 0x11, 0x11,
    0x11, 0x11, 0x11, 0x11,
    0x11, 0x11, 0x11, 0x00,
    0x11, 0x11, 0x00, 0x00,
    0x11, 0x00, 0x00, 0x00,
    0x00, 0x00, 0x00, 0x00,
    0x00, 0x00, 0x00, 0x00,

    0x00, 0x00, 0x00, 0x00,
    0x00, 0x00, 0x00, 0x00,
    0x00, 0x00, 0x00, 0x00,
    0x00, 0x00, 0x00, 0xFF,
    0x00, 0x00, 0xFF, 0xFF,
    0x00, 0xFF, 0xFF, 0xFF,
    0xFF, 0xFF, 0xFF, 0xFF,
    0xFF, 0xFF, 0xFF, 0xFF,

    0x11, 0x11, 0x11, 0x11,
    0x11, 0x11, 0x11, 0x11,
    0x11, 0x11, 0x11, 0x11,
    0x00, 0x11, 0x11, 0x11,
    0x00, 0x00, 0x11, 0x11,
    0x00, 0x00, 0x00, 0x11,
    0x00, 0x00, 0x00, 0x00,
    0x00, 0x00, 0x00, 0x00,

    0x00, 0x00, 0x00, 0x00,
    0x00, 0x00, 0x00, 0x00,
    0x00, 0x00, 0x00, 0x00,
    0xFF, 0x00, 0x00, 0x00,
    0xFF, 0xFF, 0x00, 0x00,
    0xFF, 0xFF, 0xFF, 0x00,
    0xFF, 0xFF, 0xFF, 0xFF,
    0xFF, 0xFF, 0xFF, 0xFF,


/* Tile ID 495, isSolid: false */
    0x10, 0x00, 0x00, 0x00,
    0x10, 0x00, 0x00, 0x00,
    0x00, 0x00, 0x00, 0x00,
    0x00, 0x00, 0x00, 0x00,
    0x00, 0x00, 0x00, 0x00,
    0x00, 0x00, 0x00, 0x00,
    0x00, 0x00, 0x00, 0x00,
    0x00, 0x00, 0x00, 0x00,

    0x0F, 0xFF, 0xFF, 0xFF,
    0x0F, 0xFF, 0xFF, 0xFF,
    0xFF, 0xFF, 0xFF, 0xFF,
    0xFF, 0xFF, 0xFF, 0xFF,
    0xFF, 0xFF, 0xFF, 0xFF,
    0xFF, 0xFF, 0xFF, 0xFF,
    0xFF, 0xFF, 0xFF, 0xFF,
    0xFF, 0xFF, 0xFF, 0xFF,

    0x00, 0x00, 0x00, 0x01,
    0x00, 0x00, 0x00, 0x01,
    0x00, 0x00, 0x00, 0x00,
    0x00, 0x00, 0x00, 0x00,
    0x00, 0x00, 0x00, 0x00,
    0x00, 0x00, 0x00, 0x00,
    0x00, 0x00, 0x00, 0x00,
    0x00, 0x00, 0x00, 0x00,

    0xFF, 0xFF, 0xFF, 0xF0,
    0xFF, 0xFF, 0xFF, 0xF0,
    0xFF, 0xFF, 0xFF, 0xFF,
    0xFF, 0xFF, 0xFF, 0xFF,
    0xFF, 0xFF, 0xFF, 0xFF,
    0xFF, 0xFF, 0xFF, 0xFF,
    0xFF, 0xFF, 0xFF, 0xFF,
    0xFF, 0xFF, 0xFF, 0xFF,


/* Tile ID 496, isSolid: false */
    0x00, 0x00, 0x99, 0x99,
    0x00, 0x00, 0x99, 0x99,
    0x00, 0x00, 0x09, 0x99,
    0x00, 0x00, 0x00, 0x99,
    0x00, 0x00, 0x00, 0x00,
    0x00, 0x00, 0x00, 0x00,
    0x00, 0x00, 0x00, 0x00,
    0x00, 0x00, 0x00, 0x00,

    0xFF, 0xFF, 0x00, 0x00,
    0xFF, 0xFF, 0x00, 0x00,
    0xFF, 0xFF, 0xF0, 0x00,
    0xFF, 0xFF, 0xFF, 0x00,
    0xFF, 0xFF, 0xFF, 0xFF,
    0xFF, 0xFF, 0xFF, 0xFF,
    0xFF, 0xFF, 0xFF, 0xFF,
    0xFF, 0xFF, 0xFF, 0xFF,

    0x99, 0x99, 0x00, 0x00,
    0x99, 0x99, 0x00, 0x00,
    0x99, 0x90, 0x00, 0x00,
    0x99, 0x00, 0x00, 0x00,
    0x00, 0x00, 0x00, 0x00,
    0x00, 0x00, 0x00, 0x00,
    0x00, 0x00, 0x00, 0x00,
    0x00, 0x00, 0x00, 0x00,

    0x00, 0x00, 0xFF, 0xFF,
    0x00, 0x00, 0xFF, 0xFF,
    0x00, 0x0F, 0xFF, 0xFF,
    0x00, 0xFF, 0xFF, 0xFF,
    0xFF, 0xFF, 0xFF, 0xFF,
    0xFF, 0xFF, 0xFF, 0xFF,
    0xFF, 0xFF, 0xFF, 0xFF,
    0xFF, 0xFF, 0xFF, 0xFF,


/* Tile ID 497, isSolid: false */
    0x99, 0x90, 0x00, 0x00,
    0x99, 0x99, 0x00, 0x00,
    0x99, 0x99, 0x99, 0x00,
    0x99, 0x99, 0x99, 0x99,
    0x99, 0x99, 0x99, 0x99,
    0x00, 0x00, 0x99, 0x99,
    0x00, 0x00, 0x00, 0x00,
    0x00, 0x00, 0x00, 0x00,

    0x00, 0x0F, 0xFF, 0xFF,
    0x00, 0x00, 0xFF, 0xFF,
    0x00, 0x00, 0x00, 0xFF,
    0x00, 0x00, 0x00, 0x00,
    0x00, 0x00, 0x00, 0x00,
    0xFF, 0xFF, 0x00, 0x00,
    0xFF, 0xFF, 0xFF, 0xFF,
    0xFF, 0xFF, 0xFF, 0xFF,

    0x00, 0x00, 0x09, 0x99,
    0x00, 0x00, 0x99, 0x99,
    0x00, 0x99, 0x99, 0x99,
    0x99, 0x99, 0x99, 0x99,
    0x99, 0x99, 0x99, 0x99,
    0x99, 0x99, 0x00, 0x00,
    0x00, 0x00, 0x00, 0x00,
    0x00, 0x00, 0x00, 0x00,

    0xFF, 0xFF, 0xF0, 0x00,
    0xFF, 0xFF, 0x00, 0x00,
    0xFF, 0x00, 0x00, 0x00,
    0x00, 0x00, 0x00, 0x00,
    0x00, 0x00, 0x00, 0x00,
    0x00, 0x00, 0xFF, 0xFF,
    0xFF, 0xFF, 0xFF, 0xFF,
    0xFF, 0xFF, 0xFF, 0xFF,


/* Tile ID 498, isSolid: false */
    0x00, 0x00, 0x00, 0x99,
    0x00, 0x00, 0x09, 0x99,
    0x00, 0x09, 0x99, 0x99,
    0x99, 0x99, 0x99, 0x99,
    0x99, 0x99, 0x99, 0x99,
    0x99, 0x99, 0x90, 0x00,
    0x00, 0x00, 0x00, 0x00,
    0x00, 0x00, 0x00, 0x00,

    0xFF, 0xFF, 0xFF, 0x00,
    0xFF, 0xFF, 0xF0, 0x00,
    0xFF, 0xF0, 0x00, 0x00,
    0x00, 0x00, 0x00, 0x00,
    0x00, 0x00, 0x00, 0x00,
    0x00, 0x00, 0x0F, 0xFF,
    0xFF, 0xFF, 0xFF, 0xFF,
    0xFF, 0xFF, 0xFF, 0xFF,

    0x99, 0x00, 0x00, 0x00,
    0x99, 0x90, 0x00, 0x00,
    0x99, 0x99, 0x90, 0x00,
    0x99, 0x99, 0x99, 0x99,
    0x99, 0x99, 0x99, 0x99,
    0x00, 0x09, 0x99, 0x99,
    0x00, 0x00, 0x00, 0x00,
    0x00, 0x00, 0x00, 0x00,

    0x00, 0xFF, 0xFF, 0xFF,
    0x00, 0x0F, 0xFF, 0xFF,
    0x00, 0x00, 0x0F, 0xFF,
    0x00, 0x00, 0x00, 0x00,
    0x00, 0x00, 0x00, 0x00,
    0xFF, 0xF0, 0x00, 0x00,
    0xFF, 0xFF, 0xFF, 0xFF,
    0xFF, 0xFF, 0xFF, 0xFF,


/* Tile ID 499, isSolid: false */
    0x99, 0x99, 0x99, 0x00,
    0x99, 0x99, 0x90, 0x00,
    0x99, 0x99, 0x00, 0x00,
    0x99, 0x00, 0x00, 0x00,
    0x00, 0x00, 0x00, 0x00,
    0x00, 0x00, 0x00, 0x00,
    0x00, 0x00, 0x00, 0x00,
    0x00, 0x00, 0x00, 0x00,

    0x00, 0x00, 0x00, 0xFF,
    0x00, 0x00, 0x0F, 0xFF,
    0x00, 0x00, 0xFF, 0xFF,
    0x00, 0xFF, 0xFF, 0xFF,
    0xFF, 0xFF, 0xFF, 0xFF,
    0xFF, 0xFF, 0xFF, 0xFF,
    0xFF, 0xFF, 0xFF, 0xFF,
    0xFF, 0xFF, 0xFF, 0xFF,

    0x00, 0x99, 0x99, 0x99,
    0x00, 0x09, 0x99, 0x99,
    0x00, 0x00, 0x99, 0x99,
    0x00, 0x00, 0x00, 0x99,
    0x00, 0x00, 0x00, 0x00,
    0x00, 0x00, 0x00, 0x00,
    0x00, 0x00, 0x00, 0x00,
    0x00, 0x00, 0x00, 0x00,

    0xFF, 0x00, 0x00, 0x00,
    0xFF, 0xF0, 0x00, 0x00,
    0xFF, 0xFF, 0x00, 0x00,
    0xFF, 0xFF, 0xFF, 0x00,
    0xFF, 0xFF, 0xFF, 0xFF,
    0xFF, 0xFF, 0xFF, 0xFF,
    0xFF, 0xFF, 0xFF, 0xFF,
    0xFF, 0xFF, 0xFF, 0xFF,


/* Tile ID 500, isSolid: false */
    0x00, 0x00, 0x00, 0x0D,
    0x00, 0x00, 0x00, 0x0D,
    0x00, 0x00, 0xDD, 0xDD,
    0x00, 0x0D, 0xDD, 0xDD,
    0x00, 0x00, 0xDD, 0xDD,
    0x00, 0x00, 0x00, 0x00,
    0x00, 0x00, 0x00, 0x00,
    0x00, 0x00, 0x00, 0x00,

    0xFF, 0xFF, 0xFF, 0xF0,
    0xFF, 0xFF, 0xFF, 0xF0,
    0xFF, 0xFF, 0x00, 0x00,
    0xFF, 0xF0, 0x00, 0x00,
    0xFF, 0xFF, 0x00, 0x00,
    0xFF, 0xFF, 0xFF, 0xFF,
    0xFF, 0xFF, 0xFF, 0xFF,
    0xFF, 0xFF, 0xFF, 0xFF,

    0xD0, 0x00, 0x00, 0x00,
    0xD0, 0x00, 0x00, 0x00,
    0xDD, 0xDD, 0x00, 0x00,
    0xDD, 0xDD, 0xD0, 0x00,
    0xDD, 0xDD, 0x00, 0x00,
    0x00, 0x00, 0x00, 0x00,
    0x00, 0x00, 0x00, 0x00,
    0x00, 0x00, 0x00, 0x00,

    0x0F, 0xFF, 0xFF, 0xFF,
    0x0F, 0xFF, 0xFF, 0xFF,
    0x00, 0x00, 0xFF, 0xFF,
    0x00, 0x00, 0x0F, 0xFF,
    0x00, 0x00, 0xFF, 0xFF,
    0xFF, 0xFF, 0xFF, 0xFF,
    0xFF, 0xFF, 0xFF, 0xFF,
    0xFF, 0xFF, 0xFF, 0xFF,


/* Tile ID 501, isSolid: false */
    0xDD, 0xDD, 0xDD, 0xDD,
    0xDD, 0xDD, 0xDD, 0xDD,
    0xDD, 0xDD, 0xDD, 0xDD,
    0xDD, 0xDD, 0xDD, 0xDD,
    0xDD, 0xDD, 0xDD, 0xDD,
    0x00, 0x00, 0x00, 0x00,
    0x00, 0x00, 0x00, 0x00,
    0x00, 0x00, 0x00, 0x00,

    0x00, 0x00, 0x00, 0x00,
    0x00, 0x00, 0x00, 0x00,
    0x00, 0x00, 0x00, 0x00,
    0x00, 0x00, 0x00, 0x00,
    0x00, 0x00, 0x00, 0x00,
    0xFF, 0xFF, 0xFF, 0xFF,
    0xFF, 0xFF, 0xFF, 0xFF,
    0xFF, 0xFF, 0xFF, 0xFF,

    0xDD, 0xDD, 0xDD, 0xDD,
    0xDD, 0xDD, 0xDD, 0xDD,
    0xDD, 0xDD, 0xDD, 0xDD,
    0xDD, 0xDD, 0xDD, 0xDD,
    0xDD, 0xDD, 0xDD, 0xDD,
    0x00, 0x00, 0x00, 0x00,
    0x00, 0x00, 0x00, 0x00,
    0x00, 0x00, 0x00, 0x00,

    0x00, 0x00, 0x00, 0x00,
    0x00, 0x00, 0x00, 0x00,
    0x00, 0x00, 0x00, 0x00,
    0x00, 0x00, 0x00, 0x00,
    0x00, 0x00, 0x00, 0x00,
    0xFF, 0xFF, 0xFF, 0xFF,
    0xFF, 0xFF, 0xFF, 0xFF,
    0xFF, 0xFF, 0xFF, 0xFF,


/* Tile ID 502, isSolid: false */
    0xD0, 0x00, 0x00, 0x00,
    0xDD, 0x00, 0x00, 0x00,
    0xDD, 0xDD, 0xDD, 0xDD,
    0xDD, 0xDD, 0xDD, 0xDD,
    0xDD, 0xDD, 0xDD, 0xDD,
    0x00, 0x00, 0x00, 0x00,
    0x00, 0x00, 0x00, 0x00,
    0x00, 0x00, 0x00, 0x00,

    0x0F, 0xFF, 0xFF, 0xFF,
    0x00, 0xFF, 0xFF, 0xFF,
    0x00, 0x00, 0x00, 0x00,
    0x00, 0x00, 0x00, 0x00,
    0x00, 0x00, 0x00, 0x00,
    0xFF, 0xFF, 0xFF, 0xFF,
    0xFF, 0xFF, 0xFF, 0xFF,
    0xFF, 0xFF, 0xFF, 0xFF,

    0x00, 0x00, 0x00, 0x0D,
    0x00, 0x00, 0x00, 0xDD,
    0xDD, 0xDD, 0xDD, 0xDD,
    0xDD, 0xDD, 0xDD, 0xDD,
    0xDD, 0xDD, 0xDD, 0xDD,
    0x00, 0x00, 0x00, 0x00,
    0x00, 0x00, 0x00, 0x00,
    0x00, 0x00, 0x00, 0x00,

    0xFF, 0xFF, 0xFF, 0xF0,
    0xFF, 0xFF, 0xFF, 0x00,
    0x00, 0x00, 0x00, 0x00,
    0x00, 0x00, 0x00, 0x00,
    0x00, 0x00, 0x00, 0x00,
    0xFF, 0xFF, 0xFF, 0xFF,
    0xFF, 0xFF, 0xFF, 0xFF,
    0xFF, 0xFF, 0xFF, 0xFF,


/* Tile ID 503, isSolid: false */
    0x00, 0x00, 0x00, 0xDD,
    0x00, 0x00, 0x0D, 0xDD,
    0xDD, 0xDD, 0xDD, 0xDD,
    0xDD, 0xDD, 0xDD, 0xDD,
    0xDD, 0xDD, 0xDD, 0xDD,
    0x00, 0x00, 0x00, 0x00,
    0x00, 0x00, 0x00, 0x00,
    0x00, 0x00, 0x00, 0x00,

    0xFF, 0xFF, 0xFF, 0x00,
    0xFF, 0xFF, 0xF0, 0x00,
    0x00, 0x00, 0x00, 0x00,
    0x00, 0x00, 0x00, 0x00,
    0x00, 0x00, 0x00, 0x00,
    0xFF, 0xFF, 0xFF, 0xFF,
    0xFF, 0xFF, 0xFF, 0xFF,
    0xFF, 0xFF, 0xFF, 0xFF,

    0xDD, 0x00, 0x00, 0x00,
    0xDD, 0xD0, 0x00, 0x00,
    0xDD, 0xDD, 0xDD, 0xDD,
    0xDD, 0xDD, 0xDD, 0xDD,
    0xDD, 0xDD, 0xDD, 0xDD,
    0x00, 0x00, 0x00, 0x00,
    0x00, 0x00, 0x00, 0x00,
    0x00, 0x00, 0x00, 0x00,

    0x00, 0xFF, 0xFF, 0xFF,
    0x00, 0x0F, 0xFF, 0xFF,
    0x00, 0x00, 0x00, 0x00,
    0x00, 0x00, 0x00, 0x00,
    0x00, 0x00, 0x00, 0x00,
    0xFF, 0xFF, 0xFF, 0xFF,
    0xFF, 0xFF, 0xFF, 0xFF,
    0xFF, 0xFF, 0xFF, 0xFF,


/* Tile ID 504, isSolid: false */
    0xDD, 0xD0, 0x00, 0x00,
    0xDD, 0xD0, 0x00, 0x00,
    0xDD, 0xD0, 0x00, 0x00,
    0xDD, 0xD0, 0x00, 0x00,
    0xDD, 0x00, 0x00, 0x00,
    0x00, 0x00, 0x00, 0x00,
    0x00, 0x00, 0x00, 0x00,
    0x00, 0x00, 0x00, 0x00,

    0x00, 0x0F, 0xFF, 0xFF,
    0x00, 0x0F, 0xFF, 0xFF,
    0x00, 0x0F, 0xFF, 0xFF,
    0x00, 0x0F, 0xFF, 0xFF,
    0x00, 0xFF, 0xFF, 0xFF,
    0xFF, 0xFF, 0xFF, 0xFF,
    0xFF, 0xFF, 0xFF, 0xFF,
    0xFF, 0xFF, 0xFF, 0xFF,

    0x00, 0x00, 0x0D, 0xDD,
    0x00, 0x00, 0x0D, 0xDD,
    0x00, 0x00, 0x0D, 0xDD,
    0x00, 0x00, 0x0D, 0xDD,
    0x00, 0x00, 0x00, 0xDD,
    0x00, 0x00, 0x00, 0x00,
    0x00, 0x00, 0x00, 0x00,
    0x00, 0x00, 0x00, 0x00,

    0xFF, 0xFF, 0xF0, 0x00,
    0xFF, 0xFF, 0xF0, 0x00,
    0xFF, 0xFF, 0xF0, 0x00,
    0xFF, 0xFF, 0xF0, 0x00,
    0xFF, 0xFF, 0xFF, 0x00,
    0xFF, 0xFF, 0xFF, 0xFF,
    0xFF, 0xFF, 0xFF, 0xFF,
    0xFF, 0xFF, 0xFF, 0xFF,


/* Tile ID 505, isSolid: false */
    0x00, 0x00, 0x00, 0x00,
    0x00, 0x00, 0x00, 0x00,
    0x00, 0x00, 0x00, 0x00,
    0x00, 0x00, 0x00, 0x00,
    0x00, 0x00, 0x00, 0x00,
    0x00, 0x00, 0x00, 0x00,
    0x00, 0x00, 0x00, 0x00,
    0x00, 0x00, 0x00, 0x00,

    0xFF, 0xFF, 0xFF, 0xFF,
    0xFF, 0xFF, 0xFF, 0xFF,
    0xFF, 0xFF, 0xFF, 0xFF,
    0xFF, 0xFF, 0xFF, 0xFF,
    0xFF, 0xFF, 0xFF, 0xFF,
    0xFF, 0xFF, 0xFF, 0xFF,
    0xFF, 0xFF, 0xFF, 0xFF,
    0xFF, 0xFF, 0xFF, 0xFF,

    0x00, 0x00, 0x00, 0x00,
    0x00, 0x00, 0x00, 0x00,
    0x00, 0x00, 0x00, 0x00,
    0x00, 0x00, 0x00, 0x00,
    0x00, 0x00, 0x00, 0x00,
    0x00, 0x00, 0x00, 0x00,
    0x00, 0x00, 0x00, 0x00,
    0x00, 0x00, 0x00, 0x00,

    0xFF, 0xFF, 0xFF, 0xFF,
    0xFF, 0xFF, 0xFF, 0xFF,
    0xFF, 0xFF, 0xFF, 0xFF,
    0xFF, 0xFF, 0xFF, 0xFF,
    0xFF, 0xFF, 0xFF, 0xFF,
    0xFF, 0xFF, 0xFF, 0xFF,
    0xFF, 0xFF, 0xFF, 0xFF,
    0xFF, 0xFF, 0xFF, 0xFF,


/* Tile ID 506, isSolid: false */
    0x00, 0x00, 0x00, 0x00,
    0x00, 0x00, 0x00, 0x00,
    0x00, 0x00, 0x00, 0x00,
    0x00, 0x00, 0x00, 0x00,
    0x00, 0x00, 0x00, 0x00,
    0x00, 0x00, 0x00, 0x00,
    0x00, 0x00, 0x00, 0x00,
    0x00, 0x00, 0x00, 0x00,

    0xFF, 0xFF, 0xFF, 0xFF,
    0xFF, 0xFF, 0xFF, 0xFF,
    0xFF, 0xFF, 0xFF, 0xFF,
    0xFF, 0xFF, 0xFF, 0xFF,
    0xFF, 0xFF, 0xFF, 0xFF,
    0xFF, 0xFF, 0xFF, 0xFF,
    0xFF, 0xFF, 0xFF, 0xFF,
    0xFF, 0xFF, 0xFF, 0xFF,

    0x00, 0x00, 0x00, 0x00,
    0x00, 0x00, 0x00, 0x00,
    0x00, 0x00, 0x00, 0x00,
    0x00, 0x00, 0x00, 0x00,
    0x00, 0x00, 0x00, 0x00,
    0x00, 0x00, 0x00, 0x00,
    0x00, 0x00, 0x00, 0x00,
    0x00, 0x00, 0x00, 0x00,

    0xFF, 0xFF, 0xFF, 0xFF,
    0xFF, 0xFF, 0xFF, 0xFF,
    0xFF, 0xFF, 0xFF, 0xFF,
    0xFF, 0xFF, 0xFF, 0xFF,
    0xFF, 0xFF, 0xFF, 0xFF,
    0xFF, 0xFF, 0xFF, 0xFF,
    0xFF, 0xFF, 0xFF, 0xFF,
    0xFF, 0xFF, 0xFF, 0xFF,


/* Tile ID 507, isSolid: false */
    0x00, 0x00, 0x00, 0x00,
    0x00, 0x00, 0x00, 0x00,
    0x00, 0x00, 0x00, 0x00,
    0x00, 0x00, 0x00, 0x00,
    0x00, 0x00, 0x00, 0x00,
    0x00, 0x00, 0x00, 0x00,
    0x00, 0x00, 0x00, 0x00,
    0x00, 0x00, 0x00, 0x00,

    0xFF, 0xFF, 0xFF, 0xFF,
    0xFF, 0xFF, 0xFF, 0xFF,
    0xFF, 0xFF, 0xFF, 0xFF,
    0xFF, 0xFF, 0xFF, 0xFF,
    0xFF, 0xFF, 0xFF, 0xFF,
    0xFF, 0xFF, 0xFF, 0xFF,
    0xFF, 0xFF, 0xFF, 0xFF,
    0xFF, 0xFF, 0xFF, 0xFF,

    0x00, 0x00, 0x00, 0x00,
    0x00, 0x00, 0x00, 0x00,
    0x00, 0x00, 0x00, 0x00,
    0x00, 0x00, 0x00, 0x00,
    0x00, 0x00, 0x00, 0x00,
    0x00, 0x00, 0x00, 0x00,
    0x00, 0x00, 0x00, 0x00,
    0x00, 0x00, 0x00, 0x00,

    0xFF, 0xFF, 0xFF, 0xFF,
    0xFF, 0xFF, 0xFF, 0xFF,
    0xFF, 0xFF, 0xFF, 0xFF,
    0xFF, 0xFF, 0xFF, 0xFF,
    0xFF, 0xFF, 0xFF, 0xFF,
    0xFF, 0xFF, 0xFF, 0xFF,
    0xFF, 0xFF, 0xFF, 0xFF,
    0xFF, 0xFF, 0xFF, 0xFF,


/* Tile ID 508, isSolid: false */
    0x00, 0x00, 0x00, 0x00,
    0x00, 0x00, 0x00, 0x00,
    0x00, 0x00, 0x00, 0x00,
    0x00, 0x00, 0x00, 0x00,
    0x00, 0x00, 0x00, 0x00,
    0x00, 0x00, 0x00, 0x00,
    0x00, 0x00, 0x00, 0x00,
    0x00, 0x00, 0x00, 0x00,

    0xFF, 0xFF, 0xFF, 0xFF,
    0xFF, 0xFF, 0xFF, 0xFF,
    0xFF, 0xFF, 0xFF, 0xFF,
    0xFF, 0xFF, 0xFF, 0xFF,
    0xFF, 0xFF, 0xFF, 0xFF,
    0xFF, 0xFF, 0xFF, 0xFF,
    0xFF, 0xFF, 0xFF, 0xFF,
    0xFF, 0xFF, 0xFF, 0xFF,

    0x00, 0x00, 0x00, 0x00,
    0x00, 0x00, 0x00, 0x00,
    0x00, 0x00, 0x00, 0x00,
    0x00, 0x00, 0x00, 0x00,
    0x00, 0x00, 0x00, 0x00,
    0x00, 0x00, 0x00, 0x00,
    0x00, 0x00, 0x00, 0x00,
    0x00, 0x00, 0x00, 0x00,

    0xFF, 0xFF, 0xFF, 0xFF,
    0xFF, 0xFF, 0xFF, 0xFF,
    0xFF, 0xFF, 0xFF, 0xFF,
    0xFF, 0xFF, 0xFF, 0xFF,
    0xFF, 0xFF, 0xFF, 0xFF,
    0xFF, 0xFF, 0xFF, 0xFF,
    0xFF, 0xFF, 0xFF, 0xFF,
    0xFF, 0xFF, 0xFF, 0xFF,


/* Tile ID 509, isSolid: false */
    0x00, 0x00, 0x00, 0x00,
    0x00, 0x00, 0x00, 0x00,
    0x00, 0x00, 0x00, 0x00,
    0x00, 0x00, 0x00, 0x00,
    0x00, 0x00, 0x00, 0x00,
    0x00, 0x00, 0x00, 0x00,
    0x00, 0x00, 0x00, 0x00,
    0x00, 0x00, 0x00, 0x00,

    0xFF, 0xFF, 0xFF, 0xFF,
    0xFF, 0xFF, 0xFF, 0xFF,
    0xFF, 0xFF, 0xFF, 0xFF,
    0xFF, 0xFF, 0xFF, 0xFF,
    0xFF, 0xFF, 0xFF, 0xFF,
    0xFF, 0xFF, 0xFF, 0xFF,
    0xFF, 0xFF, 0xFF, 0xFF,
    0xFF, 0xFF, 0xFF, 0xFF,

    0x00, 0x00, 0x00, 0x00,
    0x00, 0x00, 0x00, 0x00,
    0x00, 0x00, 0x00, 0x00,
    0x00, 0x00, 0x00, 0x00,
    0x00, 0x00, 0x00, 0x00,
    0x00, 0x00, 0x00, 0x00,
    0x00, 0x00, 0x00, 0x00,
    0x00, 0x00, 0x00, 0x00,

    0xFF, 0xFF, 0xFF, 0xFF,
    0xFF, 0xFF, 0xFF, 0xFF,
    0xFF, 0xFF, 0xFF, 0xFF,
    0xFF, 0xFF, 0xFF, 0xFF,
    0xFF, 0xFF, 0xFF, 0xFF,
    0xFF, 0xFF, 0xFF, 0xFF,
    0xFF, 0xFF, 0xFF, 0xFF,
    0xFF, 0xFF, 0xFF, 0xFF,


/* Tile ID 510, isSolid: false */
    0x00, 0x00, 0x00, 0x00,
    0x00, 0x00, 0x00, 0x00,
    0x00, 0x00, 0x00, 0x00,
    0x00, 0x00, 0x00, 0x00,
    0x00, 0x00, 0x00, 0x00,
    0x00, 0x00, 0x00, 0x00,
    0x00, 0x00, 0x00, 0x00,
    0x00, 0x00, 0x00, 0x00,

    0xFF, 0xFF, 0xFF, 0xFF,
    0xFF, 0xFF, 0xFF, 0xFF,
    0xFF, 0xFF, 0xFF, 0xFF,
    0xFF, 0xFF, 0xFF, 0xFF,
    0xFF, 0xFF, 0xFF, 0xFF,
    0xFF, 0xFF, 0xFF, 0xFF,
    0xFF, 0xFF, 0xFF, 0xFF,
    0xFF, 0xFF, 0xFF, 0xFF,

    0x00, 0x00, 0x00, 0x00,
    0x00, 0x00, 0x00, 0x00,
    0x00, 0x00, 0x00, 0x00,
    0x00, 0x00, 0x00, 0x00,
    0x00, 0x00, 0x00, 0x00,
    0x00, 0x00, 0x00, 0x00,
    0x00, 0x00, 0x00, 0x00,
    0x00, 0x00, 0x00, 0x00,

    0xFF, 0xFF, 0xFF, 0xFF,
    0xFF, 0xFF, 0xFF, 0xFF,
    0xFF, 0xFF, 0xFF, 0xFF,
    0xFF, 0xFF, 0xFF, 0xFF,
    0xFF, 0xFF, 0xFF, 0xFF,
    0xFF, 0xFF, 0xFF, 0xFF,
    0xFF, 0xFF, 0xFF, 0xFF,
    0xFF, 0xFF, 0xFF, 0xFF,


/* Tile ID 511, isSolid: false */
    0x00, 0x00, 0x00, 0x00,
    0x00, 0x00, 0x00, 0x00,
    0x00, 0x00, 0x00, 0x00,
    0x00, 0x00, 0x00, 0x00,
    0x00, 0x00, 0x00, 0x00,
    0x00, 0x00, 0x00, 0x00,
    0x00, 0x00, 0x00, 0x00,
    0x00, 0x00, 0x00, 0x00,

    0xFF, 0xFF, 0xFF, 0xFF,
    0xFF, 0xFF, 0xFF, 0xFF,
    0xFF, 0xFF, 0xFF, 0xFF,
    0xFF, 0xFF, 0xFF, 0xFF,
    0xFF, 0xFF, 0xFF, 0xFF,
    0xFF, 0xFF, 0xFF, 0xFF,
    0xFF, 0xFF, 0xFF, 0xFF,
    0xFF, 0xFF, 0xFF, 0xFF,

    0x00, 0x00, 0x00, 0x00,
    0x00, 0x00, 0x00, 0x00,
    0x00, 0x00, 0x00, 0x00,
    0x00, 0x00, 0x00, 0x00,
    0x00, 0x00, 0x00, 0x00,
    0x00, 0x00, 0x00, 0x00,
    0x00, 0x00, 0x00, 0x00,
    0x00, 0x00, 0x00, 0x00,

    0xFF, 0xFF, 0xFF, 0xFF,
    0xFF, 0xFF, 0xFF, 0xFF,
    0xFF, 0xFF, 0xFF, 0xFF,
    0xFF, 0xFF, 0xFF, 0xFF,
    0xFF, 0xFF, 0xFF, 0xFF,
    0xFF, 0xFF, 0xFF, 0xFF,
    0xFF, 0xFF, 0xFF, 0xFF,
    0xFF, 0xFF, 0xFF, 0xFF,


/* Tile ID 512, isSolid: false */
    0x00, 0x00, 0x00, 0x00,
    0x00, 0x00, 0x00, 0x00,
    0x00, 0x00, 0x00, 0x00,
    0x00, 0x00, 0x00, 0x00,
    0x00, 0x00, 0x00, 0x00,
    0x00, 0x00, 0x00, 0x00,
    0x00, 0x00, 0x00, 0x00,
    0x00, 0x00, 0x00, 0x00,

    0xFF, 0xFF, 0xFF, 0xFF,
    0xFF, 0xFF, 0xFF, 0xFF,
    0xFF, 0xFF, 0xFF, 0xFF,
    0xFF, 0xFF, 0xFF, 0xFF,
    0xFF, 0xFF, 0xFF, 0xFF,
    0xFF, 0xFF, 0xFF, 0xFF,
    0xFF, 0xFF, 0xFF, 0xFF,
    0xFF, 0xFF, 0xFF, 0xFF,

    0x00, 0x00, 0x00, 0x00,
    0x00, 0x00, 0x00, 0x00,
    0x00, 0x00, 0x00, 0x00,
    0x00, 0x00, 0x00, 0x00,
    0x00, 0x00, 0x00, 0x00,
    0x00, 0x00, 0x00, 0x00,
    0x00, 0x00, 0x00, 0x00,
    0x00, 0x00, 0x00, 0x00,

    0xFF, 0xFF, 0xFF, 0xFF,
    0xFF, 0xFF, 0xFF, 0xFF,
    0xFF, 0xFF, 0xFF, 0xFF,
    0xFF, 0xFF, 0xFF, 0xFF,
    0xFF, 0xFF, 0xFF, 0xFF,
    0xFF, 0xFF, 0xFF, 0xFF,
    0xFF, 0xFF, 0xFF, 0xFF,
    0xFF, 0xFF, 0xFF, 0xFF,


/* Tile ID 513, isSolid: false */
    0x00, 0x00, 0x00, 0x00,
    0x00, 0x00, 0x00, 0x00,
    0x00, 0x00, 0x00, 0x00,
    0x00, 0x00, 0x00, 0x00,
    0x00, 0x00, 0x00, 0x08,
    0x00, 0x00, 0x00, 0x8D,
    0x00, 0x00, 0x08, 0xDD,
    0x00, 0x00, 0x8D, 0xDD,

    0xFF, 0xFF, 0xFF, 0xFF,
    0xFF, 0xFF, 0xFF, 0xFF,
    0xFF, 0xFF, 0xFF, 0xFF,
    0xFF, 0xFF, 0xFF, 0xFF,
    0xFF, 0xFF, 0xFF, 0xF0,
    0xFF, 0xFF, 0xFF, 0x00,
    0xFF, 0xFF, 0xF0, 0x00,
    0xFF, 0xFF, 0x00, 0x00,

    0x00, 0x00, 0x00, 0x00,
    0x00, 0x00, 0x00, 0x00,
    0x00, 0x00, 0x00, 0x00,
    0x00, 0x00, 0x00, 0x00,
    0x80, 0x00, 0x00, 0x00,
    0xD8, 0x00, 0x00, 0x00,
    0xDD, 0x80, 0x00, 0x00,
    0xDD, 0xD8, 0x00, 0x00,

    0xFF, 0xFF, 0xFF, 0xFF,
    0xFF, 0xFF, 0xFF, 0xFF,
    0xFF, 0xFF, 0xFF, 0xFF,
    0xFF, 0xFF, 0xFF, 0xFF,
    0x0F, 0xFF, 0xFF, 0xFF,
    0x00, 0xFF, 0xFF, 0xFF,
    0x00, 0x0F, 0xFF, 0xFF,
    0x00, 0x00, 0xFF, 0xFF,


/* Tile ID 514, isSolid: false */
    0x00, 0x00, 0x00, 0x00,
    0x00, 0x00, 0x8D, 0xDD,
    0x00, 0xDD, 0xDD, 0xDD,
    0x0D, 0xDD, 0xD8, 0x8D,
    0xDD, 0xD8, 0x88, 0xB8,
    0xDD, 0x80, 0x0B, 0x88,
    0xDD, 0x00, 0x00, 0xB8,
    0xD0, 0x00, 0x00, 0x0B,

    0xFF, 0xFF, 0xFF, 0xFF,
    0xFF, 0xFF, 0x00, 0x00,
    0xFF, 0x00, 0x00, 0x00,
    0xF0, 0x00, 0x00, 0x00,
    0x00, 0x00, 0x00, 0x00,
    0x00, 0x0F, 0xF0, 0x00,
    0x00, 0xFF, 0xFF, 0x00,
    0x0F, 0xFF, 0xFF, 0xF0,

    0x00, 0x00, 0x00, 0x00,
    0xDD, 0xD8, 0x00, 0x00,
    0xDD, 0xDD, 0xDD, 0x00,
    0xD8, 0x8D, 0xDD, 0xD0,
    0x8B, 0x88, 0x8D, 0xDD,
    0x88, 0xB0, 0x08, 0xDD,
    0x8B, 0x00, 0x00, 0xDD,
    0xB0, 0x00, 0x00, 0x0D,

    0xFF, 0xFF, 0xFF, 0xFF,
    0x00, 0x00, 0xFF, 0xFF,
    0x00, 0x00, 0x00, 0xFF,
    0x00, 0x00, 0x00, 0x0F,
    0x00, 0x00, 0x00, 0x00,
    0x00, 0x0F, 0xF0, 0x00,
    0x00, 0xFF, 0xFF, 0x00,
    0x0F, 0xFF, 0xFF, 0xF0,


/* Tile ID 515, isSolid: false */
    0x00, 0x00, 0x00, 0x00,
    0x00, 0x00, 0x00, 0x00,
    0xDD, 0x00, 0x00, 0x00,
    0xDD, 0xD0, 0x00, 0x00,
    0xDD, 0xDD, 0x00, 0x00,
    0x8D, 0xDD, 0xD0, 0x00,
    0x88, 0xDD, 0xD8, 0x00,
    0x88, 0xDD, 0xDD, 0x00,

    0xFF, 0xFF, 0xFF, 0xFF,
    0xFF, 0xFF, 0xFF, 0xFF,
    0x00, 0xFF, 0xFF, 0xFF,
    0x00, 0x0F, 0xFF, 0xFF,
    0x00, 0x00, 0xFF, 0xFF,
    0x00, 0x00, 0x0F, 0xFF,
    0x00, 0x00, 0x00, 0xFF,
    0x00, 0x00, 0x00, 0xFF,

    0x00, 0x00, 0x00, 0x00,
    0x00, 0x00, 0x00, 0x00,
    0x00, 0x00, 0x00, 0xDD,
    0x00, 0x00, 0x0D, 0xDD,
    0x00, 0x00, 0xDD, 0xDD,
    0x00, 0x0D, 0xDD, 0xD8,
    0x00, 0x8D, 0xDD, 0x88,
    0x00, 0xDD, 0xDD, 0x88,

    0xFF, 0xFF, 0xFF, 0xFF,
    0xFF, 0xFF, 0xFF, 0xFF,
    0xFF, 0xFF, 0xFF, 0x00,
    0xFF, 0xFF, 0xF0, 0x00,
    0xFF, 0xFF, 0x00, 0x00,
    0xFF, 0xF0, 0x00, 0x00,
    0xFF, 0x00, 0x00, 0x00,
    0xFF, 0x00, 0x00, 0x00,


/* Tile ID 516, isSolid: false */
    0x00, 0x00, 0x00, 0x00,
    0x00, 0x00, 0x00, 0x00,
    0x00, 0x00, 0x00, 0x00,
    0x00, 0x00, 0x00, 0x00,
    0x00, 0x00, 0x00, 0x00,
    0x00, 0x00, 0x00, 0x00,
    0x00, 0x00, 0x00, 0x00,
    0x00, 0x00, 0x00, 0x00,

    0xFF, 0xFF, 0xFF, 0xFF,
    0xFF, 0xFF, 0xFF, 0xFF,
    0xFF, 0xFF, 0xFF, 0xFF,
    0xFF, 0xFF, 0xFF, 0xFF,
    0xFF, 0xFF, 0xFF, 0xFF,
    0xFF, 0xFF, 0xFF, 0xFF,
    0xFF, 0xFF, 0xFF, 0xFF,
    0xFF, 0xFF, 0xFF, 0xFF,

    0x00, 0x00, 0x00, 0x00,
    0x00, 0x00, 0x00, 0x00,
    0x00, 0x00, 0x00, 0x00,
    0x00, 0x00, 0x00, 0x00,
    0x00, 0x00, 0x00, 0x00,
    0x00, 0x00, 0x00, 0x00,
    0x00, 0x00, 0x00, 0x00,
    0x00, 0x00, 0x00, 0x00,

    0xFF, 0xFF, 0xFF, 0xFF,
    0xFF, 0xFF, 0xFF, 0xFF,
    0xFF, 0xFF, 0xFF, 0xFF,
    0xFF, 0xFF, 0xFF, 0xFF,
    0xFF, 0xFF, 0xFF, 0xFF,
    0xFF, 0xFF, 0xFF, 0xFF,
    0xFF, 0xFF, 0xFF, 0xFF,
    0xFF, 0xFF, 0xFF, 0xFF,


/* Tile ID 517, isSolid: false */
    0x00, 0x00, 0x00, 0x00,
    0x00, 0x00, 0x00, 0x00,
    0x00, 0x00, 0x00, 0x00,
    0x00, 0x00, 0x00, 0x00,
    0x00, 0x00, 0x00, 0x00,
    0x00, 0x00, 0x00, 0x00,
    0x00, 0x00, 0x00, 0x00,
    0x00, 0x00, 0x00, 0x00,

    0xFF, 0xFF, 0xFF, 0xFF,
    0xFF, 0xFF, 0xFF, 0xFF,
    0xFF, 0xFF, 0xFF, 0xFF,
    0xFF, 0xFF, 0xFF, 0xFF,
    0xFF, 0xFF, 0xFF, 0xFF,
    0xFF, 0xFF, 0xFF, 0xFF,
    0xFF, 0xFF, 0xFF, 0xFF,
    0xFF, 0xFF, 0xFF, 0xFF,

    0x00, 0x00, 0x00, 0x00,
    0x00, 0x00, 0x00, 0x00,
    0x00, 0x00, 0x00, 0x00,
    0x00, 0x00, 0x00, 0x00,
    0x00, 0x00, 0x00, 0x00,
    0x00, 0x00, 0x00, 0x00,
    0x00, 0x00, 0x00, 0x00,
    0x00, 0x00, 0x00, 0x00,

    0xFF, 0xFF, 0xFF, 0xFF,
    0xFF, 0xFF, 0xFF, 0xFF,
    0xFF, 0xFF, 0xFF, 0xFF,
    0xFF, 0xFF, 0xFF, 0xFF,
    0xFF, 0xFF, 0xFF, 0xFF,
    0xFF, 0xFF, 0xFF, 0xFF,
    0xFF, 0xFF, 0xFF, 0xFF,
    0xFF, 0xFF, 0xFF, 0xFF,


/* Tile ID 518, isSolid: false */
    0x00, 0x00, 0x00, 0x00,
    0x00, 0x00, 0x00, 0x00,
    0x00, 0x00, 0x00, 0x00,
    0x00, 0x00, 0x00, 0x08,
    0x00, 0x00, 0x00, 0x8D,
    0x00, 0x00, 0x08, 0xDD,
    0x00, 0x00, 0x0D, 0xDD,
    0x00, 0x00, 0x0D, 0xDD,

    0xFF, 0xFF, 0xFF, 0xFF,
    0xFF, 0xFF, 0xFF, 0xFF,
    0xFF, 0xFF, 0xFF, 0xFF,
    0xFF, 0xFF, 0xFF, 0xF0,
    0xFF, 0xFF, 0xFF, 0x00,
    0xFF, 0xFF, 0xF0, 0x00,
    0xFF, 0xFF, 0xF0, 0x00,
    0xFF, 0xFF, 0xF0, 0x00,

    0x00, 0x00, 0x00, 0x00,
    0x00, 0x00, 0x00, 0x00,
    0x00, 0x00, 0x00, 0x00,
    0x80, 0x00, 0x00, 0x00,
    0xD8, 0x00, 0x00, 0x00,
    0xDD, 0x80, 0x00, 0x00,
    0xDD, 0xD0, 0x00, 0x00,
    0xDD, 0xD0, 0x00, 0x00,

    0xFF, 0xFF, 0xFF, 0xFF,
    0xFF, 0xFF, 0xFF, 0xFF,
    0xFF, 0xFF, 0xFF, 0xFF,
    0x0F, 0xFF, 0xFF, 0xFF,
    0x00, 0xFF, 0xFF, 0xFF,
    0x00, 0x0F, 0xFF, 0xFF,
    0x00, 0x0F, 0xFF, 0xFF,
    0x00, 0x0F, 0xFF, 0xFF,


/* Tile ID 519, isSolid: false */
    0x00, 0x00, 0x00, 0x00,
    0x00, 0xDD, 0xD0, 0x00,
    0x8D, 0xDD, 0xD8, 0x00,
    0xDD, 0xDD, 0xD8, 0x00,
    0xDD, 0xDD, 0xD8, 0x00,
    0xDD, 0xDD, 0xD8, 0x00,
    0xD8, 0xDD, 0xD0, 0x00,
    0xD8, 0x8D, 0x80, 0x00,

    0xFF, 0xFF, 0xFF, 0xFF,
    0xFF, 0x00, 0x0F, 0xFF,
    0x00, 0x00, 0x00, 0xFF,
    0x00, 0x00, 0x00, 0xFF,
    0x00, 0x00, 0x00, 0xFF,
    0x00, 0x00, 0x00, 0xFF,
    0x00, 0x00, 0x0F, 0xFF,
    0x00, 0x00, 0x0F, 0xFF,

    0x00, 0x00, 0x00, 0x00,
    0x00, 0x0D, 0xDD, 0x00,
    0x00, 0x8D, 0xDD, 0xD8,
    0x00, 0x8D, 0xDD, 0xDD,
    0x00, 0x8D, 0xDD, 0xDD,
    0x00, 0x8D, 0xDD, 0xDD,
    0x00, 0x0D, 0xDD, 0x8D,
    0x00, 0x08, 0xD8, 0x8D,

    0xFF, 0xFF, 0xFF, 0xFF,
    0xFF, 0xF0, 0x00, 0xFF,
    0xFF, 0x00, 0x00, 0x00,
    0xFF, 0x00, 0x00, 0x00,
    0xFF, 0x00, 0x00, 0x00,
    0xFF, 0x00, 0x00, 0x00,
    0xFF, 0xF0, 0x00, 0x00,
    0xFF, 0xF0, 0x00, 0x00,


/* Tile ID 520, isSolid: false */
    0x00, 0x00, 0x00, 0x00,
    0x00, 0x00, 0x00, 0x00,
    0x00, 0x00, 0x00, 0x00,
    0x00, 0x00, 0x00, 0x00,
    0x00, 0x00, 0x00, 0x00,
    0x00, 0x00, 0x00, 0x00,
    0x00, 0x00, 0x00, 0x00,
    0x00, 0x00, 0x00, 0x00,

    0xFF, 0xFF, 0xFF, 0xFF,
    0xFF, 0xFF, 0xFF, 0xFF,
    0xFF, 0xFF, 0xFF, 0xFF,
    0xFF, 0xFF, 0xFF, 0xFF,
    0xFF, 0xFF, 0xFF, 0xFF,
    0xFF, 0xFF, 0xFF, 0xFF,
    0xFF, 0xFF, 0xFF, 0xFF,
    0xFF, 0xFF, 0xFF, 0xFF,

    0x00, 0x00, 0x00, 0x00,
    0x00, 0x00, 0x00, 0x00,
    0x00, 0x00, 0x00, 0x00,
    0x00, 0x00, 0x00, 0x00,
    0x00, 0x00, 0x00, 0x00,
    0x00, 0x00, 0x00, 0x00,
    0x00, 0x00, 0x00, 0x00,
    0x00, 0x00, 0x00, 0x00,

    0xFF, 0xFF, 0xFF, 0xFF,
    0xFF, 0xFF, 0xFF, 0xFF,
    0xFF, 0xFF, 0xFF, 0xFF,
    0xFF, 0xFF, 0xFF, 0xFF,
    0xFF, 0xFF, 0xFF, 0xFF,
    0xFF, 0xFF, 0xFF, 0xFF,
    0xFF, 0xFF, 0xFF, 0xFF,
    0xFF, 0xFF, 0xFF, 0xFF,


/* Tile ID 521, isSolid: false */
    0x00, 0x00, 0x00, 0x00,
    0x00, 0x00, 0x00, 0x00,
    0x00, 0x00, 0x00, 0x00,
    0x00, 0x00, 0x00, 0x00,
    0x00, 0x00, 0x00, 0x00,
    0x00, 0x00, 0x00, 0x00,
    0x00, 0x00, 0x00, 0x00,
    0x00, 0x00, 0x00, 0x00,

    0xFF, 0xFF, 0xFF, 0xFF,
    0xFF, 0xFF, 0xFF, 0xFF,
    0xFF, 0xFF, 0xFF, 0xFF,
    0xFF, 0xFF, 0xFF, 0xFF,
    0xFF, 0xFF, 0xFF, 0xFF,
    0xFF, 0xFF, 0xFF, 0xFF,
    0xFF, 0xFF, 0xFF, 0xFF,
    0xFF, 0xFF, 0xFF, 0xFF,

    0x00, 0x00, 0x00, 0x00,
    0x00, 0x00, 0x00, 0x00,
    0x00, 0x00, 0x00, 0x00,
    0x00, 0x00, 0x00, 0x00,
    0x00, 0x00, 0x00, 0x00,
    0x00, 0x00, 0x00, 0x00,
    0x00, 0x00, 0x00, 0x00,
    0x00, 0x00, 0x00, 0x00,

    0xFF, 0xFF, 0xFF, 0xFF,
    0xFF, 0xFF, 0xFF, 0xFF,
    0xFF, 0xFF, 0xFF, 0xFF,
    0xFF, 0xFF, 0xFF, 0xFF,
    0xFF, 0xFF, 0xFF, 0xFF,
    0xFF, 0xFF, 0xFF, 0xFF,
    0xFF, 0xFF, 0xFF, 0xFF,
    0xFF, 0xFF, 0xFF, 0xFF,


/* Tile ID 522, isSolid: false */
    0x00, 0x00, 0x00, 0x00,
    0x00, 0x00, 0x00, 0x00,
    0x00, 0x00, 0x00, 0x00,
    0x00, 0x00, 0x00, 0x00,
    0x00, 0x00, 0x00, 0x00,
    0x00, 0x00, 0x00, 0x00,
    0x00, 0x00, 0x00, 0x00,
    0x00, 0x00, 0x00, 0x00,

    0xFF, 0xFF, 0xFF, 0xFF,
    0xFF, 0xFF, 0xFF, 0xFF,
    0xFF, 0xFF, 0xFF, 0xFF,
    0xFF, 0xFF, 0xFF, 0xFF,
    0xFF, 0xFF, 0xFF, 0xFF,
    0xFF, 0xFF, 0xFF, 0xFF,
    0xFF, 0xFF, 0xFF, 0xFF,
    0xFF, 0xFF, 0xFF, 0xFF,

    0x00, 0x00, 0x00, 0x00,
    0x00, 0x00, 0x00, 0x00,
    0x00, 0x00, 0x00, 0x00,
    0x00, 0x00, 0x00, 0x00,
    0x00, 0x00, 0x00, 0x00,
    0x00, 0x00, 0x00, 0x00,
    0x00, 0x00, 0x00, 0x00,
    0x00, 0x00, 0x00, 0x00,

    0xFF, 0xFF, 0xFF, 0xFF,
    0xFF, 0xFF, 0xFF, 0xFF,
    0xFF, 0xFF, 0xFF, 0xFF,
    0xFF, 0xFF, 0xFF, 0xFF,
    0xFF, 0xFF, 0xFF, 0xFF,
    0xFF, 0xFF, 0xFF, 0xFF,
    0xFF, 0xFF, 0xFF, 0xFF,
    0xFF, 0xFF, 0xFF, 0xFF,


/* Tile ID 523, isSolid: false */
    0x00, 0x00, 0x00, 0x00,
    0x00, 0x00, 0x00, 0x00,
    0x00, 0x00, 0x00, 0x00,
    0x00, 0x00, 0x00, 0x00,
    0x00, 0x00, 0x00, 0x00,
    0x00, 0x00, 0x00, 0x00,
    0x00, 0x00, 0x00, 0x00,
    0x00, 0x00, 0x00, 0x00,

    0xFF, 0xFF, 0xFF, 0xFF,
    0xFF, 0xFF, 0xFF, 0xFF,
    0xFF, 0xFF, 0xFF, 0xFF,
    0xFF, 0xFF, 0xFF, 0xFF,
    0xFF, 0xFF, 0xFF, 0xFF,
    0xFF, 0xFF, 0xFF, 0xFF,
    0xFF, 0xFF, 0xFF, 0xFF,
    0xFF, 0xFF, 0xFF, 0xFF,

    0x00, 0x00, 0x00, 0x00,
    0x00, 0x00, 0x00, 0x00,
    0x00, 0x00, 0x00, 0x00,
    0x00, 0x00, 0x00, 0x00,
    0x00, 0x00, 0x00, 0x00,
    0x00, 0x00, 0x00, 0x00,
    0x00, 0x00, 0x00, 0x00,
    0x00, 0x00, 0x00, 0x00,

    0xFF, 0xFF, 0xFF, 0xFF,
    0xFF, 0xFF, 0xFF, 0xFF,
    0xFF, 0xFF, 0xFF, 0xFF,
    0xFF, 0xFF, 0xFF, 0xFF,
    0xFF, 0xFF, 0xFF, 0xFF,
    0xFF, 0xFF, 0xFF, 0xFF,
    0xFF, 0xFF, 0xFF, 0xFF,
    0xFF, 0xFF, 0xFF, 0xFF,


/* Tile ID 524, isSolid: false */
    0x00, 0x00, 0x00, 0x00,
    0x00, 0x00, 0x00, 0x00,
    0x00, 0x00, 0x00, 0x00,
    0x00, 0x00, 0x00, 0x00,
    0x00, 0x00, 0x00, 0x00,
    0x00, 0x00, 0x00, 0x00,
    0x00, 0x00, 0x00, 0x00,
    0x00, 0x00, 0x00, 0x00,

    0xFF, 0xFF, 0xFF, 0xFF,
    0xFF, 0xFF, 0xFF, 0xFF,
    0xFF, 0xFF, 0xFF, 0xFF,
    0xFF, 0xFF, 0xFF, 0xFF,
    0xFF, 0xFF, 0xFF, 0xFF,
    0xFF, 0xFF, 0xFF, 0xFF,
    0xFF, 0xFF, 0xFF, 0xFF,
    0xFF, 0xFF, 0xFF, 0xFF,

    0x00, 0x00, 0x00, 0x00,
    0x00, 0x00, 0x00, 0x00,
    0x00, 0x00, 0x00, 0x00,
    0x00, 0x00, 0x00, 0x00,
    0x00, 0x00, 0x00, 0x00,
    0x00, 0x00, 0x00, 0x00,
    0x00, 0x00, 0x00, 0x00,
    0x00, 0x00, 0x00, 0x00,

    0xFF, 0xFF, 0xFF, 0xFF,
    0xFF, 0xFF, 0xFF, 0xFF,
    0xFF, 0xFF, 0xFF, 0xFF,
    0xFF, 0xFF, 0xFF, 0xFF,
    0xFF, 0xFF, 0xFF, 0xFF,
    0xFF, 0xFF, 0xFF, 0xFF,
    0xFF, 0xFF, 0xFF, 0xFF,
    0xFF, 0xFF, 0xFF, 0xFF,


/* Tile ID 525, isSolid: false */
    0x00, 0x00, 0x00, 0x00,
    0x00, 0x00, 0x00, 0x00,
    0x00, 0x00, 0x00, 0x00,
    0x00, 0x00, 0x00, 0x00,
    0x00, 0x00, 0x00, 0x00,
    0x00, 0x00, 0x00, 0x00,
    0x00, 0x00, 0x00, 0x00,
    0x00, 0x00, 0x00, 0x00,

    0xFF, 0xFF, 0xFF, 0xFF,
    0xFF, 0xFF, 0xFF, 0xFF,
    0xFF, 0xFF, 0xFF, 0xFF,
    0xFF, 0xFF, 0xFF, 0xFF,
    0xFF, 0xFF, 0xFF, 0xFF,
    0xFF, 0xFF, 0xFF, 0xFF,
    0xFF, 0xFF, 0xFF, 0xFF,
    0xFF, 0xFF, 0xFF, 0xFF,

    0x00, 0x00, 0x00, 0x00,
    0x00, 0x00, 0x00, 0x00,
    0x00, 0x00, 0x00, 0x00,
    0x00, 0x00, 0x00, 0x00,
    0x00, 0x00, 0x00, 0x00,
    0x00, 0x00, 0x00, 0x00,
    0x00, 0x00, 0x00, 0x00,
    0x00, 0x00, 0x00, 0x00,

    0xFF, 0xFF, 0xFF, 0xFF,
    0xFF, 0xFF, 0xFF, 0xFF,
    0xFF, 0xFF, 0xFF, 0xFF,
    0xFF, 0xFF, 0xFF, 0xFF,
    0xFF, 0xFF, 0xFF, 0xFF,
    0xFF, 0xFF, 0xFF, 0xFF,
    0xFF, 0xFF, 0xFF, 0xFF,
    0xFF, 0xFF, 0xFF, 0xFF,


/* Tile ID 526, isSolid: false */
    0x00, 0x00, 0x00, 0x00,
    0x00, 0x00, 0x00, 0x00,
    0x00, 0x00, 0x00, 0x00,
    0x00, 0x00, 0x00, 0x00,
    0x00, 0x00, 0x00, 0x00,
    0x00, 0x00, 0x00, 0x00,
    0x00, 0x00, 0x00, 0x00,
    0x00, 0x00, 0x00, 0x00,

    0xFF, 0xFF, 0xFF, 0xFF,
    0xFF, 0xFF, 0xFF, 0xFF,
    0xFF, 0xFF, 0xFF, 0xFF,
    0xFF, 0xFF, 0xFF, 0xFF,
    0xFF, 0xFF, 0xFF, 0xFF,
    0xFF, 0xFF, 0xFF, 0xFF,
    0xFF, 0xFF, 0xFF, 0xFF,
    0xFF, 0xFF, 0xFF, 0xFF,

    0x00, 0x00, 0x00, 0x00,
    0x00, 0x00, 0x00, 0x00,
    0x00, 0x00, 0x00, 0x00,
    0x00, 0x00, 0x00, 0x00,
    0x00, 0x00, 0x00, 0x00,
    0x00, 0x00, 0x00, 0x00,
    0x00, 0x00, 0x00, 0x00,
    0x00, 0x00, 0x00, 0x00,

    0xFF, 0xFF, 0xFF, 0xFF,
    0xFF, 0xFF, 0xFF, 0xFF,
    0xFF, 0xFF, 0xFF, 0xFF,
    0xFF, 0xFF, 0xFF, 0xFF,
    0xFF, 0xFF, 0xFF, 0xFF,
    0xFF, 0xFF, 0xFF, 0xFF,
    0xFF, 0xFF, 0xFF, 0xFF,
    0xFF, 0xFF, 0xFF, 0xFF,


/* Tile ID 527, isSolid: false */
    0x00, 0x00, 0x00, 0x00,
    0x00, 0x00, 0x00, 0xD8,
    0x00, 0x00, 0x00, 0x8D,
    0x00, 0x00, 0x00, 0x8D,
    0x00, 0x00, 0x00, 0x8D,
    0x00, 0x00, 0x00, 0x8D,
    0x00, 0x00, 0x08, 0xDD,
    0x00, 0x00, 0xD8, 0x68,

    0xFF, 0xFF, 0xFF, 0xFF,
    0xFF, 0xFF, 0xFF, 0x00,
    0xFF, 0xFF, 0xFF, 0x00,
    0xFF, 0xFF, 0xFF, 0x00,
    0xFF, 0xFF, 0xFF, 0x00,
    0xFF, 0xFF, 0xFF, 0x00,
    0xFF, 0xFF, 0xF0, 0x00,
    0xFF, 0xFF, 0x00, 0x00,

    0x00, 0x00, 0x00, 0x00,
    0x8D, 0x00, 0x00, 0x00,
    0xD8, 0x00, 0x00, 0x00,
    0xD8, 0x00, 0x00, 0x00,
    0xD8, 0x00, 0x00, 0x00,
    0xD8, 0x00, 0x00, 0x00,
    0xDD, 0x80, 0x00, 0x00,
    0x86, 0x8D, 0x00, 0x00,

    0xFF, 0xFF, 0xFF, 0xFF,
    0x00, 0xFF, 0xFF, 0xFF,
    0x00, 0xFF, 0xFF, 0xFF,
    0x00, 0xFF, 0xFF, 0xFF,
    0x00, 0xFF, 0xFF, 0xFF,
    0x00, 0xFF, 0xFF, 0xFF,
    0x00, 0x0F, 0xFF, 0xFF,
    0x00, 0x00, 0xFF, 0xFF,


/* Tile ID 528, isSolid: false */
    0x00, 0x00, 0x00, 0x00,
    0xD0, 0x00, 0x00, 0x00,
    0x80, 0x00, 0x00, 0x00,
    0x80, 0x00, 0x00, 0x00,
    0x80, 0x00, 0x00, 0x00,
    0x80, 0x00, 0x00, 0x00,
    0xD8, 0x00, 0x00, 0x00,
    0x68, 0xD0, 0x00, 0x00,

    0xFF, 0xFF, 0xFF, 0xFF,
    0x0F, 0xFF, 0xFF, 0xFF,
    0x0F, 0xFF, 0xFF, 0xFF,
    0x0F, 0xFF, 0xFF, 0xFF,
    0x0F, 0xFF, 0xFF, 0xFF,
    0x0F, 0xFF, 0xFF, 0xFF,
    0x00, 0xFF, 0xFF, 0xFF,
    0x00, 0x0F, 0xFF, 0xFF,

    0x00, 0x00, 0x00, 0x00,
    0x00, 0x00, 0x00, 0x0D,
    0x00, 0x00, 0x00, 0x08,
    0x00, 0x00, 0x00, 0x08,
    0x00, 0x00, 0x00, 0x08,
    0x00, 0x00, 0x00, 0x08,
    0x00, 0x00, 0x00, 0x8D,
    0x00, 0x00, 0x0D, 0x86,

    0xFF, 0xFF, 0xFF, 0xFF,
    0xFF, 0xFF, 0xFF, 0xF0,
    0xFF, 0xFF, 0xFF, 0xF0,
    0xFF, 0xFF, 0xFF, 0xF0,
    0xFF, 0xFF, 0xFF, 0xF0,
    0xFF, 0xFF, 0xFF, 0xF0,
    0xFF, 0xFF, 0xFF, 0x00,
    0xFF, 0xFF, 0xF0, 0x00,


/* Tile ID 529, isSolid: false */
    0x00, 0x00, 0x00, 0x00,
    0x00, 0x00, 0x00, 0x50,
    0x00, 0x00, 0x00, 0xA0,
    0x00, 0x00, 0x00, 0xA5,
    0x00, 0x50, 0x00, 0x5A,
    0x00, 0xA5, 0x00, 0x5A,
    0x00, 0x50, 0x00, 0x5A,
    0x00, 0x55, 0x00, 0x55,

    0xFF, 0xFF, 0xFF, 0xFF,
    0xFF, 0xFF, 0xFF, 0x0F,
    0xFF, 0xFF, 0xFF, 0x0F,
    0xFF, 0xFF, 0xFF, 0x00,
    0xFF, 0x0F, 0xFF, 0x00,
    0xFF, 0x00, 0xFF, 0x00,
    0xFF, 0x0F, 0xFF, 0x00,
    0xFF, 0x00, 0xFF, 0x00,

    0x00, 0x00, 0x00, 0x00,
    0x05, 0x00, 0x00, 0x00,
    0x0A, 0x00, 0x00, 0x00,
    0x5A, 0x00, 0x00, 0x00,
    0xA5, 0x00, 0x05, 0x00,
    0xA5, 0x00, 0x5A, 0x00,
    0xA5, 0x00, 0x05, 0x00,
    0x55, 0x00, 0x55, 0x00,

    0xFF, 0xFF, 0xFF, 0xFF,
    0xF0, 0xFF, 0xFF, 0xFF,
    0xF0, 0xFF, 0xFF, 0xFF,
    0x00, 0xFF, 0xFF, 0xFF,
    0x00, 0xFF, 0xF0, 0xFF,
    0x00, 0xFF, 0x00, 0xFF,
    0x00, 0xFF, 0xF0, 0xFF,
    0x00, 0xFF, 0x00, 0xFF,


/* Tile ID 530, isSolid: false */
    0x00, 0x00, 0x00, 0x00,
    0x50, 0x00, 0x00, 0x00,
    0xA0, 0x00, 0x00, 0x00,
    0xA0, 0x00, 0x00, 0x00,
    0x50, 0x00, 0x50, 0x00,
    0x50, 0x05, 0xA0, 0x00,
    0x50, 0x00, 0x50, 0x00,
    0x50, 0x05, 0x50, 0x00,

    0xFF, 0xFF, 0xFF, 0xFF,
    0x0F, 0xFF, 0xFF, 0xFF,
    0x0F, 0xFF, 0xFF, 0xFF,
    0x0F, 0xFF, 0xFF, 0xFF,
    0x0F, 0xFF, 0x0F, 0xFF,
    0x0F, 0xF0, 0x0F, 0xFF,
    0x0F, 0xFF, 0x0F, 0xFF,
    0x0F, 0xF0, 0x0F, 0xFF,

    0x00, 0x00, 0x00, 0x00,
    0x00, 0x00, 0x00, 0x05,
    0x00, 0x00, 0x00, 0x0A,
    0x00, 0x00, 0x00, 0x0A,
    0x00, 0x05, 0x00, 0x05,
    0x00, 0x0A, 0x50, 0x05,
    0x00, 0x05, 0x00, 0x05,
    0x00, 0x05, 0x50, 0x05,

    0xFF, 0xFF, 0xFF, 0xFF,
    0xFF, 0xFF, 0xFF, 0xF0,
    0xFF, 0xFF, 0xFF, 0xF0,
    0xFF, 0xFF, 0xFF, 0xF0,
    0xFF, 0xF0, 0xFF, 0xF0,
    0xFF, 0xF0, 0x0F, 0xF0,
    0xFF, 0xF0, 0xFF, 0xF0,
    0xFF, 0xF0, 0x0F, 0xF0,


/* Tile ID 531, isSolid: false */
    0x00, 0x00, 0x00, 0x00,
    0x00, 0x00, 0x00, 0x00,
    0x00, 0x00, 0x00, 0x0C,
    0x00, 0x08, 0xC0, 0x0C,
    0x00, 0x08, 0xC0, 0x0C,
    0x00, 0x08, 0xC0, 0x0C,
    0x00, 0x08, 0xC0, 0x0C,
    0x00, 0x08, 0xC0, 0x0C,

    0xFF, 0xFF, 0xFF, 0xFF,
    0xFF, 0xFF, 0xFF, 0xFF,
    0xFF, 0xFF, 0xFF, 0xF0,
    0xFF, 0xF0, 0x0F, 0xF0,
    0xFF, 0xF0, 0x0F, 0xF0,
    0xFF, 0xF0, 0x0F, 0xF0,
    0xFF, 0xF0, 0x0F, 0xF0,
    0xFF, 0xF0, 0x0F, 0xF0,

    0x00, 0x00, 0x00, 0x00,
    0x00, 0x00, 0x00, 0x00,
    0xC0, 0x00, 0x00, 0x00,
    0xC0, 0x0C, 0x80, 0x00,
    0xC0, 0x0C, 0x80, 0x00,
    0xC0, 0x0C, 0x80, 0x00,
    0xC0, 0x0C, 0x80, 0x00,
    0xC0, 0x0C, 0x80, 0x00,

    0xFF, 0xFF, 0xFF, 0xFF,
    0xFF, 0xFF, 0xFF, 0xFF,
    0x0F, 0xFF, 0xFF, 0xFF,
    0x0F, 0xF0, 0x0F, 0xFF,
    0x0F, 0xF0, 0x0F, 0xFF,
    0x0F, 0xF0, 0x0F, 0xFF,
    0x0F, 0xF0, 0x0F, 0xFF,
    0x0F, 0xF0, 0x0F, 0xFF,


/* Tile ID 532, isSolid: false */
    0x00, 0x00, 0x00, 0x00,
    0x00, 0x00, 0x00, 0x00,
    0x00, 0x00, 0x00, 0x00,
    0x00, 0xC8, 0x00, 0x00,
    0x00, 0xC8, 0x00, 0x00,
    0x00, 0xC8, 0x00, 0x00,
    0x00, 0xC8, 0x00, 0x00,
    0x00, 0xC8, 0x00, 0x00,

    0xFF, 0xFF, 0xFF, 0xFF,
    0xFF, 0xFF, 0xFF, 0xFF,
    0xFF, 0xFF, 0xFF, 0xFF,
    0xFF, 0x00, 0xFF, 0xFF,
    0xFF, 0x00, 0xFF, 0xFF,
    0xFF, 0x00, 0xFF, 0xFF,
    0xFF, 0x00, 0xFF, 0xFF,
    0xFF, 0x00, 0xFF, 0xFF,

    0x00, 0x00, 0x00, 0x00,
    0x00, 0x00, 0x00, 0x00,
    0x00, 0x00, 0x00, 0x00,
    0x00, 0x00, 0x8C, 0x00,
    0x00, 0x00, 0x8C, 0x00,
    0x00, 0x00, 0x8C, 0x00,
    0x00, 0x00, 0x8C, 0x00,
    0x00, 0x00, 0x8C, 0x00,

    0xFF, 0xFF, 0xFF, 0xFF,
    0xFF, 0xFF, 0xFF, 0xFF,
    0xFF, 0xFF, 0xFF, 0xFF,
    0xFF, 0xFF, 0x00, 0xFF,
    0xFF, 0xFF, 0x00, 0xFF,
    0xFF, 0xFF, 0x00, 0xFF,
    0xFF, 0xFF, 0x00, 0xFF,
    0xFF, 0xFF, 0x00, 0xFF,


/* Tile ID 533, isSolid: false */
    0x00, 0x00, 0x00, 0x00,
    0x00, 0x00, 0x00, 0x0D,
    0x00, 0x00, 0x00, 0x08,
    0x00, 0x00, 0x00, 0x00,
    0x00, 0x00, 0x00, 0x00,
    0x00, 0xC0, 0x00, 0x00,
    0x00, 0xC0, 0x00, 0x00,
    0x00, 0xC8, 0x58, 0xD8,

    0xFF, 0xFF, 0xFF, 0xFF,
    0xFF, 0xFF, 0xFF, 0xF0,
    0xFF, 0xFF, 0xFF, 0xF0,
    0xFF, 0xFF, 0xFF, 0xFF,
    0xFF, 0xFF, 0xFF, 0xFF,
    0xFF, 0x0F, 0xFF, 0xFF,
    0xFF, 0x0F, 0xFF, 0xFF,
    0xFF, 0x00, 0x00, 0x00,

    0x00, 0x00, 0x00, 0x00,
    0xD0, 0x00, 0x00, 0x00,
    0x80, 0x00, 0x00, 0x00,
    0x00, 0x00, 0x00, 0x00,
    0x00, 0x00, 0x00, 0x00,
    0x00, 0x00, 0x0C, 0x00,
    0x00, 0x00, 0x0C, 0x00,
    0x8D, 0x85, 0x8C, 0x00,

    0xFF, 0xFF, 0xFF, 0xFF,
    0x0F, 0xFF, 0xFF, 0xFF,
    0x0F, 0xFF, 0xFF, 0xFF,
    0xFF, 0xFF, 0xFF, 0xFF,
    0xFF, 0xFF, 0xFF, 0xFF,
    0xFF, 0xFF, 0xF0, 0xFF,
    0xFF, 0xFF, 0xF0, 0xFF,
    0x00, 0x00, 0x00, 0xFF,


/* Tile ID 534, isSolid: false */
    0x00, 0x00, 0x00, 0x00,
    0x8D, 0x00, 0x00, 0x00,
    0xD8, 0x00, 0x00, 0x00,
    0x80, 0x00, 0x00, 0x00,
    0x80, 0x00, 0x00, 0x00,
    0x50, 0x00, 0x0C, 0x00,
    0xD0, 0x00, 0x0C, 0x00,
    0x58, 0x88, 0x5C, 0x00,

    0xFF, 0xFF, 0xFF, 0xFF,
    0x00, 0xFF, 0xFF, 0xFF,
    0x00, 0xFF, 0xFF, 0xFF,
    0x0F, 0xFF, 0xFF, 0xFF,
    0x0F, 0xFF, 0xFF, 0xFF,
    0x0F, 0xFF, 0xF0, 0xFF,
    0x0F, 0xFF, 0xF0, 0xFF,
    0x00, 0x00, 0x00, 0xFF,

    0x00, 0x00, 0x00, 0x00,
    0x00, 0x00, 0x00, 0xD8,
    0x00, 0x00, 0x00, 0x8D,
    0x00, 0x00, 0x00, 0x08,
    0x00, 0x00, 0x00, 0x08,
    0x00, 0xC0, 0x00, 0x05,
    0x00, 0xC0, 0x00, 0x0D,
    0x00, 0xC5, 0x88, 0x85,

    0xFF, 0xFF, 0xFF, 0xFF,
    0xFF, 0xFF, 0xFF, 0x00,
    0xFF, 0xFF, 0xFF, 0x00,
    0xFF, 0xFF, 0xFF, 0xF0,
    0xFF, 0xFF, 0xFF, 0xF0,
    0xFF, 0x0F, 0xFF, 0xF0,
    0xFF, 0x0F, 0xFF, 0xF0,
    0xFF, 0x00, 0x00, 0x00,


/* Tile ID 535, isSolid: false */
    0x00, 0x00, 0x00, 0x00,
    0x00, 0x00, 0x00, 0x00,
    0x00, 0x00, 0x00, 0x00,
    0x00, 0x00, 0x00, 0x0D,
    0x00, 0x00, 0x00, 0x88,
    0x00, 0xC0, 0x00, 0xD5,
    0x00, 0xC8, 0xD5, 0x58,
    0x00, 0xC5, 0x8D, 0x85,

    0xFF, 0xFF, 0xFF, 0xFF,
    0xFF, 0xFF, 0xFF, 0xFF,
    0xFF, 0xFF, 0xFF, 0xFF,
    0xFF, 0xFF, 0xFF, 0xF0,
    0xFF, 0xFF, 0xFF, 0x00,
    0xFF, 0x0F, 0xFF, 0x00,
    0xFF, 0x00, 0x00, 0x00,
    0xFF, 0x00, 0x00, 0x00,

    0x00, 0x00, 0x00, 0x00,
    0x00, 0x00, 0x00, 0x00,
    0x00, 0x00, 0x00, 0x00,
    0xD0, 0x00, 0x00, 0x00,
    0x88, 0x00, 0x00, 0x00,
    0x5D, 0x00, 0x0C, 0x00,
    0x85, 0x5D, 0x8C, 0x00,
    0x58, 0xD8, 0x5C, 0x00,

    0xFF, 0xFF, 0xFF, 0xFF,
    0xFF, 0xFF, 0xFF, 0xFF,
    0xFF, 0xFF, 0xFF, 0xFF,
    0x0F, 0xFF, 0xFF, 0xFF,
    0x00, 0xFF, 0xFF, 0xFF,
    0x00, 0xFF, 0xF0, 0xFF,
    0x00, 0x00, 0x00, 0xFF,
    0x00, 0x00, 0x00, 0xFF,


/* Tile ID 536, isSolid: false */
    0x00, 0x00, 0x00, 0x00,
    0x00, 0x00, 0x00, 0x00,
    0x00, 0x00, 0x00, 0x00,
    0xD0, 0x00, 0x00, 0x00,
    0x88, 0x00, 0x00, 0x00,
    0x5D, 0x00, 0x0C, 0x00,
    0x85, 0x5D, 0x8C, 0x00,
    0x58, 0xD8, 0x5C, 0x00,

    0xFF, 0xFF, 0xFF, 0xFF,
    0xFF, 0xFF, 0xFF, 0xFF,
    0xFF, 0xFF, 0xFF, 0xFF,
    0x0F, 0xFF, 0xFF, 0xFF,
    0x00, 0xFF, 0xFF, 0xFF,
    0x00, 0xFF, 0xF0, 0xFF,
    0x00, 0x00, 0x00, 0xFF,
    0x00, 0x00, 0x00, 0xFF,

    0x00, 0x00, 0x00, 0x00,
    0x00, 0x00, 0x00, 0x00,
    0x00, 0x00, 0x00, 0x00,
    0x00, 0x00, 0x00, 0x0D,
    0x00, 0x00, 0x00, 0x88,
    0x00, 0xC0, 0x00, 0xD5,
    0x00, 0xC8, 0xD5, 0x58,
    0x00, 0xC5, 0x8D, 0x85,

    0xFF, 0xFF, 0xFF, 0xFF,
    0xFF, 0xFF, 0xFF, 0xFF,
    0xFF, 0xFF, 0xFF, 0xFF,
    0xFF, 0xFF, 0xFF, 0xF0,
    0xFF, 0xFF, 0xFF, 0x00,
    0xFF, 0x0F, 0xFF, 0x00,
    0xFF, 0x00, 0x00, 0x00,
    0xFF, 0x00, 0x00, 0x00,


/* Tile ID 537, isSolid: false */
    0x00, 0x00, 0x00, 0x00,
    0x00, 0x00, 0x00, 0x00,
    0x00, 0x00, 0x00, 0xDD,
    0x00, 0x00, 0x00, 0xD5,
    0x00, 0x00, 0x55, 0x85,
    0x00, 0xC0, 0x58, 0x68,
    0x00, 0xC8, 0xDD, 0xDD,
    0x00, 0xC8, 0x00, 0xD5,

    0xFF, 0xFF, 0xFF, 0xFF,
    0xFF, 0xFF, 0xFF, 0xFF,
    0xFF, 0xFF, 0xFF, 0x00,
    0xFF, 0xFF, 0xFF, 0x00,
    0xFF, 0xFF, 0x00, 0x00,
    0xFF, 0x0F, 0x00, 0x00,
    0xFF, 0x00, 0x00, 0x00,
    0xFF, 0x00, 0xFF, 0x00,

    0x00, 0x00, 0x00, 0x00,
    0x00, 0x00, 0x00, 0x00,
    0xDD, 0x00, 0x00, 0x00,
    0x5D, 0x00, 0x00, 0x00,
    0x58, 0x55, 0x00, 0x00,
    0x86, 0x85, 0x0C, 0x00,
    0xDD, 0xDD, 0x8C, 0x00,
    0x5D, 0x00, 0x8C, 0x00,

    0xFF, 0xFF, 0xFF, 0xFF,
    0xFF, 0xFF, 0xFF, 0xFF,
    0x00, 0xFF, 0xFF, 0xFF,
    0x00, 0xFF, 0xFF, 0xFF,
    0x00, 0x00, 0xFF, 0xFF,
    0x00, 0x00, 0xF0, 0xFF,
    0x00, 0x00, 0x00, 0xFF,
    0x00, 0xFF, 0x00, 0xFF,


/* Tile ID 538, isSolid: false */
    0x00, 0x00, 0x00, 0x00,
    0x00, 0x00, 0x00, 0x00,
    0xDD, 0x00, 0x00, 0x00,
    0x5D, 0x00, 0x00, 0x00,
    0x58, 0x55, 0x00, 0x00,
    0x86, 0x85, 0x0C, 0x00,
    0xDD, 0xDD, 0x8C, 0x00,
    0x5D, 0x00, 0x8C, 0x00,

    0xFF, 0xFF, 0xFF, 0xFF,
    0xFF, 0xFF, 0xFF, 0xFF,
    0x00, 0xFF, 0xFF, 0xFF,
    0x00, 0xFF, 0xFF, 0xFF,
    0x00, 0x00, 0xFF, 0xFF,
    0x00, 0x00, 0xF0, 0xFF,
    0x00, 0x00, 0x00, 0xFF,
    0x00, 0xFF, 0x00, 0xFF,

    0x00, 0x00, 0x00, 0x00,
    0x00, 0x00, 0x00, 0x00,
    0x00, 0x00, 0x00, 0xDD,
    0x00, 0x00, 0x00, 0xD5,
    0x00, 0x00, 0x55, 0x85,
    0x00, 0xC0, 0x58, 0x68,
    0x00, 0xC8, 0xDD, 0xDD,
    0x00, 0xC8, 0x00, 0xD5,

    0xFF, 0xFF, 0xFF, 0xFF,
    0xFF, 0xFF, 0xFF, 0xFF,
    0xFF, 0xFF, 0xFF, 0x00,
    0xFF, 0xFF, 0xFF, 0x00,
    0xFF, 0xFF, 0x00, 0x00,
    0xFF, 0x0F, 0x00, 0x00,
    0xFF, 0x00, 0x00, 0x00,
    0xFF, 0x00, 0xFF, 0x00,


/* Tile ID 539, isSolid: false */
    0x00, 0x00, 0x00, 0x00,
    0x00, 0x00, 0x00, 0x00,
    0x00, 0x00, 0x00, 0x00,
    0x00, 0x00, 0x00, 0x00,
    0x00, 0x00, 0x00, 0x00,
    0x00, 0x00, 0x00, 0x00,
    0x00, 0x00, 0x00, 0x00,
    0x00, 0x00, 0x00, 0x00,

    0xFF, 0xFF, 0xFF, 0xFF,
    0xFF, 0xFF, 0xFF, 0xFF,
    0xFF, 0xFF, 0xFF, 0xFF,
    0xFF, 0xFF, 0xFF, 0xFF,
    0xFF, 0xFF, 0xFF, 0xFF,
    0xFF, 0xFF, 0xFF, 0xFF,
    0xFF, 0xFF, 0xFF, 0xFF,
    0xFF, 0xFF, 0xFF, 0xFF,

    0x00, 0x00, 0x00, 0x00,
    0x00, 0x00, 0x00, 0x00,
    0x00, 0x00, 0x00, 0x00,
    0x00, 0x00, 0x00, 0x00,
    0x00, 0x00, 0x00, 0x00,
    0x00, 0x00, 0x00, 0x00,
    0x00, 0x00, 0x00, 0x00,
    0x00, 0x00, 0x00, 0x00,

    0xFF, 0xFF, 0xFF, 0xFF,
    0xFF, 0xFF, 0xFF, 0xFF,
    0xFF, 0xFF, 0xFF, 0xFF,
    0xFF, 0xFF, 0xFF, 0xFF,
    0xFF, 0xFF, 0xFF, 0xFF,
    0xFF, 0xFF, 0xFF, 0xFF,
    0xFF, 0xFF, 0xFF, 0xFF,
    0xFF, 0xFF, 0xFF, 0xFF,


/* Tile ID 540, isSolid: false */
    0x00, 0x00, 0x00, 0x00,
    0x00, 0x00, 0x00, 0x00,
    0x00, 0x00, 0x00, 0x00,
    0x00, 0x00, 0x00, 0x00,
    0x00, 0x00, 0x00, 0x00,
    0x00, 0x00, 0x00, 0x00,
    0x00, 0x00, 0x00, 0x00,
    0x00, 0x00, 0x00, 0x00,

    0xFF, 0xFF, 0xFF, 0xFF,
    0xFF, 0xFF, 0xFF, 0xFF,
    0xFF, 0xFF, 0xFF, 0xFF,
    0xFF, 0xFF, 0xFF, 0xFF,
    0xFF, 0xFF, 0xFF, 0xFF,
    0xFF, 0xFF, 0xFF, 0xFF,
    0xFF, 0xFF, 0xFF, 0xFF,
    0xFF, 0xFF, 0xFF, 0xFF,

    0x00, 0x00, 0x00, 0x00,
    0x00, 0x00, 0x00, 0x00,
    0x00, 0x00, 0x00, 0x00,
    0x00, 0x00, 0x00, 0x00,
    0x00, 0x00, 0x00, 0x00,
    0x00, 0x00, 0x00, 0x00,
    0x00, 0x00, 0x00, 0x00,
    0x00, 0x00, 0x00, 0x00,

    0xFF, 0xFF, 0xFF, 0xFF,
    0xFF, 0xFF, 0xFF, 0xFF,
    0xFF, 0xFF, 0xFF, 0xFF,
    0xFF, 0xFF, 0xFF, 0xFF,
    0xFF, 0xFF, 0xFF, 0xFF,
    0xFF, 0xFF, 0xFF, 0xFF,
    0xFF, 0xFF, 0xFF, 0xFF,
    0xFF, 0xFF, 0xFF, 0xFF,


/* Tile ID 541, isSolid: false */
    0x00, 0x00, 0x00, 0x00,
    0x00, 0x00, 0x00, 0x00,
    0x00, 0x00, 0x00, 0x00,
    0x00, 0x00, 0x00, 0x00,
    0x00, 0x00, 0x00, 0x00,
    0x00, 0x00, 0x00, 0x00,
    0x00, 0x00, 0x00, 0x00,
    0x00, 0x00, 0x00, 0x00,

    0xFF, 0xFF, 0xFF, 0xFF,
    0xFF, 0xFF, 0xFF, 0xFF,
    0xFF, 0xFF, 0xFF, 0xFF,
    0xFF, 0xFF, 0xFF, 0xFF,
    0xFF, 0xFF, 0xFF, 0xFF,
    0xFF, 0xFF, 0xFF, 0xFF,
    0xFF, 0xFF, 0xFF, 0xFF,
    0xFF, 0xFF, 0xFF, 0xFF,

    0x00, 0x00, 0x00, 0x00,
    0x00, 0x00, 0x00, 0x00,
    0x00, 0x00, 0x00, 0x00,
    0x00, 0x00, 0x00, 0x00,
    0x00, 0x00, 0x00, 0x00,
    0x00, 0x00, 0x00, 0x00,
    0x00, 0x00, 0x00, 0x00,
    0x00, 0x00, 0x00, 0x00,

    0xFF, 0xFF, 0xFF, 0xFF,
    0xFF, 0xFF, 0xFF, 0xFF,
    0xFF, 0xFF, 0xFF, 0xFF,
    0xFF, 0xFF, 0xFF, 0xFF,
    0xFF, 0xFF, 0xFF, 0xFF,
    0xFF, 0xFF, 0xFF, 0xFF,
    0xFF, 0xFF, 0xFF, 0xFF,
    0xFF, 0xFF, 0xFF, 0xFF,


/* Tile ID 542, isSolid: false */
    0x00, 0x00, 0x00, 0x00,
    0x00, 0x00, 0x00, 0x00,
    0x00, 0x00, 0x00, 0x00,
    0x00, 0x00, 0x00, 0x00,
    0x00, 0x00, 0x00, 0x00,
    0x00, 0x00, 0x00, 0x00,
    0x00, 0x00, 0x00, 0x00,
    0x00, 0x00, 0x00, 0x00,

    0xFF, 0xFF, 0xFF, 0xFF,
    0xFF, 0xFF, 0xFF, 0xFF,
    0xFF, 0xFF, 0xFF, 0xFF,
    0xFF, 0xFF, 0xFF, 0xFF,
    0xFF, 0xFF, 0xFF, 0xFF,
    0xFF, 0xFF, 0xFF, 0xFF,
    0xFF, 0xFF, 0xFF, 0xFF,
    0xFF, 0xFF, 0xFF, 0xFF,

    0x00, 0x00, 0x00, 0x00,
    0x00, 0x00, 0x00, 0x00,
    0x00, 0x00, 0x00, 0x00,
    0x00, 0x00, 0x00, 0x00,
    0x00, 0x00, 0x00, 0x00,
    0x00, 0x00, 0x00, 0x00,
    0x00, 0x00, 0x00, 0x00,
    0x00, 0x00, 0x00, 0x00,

    0xFF, 0xFF, 0xFF, 0xFF,
    0xFF, 0xFF, 0xFF, 0xFF,
    0xFF, 0xFF, 0xFF, 0xFF,
    0xFF, 0xFF, 0xFF, 0xFF,
    0xFF, 0xFF, 0xFF, 0xFF,
    0xFF, 0xFF, 0xFF, 0xFF,
    0xFF, 0xFF, 0xFF, 0xFF,
    0xFF, 0xFF, 0xFF, 0xFF,


/* Tile ID 543, isSolid: false */
    0x00, 0x00, 0x00, 0x00,
    0x00, 0x00, 0x00, 0x00,
    0x00, 0x00, 0x00, 0x00,
    0x00, 0x00, 0x00, 0x00,
    0x00, 0x00, 0x00, 0x00,
    0x00, 0x00, 0x00, 0x00,
    0x00, 0x00, 0x00, 0x00,
    0x00, 0x00, 0x00, 0x00,

    0xFF, 0xFF, 0xFF, 0xFF,
    0xFF, 0xFF, 0xFF, 0xFF,
    0xFF, 0xFF, 0xFF, 0xFF,
    0xFF, 0xFF, 0xFF, 0xFF,
    0xFF, 0xFF, 0xFF, 0xFF,
    0xFF, 0xFF, 0xFF, 0xFF,
    0xFF, 0xFF, 0xFF, 0xFF,
    0xFF, 0xFF, 0xFF, 0xFF,

    0x00, 0x00, 0x00, 0x00,
    0x00, 0x00, 0x00, 0x00,
    0x00, 0x00, 0x00, 0x00,
    0x00, 0x00, 0x00, 0x00,
    0x00, 0x00, 0x00, 0x00,
    0x00, 0x00, 0x00, 0x00,
    0x00, 0x00, 0x00, 0x00,
    0x00, 0x00, 0x00, 0x00,

    0xFF, 0xFF, 0xFF, 0xFF,
    0xFF, 0xFF, 0xFF, 0xFF,
    0xFF, 0xFF, 0xFF, 0xFF,
    0xFF, 0xFF, 0xFF, 0xFF,
    0xFF, 0xFF, 0xFF, 0xFF,
    0xFF, 0xFF, 0xFF, 0xFF,
    0xFF, 0xFF, 0xFF, 0xFF,
    0xFF, 0xFF, 0xFF, 0xFF,


/* Tile ID 544, isSolid: false */
    0x00, 0x00, 0x00, 0x00,
    0x00, 0x00, 0x00, 0x00,
    0x00, 0x00, 0x00, 0x00,
    0x00, 0x00, 0x00, 0x00,
    0x00, 0x00, 0x00, 0x00,
    0x00, 0x00, 0x00, 0x00,
    0x00, 0x00, 0x00, 0x00,
    0x00, 0x00, 0x00, 0x00,

    0xFF, 0xFF, 0xFF, 0xFF,
    0xFF, 0xFF, 0xFF, 0xFF,
    0xFF, 0xFF, 0xFF, 0xFF,
    0xFF, 0xFF, 0xFF, 0xFF,
    0xFF, 0xFF, 0xFF, 0xFF,
    0xFF, 0xFF, 0xFF, 0xFF,
    0xFF, 0xFF, 0xFF, 0xFF,
    0xFF, 0xFF, 0xFF, 0xFF,

    0x00, 0x00, 0x00, 0x00,
    0x00, 0x00, 0x00, 0x00,
    0x00, 0x00, 0x00, 0x00,
    0x00, 0x00, 0x00, 0x00,
    0x00, 0x00, 0x00, 0x00,
    0x00, 0x00, 0x00, 0x00,
    0x00, 0x00, 0x00, 0x00,
    0x00, 0x00, 0x00, 0x00,

    0xFF, 0xFF, 0xFF, 0xFF,
    0xFF, 0xFF, 0xFF, 0xFF,
    0xFF, 0xFF, 0xFF, 0xFF,
    0xFF, 0xFF, 0xFF, 0xFF,
    0xFF, 0xFF, 0xFF, 0xFF,
    0xFF, 0xFF, 0xFF, 0xFF,
    0xFF, 0xFF, 0xFF, 0xFF,
    0xFF, 0xFF, 0xFF, 0xFF,


/* Tile ID 545, isSolid: false */
    0x00, 0x00, 0x8D, 0xDD,
    0x00, 0x08, 0xDD, 0xD8,
    0x00, 0x8D, 0xDD, 0xD8,
    0x00, 0xDD, 0xDD, 0xD0,
    0x00, 0xDD, 0xDD, 0x80,
    0x08, 0xDD, 0xDD, 0x80,
    0x0D, 0xDD, 0xDD, 0x80,
    0x0D, 0xDD, 0xDD, 0x80,

    0xFF, 0xFF, 0x00, 0x00,
    0xFF, 0xF0, 0x00, 0x00,
    0xFF, 0x00, 0x00, 0x00,
    0xFF, 0x00, 0x00, 0x0F,
    0xFF, 0x00, 0x00, 0x0F,
    0xF0, 0x00, 0x00, 0x0F,
    0xF0, 0x00, 0x00, 0x0F,
    0xF0, 0x00, 0x00, 0x0F,

    0xDD, 0xD8, 0x00, 0x00,
    0x8D, 0xDD, 0x80, 0x00,
    0x8D, 0xDD, 0xD8, 0x00,
    0x0D, 0xDD, 0xDD, 0x00,
    0x08, 0xDD, 0xDD, 0x00,
    0x08, 0xDD, 0xDD, 0x80,
    0x08, 0xDD, 0xDD, 0xD0,
    0x08, 0xDD, 0xDD, 0xD0,

    0x00, 0x00, 0xFF, 0xFF,
    0x00, 0x00, 0x0F, 0xFF,
    0x00, 0x00, 0x00, 0xFF,
    0xF0, 0x00, 0x00, 0xFF,
    0xF0, 0x00, 0x00, 0xFF,
    0xF0, 0x00, 0x00, 0x0F,
    0xF0, 0x00, 0x00, 0x0F,
    0xF0, 0x00, 0x00, 0x0F,


/* Tile ID 546, isSolid: false */
    0x00, 0x00, 0x00, 0x00,
    0x00, 0x00, 0x00, 0x00,
    0x00, 0x00, 0x00, 0x00,
    0x00, 0x00, 0x00, 0x00,
    0x00, 0x00, 0x00, 0x00,
    0x00, 0x00, 0x00, 0x00,
    0x00, 0x00, 0x00, 0x00,
    0x00, 0x00, 0x00, 0x00,

    0xFF, 0xFF, 0xFF, 0xFF,
    0xFF, 0xFF, 0xFF, 0xFF,
    0xFF, 0xFF, 0xFF, 0xFF,
    0xFF, 0xFF, 0xFF, 0xFF,
    0xFF, 0xFF, 0xFF, 0xFF,
    0xFF, 0xFF, 0xFF, 0xFF,
    0xFF, 0xFF, 0xFF, 0xFF,
    0xFF, 0xFF, 0xFF, 0xFF,

    0x00, 0x00, 0x00, 0x00,
    0x00, 0x00, 0x00, 0x00,
    0x00, 0x00, 0x00, 0x00,
    0x00, 0x00, 0x00, 0x00,
    0x00, 0x00, 0x00, 0x00,
    0x00, 0x00, 0x00, 0x00,
    0x00, 0x00, 0x00, 0x00,
    0x00, 0x00, 0x00, 0x00,

    0xFF, 0xFF, 0xFF, 0xFF,
    0xFF, 0xFF, 0xFF, 0xFF,
    0xFF, 0xFF, 0xFF, 0xFF,
    0xFF, 0xFF, 0xFF, 0xFF,
    0xFF, 0xFF, 0xFF, 0xFF,
    0xFF, 0xFF, 0xFF, 0xFF,
    0xFF, 0xFF, 0xFF, 0xFF,
    0xFF, 0xFF, 0xFF, 0xFF,


/* Tile ID 547, isSolid: false */
    0xDD, 0xDD, 0xDD, 0x80,
    0xDD, 0x8D, 0xDD, 0x00,
    0xD8, 0x88, 0x80, 0x00,
    0x0B, 0x88, 0x00, 0x00,
    0x00, 0x00, 0x00, 0x00,
    0x00, 0x00, 0x00, 0x00,
    0x00, 0x00, 0x00, 0x00,
    0x00, 0x00, 0x00, 0x00,

    0x00, 0x00, 0x00, 0x0F,
    0x00, 0x00, 0x00, 0xFF,
    0x00, 0x00, 0x0F, 0xFF,
    0xF0, 0x00, 0xFF, 0xFF,
    0xFF, 0xFF, 0xFF, 0xFF,
    0xFF, 0xFF, 0xFF, 0xFF,
    0xFF, 0xFF, 0xFF, 0xFF,
    0xFF, 0xFF, 0xFF, 0xFF,

    0x08, 0xDD, 0xDD, 0xDD,
    0x00, 0xDD, 0xD8, 0xDD,
    0x00, 0x08, 0x88, 0x8D,
    0x00, 0x00, 0x88, 0xB0,
    0x00, 0x00, 0x00, 0x00,
    0x00, 0x00, 0x00, 0x00,
    0x00, 0x00, 0x00, 0x00,
    0x00, 0x00, 0x00, 0x00,

    0xF0, 0x00, 0x00, 0x00,
    0xFF, 0x00, 0x00, 0x00,
    0xFF, 0xF0, 0x00, 0x00,
    0xFF, 0xFF, 0x00, 0x0F,
    0xFF, 0xFF, 0xFF, 0xFF,
    0xFF, 0xFF, 0xFF, 0xFF,
    0xFF, 0xFF, 0xFF, 0xFF,
    0xFF, 0xFF, 0xFF, 0xFF,


/* Tile ID 548, isSolid: false */
    0x00, 0x00, 0x00, 0x00,
    0x00, 0x00, 0x00, 0x00,
    0x00, 0x00, 0x00, 0x00,
    0x00, 0x00, 0x00, 0x00,
    0x00, 0x00, 0x00, 0x00,
    0x00, 0x00, 0x00, 0x00,
    0x00, 0x00, 0x00, 0x0D,
    0x00, 0x00, 0x00, 0xDD,

    0xFF, 0xFF, 0xFF, 0xFF,
    0xFF, 0xFF, 0xFF, 0xFF,
    0xFF, 0xFF, 0xFF, 0xFF,
    0xFF, 0xFF, 0xFF, 0xFF,
    0xFF, 0xFF, 0xFF, 0xFF,
    0xFF, 0xFF, 0xFF, 0xFF,
    0xFF, 0xFF, 0xFF, 0xF0,
    0xFF, 0xFF, 0xFF, 0x00,

    0x00, 0x00, 0x00, 0x00,
    0x00, 0x00, 0x00, 0x00,
    0x00, 0x00, 0x00, 0x00,
    0x00, 0x00, 0x00, 0x00,
    0x00, 0x00, 0x00, 0x00,
    0x00, 0x00, 0x00, 0x00,
    0xD0, 0x00, 0x00, 0x00,
    0xDD, 0x00, 0x00, 0x00,

    0xFF, 0xFF, 0xFF, 0xFF,
    0xFF, 0xFF, 0xFF, 0xFF,
    0xFF, 0xFF, 0xFF, 0xFF,
    0xFF, 0xFF, 0xFF, 0xFF,
    0xFF, 0xFF, 0xFF, 0xFF,
    0xFF, 0xFF, 0xFF, 0xFF,
    0x0F, 0xFF, 0xFF, 0xFF,
    0x00, 0xFF, 0xFF, 0xFF,


/* Tile ID 549, isSolid: false */
    0x00, 0x00, 0x00, 0x00,
    0x00, 0x00, 0x00, 0x00,
    0x00, 0x00, 0x00, 0x00,
    0x00, 0x00, 0x00, 0x00,
    0x00, 0x08, 0xDD, 0x00,
    0x0D, 0xDD, 0xDD, 0x00,
    0xDD, 0xD8, 0x80, 0x00,
    0xD8, 0x88, 0x08, 0x00,

    0xFF, 0xFF, 0xFF, 0xFF,
    0xFF, 0xFF, 0xFF, 0xFF,
    0xFF, 0xFF, 0xFF, 0xFF,
    0xFF, 0xFF, 0xFF, 0xFF,
    0xFF, 0xF0, 0x00, 0xFF,
    0xF0, 0x00, 0x00, 0xFF,
    0x00, 0x00, 0x0F, 0xFF,
    0x00, 0x00, 0xF0, 0xFF,

    0x00, 0x00, 0x00, 0x00,
    0x00, 0x00, 0x00, 0x00,
    0x00, 0x00, 0x00, 0x00,
    0x00, 0x00, 0x00, 0x00,
    0x00, 0xDD, 0x80, 0x00,
    0x00, 0xDD, 0xDD, 0xD0,
    0x00, 0x08, 0x8D, 0xDD,
    0x00, 0x80, 0x88, 0x8D,

    0xFF, 0xFF, 0xFF, 0xFF,
    0xFF, 0xFF, 0xFF, 0xFF,
    0xFF, 0xFF, 0xFF, 0xFF,
    0xFF, 0xFF, 0xFF, 0xFF,
    0xFF, 0x00, 0x0F, 0xFF,
    0xFF, 0x00, 0x00, 0x0F,
    0xFF, 0xF0, 0x00, 0x00,
    0xFF, 0x0F, 0x00, 0x00,


/* Tile ID 550, isSolid: false */
    0x00, 0x00, 0x8D, 0xDD,
    0x00, 0x00, 0xDD, 0xDD,
    0x00, 0x00, 0xDD, 0xDD,
    0x00, 0x00, 0xDD, 0xDD,
    0x00, 0x00, 0xDD, 0xDD,
    0x00, 0x00, 0xDD, 0xDD,
    0x00, 0x08, 0xDD, 0xDD,
    0x00, 0x0D, 0xDD, 0xDD,

    0xFF, 0xFF, 0x00, 0x00,
    0xFF, 0xFF, 0x00, 0x00,
    0xFF, 0xFF, 0x00, 0x00,
    0xFF, 0xFF, 0x00, 0x00,
    0xFF, 0xFF, 0x00, 0x00,
    0xFF, 0xFF, 0x00, 0x00,
    0xFF, 0xF0, 0x00, 0x00,
    0xFF, 0xF0, 0x00, 0x00,

    0xDD, 0xD8, 0x00, 0x00,
    0xDD, 0xDD, 0x00, 0x00,
    0xDD, 0xDD, 0x00, 0x00,
    0xDD, 0xDD, 0x00, 0x00,
    0xDD, 0xDD, 0x00, 0x00,
    0xDD, 0xDD, 0x00, 0x00,
    0xDD, 0xDD, 0x80, 0x00,
    0xDD, 0xDD, 0xD0, 0x00,

    0x00, 0x00, 0xFF, 0xFF,
    0x00, 0x00, 0xFF, 0xFF,
    0x00, 0x00, 0xFF, 0xFF,
    0x00, 0x00, 0xFF, 0xFF,
    0x00, 0x00, 0xFF, 0xFF,
    0x00, 0x00, 0xFF, 0xFF,
    0x00, 0x00, 0x0F, 0xFF,
    0x00, 0x00, 0x0F, 0xFF,


/* Tile ID 551, isSolid: false */
    0xD8, 0xDD, 0x80, 0x00,
    0xD8, 0xDD, 0x00, 0x00,
    0x88, 0xD8, 0x00, 0x00,
    0xDD, 0xD0, 0x00, 0x00,
    0xDD, 0x80, 0x00, 0x00,
    0xDD, 0x00, 0x00, 0x00,
    0xD8, 0x00, 0x00, 0x00,
    0xD0, 0x00, 0x00, 0x00,

    0x00, 0x00, 0x0F, 0xFF,
    0x00, 0x00, 0xFF, 0xFF,
    0x00, 0x00, 0xFF, 0xFF,
    0x00, 0x0F, 0xFF, 0xFF,
    0x00, 0x0F, 0xFF, 0xFF,
    0x00, 0xFF, 0xFF, 0xFF,
    0x00, 0xFF, 0xFF, 0xFF,
    0x0F, 0xFF, 0xFF, 0xFF,

    0x00, 0x08, 0xDD, 0x8D,
    0x00, 0x00, 0xDD, 0x8D,
    0x00, 0x00, 0x8D, 0x88,
    0x00, 0x00, 0x0D, 0xDD,
    0x00, 0x00, 0x08, 0xDD,
    0x00, 0x00, 0x00, 0xDD,
    0x00, 0x00, 0x00, 0x8D,
    0x00, 0x00, 0x00, 0x0D,

    0xFF, 0xF0, 0x00, 0x00,
    0xFF, 0xFF, 0x00, 0x00,
    0xFF, 0xFF, 0x00, 0x00,
    0xFF, 0xFF, 0xF0, 0x00,
    0xFF, 0xFF, 0xF0, 0x00,
    0xFF, 0xFF, 0xFF, 0x00,
    0xFF, 0xFF, 0xFF, 0x00,
    0xFF, 0xFF, 0xFF, 0xF0,


/* Tile ID 552, isSolid: false */
    0x00, 0x00, 0x00, 0x00,
    0x00, 0x00, 0x00, 0x00,
    0x00, 0x00, 0x00, 0x00,
    0x00, 0x00, 0x00, 0x00,
    0x00, 0x00, 0x00, 0x00,
    0x00, 0x00, 0x00, 0x00,
    0x00, 0x00, 0x00, 0x00,
    0x00, 0x00, 0x00, 0x0D,

    0xFF, 0xFF, 0xFF, 0xFF,
    0xFF, 0xFF, 0xFF, 0xFF,
    0xFF, 0xFF, 0xFF, 0xFF,
    0xFF, 0xFF, 0xFF, 0xFF,
    0xFF, 0xFF, 0xFF, 0xFF,
    0xFF, 0xFF, 0xFF, 0xFF,
    0xFF, 0xFF, 0xFF, 0xFF,
    0xFF, 0xFF, 0xFF, 0xF0,

    0x00, 0x00, 0x00, 0x00,
    0x00, 0x00, 0x00, 0x00,
    0x00, 0x00, 0x00, 0x00,
    0x00, 0x00, 0x00, 0x00,
    0x00, 0x00, 0x00, 0x00,
    0x00, 0x00, 0x00, 0x00,
    0x00, 0x00, 0x00, 0x00,
    0xD0, 0x00, 0x00, 0x00,

    0xFF, 0xFF, 0xFF, 0xFF,
    0xFF, 0xFF, 0xFF, 0xFF,
    0xFF, 0xFF, 0xFF, 0xFF,
    0xFF, 0xFF, 0xFF, 0xFF,
    0xFF, 0xFF, 0xFF, 0xFF,
    0xFF, 0xFF, 0xFF, 0xFF,
    0xFF, 0xFF, 0xFF, 0xFF,
    0x0F, 0xFF, 0xFF, 0xFF,


/* Tile ID 553, isSolid: false */
    0x00, 0x00, 0x00, 0x00,
    0x00, 0x00, 0x00, 0x00,
    0x00, 0x00, 0x00, 0x00,
    0x00, 0x00, 0x00, 0x00,
    0x00, 0x00, 0x8D, 0xD0,
    0x00, 0xDD, 0xDD, 0xD0,
    0xDD, 0xDD, 0x88, 0x00,
    0xDD, 0x88, 0x80, 0x80,

    0xFF, 0xFF, 0xFF, 0xFF,
    0xFF, 0xFF, 0xFF, 0xFF,
    0xFF, 0xFF, 0xFF, 0xFF,
    0xFF, 0xFF, 0xFF, 0xFF,
    0xFF, 0xFF, 0x00, 0x0F,
    0xFF, 0x00, 0x00, 0x0F,
    0x00, 0x00, 0x00, 0xFF,
    0x00, 0x00, 0x0F, 0x0F,

    0x00, 0x00, 0x00, 0x00,
    0x00, 0x00, 0x00, 0x00,
    0x00, 0x00, 0x00, 0x00,
    0x00, 0x00, 0x00, 0x00,
    0x0D, 0xD8, 0x00, 0x00,
    0x0D, 0xDD, 0xDD, 0x00,
    0x00, 0x88, 0xDD, 0xDD,
    0x08, 0x08, 0x88, 0xDD,

    0xFF, 0xFF, 0xFF, 0xFF,
    0xFF, 0xFF, 0xFF, 0xFF,
    0xFF, 0xFF, 0xFF, 0xFF,
    0xFF, 0xFF, 0xFF, 0xFF,
    0xF0, 0x00, 0xFF, 0xFF,
    0xF0, 0x00, 0x00, 0xFF,
    0xFF, 0x00, 0x00, 0x00,
    0xF0, 0xF0, 0x00, 0x00,


/* Tile ID 554, isSolid: false */
    0x00, 0x00, 0x00, 0x00,
    0x00, 0x00, 0x00, 0x00,
    0x00, 0x00, 0x00, 0x00,
    0x00, 0x00, 0x00, 0x00,
    0x00, 0x00, 0x00, 0x00,
    0x00, 0x00, 0x00, 0x08,
    0x00, 0x00, 0x00, 0x8D,
    0x00, 0x00, 0x08, 0xDD,

    0xFF, 0xFF, 0xFF, 0xFF,
    0xFF, 0xFF, 0xFF, 0xFF,
    0xFF, 0xFF, 0xFF, 0xFF,
    0xFF, 0xFF, 0xFF, 0xFF,
    0xFF, 0xFF, 0xFF, 0xFF,
    0xFF, 0xFF, 0xFF, 0xF0,
    0xFF, 0xFF, 0xFF, 0x00,
    0xFF, 0xFF, 0xF0, 0x00,

    0x00, 0x00, 0x00, 0x00,
    0x00, 0x00, 0x00, 0x00,
    0x00, 0x00, 0x00, 0x00,
    0x00, 0x00, 0x00, 0x00,
    0x00, 0x00, 0x00, 0x00,
    0x80, 0x00, 0x00, 0x00,
    0xD8, 0x00, 0x00, 0x00,
    0xDD, 0x80, 0x00, 0x00,

    0xFF, 0xFF, 0xFF, 0xFF,
    0xFF, 0xFF, 0xFF, 0xFF,
    0xFF, 0xFF, 0xFF, 0xFF,
    0xFF, 0xFF, 0xFF, 0xFF,
    0xFF, 0xFF, 0xFF, 0xFF,
    0x0F, 0xFF, 0xFF, 0xFF,
    0x00, 0xFF, 0xFF, 0xFF,
    0x00, 0x0F, 0xFF, 0xFF,


/* Tile ID 555, isSolid: false */
    0x00, 0x00, 0x00, 0x00,
    0x00, 0x00, 0x00, 0x00,
    0x00, 0x08, 0xDD, 0x00,
    0x00, 0xDD, 0xDD, 0x80,
    0x8D, 0xDD, 0xDD, 0x00,
    0xDD, 0xDD, 0xD0, 0x00,
    0xDD, 0xD8, 0x00, 0x00,
    0xDD, 0x80, 0x00, 0x00,

    0xFF, 0xFF, 0xFF, 0xFF,
    0xFF, 0xFF, 0xFF, 0xFF,
    0xFF, 0xF0, 0x00, 0xFF,
    0xFF, 0x00, 0x00, 0x0F,
    0x00, 0x00, 0x00, 0xFF,
    0x00, 0x00, 0x0F, 0xFF,
    0x00, 0x00, 0xFF, 0xFF,
    0x00, 0x0F, 0xFF, 0xFF,

    0x00, 0x00, 0x00, 0x00,
    0x00, 0x00, 0x00, 0x00,
    0x00, 0xDD, 0x80, 0x00,
    0x08, 0xDD, 0xDD, 0x00,
    0x00, 0xDD, 0xDD, 0xD8,
    0x00, 0x0D, 0xDD, 0xDD,
    0x00, 0x00, 0x8D, 0xDD,
    0x00, 0x00, 0x08, 0xDD,

    0xFF, 0xFF, 0xFF, 0xFF,
    0xFF, 0xFF, 0xFF, 0xFF,
    0xFF, 0x00, 0x0F, 0xFF,
    0xF0, 0x00, 0x00, 0xFF,
    0xFF, 0x00, 0x00, 0x00,
    0xFF, 0xF0, 0x00, 0x00,
    0xFF, 0xFF, 0x00, 0x00,
    0xFF, 0xFF, 0xF0, 0x00,


/* Tile ID 556, isSolid: false */
    0x00, 0x00, 0x00, 0x00,
    0x00, 0x00, 0x00, 0x00,
    0x00, 0x00, 0x00, 0x00,
    0x00, 0x00, 0x00, 0x00,
    0x00, 0x00, 0x00, 0x00,
    0x00, 0x00, 0x00, 0x00,
    0x00, 0x00, 0x00, 0x0D,
    0x00, 0x00, 0x00, 0xDD,

    0xFF, 0xFF, 0xFF, 0xFF,
    0xFF, 0xFF, 0xFF, 0xFF,
    0xFF, 0xFF, 0xFF, 0xFF,
    0xFF, 0xFF, 0xFF, 0xFF,
    0xFF, 0xFF, 0xFF, 0xFF,
    0xFF, 0xFF, 0xFF, 0xFF,
    0xFF, 0xFF, 0xFF, 0xF0,
    0xFF, 0xFF, 0xFF, 0x00,

    0x00, 0x00, 0x00, 0x00,
    0x00, 0x00, 0x00, 0x00,
    0x00, 0x00, 0x00, 0x00,
    0x00, 0x00, 0x00, 0x00,
    0x00, 0x00, 0x00, 0x00,
    0x00, 0x00, 0x00, 0x00,
    0xD0, 0x00, 0x00, 0x00,
    0xDD, 0x00, 0x00, 0x00,

    0xFF, 0xFF, 0xFF, 0xFF,
    0xFF, 0xFF, 0xFF, 0xFF,
    0xFF, 0xFF, 0xFF, 0xFF,
    0xFF, 0xFF, 0xFF, 0xFF,
    0xFF, 0xFF, 0xFF, 0xFF,
    0xFF, 0xFF, 0xFF, 0xFF,
    0x0F, 0xFF, 0xFF, 0xFF,
    0x00, 0xFF, 0xFF, 0xFF,


/* Tile ID 557, isSolid: false */
    0x00, 0x00, 0x00, 0x00,
    0x00, 0x00, 0x00, 0x00,
    0x00, 0x00, 0x00, 0x00,
    0x00, 0x00, 0x00, 0x00,
    0x00, 0x08, 0xDD, 0x00,
    0x0D, 0xDD, 0xDD, 0x00,
    0xDD, 0xD8, 0x80, 0x00,
    0xD8, 0x88, 0x08, 0x00,

    0xFF, 0xFF, 0xFF, 0xFF,
    0xFF, 0xFF, 0xFF, 0xFF,
    0xFF, 0xFF, 0xFF, 0xFF,
    0xFF, 0xFF, 0xFF, 0xFF,
    0xFF, 0xF0, 0x00, 0xFF,
    0xF0, 0x00, 0x00, 0xFF,
    0x00, 0x00, 0x0F, 0xFF,
    0x00, 0x00, 0xF0, 0xFF,

    0x00, 0x00, 0x00, 0x00,
    0x00, 0x00, 0x00, 0x00,
    0x00, 0x00, 0x00, 0x00,
    0x00, 0x00, 0x00, 0x00,
    0x00, 0xDD, 0x80, 0x00,
    0x00, 0xDD, 0xDD, 0xD0,
    0x00, 0x08, 0x8D, 0xDD,
    0x00, 0x80, 0x88, 0x8D,

    0xFF, 0xFF, 0xFF, 0xFF,
    0xFF, 0xFF, 0xFF, 0xFF,
    0xFF, 0xFF, 0xFF, 0xFF,
    0xFF, 0xFF, 0xFF, 0xFF,
    0xFF, 0x00, 0x0F, 0xFF,
    0xFF, 0x00, 0x00, 0x0F,
    0xFF, 0xF0, 0x00, 0x00,
    0xFF, 0x0F, 0x00, 0x00,


/* Tile ID 558, isSolid: false */
    0x00, 0x00, 0x00, 0x00,
    0x00, 0x00, 0x00, 0x00,
    0x00, 0x00, 0x00, 0x00,
    0x00, 0x00, 0x00, 0x00,
    0x00, 0x00, 0x00, 0x00,
    0x00, 0x00, 0x00, 0x00,
    0x00, 0x00, 0x00, 0x00,
    0x00, 0x00, 0x00, 0x00,

    0xFF, 0xFF, 0xFF, 0xFF,
    0xFF, 0xFF, 0xFF, 0xFF,
    0xFF, 0xFF, 0xFF, 0xFF,
    0xFF, 0xFF, 0xFF, 0xFF,
    0xFF, 0xFF, 0xFF, 0xFF,
    0xFF, 0xFF, 0xFF, 0xFF,
    0xFF, 0xFF, 0xFF, 0xFF,
    0xFF, 0xFF, 0xFF, 0xFF,

    0x00, 0x00, 0x00, 0x00,
    0x00, 0x00, 0x00, 0x00,
    0x00, 0x00, 0x00, 0x00,
    0x00, 0x00, 0x00, 0x00,
    0x00, 0x00, 0x00, 0x00,
    0x00, 0x00, 0x00, 0x00,
    0x00, 0x00, 0x00, 0x00,
    0x00, 0x00, 0x00, 0x00,

    0xFF, 0xFF, 0xFF, 0xFF,
    0xFF, 0xFF, 0xFF, 0xFF,
    0xFF, 0xFF, 0xFF, 0xFF,
    0xFF, 0xFF, 0xFF, 0xFF,
    0xFF, 0xFF, 0xFF, 0xFF,
    0xFF, 0xFF, 0xFF, 0xFF,
    0xFF, 0xFF, 0xFF, 0xFF,
    0xFF, 0xFF, 0xFF, 0xFF,


/* Tile ID 559, isSolid: false */
    0x00, 0x08, 0x88, 0x60,
    0x00, 0x8D, 0x80, 0x66,
    0x00, 0x88, 0x00, 0x00,
    0x00, 0x80, 0x00, 0x00,
    0x00, 0x00, 0x00, 0x00,
    0x00, 0x00, 0x00, 0x00,
    0x00, 0x00, 0x00, 0x00,
    0x00, 0x00, 0x00, 0x00,

    0xFF, 0xF0, 0x00, 0x0F,
    0xFF, 0x00, 0x0F, 0x00,
    0xFF, 0x00, 0xFF, 0xFF,
    0xFF, 0x0F, 0xFF, 0xFF,
    0xFF, 0xFF, 0xFF, 0xFF,
    0xFF, 0xFF, 0xFF, 0xFF,
    0xFF, 0xFF, 0xFF, 0xFF,
    0xFF, 0xFF, 0xFF, 0xFF,

    0x06, 0x88, 0x80, 0x00,
    0x66, 0x08, 0xD8, 0x00,
    0x00, 0x00, 0x88, 0x00,
    0x00, 0x00, 0x08, 0x00,
    0x00, 0x00, 0x00, 0x00,
    0x00, 0x00, 0x00, 0x00,
    0x00, 0x00, 0x00, 0x00,
    0x00, 0x00, 0x00, 0x00,

    0xF0, 0x00, 0x0F, 0xFF,
    0x00, 0xF0, 0x00, 0xFF,
    0xFF, 0xFF, 0x00, 0xFF,
    0xFF, 0xFF, 0xF0, 0xFF,
    0xFF, 0xFF, 0xFF, 0xFF,
    0xFF, 0xFF, 0xFF, 0xFF,
    0xFF, 0xFF, 0xFF, 0xFF,
    0xFF, 0xFF, 0xFF, 0xFF,


/* Tile ID 560, isSolid: false */
    0x68, 0x88, 0x00, 0x00,
    0x60, 0x8D, 0x80, 0x00,
    0x00, 0x08, 0x80, 0x00,
    0x00, 0x00, 0x80, 0x00,
    0x00, 0x00, 0x00, 0x00,
    0x00, 0x00, 0x00, 0x00,
    0x00, 0x00, 0x00, 0x00,
    0x00, 0x00, 0x00, 0x00,

    0x00, 0x00, 0xFF, 0xFF,
    0x0F, 0x00, 0x0F, 0xFF,
    0xFF, 0xF0, 0x0F, 0xFF,
    0xFF, 0xFF, 0x0F, 0xFF,
    0xFF, 0xFF, 0xFF, 0xFF,
    0xFF, 0xFF, 0xFF, 0xFF,
    0xFF, 0xFF, 0xFF, 0xFF,
    0xFF, 0xFF, 0xFF, 0xFF,

    0x00, 0x00, 0x88, 0x86,
    0x00, 0x08, 0xD8, 0x06,
    0x00, 0x08, 0x80, 0x00,
    0x00, 0x08, 0x00, 0x00,
    0x00, 0x00, 0x00, 0x00,
    0x00, 0x00, 0x00, 0x00,
    0x00, 0x00, 0x00, 0x00,
    0x00, 0x00, 0x00, 0x00,

    0xFF, 0xFF, 0x00, 0x00,
    0xFF, 0xF0, 0x00, 0xF0,
    0xFF, 0xF0, 0x0F, 0xFF,
    0xFF, 0xF0, 0xFF, 0xFF,
    0xFF, 0xFF, 0xFF, 0xFF,
    0xFF, 0xFF, 0xFF, 0xFF,
    0xFF, 0xFF, 0xFF, 0xFF,
    0xFF, 0xFF, 0xFF, 0xFF,


/* Tile ID 561, isSolid: false */
    0x00, 0x05, 0xAA, 0x5A,
    0x00, 0x05, 0x55, 0xA5,
    0x00, 0x00, 0x55, 0x50,
    0x00, 0x00, 0x55, 0xD5,
    0x00, 0x00, 0x05, 0xDD,
    0x00, 0x00, 0x00, 0x00,
    0x00, 0x00, 0x00, 0x00,
    0x00, 0x00, 0x00, 0x00,

    0xFF, 0xF0, 0x00, 0x00,
    0xFF, 0xF0, 0x00, 0x00,
    0xFF, 0xFF, 0x00, 0x0F,
    0xFF, 0xFF, 0x00, 0x00,
    0xFF, 0xFF, 0xF0, 0x00,
    0xFF, 0xFF, 0xFF, 0xFF,
    0xFF, 0xFF, 0xFF, 0xFF,
    0xFF, 0xFF, 0xFF, 0xFF,

    0xA5, 0xAA, 0x50, 0x00,
    0x5A, 0x55, 0x50, 0x00,
    0x05, 0x55, 0x00, 0x00,
    0x5D, 0x55, 0x00, 0x00,
    0xDD, 0x50, 0x00, 0x00,
    0x00, 0x00, 0x00, 0x00,
    0x00, 0x00, 0x00, 0x00,
    0x00, 0x00, 0x00, 0x00,

    0x00, 0x00, 0x0F, 0xFF,
    0x00, 0x00, 0x0F, 0xFF,
    0xF0, 0x00, 0xFF, 0xFF,
    0x00, 0x00, 0xFF, 0xFF,
    0x00, 0x0F, 0xFF, 0xFF,
    0xFF, 0xFF, 0xFF, 0xFF,
    0xFF, 0xFF, 0xFF, 0xFF,
    0xFF, 0xFF, 0xFF, 0xFF,


/* Tile ID 562, isSolid: false */
    0x5A, 0xA5, 0x00, 0x00,
    0xA5, 0x55, 0x00, 0x00,
    0x55, 0x50, 0x00, 0x00,
    0xD5, 0x50, 0x00, 0x00,
    0xD5, 0x00, 0x00, 0x00,
    0x00, 0x00, 0x00, 0x00,
    0x00, 0x00, 0x00, 0x00,
    0x00, 0x00, 0x00, 0x00,

    0x00, 0x00, 0xFF, 0xFF,
    0x00, 0x00, 0xFF, 0xFF,
    0x00, 0x0F, 0xFF, 0xFF,
    0x00, 0x0F, 0xFF, 0xFF,
    0x00, 0xFF, 0xFF, 0xFF,
    0xFF, 0xFF, 0xFF, 0xFF,
    0xFF, 0xFF, 0xFF, 0xFF,
    0xFF, 0xFF, 0xFF, 0xFF,

    0x00, 0x00, 0x5A, 0xA5,
    0x00, 0x00, 0x55, 0x5A,
    0x00, 0x00, 0x05, 0x55,
    0x00, 0x00, 0x05, 0x5D,
    0x00, 0x00, 0x00, 0x5D,
    0x00, 0x00, 0x00, 0x00,
    0x00, 0x00, 0x00, 0x00,
    0x00, 0x00, 0x00, 0x00,

    0xFF, 0xFF, 0x00, 0x00,
    0xFF, 0xFF, 0x00, 0x00,
    0xFF, 0xFF, 0xF0, 0x00,
    0xFF, 0xFF, 0xF0, 0x00,
    0xFF, 0xFF, 0xFF, 0x00,
    0xFF, 0xFF, 0xFF, 0xFF,
    0xFF, 0xFF, 0xFF, 0xFF,
    0xFF, 0xFF, 0xFF, 0xFF,


/* Tile ID 563, isSolid: false */
    0x00, 0x08, 0xCC, 0xC8,
    0x00, 0x08, 0xC8, 0x88,
    0x00, 0x08, 0xC8, 0x8C,
    0x00, 0x08, 0x8C, 0xC8,
    0x00, 0x00, 0x88, 0x8C,
    0x00, 0x00, 0x06, 0x66,
    0x00, 0x00, 0x00, 0x00,
    0x00, 0x00, 0x00, 0x00,

    0xFF, 0xF0, 0x00, 0x00,
    0xFF, 0xF0, 0x00, 0x00,
    0xFF, 0xF0, 0x00, 0x00,
    0xFF, 0xF0, 0x00, 0x00,
    0xFF, 0xFF, 0x00, 0x00,
    0xFF, 0xFF, 0xF0, 0x00,
    0xFF, 0xFF, 0xFF, 0xFF,
    0xFF, 0xFF, 0xFF, 0xFF,

    0x8C, 0xCC, 0x80, 0x00,
    0x88, 0x8C, 0x80, 0x00,
    0xC8, 0x8C, 0x80, 0x00,
    0x8C, 0xC8, 0x80, 0x00,
    0xC8, 0x88, 0x00, 0x00,
    0x66, 0x60, 0x00, 0x00,
    0x00, 0x00, 0x00, 0x00,
    0x00, 0x00, 0x00, 0x00,

    0x00, 0x00, 0x0F, 0xFF,
    0x00, 0x00, 0x0F, 0xFF,
    0x00, 0x00, 0x0F, 0xFF,
    0x00, 0x00, 0x0F, 0xFF,
    0x00, 0x00, 0xFF, 0xFF,
    0x00, 0x0F, 0xFF, 0xFF,
    0xFF, 0xFF, 0xFF, 0xFF,
    0xFF, 0xFF, 0xFF, 0xFF,


/* Tile ID 564, isSolid: false */
    0xCC, 0xC8, 0x00, 0x00,
    0x88, 0xC8, 0x00, 0x00,
    0x88, 0xC8, 0x00, 0x00,
    0xCC, 0x88, 0x00, 0x00,
    0x88, 0x80, 0x00, 0x00,
    0x66, 0x00, 0x00, 0x00,
    0x00, 0x00, 0x00, 0x00,
    0x00, 0x00, 0x00, 0x00,

    0x00, 0x00, 0xFF, 0xFF,
    0x00, 0x00, 0xFF, 0xFF,
    0x00, 0x00, 0xFF, 0xFF,
    0x00, 0x00, 0xFF, 0xFF,
    0x00, 0x0F, 0xFF, 0xFF,
    0x00, 0xFF, 0xFF, 0xFF,
    0xFF, 0xFF, 0xFF, 0xFF,
    0xFF, 0xFF, 0xFF, 0xFF,

    0x00, 0x00, 0x8C, 0xCC,
    0x00, 0x00, 0x8C, 0x88,
    0x00, 0x00, 0x8C, 0x88,
    0x00, 0x00, 0x88, 0xCC,
    0x00, 0x00, 0x08, 0x88,
    0x00, 0x00, 0x00, 0x66,
    0x00, 0x00, 0x00, 0x00,
    0x00, 0x00, 0x00, 0x00,

    0xFF, 0xFF, 0x00, 0x00,
    0xFF, 0xFF, 0x00, 0x00,
    0xFF, 0xFF, 0x00, 0x00,
    0xFF, 0xFF, 0x00, 0x00,
    0xFF, 0xFF, 0xF0, 0x00,
    0xFF, 0xFF, 0xFF, 0x00,
    0xFF, 0xFF, 0xFF, 0xFF,
    0xFF, 0xFF, 0xFF, 0xFF,


/* Tile ID 565, isSolid: false */
    0x00, 0x08, 0x8D, 0x85,
    0x00, 0x00, 0x00, 0x8D,
    0x00, 0x00, 0x00, 0x08,
    0x00, 0x00, 0x00, 0x05,
    0x00, 0x00, 0x00, 0x08,
    0x00, 0x00, 0x00, 0x00,
    0x00, 0x00, 0x00, 0x00,
    0x00, 0x00, 0x00, 0x00,

    0xFF, 0xF0, 0x00, 0x00,
    0xFF, 0xFF, 0xFF, 0x00,
    0xFF, 0xFF, 0xFF, 0xF0,
    0xFF, 0xFF, 0xFF, 0xF0,
    0xFF, 0xFF, 0xFF, 0xF0,
    0xFF, 0xFF, 0xFF, 0xFF,
    0xFF, 0xFF, 0xFF, 0xFF,
    0xFF, 0xFF, 0xFF, 0xFF,

    0x58, 0xD8, 0x80, 0x00,
    0xD8, 0x00, 0x00, 0x00,
    0x80, 0x00, 0x00, 0x00,
    0x50, 0x00, 0x00, 0x00,
    0x80, 0x00, 0x00, 0x00,
    0x00, 0x00, 0x00, 0x00,
    0x00, 0x00, 0x00, 0x00,
    0x00, 0x00, 0x00, 0x00,

    0x00, 0x00, 0x0F, 0xFF,
    0x00, 0xFF, 0xFF, 0xFF,
    0x0F, 0xFF, 0xFF, 0xFF,
    0x0F, 0xFF, 0xFF, 0xFF,
    0x0F, 0xFF, 0xFF, 0xFF,
    0xFF, 0xFF, 0xFF, 0xFF,
    0xFF, 0xFF, 0xFF, 0xFF,
    0xFF, 0xFF, 0xFF, 0xFF,


/* Tile ID 566, isSolid: false */
    0x55, 0xDD, 0x88, 0x00,
    0x5D, 0x00, 0x00, 0x00,
    0xD8, 0x00, 0x00, 0x00,
    0x85, 0x00, 0x00, 0x00,
    0x68, 0x00, 0x00, 0x00,
    0x00, 0x00, 0x00, 0x00,
    0x00, 0x00, 0x00, 0x00,
    0x00, 0x00, 0x00, 0x00,

    0x00, 0x00, 0x00, 0xFF,
    0x00, 0xFF, 0xFF, 0xFF,
    0x00, 0xFF, 0xFF, 0xFF,
    0x00, 0xFF, 0xFF, 0xFF,
    0x00, 0xFF, 0xFF, 0xFF,
    0xFF, 0xFF, 0xFF, 0xFF,
    0xFF, 0xFF, 0xFF, 0xFF,
    0xFF, 0xFF, 0xFF, 0xFF,

    0x00, 0x88, 0xDD, 0x55,
    0x00, 0x00, 0x00, 0xD5,
    0x00, 0x00, 0x00, 0x8D,
    0x00, 0x00, 0x00, 0x58,
    0x00, 0x00, 0x00, 0x86,
    0x00, 0x00, 0x00, 0x00,
    0x00, 0x00, 0x00, 0x00,
    0x00, 0x00, 0x00, 0x00,

    0xFF, 0x00, 0x00, 0x00,
    0xFF, 0xFF, 0xFF, 0x00,
    0xFF, 0xFF, 0xFF, 0x00,
    0xFF, 0xFF, 0xFF, 0x00,
    0xFF, 0xFF, 0xFF, 0x00,
    0xFF, 0xFF, 0xFF, 0xFF,
    0xFF, 0xFF, 0xFF, 0xFF,
    0xFF, 0xFF, 0xFF, 0xFF,


/* Tile ID 567, isSolid: false */
    0x00, 0x08, 0x58, 0xD8,
    0x00, 0x00, 0x05, 0x85,
    0x00, 0x00, 0x00, 0xD6,
    0x00, 0x00, 0x00, 0x50,
    0x00, 0x00, 0x00, 0x00,
    0x00, 0x00, 0x00, 0x00,
    0x00, 0x00, 0x00, 0x00,
    0x00, 0x00, 0x00, 0x00,

    0xFF, 0xF0, 0x00, 0x00,
    0xFF, 0xFF, 0xF0, 0x00,
    0xFF, 0xFF, 0xFF, 0x00,
    0xFF, 0xFF, 0xFF, 0x0F,
    0xFF, 0xFF, 0xFF, 0xFF,
    0xFF, 0xFF, 0xFF, 0xFF,
    0xFF, 0xFF, 0xFF, 0xFF,
    0xFF, 0xFF, 0xFF, 0xFF,

    0x8D, 0x85, 0x80, 0x00,
    0x58, 0x50, 0x00, 0x00,
    0x6D, 0x00, 0x00, 0x00,
    0x05, 0x00, 0x00, 0x00,
    0x00, 0x00, 0x00, 0x00,
    0x00, 0x00, 0x00, 0x00,
    0x00, 0x00, 0x00, 0x00,
    0x00, 0x00, 0x00, 0x00,

    0x00, 0x00, 0x0F, 0xFF,
    0x00, 0x0F, 0xFF, 0xFF,
    0x00, 0xFF, 0xFF, 0xFF,
    0xF0, 0xFF, 0xFF, 0xFF,
    0xFF, 0xFF, 0xFF, 0xFF,
    0xFF, 0xFF, 0xFF, 0xFF,
    0xFF, 0xFF, 0xFF, 0xFF,
    0xFF, 0xFF, 0xFF, 0xFF,


/* Tile ID 568, isSolid: false */
    0x8D, 0x85, 0x80, 0x00,
    0x58, 0x50, 0x00, 0x00,
    0x6D, 0x00, 0x00, 0x00,
    0x05, 0x00, 0x00, 0x00,
    0x00, 0x00, 0x00, 0x00,
    0x00, 0x00, 0x00, 0x00,
    0x00, 0x00, 0x00, 0x00,
    0x00, 0x00, 0x00, 0x00,

    0x00, 0x00, 0x0F, 0xFF,
    0x00, 0x0F, 0xFF, 0xFF,
    0x00, 0xFF, 0xFF, 0xFF,
    0xF0, 0xFF, 0xFF, 0xFF,
    0xFF, 0xFF, 0xFF, 0xFF,
    0xFF, 0xFF, 0xFF, 0xFF,
    0xFF, 0xFF, 0xFF, 0xFF,
    0xFF, 0xFF, 0xFF, 0xFF,

    0x00, 0x08, 0x58, 0xD8,
    0x00, 0x00, 0x05, 0x85,
    0x00, 0x00, 0x00, 0xD6,
    0x00, 0x00, 0x00, 0x50,
    0x00, 0x00, 0x00, 0x00,
    0x00, 0x00, 0x00, 0x00,
    0x00, 0x00, 0x00, 0x00,
    0x00, 0x00, 0x00, 0x00,

    0xFF, 0xF0, 0x00, 0x00,
    0xFF, 0xFF, 0xF0, 0x00,
    0xFF, 0xFF, 0xFF, 0x00,
    0xFF, 0xFF, 0xFF, 0x0F,
    0xFF, 0xFF, 0xFF, 0xFF,
    0xFF, 0xFF, 0xFF, 0xFF,
    0xFF, 0xFF, 0xFF, 0xFF,
    0xFF, 0xFF, 0xFF, 0xFF,


/* Tile ID 569, isSolid: false */
    0x00, 0x00, 0x00, 0x08,
    0x00, 0x00, 0x00, 0x8D,
    0x00, 0x00, 0x0C, 0xD8,
    0x00, 0x00, 0x0C, 0x06,
    0x00, 0x00, 0x0C, 0x00,
    0x00, 0x00, 0x00, 0x00,
    0x00, 0x00, 0x00, 0x00,
    0x00, 0x00, 0x00, 0x00,

    0xFF, 0xFF, 0xFF, 0xF0,
    0xFF, 0xFF, 0xFF, 0x00,
    0xFF, 0xFF, 0xF0, 0x00,
    0xFF, 0xFF, 0xF0, 0xF0,
    0xFF, 0xFF, 0xF0, 0xFF,
    0xFF, 0xFF, 0xFF, 0xFF,
    0xFF, 0xFF, 0xFF, 0xFF,
    0xFF, 0xFF, 0xFF, 0xFF,

    0x80, 0x00, 0x00, 0x00,
    0xD8, 0x00, 0x00, 0x00,
    0x8D, 0xC0, 0x00, 0x00,
    0x60, 0xC0, 0x00, 0x00,
    0x00, 0xC0, 0x00, 0x00,
    0x00, 0x00, 0x00, 0x00,
    0x00, 0x00, 0x00, 0x00,
    0x00, 0x00, 0x00, 0x00,

    0x0F, 0xFF, 0xFF, 0xFF,
    0x00, 0xFF, 0xFF, 0xFF,
    0x00, 0x0F, 0xFF, 0xFF,
    0x0F, 0x0F, 0xFF, 0xFF,
    0xFF, 0x0F, 0xFF, 0xFF,
    0xFF, 0xFF, 0xFF, 0xFF,
    0xFF, 0xFF, 0xFF, 0xFF,
    0xFF, 0xFF, 0xFF, 0xFF,


/* Tile ID 570, isSolid: false */
    0x80, 0x00, 0x00, 0x00,
    0xD8, 0x00, 0x00, 0x00,
    0x8D, 0xC0, 0x00, 0x00,
    0x60, 0xC0, 0x00, 0x00,
    0x00, 0xC0, 0x00, 0x00,
    0x00, 0x00, 0x00, 0x00,
    0x00, 0x00, 0x00, 0x00,
    0x00, 0x00, 0x00, 0x00,

    0x0F, 0xFF, 0xFF, 0xFF,
    0x00, 0xFF, 0xFF, 0xFF,
    0x00, 0x0F, 0xFF, 0xFF,
    0x0F, 0x0F, 0xFF, 0xFF,
    0xFF, 0x0F, 0xFF, 0xFF,
    0xFF, 0xFF, 0xFF, 0xFF,
    0xFF, 0xFF, 0xFF, 0xFF,
    0xFF, 0xFF, 0xFF, 0xFF,

    0x00, 0x00, 0x00, 0x08,
    0x00, 0x00, 0x00, 0x8D,
    0x00, 0x00, 0x0C, 0xD8,
    0x00, 0x00, 0x0C, 0x06,
    0x00, 0x00, 0x0C, 0x00,
    0x00, 0x00, 0x00, 0x00,
    0x00, 0x00, 0x00, 0x00,
    0x00, 0x00, 0x00, 0x00,

    0xFF, 0xFF, 0xFF, 0xF0,
    0xFF, 0xFF, 0xFF, 0x00,
    0xFF, 0xFF, 0xF0, 0x00,
    0xFF, 0xFF, 0xF0, 0xF0,
    0xFF, 0xFF, 0xF0, 0xFF,
    0xFF, 0xFF, 0xFF, 0xFF,
    0xFF, 0xFF, 0xFF, 0xFF,
    0xFF, 0xFF, 0xFF, 0xFF,


/* Tile ID 571, isSolid: false */
    0x00, 0x00, 0x00, 0x00,
    0x00, 0x00, 0x00, 0x00,
    0x00, 0x00, 0x00, 0x00,
    0x00, 0x00, 0x00, 0x00,
    0x00, 0x00, 0x00, 0x00,
    0x00, 0x00, 0x00, 0x00,
    0x00, 0x00, 0x00, 0x00,
    0x00, 0x00, 0x00, 0x00,

    0xFF, 0xFF, 0xFF, 0xFF,
    0xFF, 0xFF, 0xFF, 0xFF,
    0xFF, 0xFF, 0xFF, 0xFF,
    0xFF, 0xFF, 0xFF, 0xFF,
    0xFF, 0xFF, 0xFF, 0xFF,
    0xFF, 0xFF, 0xFF, 0xFF,
    0xFF, 0xFF, 0xFF, 0xFF,
    0xFF, 0xFF, 0xFF, 0xFF,

    0x00, 0x00, 0x00, 0x00,
    0x00, 0x00, 0x00, 0x00,
    0x00, 0x00, 0x00, 0x00,
    0x00, 0x00, 0x00, 0x00,
    0x00, 0x00, 0x00, 0x00,
    0x00, 0x00, 0x00, 0x00,
    0x00, 0x00, 0x00, 0x00,
    0x00, 0x00, 0x00, 0x00,

    0xFF, 0xFF, 0xFF, 0xFF,
    0xFF, 0xFF, 0xFF, 0xFF,
    0xFF, 0xFF, 0xFF, 0xFF,
    0xFF, 0xFF, 0xFF, 0xFF,
    0xFF, 0xFF, 0xFF, 0xFF,
    0xFF, 0xFF, 0xFF, 0xFF,
    0xFF, 0xFF, 0xFF, 0xFF,
    0xFF, 0xFF, 0xFF, 0xFF,


/* Tile ID 572, isSolid: false */
    0x00, 0x00, 0x00, 0x00,
    0x00, 0x00, 0x00, 0x00,
    0x00, 0x00, 0x00, 0x00,
    0x00, 0x00, 0x00, 0x00,
    0x00, 0x00, 0x00, 0x00,
    0x00, 0x00, 0x00, 0x00,
    0x00, 0x00, 0x00, 0x00,
    0x00, 0x00, 0x00, 0x00,

    0xFF, 0xFF, 0xFF, 0xFF,
    0xFF, 0xFF, 0xFF, 0xFF,
    0xFF, 0xFF, 0xFF, 0xFF,
    0xFF, 0xFF, 0xFF, 0xFF,
    0xFF, 0xFF, 0xFF, 0xFF,
    0xFF, 0xFF, 0xFF, 0xFF,
    0xFF, 0xFF, 0xFF, 0xFF,
    0xFF, 0xFF, 0xFF, 0xFF,

    0x00, 0x00, 0x00, 0x00,
    0x00, 0x00, 0x00, 0x00,
    0x00, 0x00, 0x00, 0x00,
    0x00, 0x00, 0x00, 0x00,
    0x00, 0x00, 0x00, 0x00,
    0x00, 0x00, 0x00, 0x00,
    0x00, 0x00, 0x00, 0x00,
    0x00, 0x00, 0x00, 0x00,

    0xFF, 0xFF, 0xFF, 0xFF,
    0xFF, 0xFF, 0xFF, 0xFF,
    0xFF, 0xFF, 0xFF, 0xFF,
    0xFF, 0xFF, 0xFF, 0xFF,
    0xFF, 0xFF, 0xFF, 0xFF,
    0xFF, 0xFF, 0xFF, 0xFF,
    0xFF, 0xFF, 0xFF, 0xFF,
    0xFF, 0xFF, 0xFF, 0xFF,


/* Tile ID 573, isSolid: false */
    0x00, 0x00, 0x00, 0x00,
    0x00, 0x00, 0x00, 0x00,
    0x00, 0x00, 0x00, 0x00,
    0x00, 0x00, 0x00, 0x00,
    0x00, 0x00, 0x00, 0x00,
    0x00, 0x00, 0x00, 0x00,
    0x00, 0x00, 0x00, 0x00,
    0x00, 0x00, 0x00, 0x00,

    0xFF, 0xFF, 0xFF, 0xFF,
    0xFF, 0xFF, 0xFF, 0xFF,
    0xFF, 0xFF, 0xFF, 0xFF,
    0xFF, 0xFF, 0xFF, 0xFF,
    0xFF, 0xFF, 0xFF, 0xFF,
    0xFF, 0xFF, 0xFF, 0xFF,
    0xFF, 0xFF, 0xFF, 0xFF,
    0xFF, 0xFF, 0xFF, 0xFF,

    0x00, 0x00, 0x00, 0x00,
    0x00, 0x00, 0x00, 0x00,
    0x00, 0x00, 0x00, 0x00,
    0x00, 0x00, 0x00, 0x00,
    0x00, 0x00, 0x00, 0x00,
    0x00, 0x00, 0x00, 0x00,
    0x00, 0x00, 0x00, 0x00,
    0x00, 0x00, 0x00, 0x00,

    0xFF, 0xFF, 0xFF, 0xFF,
    0xFF, 0xFF, 0xFF, 0xFF,
    0xFF, 0xFF, 0xFF, 0xFF,
    0xFF, 0xFF, 0xFF, 0xFF,
    0xFF, 0xFF, 0xFF, 0xFF,
    0xFF, 0xFF, 0xFF, 0xFF,
    0xFF, 0xFF, 0xFF, 0xFF,
    0xFF, 0xFF, 0xFF, 0xFF,


/* Tile ID 574, isSolid: false */
    0x00, 0x00, 0x00, 0x00,
    0x00, 0x00, 0x00, 0x00,
    0x00, 0x00, 0x00, 0x00,
    0x00, 0x00, 0x00, 0x00,
    0x00, 0x00, 0x00, 0x00,
    0x00, 0x00, 0x00, 0x00,
    0x00, 0x00, 0x00, 0x00,
    0x00, 0x00, 0x00, 0x00,

    0xFF, 0xFF, 0xFF, 0xFF,
    0xFF, 0xFF, 0xFF, 0xFF,
    0xFF, 0xFF, 0xFF, 0xFF,
    0xFF, 0xFF, 0xFF, 0xFF,
    0xFF, 0xFF, 0xFF, 0xFF,
    0xFF, 0xFF, 0xFF, 0xFF,
    0xFF, 0xFF, 0xFF, 0xFF,
    0xFF, 0xFF, 0xFF, 0xFF,

    0x00, 0x00, 0x00, 0x00,
    0x00, 0x00, 0x00, 0x00,
    0x00, 0x00, 0x00, 0x00,
    0x00, 0x00, 0x00, 0x00,
    0x00, 0x00, 0x00, 0x00,
    0x00, 0x00, 0x00, 0x00,
    0x00, 0x00, 0x00, 0x00,
    0x00, 0x00, 0x00, 0x00,

    0xFF, 0xFF, 0xFF, 0xFF,
    0xFF, 0xFF, 0xFF, 0xFF,
    0xFF, 0xFF, 0xFF, 0xFF,
    0xFF, 0xFF, 0xFF, 0xFF,
    0xFF, 0xFF, 0xFF, 0xFF,
    0xFF, 0xFF, 0xFF, 0xFF,
    0xFF, 0xFF, 0xFF, 0xFF,
    0xFF, 0xFF, 0xFF, 0xFF,


/* Tile ID 575, isSolid: false */
    0x00, 0x00, 0x00, 0x00,
    0x00, 0x00, 0x00, 0x00,
    0x00, 0x00, 0x00, 0x00,
    0x00, 0x00, 0x00, 0x00,
    0x00, 0x00, 0x00, 0x00,
    0x00, 0x00, 0x00, 0x00,
    0x00, 0x00, 0x00, 0x00,
    0x00, 0x00, 0x00, 0x00,

    0xFF, 0xFF, 0xFF, 0xFF,
    0xFF, 0xFF, 0xFF, 0xFF,
    0xFF, 0xFF, 0xFF, 0xFF,
    0xFF, 0xFF, 0xFF, 0xFF,
    0xFF, 0xFF, 0xFF, 0xFF,
    0xFF, 0xFF, 0xFF, 0xFF,
    0xFF, 0xFF, 0xFF, 0xFF,
    0xFF, 0xFF, 0xFF, 0xFF,

    0x00, 0x00, 0x00, 0x00,
    0x00, 0x00, 0x00, 0x00,
    0x00, 0x00, 0x00, 0x00,
    0x00, 0x00, 0x00, 0x00,
    0x00, 0x00, 0x00, 0x00,
    0x00, 0x00, 0x00, 0x00,
    0x00, 0x00, 0x00, 0x00,
    0x00, 0x00, 0x00, 0x00,

    0xFF, 0xFF, 0xFF, 0xFF,
    0xFF, 0xFF, 0xFF, 0xFF,
    0xFF, 0xFF, 0xFF, 0xFF,
    0xFF, 0xFF, 0xFF, 0xFF,
    0xFF, 0xFF, 0xFF, 0xFF,
    0xFF, 0xFF, 0xFF, 0xFF,
    0xFF, 0xFF, 0xFF, 0xFF,
    0xFF, 0xFF, 0xFF, 0xFF,


/* Tile ID 576, isSolid: false */
    0x00, 0x00, 0x00, 0x00,
    0x00, 0x00, 0x00, 0x00,
    0x00, 0x00, 0x00, 0x00,
    0x00, 0x00, 0x00, 0x00,
    0x00, 0x00, 0x00, 0x00,
    0x00, 0x00, 0x00, 0x00,
    0x00, 0x00, 0x00, 0x00,
    0x00, 0x00, 0x00, 0x00,

    0xFF, 0xFF, 0xFF, 0xFF,
    0xFF, 0xFF, 0xFF, 0xFF,
    0xFF, 0xFF, 0xFF, 0xFF,
    0xFF, 0xFF, 0xFF, 0xFF,
    0xFF, 0xFF, 0xFF, 0xFF,
    0xFF, 0xFF, 0xFF, 0xFF,
    0xFF, 0xFF, 0xFF, 0xFF,
    0xFF, 0xFF, 0xFF, 0xFF,

    0x00, 0x00, 0x00, 0x00,
    0x00, 0x00, 0x00, 0x00,
    0x00, 0x00, 0x00, 0x00,
    0x00, 0x00, 0x00, 0x00,
    0x00, 0x00, 0x00, 0x00,
    0x00, 0x00, 0x00, 0x00,
    0x00, 0x00, 0x00, 0x00,
    0x00, 0x00, 0x00, 0x00,

    0xFF, 0xFF, 0xFF, 0xFF,
    0xFF, 0xFF, 0xFF, 0xFF,
    0xFF, 0xFF, 0xFF, 0xFF,
    0xFF, 0xFF, 0xFF, 0xFF,
    0xFF, 0xFF, 0xFF, 0xFF,
    0xFF, 0xFF, 0xFF, 0xFF,
    0xFF, 0xFF, 0xFF, 0xFF,
    0xFF, 0xFF, 0xFF, 0xFF,


/* Tile ID 577, isSolid: false */
    0x0D, 0xDD, 0xDD, 0x80,
    0x8D, 0xDD, 0xDD, 0x80,
    0xDD, 0xDD, 0xDD, 0x80,
    0xDD, 0x8D, 0xDD, 0xD0,
    0xD8, 0x8D, 0xDD, 0xD8,
    0x0D, 0xDD, 0xDD, 0xDD,
    0x0D, 0xD8, 0xDD, 0xDD,
    0x0D, 0x88, 0x8D, 0xDD,

    0xF0, 0x00, 0x00, 0x0F,
    0x00, 0x00, 0x00, 0x0F,
    0x00, 0x00, 0x00, 0x0F,
    0x00, 0x00, 0x00, 0x0F,
    0x00, 0x00, 0x00, 0x00,
    0xF0, 0x00, 0x00, 0x00,
    0xF0, 0x00, 0x00, 0x00,
    0xF0, 0x00, 0x00, 0x00,

    0x08, 0xDD, 0xDD, 0xD0,
    0x08, 0xDD, 0xDD, 0xD8,
    0x08, 0xDD, 0xDD, 0xDD,
    0x0D, 0xDD, 0xD8, 0xDD,
    0x8D, 0xDD, 0xD8, 0x8D,
    0xDD, 0xDD, 0xDD, 0xD0,
    0xDD, 0xDD, 0x8D, 0xD0,
    0xDD, 0xD8, 0x88, 0xD0,

    0xF0, 0x00, 0x00, 0x0F,
    0xF0, 0x00, 0x00, 0x00,
    0xF0, 0x00, 0x00, 0x00,
    0xF0, 0x00, 0x00, 0x00,
    0x00, 0x00, 0x00, 0x00,
    0x00, 0x00, 0x00, 0x0F,
    0x00, 0x00, 0x00, 0x0F,
    0x00, 0x00, 0x00, 0x0F,


/* Tile ID 578, isSolid: false */
    0x00, 0x00, 0x00, 0x00,
    0x00, 0x00, 0x00, 0x00,
    0x00, 0x00, 0x00, 0x00,
    0x00, 0x00, 0x00, 0x00,
    0x00, 0x00, 0x00, 0x00,
    0x00, 0x00, 0x00, 0x08,
    0xD0, 0x00, 0x00, 0x8D,
    0xDD, 0xDD, 0xDD, 0xDD,

    0xFF, 0xFF, 0xFF, 0xFF,
    0xFF, 0xFF, 0xFF, 0xFF,
    0xFF, 0xFF, 0xFF, 0xFF,
    0xFF, 0xFF, 0xFF, 0xFF,
    0xFF, 0xFF, 0xFF, 0xFF,
    0xFF, 0xFF, 0xFF, 0xF0,
    0x0F, 0xFF, 0xFF, 0x00,
    0x00, 0x00, 0x00, 0x00,

    0x00, 0x00, 0x00, 0x00,
    0x00, 0x00, 0x00, 0x00,
    0x00, 0x00, 0x00, 0x00,
    0x00, 0x00, 0x00, 0x00,
    0x00, 0x00, 0x00, 0x00,
    0x80, 0x00, 0x00, 0x00,
    0xD8, 0x00, 0x00, 0x0D,
    0xDD, 0xDD, 0xDD, 0xDD,

    0xFF, 0xFF, 0xFF, 0xFF,
    0xFF, 0xFF, 0xFF, 0xFF,
    0xFF, 0xFF, 0xFF, 0xFF,
    0xFF, 0xFF, 0xFF, 0xFF,
    0xFF, 0xFF, 0xFF, 0xFF,
    0x0F, 0xFF, 0xFF, 0xFF,
    0x00, 0xFF, 0xFF, 0xF0,
    0x00, 0x00, 0x00, 0x00,


/* Tile ID 579, isSolid: false */
    0x00, 0x00, 0x00, 0x00,
    0x00, 0x08, 0xD0, 0x00,
    0x00, 0xDD, 0xD8, 0x00,
    0x88, 0xDD, 0xD8, 0x00,
    0x8D, 0xDD, 0xD8, 0x08,
    0xDD, 0xDD, 0xD0, 0x8B,
    0xDD, 0xDD, 0x80, 0xB8,
    0xDD, 0xDD, 0x80, 0x08,

    0xFF, 0xFF, 0xFF, 0xFF,
    0xFF, 0xF0, 0x0F, 0xFF,
    0xFF, 0x00, 0x00, 0xFF,
    0x00, 0x00, 0x00, 0xFF,
    0x00, 0x00, 0x00, 0xF0,
    0x00, 0x00, 0x0F, 0x00,
    0x00, 0x00, 0x0F, 0x00,
    0x00, 0x00, 0x0F, 0xF0,

    0x00, 0x00, 0x00, 0x00,
    0x00, 0x0D, 0x80, 0x00,
    0x00, 0x8D, 0xDD, 0x00,
    0x00, 0x8D, 0xDD, 0x88,
    0x80, 0x8D, 0xDD, 0xD8,
    0xB8, 0x0D, 0xDD, 0xDD,
    0x8B, 0x08, 0xDD, 0xDD,
    0x80, 0x08, 0xDD, 0xDD,

    0xFF, 0xFF, 0xFF, 0xFF,
    0xFF, 0xF0, 0x0F, 0xFF,
    0xFF, 0x00, 0x00, 0xFF,
    0xFF, 0x00, 0x00, 0x00,
    0x0F, 0x00, 0x00, 0x00,
    0x00, 0xF0, 0x00, 0x00,
    0x00, 0xF0, 0x00, 0x00,
    0x0F, 0xF0, 0x00, 0x00,


/* Tile ID 580, isSolid: false */
    0x00, 0x00, 0xDD, 0xDD,
    0x00, 0x0D, 0xDD, 0xD0,
    0x08, 0xDD, 0xDD, 0x00,
    0x8D, 0xDD, 0xD0, 0x00,
    0xDD, 0xDD, 0x00, 0x08,
    0x8D, 0xD8, 0x00, 0x0D,
    0x8D, 0xDD, 0xDD, 0xDD,
    0xDD, 0xDD, 0xDD, 0xDD,

    0xFF, 0xFF, 0x00, 0x00,
    0xFF, 0xF0, 0x00, 0x0F,
    0xF0, 0x00, 0x00, 0xFF,
    0x00, 0x00, 0x0F, 0xFF,
    0x00, 0x00, 0xFF, 0xF0,
    0x00, 0x00, 0xFF, 0xF0,
    0x00, 0x00, 0x00, 0x00,
    0x00, 0x00, 0x00, 0x00,

    0xDD, 0xDD, 0x00, 0x00,
    0x0D, 0xDD, 0xD0, 0x00,
    0x00, 0xDD, 0xDD, 0x80,
    0x00, 0x0D, 0xDD, 0xD8,
    0x80, 0x00, 0xDD, 0xDD,
    0xD0, 0x00, 0x8D, 0xD8,
    0xDD, 0xDD, 0xDD, 0xD8,
    0xDD, 0xDD, 0xDD, 0xDD,

    0x00, 0x00, 0xFF, 0xFF,
    0xF0, 0x00, 0x0F, 0xFF,
    0xFF, 0x00, 0x00, 0x0F,
    0xFF, 0xF0, 0x00, 0x00,
    0x0F, 0xFF, 0x00, 0x00,
    0x0F, 0xFF, 0x00, 0x00,
    0x00, 0x00, 0x00, 0x00,
    0x00, 0x00, 0x00, 0x00,


/* Tile ID 581, isSolid: false */
    0x80, 0x00, 0xDD, 0x80,
    0x00, 0x8D, 0xDD, 0x80,
    0x08, 0xDD, 0xDD, 0x80,
    0x8D, 0xDD, 0xDD, 0x00,
    0xDD, 0xDD, 0xD8, 0x00,
    0xDD, 0xDD, 0xD8, 0x00,
    0xD8, 0xDD, 0xDD, 0xDD,
    0x88, 0xD8, 0xDD, 0xDD,

    0x0F, 0xFF, 0x00, 0x0F,
    0xFF, 0x00, 0x00, 0x0F,
    0xF0, 0x00, 0x00, 0x0F,
    0x00, 0x00, 0x00, 0xFF,
    0x00, 0x00, 0x00, 0xFF,
    0x00, 0x00, 0x00, 0xFF,
    0x00, 0x00, 0x00, 0x00,
    0x00, 0x00, 0x00, 0x00,

    0x08, 0xDD, 0x00, 0x08,
    0x08, 0xDD, 0xD8, 0x00,
    0x08, 0xDD, 0xDD, 0x80,
    0x00, 0xDD, 0xDD, 0xD8,
    0x00, 0x8D, 0xDD, 0xDD,
    0x00, 0x8D, 0xDD, 0xDD,
    0xDD, 0xDD, 0xDD, 0x8D,
    0xDD, 0xDD, 0x8D, 0x88,

    0xF0, 0x00, 0xFF, 0xF0,
    0xF0, 0x00, 0x00, 0xFF,
    0xF0, 0x00, 0x00, 0x0F,
    0xFF, 0x00, 0x00, 0x00,
    0xFF, 0x00, 0x00, 0x00,
    0xFF, 0x00, 0x00, 0x00,
    0x00, 0x00, 0x00, 0x00,
    0x00, 0x00, 0x00, 0x00,


/* Tile ID 582, isSolid: false */
    0x00, 0x0D, 0xDD, 0xDD,
    0x00, 0x0D, 0xDD, 0xDD,
    0x00, 0x08, 0xDD, 0xDD,
    0x00, 0x8D, 0xDD, 0xDD,
    0x08, 0xDD, 0xDD, 0xDD,
    0x8D, 0xDD, 0xD8, 0xDD,
    0xDD, 0x0D, 0x88, 0xDD,
    0xD0, 0x00, 0xBB, 0x8D,

    0xFF, 0xF0, 0x00, 0x00,
    0xFF, 0xF0, 0x00, 0x00,
    0xFF, 0xF0, 0x00, 0x00,
    0xFF, 0x00, 0x00, 0x00,
    0xF0, 0x00, 0x00, 0x00,
    0x00, 0x00, 0x00, 0x00,
    0x00, 0xF0, 0x00, 0x00,
    0x0F, 0xFF, 0x00, 0x00,

    0xDD, 0xDD, 0xD0, 0x00,
    0xDD, 0xDD, 0xD0, 0x00,
    0xDD, 0xDD, 0x80, 0x00,
    0xDD, 0xDD, 0xD8, 0x00,
    0xDD, 0xDD, 0xDD, 0x80,
    0xDD, 0x8D, 0xDD, 0xD8,
    0xDD, 0x88, 0xD0, 0xDD,
    0xD8, 0xBB, 0x00, 0x0D,

    0x00, 0x00, 0x0F, 0xFF,
    0x00, 0x00, 0x0F, 0xFF,
    0x00, 0x00, 0x0F, 0xFF,
    0x00, 0x00, 0x00, 0xFF,
    0x00, 0x00, 0x00, 0x0F,
    0x00, 0x00, 0x00, 0x00,
    0x00, 0x00, 0x0F, 0x00,
    0x00, 0x00, 0xFF, 0xF0,


/* Tile ID 583, isSolid: false */
    0x80, 0x00, 0x00, 0x00,
    0xD0, 0x00, 0x00, 0x00,
    0xD8, 0x00, 0x00, 0x00,
    0xD8, 0x00, 0x00, 0x00,
    0xD8, 0x00, 0x00, 0x00,
    0xDD, 0x00, 0x00, 0x0D,
    0xDD, 0xDD, 0xDD, 0xDD,
    0xDD, 0xDD, 0xDD, 0xD0,

    0x0F, 0xFF, 0xFF, 0xFF,
    0x0F, 0xFF, 0xFF, 0xFF,
    0x00, 0xFF, 0xFF, 0xFF,
    0x00, 0xFF, 0xFF, 0xFF,
    0x00, 0xFF, 0xFF, 0xFF,
    0x00, 0xFF, 0xFF, 0xF0,
    0x00, 0x00, 0x00, 0x00,
    0x00, 0x00, 0x00, 0x0F,

    0x00, 0x00, 0x00, 0x08,
    0x00, 0x00, 0x00, 0x0D,
    0x00, 0x00, 0x00, 0x8D,
    0x00, 0x00, 0x00, 0x8D,
    0x00, 0x00, 0x00, 0x8D,
    0xD0, 0x00, 0x00, 0xDD,
    0xDD, 0xDD, 0xDD, 0xDD,
    0x0D, 0xDD, 0xDD, 0xDD,

    0xFF, 0xFF, 0xFF, 0xF0,
    0xFF, 0xFF, 0xFF, 0xF0,
    0xFF, 0xFF, 0xFF, 0x00,
    0xFF, 0xFF, 0xFF, 0x00,
    0xFF, 0xFF, 0xFF, 0x00,
    0x0F, 0xFF, 0xFF, 0x00,
    0x00, 0x00, 0x00, 0x00,
    0xF0, 0x00, 0x00, 0x00,


/* Tile ID 584, isSolid: false */
    0x00, 0x00, 0x0D, 0xDD,
    0x00, 0x00, 0xDD, 0xDD,
    0x00, 0x8D, 0xDD, 0xD0,
    0x08, 0xDD, 0xDD, 0x00,
    0xDD, 0xDD, 0xD0, 0x00,
    0xD8, 0xDD, 0x80, 0x00,
    0x88, 0xDD, 0xDD, 0xDD,
    0x8D, 0xDD, 0xDD, 0xDD,

    0xFF, 0xFF, 0xF0, 0x00,
    0xFF, 0xFF, 0x00, 0x00,
    0xFF, 0x00, 0x00, 0x0F,
    0xF0, 0x00, 0x00, 0xFF,
    0x00, 0x00, 0x0F, 0xFF,
    0x00, 0x00, 0x0F, 0xFF,
    0x00, 0x00, 0x00, 0x00,
    0x00, 0x00, 0x00, 0x00,

    0xDD, 0xD0, 0x00, 0x00,
    0xDD, 0xDD, 0x00, 0x00,
    0x0D, 0xDD, 0xD8, 0x00,
    0x00, 0xDD, 0xDD, 0x80,
    0x00, 0x0D, 0xDD, 0xDD,
    0x00, 0x08, 0xDD, 0x8D,
    0xDD, 0xDD, 0xDD, 0x88,
    0xDD, 0xDD, 0xDD, 0xD8,

    0x00, 0x0F, 0xFF, 0xFF,
    0x00, 0x00, 0xFF, 0xFF,
    0xF0, 0x00, 0x00, 0xFF,
    0xFF, 0x00, 0x00, 0x0F,
    0xFF, 0xF0, 0x00, 0x00,
    0xFF, 0xF0, 0x00, 0x00,
    0x00, 0x00, 0x00, 0x00,
    0x00, 0x00, 0x00, 0x00,


/* Tile ID 585, isSolid: false */
    0xD8, 0x00, 0x0D, 0xD8,
    0x00, 0x08, 0xDD, 0xD8,
    0x00, 0x8D, 0xDD, 0xD8,
    0x08, 0xDD, 0xDD, 0xD0,
    0x8D, 0xDD, 0xDD, 0x80,
    0xDD, 0xDD, 0xDD, 0x80,
    0xDD, 0x8D, 0xDD, 0xDD,
    0xD8, 0x8D, 0x8D, 0xDD,

    0x00, 0xFF, 0xF0, 0x00,
    0xFF, 0xF0, 0x00, 0x00,
    0xFF, 0x00, 0x00, 0x00,
    0xF0, 0x00, 0x00, 0x0F,
    0x00, 0x00, 0x00, 0x0F,
    0x00, 0x00, 0x00, 0x0F,
    0x00, 0x00, 0x00, 0x00,
    0x00, 0x00, 0x00, 0x00,

    0x8D, 0xD0, 0x00, 0x8D,
    0x8D, 0xDD, 0x80, 0x00,
    0x8D, 0xDD, 0xD8, 0x00,
    0x0D, 0xDD, 0xDD, 0x80,
    0x08, 0xDD, 0xDD, 0xD8,
    0x08, 0xDD, 0xDD, 0xDD,
    0xDD, 0xDD, 0xD8, 0xDD,
    0xDD, 0xD8, 0xD8, 0x8D,

    0x00, 0x0F, 0xFF, 0x00,
    0x00, 0x00, 0x0F, 0xFF,
    0x00, 0x00, 0x00, 0xFF,
    0xF0, 0x00, 0x00, 0x0F,
    0xF0, 0x00, 0x00, 0x00,
    0xF0, 0x00, 0x00, 0x00,
    0x00, 0x00, 0x00, 0x00,
    0x00, 0x00, 0x00, 0x00,


/* Tile ID 586, isSolid: false */
    0x00, 0x00, 0x0D, 0xDD,
    0x00, 0x00, 0x8D, 0xDD,
    0x00, 0x00, 0x8D, 0xDD,
    0x00, 0x08, 0xDD, 0xD8,
    0x00, 0x88, 0x8D, 0xDD,
    0x08, 0xD8, 0x8D, 0xDD,
    0xDD, 0xD8, 0xDD, 0xDD,
    0xDD, 0x0D, 0xD8, 0xDD,

    0xFF, 0xFF, 0xF0, 0x00,
    0xFF, 0xFF, 0x00, 0x00,
    0xFF, 0xFF, 0x00, 0x00,
    0xFF, 0xF0, 0x00, 0x00,
    0xFF, 0x00, 0x00, 0x00,
    0xF0, 0x00, 0x00, 0x00,
    0x00, 0x00, 0x00, 0x00,
    0x00, 0xF0, 0x00, 0x00,

    0xDD, 0xD0, 0x00, 0x00,
    0xDD, 0xD8, 0x00, 0x00,
    0xDD, 0xD8, 0x00, 0x00,
    0x8D, 0xDD, 0x80, 0x00,
    0xDD, 0xD8, 0x88, 0x00,
    0xDD, 0xD8, 0x8D, 0x80,
    0xDD, 0xDD, 0x8D, 0xDD,
    0xDD, 0x8D, 0xD0, 0xDD,

    0x00, 0x0F, 0xFF, 0xFF,
    0x00, 0x00, 0xFF, 0xFF,
    0x00, 0x00, 0xFF, 0xFF,
    0x00, 0x00, 0x0F, 0xFF,
    0x00, 0x00, 0x00, 0xFF,
    0x00, 0x00, 0x00, 0x0F,
    0x00, 0x00, 0x00, 0x00,
    0x00, 0x00, 0x0F, 0x00,


/* Tile ID 587, isSolid: false */
    0xD0, 0x00, 0x00, 0x00,
    0x80, 0x00, 0x00, 0x00,
    0x00, 0x00, 0x00, 0x00,
    0x00, 0x00, 0x00, 0x00,
    0x00, 0x00, 0x00, 0x0D,
    0x80, 0x00, 0x08, 0xDD,
    0xD0, 0x00, 0x8D, 0xD8,
    0xDD, 0xDD, 0xDD, 0x08,

    0x0F, 0xFF, 0xFF, 0xFF,
    0x0F, 0xFF, 0xFF, 0xFF,
    0xFF, 0xFF, 0xFF, 0xFF,
    0xFF, 0xFF, 0xFF, 0xFF,
    0xFF, 0xFF, 0xFF, 0xF0,
    0x0F, 0xFF, 0xF0, 0x00,
    0x0F, 0xFF, 0x00, 0x00,
    0x00, 0x00, 0x00, 0xF0,

    0x00, 0x00, 0x00, 0x0D,
    0x00, 0x00, 0x00, 0x08,
    0x00, 0x00, 0x00, 0x00,
    0x00, 0x00, 0x00, 0x00,
    0xD0, 0x00, 0x00, 0x00,
    0xDD, 0x80, 0x00, 0x08,
    0x8D, 0xD8, 0x00, 0x0D,
    0x80, 0xDD, 0xDD, 0xDD,

    0xFF, 0xFF, 0xFF, 0xF0,
    0xFF, 0xFF, 0xFF, 0xF0,
    0xFF, 0xFF, 0xFF, 0xFF,
    0xFF, 0xFF, 0xFF, 0xFF,
    0x0F, 0xFF, 0xFF, 0xFF,
    0x00, 0x0F, 0xFF, 0xF0,
    0x00, 0x00, 0xFF, 0xF0,
    0x0F, 0x00, 0x00, 0x00,


/* Tile ID 588, isSolid: false */
    0x00, 0x00, 0xDD, 0xDD,
    0x00, 0x0D, 0xDD, 0xD0,
    0x08, 0xDD, 0xDD, 0x00,
    0xDD, 0xDD, 0xD0, 0x00,
    0xDD, 0xDD, 0x00, 0x08,
    0x8D, 0xD8, 0x00, 0x0D,
    0x8D, 0xDD, 0xDD, 0xDD,
    0xDD, 0xDD, 0xDD, 0xDD,

    0xFF, 0xFF, 0x00, 0x00,
    0xFF, 0xF0, 0x00, 0x0F,
    0xF0, 0x00, 0x00, 0xFF,
    0x00, 0x00, 0x0F, 0xFF,
    0x00, 0x00, 0xFF, 0xF0,
    0x00, 0x00, 0xFF, 0xF0,
    0x00, 0x00, 0x00, 0x00,
    0x00, 0x00, 0x00, 0x00,

    0xDD, 0xDD, 0x00, 0x00,
    0x0D, 0xDD, 0xD0, 0x00,
    0x00, 0xDD, 0xDD, 0x80,
    0x00, 0x0D, 0xDD, 0xDD,
    0x80, 0x00, 0xDD, 0xDD,
    0xD0, 0x00, 0x8D, 0xD8,
    0xDD, 0xDD, 0xDD, 0xD8,
    0xDD, 0xDD, 0xDD, 0xDD,

    0x00, 0x00, 0xFF, 0xFF,
    0xF0, 0x00, 0x0F, 0xFF,
    0xFF, 0x00, 0x00, 0x0F,
    0xFF, 0xF0, 0x00, 0x00,
    0x0F, 0xFF, 0x00, 0x00,
    0x0F, 0xFF, 0x00, 0x00,
    0x00, 0x00, 0x00, 0x00,
    0x00, 0x00, 0x00, 0x00,


/* Tile ID 589, isSolid: false */
    0x80, 0x00, 0xDD, 0x80,
    0x00, 0x8D, 0xDD, 0x80,
    0x08, 0xDD, 0xDD, 0x80,
    0x8D, 0xDD, 0xDD, 0x00,
    0xDD, 0xDD, 0xD8, 0x00,
    0xDD, 0xDD, 0xD8, 0x00,
    0xD8, 0xDD, 0xDD, 0xDD,
    0x88, 0xD8, 0xDD, 0xDD,

    0x0F, 0xFF, 0x00, 0x0F,
    0xFF, 0x00, 0x00, 0x0F,
    0xF0, 0x00, 0x00, 0x0F,
    0x00, 0x00, 0x00, 0xFF,
    0x00, 0x00, 0x00, 0xFF,
    0x00, 0x00, 0x00, 0xFF,
    0x00, 0x00, 0x00, 0x00,
    0x00, 0x00, 0x00, 0x00,

    0x08, 0xDD, 0x00, 0x08,
    0x08, 0xDD, 0xD8, 0x00,
    0x08, 0xDD, 0xDD, 0x80,
    0x00, 0xDD, 0xDD, 0xD8,
    0x00, 0x8D, 0xDD, 0xDD,
    0x00, 0x8D, 0xDD, 0xDD,
    0xDD, 0xDD, 0xDD, 0x8D,
    0xDD, 0xDD, 0x8D, 0x88,

    0xF0, 0x00, 0xFF, 0xF0,
    0xF0, 0x00, 0x00, 0xFF,
    0xF0, 0x00, 0x00, 0x0F,
    0xFF, 0x00, 0x00, 0x00,
    0xFF, 0x00, 0x00, 0x00,
    0xFF, 0x00, 0x00, 0x00,
    0x00, 0x00, 0x00, 0x00,
    0x00, 0x00, 0x00, 0x00,


/* Tile ID 590, isSolid: false */
    0x00, 0x00, 0x00, 0x00,
    0x00, 0x00, 0x00, 0x00,
    0x00, 0x00, 0x00, 0x00,
    0x00, 0x00, 0x00, 0x00,
    0x00, 0x00, 0x00, 0x00,
    0x0D, 0x00, 0x00, 0x00,
    0xDD, 0x00, 0x00, 0x00,
    0xD0, 0x00, 0x00, 0x00,

    0xFF, 0xFF, 0xFF, 0xFF,
    0xFF, 0xFF, 0xFF, 0xFF,
    0xFF, 0xFF, 0xFF, 0xFF,
    0xFF, 0xFF, 0xFF, 0xFF,
    0xFF, 0xFF, 0xFF, 0xFF,
    0xF0, 0xFF, 0xFF, 0xFF,
    0x00, 0xFF, 0xFF, 0xFF,
    0x0F, 0xFF, 0xFF, 0xFF,

    0x00, 0x00, 0x00, 0x00,
    0x00, 0x00, 0x00, 0x00,
    0x00, 0x00, 0x00, 0x00,
    0x00, 0x00, 0x00, 0x00,
    0x00, 0x00, 0x00, 0x00,
    0x00, 0x00, 0x00, 0xD0,
    0x00, 0x00, 0x00, 0xDD,
    0x00, 0x00, 0x00, 0x0D,

    0xFF, 0xFF, 0xFF, 0xFF,
    0xFF, 0xFF, 0xFF, 0xFF,
    0xFF, 0xFF, 0xFF, 0xFF,
    0xFF, 0xFF, 0xFF, 0xFF,
    0xFF, 0xFF, 0xFF, 0xFF,
    0xFF, 0xFF, 0xFF, 0x0F,
    0xFF, 0xFF, 0xFF, 0x00,
    0xFF, 0xFF, 0xFF, 0xF0,


/* Tile ID 591, isSolid: false */
    0x00, 0x00, 0x00, 0x00,
    0x00, 0x00, 0x00, 0x02,
    0x00, 0x00, 0x00, 0x22,
    0x00, 0x00, 0x02, 0x22,
    0x00, 0x00, 0x22, 0x24,
    0x00, 0x00, 0x22, 0x46,
    0x00, 0x02, 0x02, 0x66,
    0x00, 0x22, 0x24, 0x66,

    0xFF, 0xFF, 0xFF, 0xFF,
    0xFF, 0xFF, 0xFF, 0xF0,
    0xFF, 0xFF, 0xFF, 0x00,
    0xFF, 0xFF, 0xF0, 0x00,
    0xFF, 0xFF, 0x00, 0x00,
    0xFF, 0xFF, 0x00, 0x00,
    0xFF, 0xF0, 0xF0, 0x00,
    0xFF, 0x00, 0x00, 0x00,

    0x00, 0x00, 0x00, 0x00,
    0x20, 0x00, 0x00, 0x00,
    0x22, 0x00, 0x00, 0x00,
    0x22, 0x20, 0x00, 0x00,
    0x42, 0x22, 0x00, 0x00,
    0x64, 0x22, 0x00, 0x00,
    0x66, 0x20, 0x20, 0x00,
    0x66, 0x42, 0x22, 0x00,

    0xFF, 0xFF, 0xFF, 0xFF,
    0x0F, 0xFF, 0xFF, 0xFF,
    0x00, 0xFF, 0xFF, 0xFF,
    0x00, 0x0F, 0xFF, 0xFF,
    0x00, 0x00, 0xFF, 0xFF,
    0x00, 0x00, 0xFF, 0xFF,
    0x00, 0x0F, 0x0F, 0xFF,
    0x00, 0x00, 0x00, 0xFF,


/* Tile ID 592, isSolid: false */
    0x22, 0x22, 0x22, 0x22,
    0x22, 0x22, 0x22, 0x22,
    0x24, 0x44, 0x44, 0x44,
    0x46, 0x66, 0x66, 0x66,
    0x66, 0x22, 0x22, 0x22,
    0x64, 0x02, 0x22, 0x22,
    0x42, 0x02, 0x22, 0x22,
    0x24, 0x44, 0x44, 0x22,

    0x00, 0x00, 0x00, 0x00,
    0x00, 0x00, 0x00, 0x00,
    0x00, 0x00, 0x00, 0x00,
    0x00, 0x00, 0x00, 0x00,
    0x00, 0x00, 0x00, 0x00,
    0x00, 0xF0, 0x00, 0x00,
    0x00, 0xF0, 0x00, 0x00,
    0x00, 0x00, 0x00, 0x00,

    0x22, 0x22, 0x22, 0x22,
    0x22, 0x22, 0x22, 0x22,
    0x44, 0x44, 0x44, 0x42,
    0x66, 0x66, 0x66, 0x64,
    0x22, 0x22, 0x22, 0x66,
    0x22, 0x22, 0x20, 0x46,
    0x22, 0x22, 0x20, 0x24,
    0x22, 0x44, 0x44, 0x42,

    0x00, 0x00, 0x00, 0x00,
    0x00, 0x00, 0x00, 0x00,
    0x00, 0x00, 0x00, 0x00,
    0x00, 0x00, 0x00, 0x00,
    0x00, 0x00, 0x00, 0x00,
    0x00, 0x00, 0x0F, 0x00,
    0x00, 0x00, 0x0F, 0x00,
    0x00, 0x00, 0x00, 0x00,


/* Tile ID 593, isSolid: false */
    0x22, 0x00, 0x00, 0x22,
    0x22, 0x20, 0x22, 0x22,
    0x42, 0x22, 0x24, 0x44,
    0x44, 0x22, 0x46, 0x66,
    0x22, 0x26, 0x64, 0x22,
    0x24, 0x66, 0x42, 0x24,
    0x26, 0x66, 0x20, 0x26,
    0x46, 0x42, 0x22, 0x46,

    0x00, 0xFF, 0xFF, 0x00,
    0x00, 0x0F, 0x00, 0x00,
    0x00, 0x00, 0x00, 0x00,
    0x00, 0x00, 0x00, 0x00,
    0x00, 0x00, 0x00, 0x00,
    0x00, 0x00, 0x00, 0x00,
    0x00, 0x00, 0x0F, 0x00,
    0x00, 0x00, 0x00, 0x00,

    0x22, 0x00, 0x00, 0x22,
    0x22, 0x22, 0x02, 0x22,
    0x44, 0x42, 0x22, 0x24,
    0x66, 0x64, 0x22, 0x44,
    0x22, 0x46, 0x62, 0x22,
    0x42, 0x24, 0x66, 0x42,
    0x62, 0x02, 0x66, 0x62,
    0x64, 0x22, 0x24, 0x64,

    0x00, 0xFF, 0xFF, 0x00,
    0x00, 0x00, 0xF0, 0x00,
    0x00, 0x00, 0x00, 0x00,
    0x00, 0x00, 0x00, 0x00,
    0x00, 0x00, 0x00, 0x00,
    0x00, 0x00, 0x00, 0x00,
    0x00, 0xF0, 0x00, 0x00,
    0x00, 0x00, 0x00, 0x00,


/* Tile ID 594, isSolid: false */
    0x22, 0x20, 0x00, 0x22,
    0x22, 0x22, 0x02, 0x22,
    0x44, 0x22, 0x22, 0x44,
    0x66, 0x40, 0x22, 0x66,
    0x46, 0x42, 0x24, 0x66,
    0x66, 0x22, 0x46, 0x66,
    0x64, 0x22, 0x66, 0x66,
    0x62, 0x26, 0x64, 0x46,

    0x00, 0x0F, 0xFF, 0x00,
    0x00, 0x00, 0xF0, 0x00,
    0x00, 0x00, 0x00, 0x00,
    0x00, 0x0F, 0x00, 0x00,
    0x00, 0x00, 0x00, 0x00,
    0x00, 0x00, 0x00, 0x00,
    0x00, 0x00, 0x00, 0x00,
    0x00, 0x00, 0x00, 0x00,

    0x22, 0x00, 0x02, 0x22,
    0x22, 0x20, 0x22, 0x22,
    0x44, 0x22, 0x22, 0x44,
    0x66, 0x22, 0x04, 0x66,
    0x66, 0x42, 0x24, 0x64,
    0x66, 0x64, 0x22, 0x66,
    0x66, 0x66, 0x22, 0x46,
    0x64, 0x46, 0x62, 0x26,

    0x00, 0xFF, 0xF0, 0x00,
    0x00, 0x0F, 0x00, 0x00,
    0x00, 0x00, 0x00, 0x00,
    0x00, 0x00, 0xF0, 0x00,
    0x00, 0x00, 0x00, 0x00,
    0x00, 0x00, 0x00, 0x00,
    0x00, 0x00, 0x00, 0x00,
    0x00, 0x00, 0x00, 0x00,


/* Tile ID 595, isSolid: false */
    0x22, 0x00, 0x00, 0x22,
    0x22, 0x20, 0x22, 0x22,
    0x42, 0x22, 0x22, 0x44,
    0x64, 0x02, 0x24, 0x64,
    0x64, 0x22, 0x46, 0x64,
    0x62, 0x46, 0x66, 0x42,
    0x66, 0x66, 0x66, 0x22,
    0x62, 0x46, 0x64, 0x24,

    0x00, 0xFF, 0xFF, 0x00,
    0x00, 0x0F, 0x00, 0x00,
    0x00, 0x00, 0x00, 0x00,
    0x00, 0xF0, 0x00, 0x00,
    0x00, 0x00, 0x00, 0x00,
    0x00, 0x00, 0x00, 0x00,
    0x00, 0x00, 0x00, 0x00,
    0x00, 0x00, 0x00, 0x00,

    0x22, 0x00, 0x00, 0x22,
    0x22, 0x22, 0x02, 0x22,
    0x44, 0x22, 0x22, 0x24,
    0x46, 0x42, 0x20, 0x46,
    0x46, 0x64, 0x22, 0x46,
    0x24, 0x66, 0x64, 0x26,
    0x22, 0x66, 0x66, 0x66,
    0x42, 0x46, 0x64, 0x26,

    0x00, 0xFF, 0xFF, 0x00,
    0x00, 0x00, 0xF0, 0x00,
    0x00, 0x00, 0x00, 0x00,
    0x00, 0x00, 0x0F, 0x00,
    0x00, 0x00, 0x00, 0x00,
    0x00, 0x00, 0x00, 0x00,
    0x00, 0x00, 0x00, 0x00,
    0x00, 0x00, 0x00, 0x00,


/* Tile ID 596, isSolid: false */
    0x22, 0x02, 0x22, 0x22,
    0x22, 0x22, 0x22, 0x22,
    0x22, 0x22, 0x44, 0x44,
    0x42, 0x24, 0x66, 0x66,
    0x22, 0x66, 0x42, 0x22,
    0x26, 0x66, 0x22, 0x22,
    0x46, 0x62, 0x20, 0x22,
    0x66, 0x66, 0x66, 0x64,

    0x00, 0xF0, 0x00, 0x00,
    0x00, 0x00, 0x00, 0x00,
    0x00, 0x00, 0x00, 0x00,
    0x00, 0x00, 0x00, 0x00,
    0x00, 0x00, 0x00, 0x00,
    0x00, 0x00, 0x00, 0x00,
    0x00, 0x00, 0x0F, 0x00,
    0x00, 0x00, 0x00, 0x00,

    0x22, 0x22, 0x20, 0x22,
    0x22, 0x22, 0x22, 0x22,
    0x44, 0x44, 0x22, 0x22,
    0x66, 0x66, 0x42, 0x24,
    0x22, 0x24, 0x66, 0x22,
    0x22, 0x22, 0x66, 0x62,
    0x22, 0x02, 0x26, 0x64,
    0x46, 0x66, 0x66, 0x66,

    0x00, 0x00, 0x0F, 0x00,
    0x00, 0x00, 0x00, 0x00,
    0x00, 0x00, 0x00, 0x00,
    0x00, 0x00, 0x00, 0x00,
    0x00, 0x00, 0x00, 0x00,
    0x00, 0x00, 0x00, 0x00,
    0x00, 0xF0, 0x00, 0x00,
    0x00, 0x00, 0x00, 0x00,


/* Tile ID 597, isSolid: false */
    0x22, 0x22, 0x00, 0x00,
    0x22, 0x22, 0x20, 0x00,
    0x44, 0x42, 0x22, 0x00,
    0x66, 0x44, 0x02, 0x00,
    0x22, 0x20, 0x22, 0x00,
    0x22, 0x22, 0x20, 0x02,
    0x22, 0x00, 0x00, 0x22,
    0x22, 0x00, 0x00, 0x22,

    0x00, 0x00, 0xFF, 0xFF,
    0x00, 0x00, 0x0F, 0xFF,
    0x00, 0x00, 0x00, 0xFF,
    0x00, 0x00, 0xF0, 0xFF,
    0x00, 0x0F, 0x00, 0xFF,
    0x00, 0x00, 0x0F, 0xF0,
    0x00, 0xFF, 0xFF, 0x00,
    0x00, 0xFF, 0xFF, 0x00,

    0x00, 0x00, 0x22, 0x22,
    0x00, 0x02, 0x22, 0x22,
    0x00, 0x22, 0x24, 0x44,
    0x00, 0x20, 0x44, 0x66,
    0x00, 0x22, 0x02, 0x22,
    0x20, 0x02, 0x22, 0x22,
    0x22, 0x00, 0x00, 0x22,
    0x22, 0x00, 0x00, 0x22,

    0xFF, 0xFF, 0x00, 0x00,
    0xFF, 0xF0, 0x00, 0x00,
    0xFF, 0x00, 0x00, 0x00,
    0xFF, 0x0F, 0x00, 0x00,
    0xFF, 0x00, 0xF0, 0x00,
    0x0F, 0xF0, 0x00, 0x00,
    0x00, 0xFF, 0xFF, 0x00,
    0x00, 0xFF, 0xFF, 0x00,


/* Tile ID 598, isSolid: false */
    0x00, 0x02, 0x22, 0x22,
    0x00, 0x22, 0x22, 0x22,
    0x02, 0x22, 0x24, 0x44,
    0x22, 0x22, 0x46, 0x66,
    0x22, 0x26, 0x64, 0x22,
    0x22, 0x66, 0x42, 0x00,
    0x24, 0x66, 0x22, 0x22,
    0x46, 0x64, 0x22, 0x24,

    0xFF, 0xF0, 0x00, 0x00,
    0xFF, 0x00, 0x00, 0x00,
    0xF0, 0x00, 0x00, 0x00,
    0x00, 0x00, 0x00, 0x00,
    0x00, 0x00, 0x00, 0x00,
    0x00, 0x00, 0x00, 0xFF,
    0x00, 0x00, 0x00, 0x00,
    0x00, 0x00, 0x00, 0x00,

    0x22, 0x22, 0x20, 0x00,
    0x22, 0x22, 0x22, 0x00,
    0x44, 0x42, 0x22, 0x20,
    0x66, 0x64, 0x22, 0x22,
    0x22, 0x46, 0x62, 0x22,
    0x00, 0x24, 0x66, 0x22,
    0x22, 0x22, 0x66, 0x42,
    0x42, 0x22, 0x46, 0x64,

    0x00, 0x00, 0x0F, 0xFF,
    0x00, 0x00, 0x00, 0xFF,
    0x00, 0x00, 0x00, 0x0F,
    0x00, 0x00, 0x00, 0x00,
    0x00, 0x00, 0x00, 0x00,
    0xFF, 0x00, 0x00, 0x00,
    0x00, 0x00, 0x00, 0x00,
    0x00, 0x00, 0x00, 0x00,


/* Tile ID 599, isSolid: false */
    0x22, 0x22, 0x02, 0x22,
    0x22, 0x22, 0x22, 0x22,
    0x44, 0x42, 0x22, 0x24,
    0x66, 0x64, 0x22, 0x46,
    0x24, 0x64, 0x22, 0x66,
    0x46, 0x64, 0x24, 0x66,
    0x66, 0x42, 0x26, 0x64,
    0x66, 0x22, 0x46, 0x62,

    0x00, 0x00, 0xF0, 0x00,
    0x00, 0x00, 0x00, 0x00,
    0x00, 0x00, 0x00, 0x00,
    0x00, 0x00, 0x00, 0x00,
    0x00, 0x00, 0x00, 0x00,
    0x00, 0x00, 0x00, 0x00,
    0x00, 0x00, 0x00, 0x00,
    0x00, 0x00, 0x00, 0x00,

    0x22, 0x20, 0x22, 0x22,
    0x22, 0x22, 0x22, 0x22,
    0x42, 0x22, 0x24, 0x44,
    0x64, 0x22, 0x46, 0x66,
    0x66, 0x22, 0x46, 0x42,
    0x66, 0x42, 0x46, 0x64,
    0x46, 0x62, 0x24, 0x66,
    0x26, 0x64, 0x22, 0x66,

    0x00, 0x0F, 0x00, 0x00,
    0x00, 0x00, 0x00, 0x00,
    0x00, 0x00, 0x00, 0x00,
    0x00, 0x00, 0x00, 0x00,
    0x00, 0x00, 0x00, 0x00,
    0x00, 0x00, 0x00, 0x00,
    0x00, 0x00, 0x00, 0x00,
    0x00, 0x00, 0x00, 0x00,


/* Tile ID 600, isSolid: false */
    0x20, 0x00, 0x00, 0x22,
    0x22, 0x00, 0x22, 0x22,
    0x22, 0x22, 0x22, 0x24,
    0x42, 0x22, 0x24, 0x46,
    0x40, 0x22, 0x26, 0x64,
    0x22, 0x24, 0x66, 0x42,
    0x02, 0x46, 0x64, 0x22,
    0x24, 0x66, 0x42, 0x24,

    0x0F, 0xFF, 0xFF, 0x00,
    0x00, 0xFF, 0x00, 0x00,
    0x00, 0x00, 0x00, 0x00,
    0x00, 0x00, 0x00, 0x00,
    0x0F, 0x00, 0x00, 0x00,
    0x00, 0x00, 0x00, 0x00,
    0xF0, 0x00, 0x00, 0x00,
    0x00, 0x00, 0x00, 0x00,

    0x22, 0x00, 0x00, 0x02,
    0x22, 0x22, 0x00, 0x22,
    0x42, 0x22, 0x22, 0x22,
    0x64, 0x42, 0x22, 0x24,
    0x46, 0x62, 0x22, 0x04,
    0x24, 0x66, 0x42, 0x22,
    0x22, 0x46, 0x64, 0x20,
    0x42, 0x24, 0x66, 0x42,

    0x00, 0xFF, 0xFF, 0xF0,
    0x00, 0x00, 0xFF, 0x00,
    0x00, 0x00, 0x00, 0x00,
    0x00, 0x00, 0x00, 0x00,
    0x00, 0x00, 0x00, 0xF0,
    0x00, 0x00, 0x00, 0x00,
    0x00, 0x00, 0x00, 0x0F,
    0x00, 0x00, 0x00, 0x00,


/* Tile ID 601, isSolid: false */
    0x20, 0x02, 0x22, 0x22,
    0x22, 0x22, 0x22, 0x22,
    0x22, 0x24, 0x44, 0x44,
    0x42, 0x46, 0x66, 0x66,
    0x24, 0x66, 0x42, 0x22,
    0x46, 0x64, 0x22, 0x22,
    0x66, 0x42, 0x02, 0x22,
    0x66, 0x66, 0x66, 0x42,

    0x0F, 0xF0, 0x00, 0x00,
    0x00, 0x00, 0x00, 0x00,
    0x00, 0x00, 0x00, 0x00,
    0x00, 0x00, 0x00, 0x00,
    0x00, 0x00, 0x00, 0x00,
    0x00, 0x00, 0x00, 0x00,
    0x00, 0x00, 0xF0, 0x00,
    0x00, 0x00, 0x00, 0x00,

    0x22, 0x22, 0x20, 0x02,
    0x22, 0x22, 0x22, 0x22,
    0x44, 0x44, 0x42, 0x22,
    0x66, 0x66, 0x64, 0x24,
    0x22, 0x24, 0x66, 0x42,
    0x22, 0x22, 0x46, 0x64,
    0x22, 0x20, 0x24, 0x66,
    0x24, 0x66, 0x66, 0x66,

    0x00, 0x00, 0x0F, 0xF0,
    0x00, 0x00, 0x00, 0x00,
    0x00, 0x00, 0x00, 0x00,
    0x00, 0x00, 0x00, 0x00,
    0x00, 0x00, 0x00, 0x00,
    0x00, 0x00, 0x00, 0x00,
    0x00, 0x0F, 0x00, 0x00,
    0x00, 0x00, 0x00, 0x00,


/* Tile ID 602, isSolid: false */
    0x22, 0x00, 0x02, 0x22,
    0x22, 0x20, 0x22, 0x22,
    0x42, 0x22, 0x22, 0x44,
    0x64, 0x22, 0x46, 0x66,
    0x22, 0x22, 0x66, 0x42,
    0x22, 0x26, 0x64, 0x22,
    0x22, 0x46, 0x42, 0x02,
    0x24, 0x66, 0x66, 0x66,

    0x00, 0xFF, 0xF0, 0x00,
    0x00, 0x0F, 0x00, 0x00,
    0x00, 0x00, 0x00, 0x00,
    0x00, 0x00, 0x00, 0x00,
    0x00, 0x00, 0x00, 0x00,
    0x00, 0x00, 0x00, 0x00,
    0x00, 0x00, 0x00, 0xF0,
    0x00, 0x00, 0x00, 0x00,

    0x22, 0x20, 0x00, 0x22,
    0x22, 0x22, 0x02, 0x22,
    0x44, 0x22, 0x22, 0x24,
    0x66, 0x64, 0x22, 0x46,
    0x24, 0x66, 0x22, 0x22,
    0x22, 0x46, 0x62, 0x22,
    0x20, 0x24, 0x64, 0x22,
    0x66, 0x66, 0x66, 0x42,

    0x00, 0x0F, 0xFF, 0x00,
    0x00, 0x00, 0xF0, 0x00,
    0x00, 0x00, 0x00, 0x00,
    0x00, 0x00, 0x00, 0x00,
    0x00, 0x00, 0x00, 0x00,
    0x00, 0x00, 0x00, 0x00,
    0x0F, 0x00, 0x00, 0x00,
    0x00, 0x00, 0x00, 0x00,


/* Tile ID 603, isSolid: false */
    0x22, 0x22, 0x20, 0x00,
    0x22, 0x22, 0x22, 0x00,
    0x44, 0x22, 0x22, 0x20,
    0x66, 0x44, 0x22, 0x20,
    0x22, 0x46, 0x42, 0x20,
    0x24, 0x66, 0x20, 0x20,
    0x46, 0x64, 0x02, 0x20,
    0x66, 0x42, 0x02, 0x00,

    0x00, 0x00, 0x0F, 0xFF,
    0x00, 0x00, 0x00, 0xFF,
    0x00, 0x00, 0x00, 0x0F,
    0x00, 0x00, 0x00, 0x0F,
    0x00, 0x00, 0x00, 0x0F,
    0x00, 0x00, 0x0F, 0x0F,
    0x00, 0x00, 0xF0, 0x0F,
    0x00, 0x00, 0xF0, 0xFF,

    0x00, 0x02, 0x22, 0x22,
    0x00, 0x22, 0x22, 0x22,
    0x02, 0x22, 0x22, 0x44,
    0x02, 0x22, 0x44, 0x66,
    0x02, 0x24, 0x64, 0x22,
    0x02, 0x02, 0x66, 0x42,
    0x02, 0x20, 0x46, 0x64,
    0x00, 0x20, 0x24, 0x66,

    0xFF, 0xF0, 0x00, 0x00,
    0xFF, 0x00, 0x00, 0x00,
    0xF0, 0x00, 0x00, 0x00,
    0xF0, 0x00, 0x00, 0x00,
    0xF0, 0x00, 0x00, 0x00,
    0xF0, 0xF0, 0x00, 0x00,
    0xF0, 0x0F, 0x00, 0x00,
    0xFF, 0x0F, 0x00, 0x00,


/* Tile ID 604, isSolid: false */
    0x00, 0x00, 0x00, 0x00,
    0x00, 0x00, 0x00, 0x00,
    0x00, 0x00, 0x00, 0x00,
    0x00, 0x00, 0x00, 0x00,
    0x00, 0x00, 0x00, 0x00,
    0x00, 0x00, 0x00, 0x00,
    0x00, 0x00, 0x00, 0x00,
    0x00, 0x00, 0x00, 0x00,

    0xFF, 0xFF, 0xFF, 0xFF,
    0xFF, 0xFF, 0xFF, 0xFF,
    0xFF, 0xFF, 0xFF, 0xFF,
    0xFF, 0xFF, 0xFF, 0xFF,
    0xFF, 0xFF, 0xFF, 0xFF,
    0xFF, 0xFF, 0xFF, 0xFF,
    0xFF, 0xFF, 0xFF, 0xFF,
    0xFF, 0xFF, 0xFF, 0xFF,

    0x00, 0x00, 0x00, 0x00,
    0x00, 0x00, 0x00, 0x00,
    0x00, 0x00, 0x00, 0x00,
    0x00, 0x00, 0x00, 0x00,
    0x00, 0x00, 0x00, 0x00,
    0x00, 0x00, 0x00, 0x00,
    0x00, 0x00, 0x00, 0x00,
    0x00, 0x00, 0x00, 0x00,

    0xFF, 0xFF, 0xFF, 0xFF,
    0xFF, 0xFF, 0xFF, 0xFF,
    0xFF, 0xFF, 0xFF, 0xFF,
    0xFF, 0xFF, 0xFF, 0xFF,
    0xFF, 0xFF, 0xFF, 0xFF,
    0xFF, 0xFF, 0xFF, 0xFF,
    0xFF, 0xFF, 0xFF, 0xFF,
    0xFF, 0xFF, 0xFF, 0xFF,


/* Tile ID 605, isSolid: false */
    0x00, 0x00, 0x00, 0x00,
    0x00, 0x00, 0x00, 0x00,
    0x00, 0x00, 0x00, 0x00,
    0x00, 0x00, 0x00, 0x00,
    0x00, 0x00, 0x00, 0x00,
    0x00, 0x00, 0x00, 0x00,
    0x00, 0x00, 0x00, 0x00,
    0x00, 0x00, 0x00, 0x00,

    0xFF, 0xFF, 0xFF, 0xFF,
    0xFF, 0xFF, 0xFF, 0xFF,
    0xFF, 0xFF, 0xFF, 0xFF,
    0xFF, 0xFF, 0xFF, 0xFF,
    0xFF, 0xFF, 0xFF, 0xFF,
    0xFF, 0xFF, 0xFF, 0xFF,
    0xFF, 0xFF, 0xFF, 0xFF,
    0xFF, 0xFF, 0xFF, 0xFF,

    0x00, 0x00, 0x00, 0x00,
    0x00, 0x00, 0x00, 0x00,
    0x00, 0x00, 0x00, 0x00,
    0x00, 0x00, 0x00, 0x00,
    0x00, 0x00, 0x00, 0x00,
    0x00, 0x00, 0x00, 0x00,
    0x00, 0x00, 0x00, 0x00,
    0x00, 0x00, 0x00, 0x00,

    0xFF, 0xFF, 0xFF, 0xFF,
    0xFF, 0xFF, 0xFF, 0xFF,
    0xFF, 0xFF, 0xFF, 0xFF,
    0xFF, 0xFF, 0xFF, 0xFF,
    0xFF, 0xFF, 0xFF, 0xFF,
    0xFF, 0xFF, 0xFF, 0xFF,
    0xFF, 0xFF, 0xFF, 0xFF,
    0xFF, 0xFF, 0xFF, 0xFF,


/* Tile ID 606, isSolid: false */
    0x00, 0x00, 0x00, 0x00,
    0x00, 0x00, 0x00, 0x00,
    0x00, 0x00, 0x00, 0x00,
    0x00, 0x00, 0x00, 0x00,
    0x00, 0x00, 0x00, 0x00,
    0x00, 0x00, 0x00, 0x00,
    0x00, 0x00, 0x00, 0x00,
    0x00, 0x00, 0x00, 0x00,

    0xFF, 0xFF, 0xFF, 0xFF,
    0xFF, 0xFF, 0xFF, 0xFF,
    0xFF, 0xFF, 0xFF, 0xFF,
    0xFF, 0xFF, 0xFF, 0xFF,
    0xFF, 0xFF, 0xFF, 0xFF,
    0xFF, 0xFF, 0xFF, 0xFF,
    0xFF, 0xFF, 0xFF, 0xFF,
    0xFF, 0xFF, 0xFF, 0xFF,

    0x00, 0x00, 0x00, 0x00,
    0x00, 0x00, 0x00, 0x00,
    0x00, 0x00, 0x00, 0x00,
    0x00, 0x00, 0x00, 0x00,
    0x00, 0x00, 0x00, 0x00,
    0x00, 0x00, 0x00, 0x00,
    0x00, 0x00, 0x00, 0x00,
    0x00, 0x00, 0x00, 0x00,

    0xFF, 0xFF, 0xFF, 0xFF,
    0xFF, 0xFF, 0xFF, 0xFF,
    0xFF, 0xFF, 0xFF, 0xFF,
    0xFF, 0xFF, 0xFF, 0xFF,
    0xFF, 0xFF, 0xFF, 0xFF,
    0xFF, 0xFF, 0xFF, 0xFF,
    0xFF, 0xFF, 0xFF, 0xFF,
    0xFF, 0xFF, 0xFF, 0xFF,


/* Tile ID 607, isSolid: false */
    0x00, 0x00, 0x00, 0x00,
    0x00, 0x00, 0x00, 0x00,
    0x00, 0x00, 0x00, 0x00,
    0x00, 0x00, 0x00, 0x00,
    0x00, 0x00, 0x00, 0x00,
    0x00, 0x00, 0x00, 0x00,
    0x00, 0x00, 0x00, 0x00,
    0x00, 0x00, 0x00, 0x00,

    0xFF, 0xFF, 0xFF, 0xFF,
    0xFF, 0xFF, 0xFF, 0xFF,
    0xFF, 0xFF, 0xFF, 0xFF,
    0xFF, 0xFF, 0xFF, 0xFF,
    0xFF, 0xFF, 0xFF, 0xFF,
    0xFF, 0xFF, 0xFF, 0xFF,
    0xFF, 0xFF, 0xFF, 0xFF,
    0xFF, 0xFF, 0xFF, 0xFF,

    0x00, 0x00, 0x00, 0x00,
    0x00, 0x00, 0x00, 0x00,
    0x00, 0x00, 0x00, 0x00,
    0x00, 0x00, 0x00, 0x00,
    0x00, 0x00, 0x00, 0x00,
    0x00, 0x00, 0x00, 0x00,
    0x00, 0x00, 0x00, 0x00,
    0x00, 0x00, 0x00, 0x00,

    0xFF, 0xFF, 0xFF, 0xFF,
    0xFF, 0xFF, 0xFF, 0xFF,
    0xFF, 0xFF, 0xFF, 0xFF,
    0xFF, 0xFF, 0xFF, 0xFF,
    0xFF, 0xFF, 0xFF, 0xFF,
    0xFF, 0xFF, 0xFF, 0xFF,
    0xFF, 0xFF, 0xFF, 0xFF,
    0xFF, 0xFF, 0xFF, 0xFF,


/* Tile ID 608, isSolid: false */
    0x00, 0x00, 0x00, 0x00,
    0x00, 0x00, 0x00, 0x00,
    0x00, 0x00, 0x00, 0x00,
    0x00, 0x00, 0x00, 0x00,
    0x00, 0x00, 0x00, 0x00,
    0x00, 0x00, 0x00, 0x00,
    0x00, 0x00, 0x00, 0x00,
    0x00, 0x00, 0x00, 0x00,

    0xFF, 0xFF, 0xFF, 0xFF,
    0xFF, 0xFF, 0xFF, 0xFF,
    0xFF, 0xFF, 0xFF, 0xFF,
    0xFF, 0xFF, 0xFF, 0xFF,
    0xFF, 0xFF, 0xFF, 0xFF,
    0xFF, 0xFF, 0xFF, 0xFF,
    0xFF, 0xFF, 0xFF, 0xFF,
    0xFF, 0xFF, 0xFF, 0xFF,

    0x00, 0x00, 0x00, 0x00,
    0x00, 0x00, 0x00, 0x00,
    0x00, 0x00, 0x00, 0x00,
    0x00, 0x00, 0x00, 0x00,
    0x00, 0x00, 0x00, 0x00,
    0x00, 0x00, 0x00, 0x00,
    0x00, 0x00, 0x00, 0x00,
    0x00, 0x00, 0x00, 0x00,

    0xFF, 0xFF, 0xFF, 0xFF,
    0xFF, 0xFF, 0xFF, 0xFF,
    0xFF, 0xFF, 0xFF, 0xFF,
    0xFF, 0xFF, 0xFF, 0xFF,
    0xFF, 0xFF, 0xFF, 0xFF,
    0xFF, 0xFF, 0xFF, 0xFF,
    0xFF, 0xFF, 0xFF, 0xFF,
    0xFF, 0xFF, 0xFF, 0xFF,


/* Tile ID 609, isSolid: false */
    0x00, 0xB8, 0x88, 0x8D,
    0x00, 0x0B, 0x88, 0xB8,
    0x00, 0x00, 0x0B, 0x88,
    0x00, 0x00, 0x00, 0x00,
    0x00, 0x00, 0x00, 0x00,
    0x00, 0x00, 0x00, 0x00,
    0x00, 0x00, 0x00, 0x00,
    0x00, 0x00, 0x00, 0x00,

    0xFF, 0x00, 0x00, 0x00,
    0xFF, 0xF0, 0x00, 0x00,
    0xFF, 0xFF, 0xF0, 0x00,
    0xFF, 0xFF, 0xFF, 0xFF,
    0xFF, 0xFF, 0xFF, 0xFF,
    0xFF, 0xFF, 0xFF, 0xFF,
    0xFF, 0xFF, 0xFF, 0xFF,
    0xFF, 0xFF, 0xFF, 0xFF,

    0xD8, 0x88, 0x8B, 0x00,
    0x8B, 0x88, 0xB0, 0x00,
    0x88, 0xB0, 0x00, 0x00,
    0x00, 0x00, 0x00, 0x00,
    0x00, 0x00, 0x00, 0x00,
    0x00, 0x00, 0x00, 0x00,
    0x00, 0x00, 0x00, 0x00,
    0x00, 0x00, 0x00, 0x00,

    0x00, 0x00, 0x00, 0xFF,
    0x00, 0x00, 0x0F, 0xFF,
    0x00, 0x0F, 0xFF, 0xFF,
    0xFF, 0xFF, 0xFF, 0xFF,
    0xFF, 0xFF, 0xFF, 0xFF,
    0xFF, 0xFF, 0xFF, 0xFF,
    0xFF, 0xFF, 0xFF, 0xFF,
    0xFF, 0xFF, 0xFF, 0xFF,


/* Tile ID 610, isSolid: false */
    0xDD, 0xDD, 0xDD, 0x8D,
    0x88, 0x88, 0x88, 0x8D,
    0x88, 0x88, 0x00, 0xDD,
    0x00, 0x00, 0x00, 0xDD,
    0x00, 0x00, 0x00, 0xDD,
    0x00, 0x00, 0x00, 0xDD,
    0x00, 0x00, 0x00, 0xDD,
    0x00, 0x00, 0x00, 0xDD,

    0x00, 0x00, 0x00, 0x00,
    0x00, 0x00, 0x00, 0x00,
    0x00, 0x00, 0xFF, 0x00,
    0xFF, 0xFF, 0xFF, 0x00,
    0xFF, 0xFF, 0xFF, 0x00,
    0xFF, 0xFF, 0xFF, 0x00,
    0xFF, 0xFF, 0xFF, 0x00,
    0xFF, 0xFF, 0xFF, 0x00,

    0xD8, 0xDD, 0xDD, 0xDD,
    0xD8, 0x88, 0x88, 0x88,
    0xDD, 0x00, 0x88, 0x88,
    0xDD, 0x00, 0x00, 0x00,
    0xDD, 0x00, 0x00, 0x00,
    0xDD, 0x00, 0x00, 0x00,
    0xDD, 0x00, 0x00, 0x00,
    0xDD, 0x00, 0x00, 0x00,

    0x00, 0x00, 0x00, 0x00,
    0x00, 0x00, 0x00, 0x00,
    0x00, 0xFF, 0x00, 0x00,
    0x00, 0xFF, 0xFF, 0xFF,
    0x00, 0xFF, 0xFF, 0xFF,
    0x00, 0xFF, 0xFF, 0xFF,
    0x00, 0xFF, 0xFF, 0xFF,
    0x00, 0xFF, 0xFF, 0xFF,


/* Tile ID 611, isSolid: false */
    0xDD, 0xDD, 0x80, 0x8B,
    0xDD, 0xDD, 0x80, 0xB8,
    0xDD, 0xDD, 0x00, 0x0B,
    0xDD, 0xD8, 0x00, 0x00,
    0xDD, 0xD8, 0x00, 0x00,
    0xDD, 0xD8, 0x00, 0x00,
    0xDD, 0xD8, 0x00, 0x00,
    0xDD, 0xD8, 0x00, 0x00,

    0x00, 0x00, 0x0F, 0x00,
    0x00, 0x00, 0x0F, 0x00,
    0x00, 0x00, 0xFF, 0xF0,
    0x00, 0x00, 0xFF, 0xFF,
    0x00, 0x00, 0xFF, 0xFF,
    0x00, 0x00, 0xFF, 0xFF,
    0x00, 0x00, 0xFF, 0xFF,
    0x00, 0x00, 0xFF, 0xFF,

    0xB8, 0x08, 0xDD, 0xDD,
    0x8B, 0x08, 0xDD, 0xDD,
    0xB0, 0x00, 0xDD, 0xDD,
    0x00, 0x00, 0x8D, 0xDD,
    0x00, 0x00, 0x8D, 0xDD,
    0x00, 0x00, 0x8D, 0xDD,
    0x00, 0x00, 0x8D, 0xDD,
    0x00, 0x00, 0x8D, 0xDD,

    0x00, 0xF0, 0x00, 0x00,
    0x00, 0xF0, 0x00, 0x00,
    0x0F, 0xFF, 0x00, 0x00,
    0xFF, 0xFF, 0x00, 0x00,
    0xFF, 0xFF, 0x00, 0x00,
    0xFF, 0xFF, 0x00, 0x00,
    0xFF, 0xFF, 0x00, 0x00,
    0xFF, 0xFF, 0x00, 0x00,


/* Tile ID 612, isSolid: false */
    0x8D, 0xDD, 0xDD, 0xD8,
    0x88, 0x88, 0x88, 0x00,
    0x88, 0x88, 0x80, 0x00,
    0x00, 0x00, 0x00, 0x00,
    0x00, 0x00, 0x00, 0x00,
    0x00, 0x00, 0x00, 0x00,
    0x00, 0x00, 0x00, 0x00,
    0x00, 0x00, 0x00, 0x00,

    0x00, 0x00, 0x00, 0x00,
    0x00, 0x00, 0x00, 0xFF,
    0x00, 0x00, 0x0F, 0xFF,
    0xFF, 0xFF, 0xFF, 0xFF,
    0xFF, 0xFF, 0xFF, 0xFF,
    0xFF, 0xFF, 0xFF, 0xFF,
    0xFF, 0xFF, 0xFF, 0xFF,
    0xFF, 0xFF, 0xFF, 0xFF,

    0x8D, 0xDD, 0xDD, 0xD8,
    0x00, 0x88, 0x88, 0x88,
    0x00, 0x08, 0x88, 0x88,
    0x00, 0x00, 0x00, 0x00,
    0x00, 0x00, 0x00, 0x00,
    0x00, 0x00, 0x00, 0x00,
    0x00, 0x00, 0x00, 0x00,
    0x00, 0x00, 0x00, 0x00,

    0x00, 0x00, 0x00, 0x00,
    0xFF, 0x00, 0x00, 0x00,
    0xFF, 0xF0, 0x00, 0x00,
    0xFF, 0xFF, 0xFF, 0xFF,
    0xFF, 0xFF, 0xFF, 0xFF,
    0xFF, 0xFF, 0xFF, 0xFF,
    0xFF, 0xFF, 0xFF, 0xFF,
    0xFF, 0xFF, 0xFF, 0xFF,


/* Tile ID 613, isSolid: false */
    0x0B, 0x88, 0x88, 0x88,
    0x00, 0xB8, 0x88, 0x80,
    0x00, 0x00, 0x00, 0x00,
    0x00, 0x00, 0x00, 0x00,
    0x00, 0x00, 0x00, 0x00,
    0x00, 0x00, 0x00, 0x00,
    0x00, 0x00, 0x00, 0x00,
    0x00, 0x00, 0x00, 0x00,

    0xF0, 0x00, 0x00, 0x00,
    0xFF, 0x00, 0x00, 0x0F,
    0xFF, 0xFF, 0xFF, 0xFF,
    0xFF, 0xFF, 0xFF, 0xFF,
    0xFF, 0xFF, 0xFF, 0xFF,
    0xFF, 0xFF, 0xFF, 0xFF,
    0xFF, 0xFF, 0xFF, 0xFF,
    0xFF, 0xFF, 0xFF, 0xFF,

    0x88, 0x88, 0x88, 0xB0,
    0x08, 0x88, 0x8B, 0x00,
    0x00, 0x00, 0x00, 0x00,
    0x00, 0x00, 0x00, 0x00,
    0x00, 0x00, 0x00, 0x00,
    0x00, 0x00, 0x00, 0x00,
    0x00, 0x00, 0x00, 0x00,
    0x00, 0x00, 0x00, 0x00,

    0x00, 0x00, 0x00, 0x0F,
    0xF0, 0x00, 0x00, 0xFF,
    0xFF, 0xFF, 0xFF, 0xFF,
    0xFF, 0xFF, 0xFF, 0xFF,
    0xFF, 0xFF, 0xFF, 0xFF,
    0xFF, 0xFF, 0xFF, 0xFF,
    0xFF, 0xFF, 0xFF, 0xFF,
    0xFF, 0xFF, 0xFF, 0xFF,


/* Tile ID 614, isSolid: false */
    0x00, 0x00, 0xB8, 0x88,
    0x00, 0x00, 0x0B, 0x88,
    0x00, 0x00, 0x00, 0xB8,
    0x00, 0x00, 0x00, 0x00,
    0x00, 0x00, 0x00, 0x00,
    0x00, 0x00, 0x00, 0x00,
    0x00, 0x00, 0x00, 0x00,
    0x00, 0x00, 0x00, 0x00,

    0xFF, 0xFF, 0x00, 0x00,
    0xFF, 0xFF, 0xF0, 0x00,
    0xFF, 0xFF, 0xFF, 0x00,
    0xFF, 0xFF, 0xFF, 0xFF,
    0xFF, 0xFF, 0xFF, 0xFF,
    0xFF, 0xFF, 0xFF, 0xFF,
    0xFF, 0xFF, 0xFF, 0xFF,
    0xFF, 0xFF, 0xFF, 0xFF,

    0x88, 0x8B, 0x00, 0x00,
    0x88, 0xB0, 0x00, 0x00,
    0x8B, 0x00, 0x00, 0x00,
    0x00, 0x00, 0x00, 0x00,
    0x00, 0x00, 0x00, 0x00,
    0x00, 0x00, 0x00, 0x00,
    0x00, 0x00, 0x00, 0x00,
    0x00, 0x00, 0x00, 0x00,

    0x00, 0x00, 0xFF, 0xFF,
    0x00, 0x0F, 0xFF, 0xFF,
    0x00, 0xFF, 0xFF, 0xFF,
    0xFF, 0xFF, 0xFF, 0xFF,
    0xFF, 0xFF, 0xFF, 0xFF,
    0xFF, 0xFF, 0xFF, 0xFF,
    0xFF, 0xFF, 0xFF, 0xFF,
    0xFF, 0xFF, 0xFF, 0xFF,


/* Tile ID 615, isSolid: false */
    0xDD, 0xDD, 0xD8, 0x08,
    0x88, 0x88, 0x80, 0x0B,
    0x88, 0x80, 0x00, 0x00,
    0x00, 0x00, 0x00, 0x00,
    0x00, 0x00, 0x00, 0x00,
    0x00, 0x00, 0x00, 0x00,
    0x00, 0x00, 0x00, 0x00,
    0x00, 0x00, 0x00, 0x00,

    0x00, 0x00, 0x00, 0xF0,
    0x00, 0x00, 0x0F, 0xF0,
    0x00, 0x0F, 0xFF, 0xFF,
    0xFF, 0xFF, 0xFF, 0xFF,
    0xFF, 0xFF, 0xFF, 0xFF,
    0xFF, 0xFF, 0xFF, 0xFF,
    0xFF, 0xFF, 0xFF, 0xFF,
    0xFF, 0xFF, 0xFF, 0xFF,

    0x80, 0x8D, 0xDD, 0xDD,
    0xB0, 0x08, 0x88, 0x88,
    0x00, 0x00, 0x08, 0x88,
    0x00, 0x00, 0x00, 0x00,
    0x00, 0x00, 0x00, 0x00,
    0x00, 0x00, 0x00, 0x00,
    0x00, 0x00, 0x00, 0x00,
    0x00, 0x00, 0x00, 0x00,

    0x0F, 0x00, 0x00, 0x00,
    0x0F, 0xF0, 0x00, 0x00,
    0xFF, 0xFF, 0xF0, 0x00,
    0xFF, 0xFF, 0xFF, 0xFF,
    0xFF, 0xFF, 0xFF, 0xFF,
    0xFF, 0xFF, 0xFF, 0xFF,
    0xFF, 0xFF, 0xFF, 0xFF,
    0xFF, 0xFF, 0xFF, 0xFF,


/* Tile ID 616, isSolid: false */
    0xB8, 0xDD, 0xDD, 0xDD,
    0x88, 0x88, 0x88, 0x80,
    0xB8, 0x88, 0x88, 0x00,
    0x00, 0x00, 0x00, 0x00,
    0x00, 0x00, 0x00, 0x00,
    0x00, 0x00, 0x00, 0x00,
    0x00, 0x00, 0x00, 0x00,
    0x00, 0x00, 0x00, 0x00,

    0x00, 0x00, 0x00, 0x00,
    0x00, 0x00, 0x00, 0x0F,
    0x00, 0x00, 0x00, 0xFF,
    0xFF, 0xFF, 0xFF, 0xFF,
    0xFF, 0xFF, 0xFF, 0xFF,
    0xFF, 0xFF, 0xFF, 0xFF,
    0xFF, 0xFF, 0xFF, 0xFF,
    0xFF, 0xFF, 0xFF, 0xFF,

    0xDD, 0xDD, 0xDD, 0x8B,
    0x08, 0x88, 0x88, 0x88,
    0x00, 0x88, 0x88, 0x8B,
    0x00, 0x00, 0x00, 0x00,
    0x00, 0x00, 0x00, 0x00,
    0x00, 0x00, 0x00, 0x00,
    0x00, 0x00, 0x00, 0x00,
    0x00, 0x00, 0x00, 0x00,

    0x00, 0x00, 0x00, 0x00,
    0xF0, 0x00, 0x00, 0x00,
    0xFF, 0x00, 0x00, 0x00,
    0xFF, 0xFF, 0xFF, 0xFF,
    0xFF, 0xFF, 0xFF, 0xFF,
    0xFF, 0xFF, 0xFF, 0xFF,
    0xFF, 0xFF, 0xFF, 0xFF,
    0xFF, 0xFF, 0xFF, 0xFF,


/* Tile ID 617, isSolid: false */
    0x80, 0xB8, 0x88, 0x88,
    0x00, 0x0B, 0x88, 0x88,
    0x00, 0x00, 0x00, 0x00,
    0x00, 0x00, 0x00, 0x00,
    0x00, 0x00, 0x00, 0x00,
    0x00, 0x00, 0x00, 0x00,
    0x00, 0x00, 0x00, 0x00,
    0x00, 0x00, 0x00, 0x00,

    0x0F, 0x00, 0x00, 0x00,
    0xFF, 0xF0, 0x00, 0x00,
    0xFF, 0xFF, 0xFF, 0xFF,
    0xFF, 0xFF, 0xFF, 0xFF,
    0xFF, 0xFF, 0xFF, 0xFF,
    0xFF, 0xFF, 0xFF, 0xFF,
    0xFF, 0xFF, 0xFF, 0xFF,
    0xFF, 0xFF, 0xFF, 0xFF,

    0x88, 0x88, 0x8B, 0x08,
    0x88, 0x88, 0xB0, 0x00,
    0x00, 0x00, 0x00, 0x00,
    0x00, 0x00, 0x00, 0x00,
    0x00, 0x00, 0x00, 0x00,
    0x00, 0x00, 0x00, 0x00,
    0x00, 0x00, 0x00, 0x00,
    0x00, 0x00, 0x00, 0x00,

    0x00, 0x00, 0x00, 0xF0,
    0x00, 0x00, 0x0F, 0xFF,
    0xFF, 0xFF, 0xFF, 0xFF,
    0xFF, 0xFF, 0xFF, 0xFF,
    0xFF, 0xFF, 0xFF, 0xFF,
    0xFF, 0xFF, 0xFF, 0xFF,
    0xFF, 0xFF, 0xFF, 0xFF,
    0xFF, 0xFF, 0xFF, 0xFF,


/* Tile ID 618, isSolid: false */
    0x80, 0x0D, 0x88, 0x8D,
    0x00, 0x00, 0xB8, 0x88,
    0x00, 0x00, 0x0B, 0x88,
    0x00, 0x00, 0x00, 0x8D,
    0x00, 0x00, 0x08, 0xDD,
    0x00, 0x00, 0x8D, 0xD0,
    0x00, 0x08, 0xDD, 0x00,
    0x00, 0x8D, 0xDD, 0x00,

    0x0F, 0xF0, 0x00, 0x00,
    0xFF, 0xFF, 0x00, 0x00,
    0xFF, 0xFF, 0xF0, 0x00,
    0xFF, 0xFF, 0xFF, 0x00,
    0xFF, 0xFF, 0xF0, 0x00,
    0xFF, 0xFF, 0x00, 0x0F,
    0xFF, 0xF0, 0x00, 0xFF,
    0xFF, 0x00, 0x00, 0xFF,

    0xD8, 0x88, 0xD0, 0x08,
    0x88, 0x8B, 0x00, 0x00,
    0x88, 0xB0, 0x00, 0x00,
    0xD8, 0x00, 0x00, 0x00,
    0xDD, 0x80, 0x00, 0x00,
    0x0D, 0xD8, 0x00, 0x00,
    0x00, 0xDD, 0x80, 0x00,
    0x00, 0xDD, 0xD8, 0x00,

    0x00, 0x00, 0x0F, 0xF0,
    0x00, 0x00, 0xFF, 0xFF,
    0x00, 0x0F, 0xFF, 0xFF,
    0x00, 0xFF, 0xFF, 0xFF,
    0x00, 0x0F, 0xFF, 0xFF,
    0xF0, 0x00, 0xFF, 0xFF,
    0xFF, 0x00, 0x0F, 0xFF,
    0xFF, 0x00, 0x00, 0xFF,


/* Tile ID 619, isSolid: false */
    0xDD, 0xDD, 0xD0, 0x8B,
    0xDD, 0xDD, 0x80, 0xB8,
    0xDD, 0xDD, 0xD0, 0x0B,
    0xD8, 0x8D, 0xDD, 0x00,
    0x88, 0xDD, 0xDD, 0x80,
    0x0D, 0xD8, 0xDD, 0x80,
    0x0D, 0x88, 0xDD, 0x80,
    0x00, 0x8D, 0xDD, 0x80,

    0x00, 0x00, 0x0F, 0x00,
    0x00, 0x00, 0x0F, 0x00,
    0x00, 0x00, 0x0F, 0xF0,
    0x00, 0x00, 0x00, 0xFF,
    0x00, 0x00, 0x00, 0x0F,
    0xF0, 0x00, 0x00, 0x0F,
    0xF0, 0x00, 0x00, 0x0F,
    0xFF, 0x00, 0x00, 0x0F,

    0xB8, 0x0D, 0xDD, 0xDD,
    0x8B, 0x08, 0xDD, 0xDD,
    0xB0, 0x0D, 0xDD, 0xDD,
    0x00, 0xDD, 0xD8, 0x8D,
    0x08, 0xDD, 0xDD, 0x88,
    0x08, 0xDD, 0x8D, 0xD0,
    0x08, 0xDD, 0x88, 0xD0,
    0x08, 0xDD, 0xD8, 0x00,

    0x00, 0xF0, 0x00, 0x00,
    0x00, 0xF0, 0x00, 0x00,
    0x0F, 0xF0, 0x00, 0x00,
    0xFF, 0x00, 0x00, 0x00,
    0xF0, 0x00, 0x00, 0x00,
    0xF0, 0x00, 0x00, 0x0F,
    0xF0, 0x00, 0x00, 0x0F,
    0xF0, 0x00, 0x00, 0xFF,


/* Tile ID 620, isSolid: false */
    0x8D, 0xDD, 0xDD, 0xD8,
    0x88, 0x88, 0x88, 0x00,
    0x88, 0x88, 0x80, 0x00,
    0x00, 0x00, 0x00, 0x00,
    0x00, 0x00, 0x00, 0x00,
    0x00, 0x00, 0x00, 0x00,
    0x00, 0x00, 0x00, 0x00,
    0x00, 0x00, 0x00, 0x00,

    0x00, 0x00, 0x00, 0x00,
    0x00, 0x00, 0x00, 0xFF,
    0x00, 0x00, 0x0F, 0xFF,
    0xFF, 0xFF, 0xFF, 0xFF,
    0xFF, 0xFF, 0xFF, 0xFF,
    0xFF, 0xFF, 0xFF, 0xFF,
    0xFF, 0xFF, 0xFF, 0xFF,
    0xFF, 0xFF, 0xFF, 0xFF,

    0x8D, 0xDD, 0xDD, 0xD8,
    0x00, 0x88, 0x88, 0x88,
    0x00, 0x08, 0x88, 0x88,
    0x00, 0x00, 0x00, 0x00,
    0x00, 0x00, 0x00, 0x00,
    0x00, 0x00, 0x00, 0x00,
    0x00, 0x00, 0x00, 0x00,
    0x00, 0x00, 0x00, 0x00,

    0x00, 0x00, 0x00, 0x00,
    0xFF, 0x00, 0x00, 0x00,
    0xFF, 0xF0, 0x00, 0x00,
    0xFF, 0xFF, 0xFF, 0xFF,
    0xFF, 0xFF, 0xFF, 0xFF,
    0xFF, 0xFF, 0xFF, 0xFF,
    0xFF, 0xFF, 0xFF, 0xFF,
    0xFF, 0xFF, 0xFF, 0xFF,


/* Tile ID 621, isSolid: false */
    0x0B, 0x88, 0x88, 0x88,
    0x00, 0xB8, 0x88, 0x80,
    0x00, 0x00, 0x00, 0x00,
    0x00, 0x00, 0x00, 0x00,
    0x00, 0x00, 0x00, 0x00,
    0x00, 0x00, 0x00, 0x00,
    0x00, 0x00, 0x00, 0x00,
    0x00, 0x00, 0x00, 0x00,

    0xF0, 0x00, 0x00, 0x00,
    0xFF, 0x00, 0x00, 0x0F,
    0xFF, 0xFF, 0xFF, 0xFF,
    0xFF, 0xFF, 0xFF, 0xFF,
    0xFF, 0xFF, 0xFF, 0xFF,
    0xFF, 0xFF, 0xFF, 0xFF,
    0xFF, 0xFF, 0xFF, 0xFF,
    0xFF, 0xFF, 0xFF, 0xFF,

    0x88, 0x88, 0x88, 0xB0,
    0x08, 0x88, 0x8B, 0x00,
    0x00, 0x00, 0x00, 0x00,
    0x00, 0x00, 0x00, 0x00,
    0x00, 0x00, 0x00, 0x00,
    0x00, 0x00, 0x00, 0x00,
    0x00, 0x00, 0x00, 0x00,
    0x00, 0x00, 0x00, 0x00,

    0x00, 0x00, 0x00, 0x0F,
    0xF0, 0x00, 0x00, 0xFF,
    0xFF, 0xFF, 0xFF, 0xFF,
    0xFF, 0xFF, 0xFF, 0xFF,
    0xFF, 0xFF, 0xFF, 0xFF,
    0xFF, 0xFF, 0xFF, 0xFF,
    0xFF, 0xFF, 0xFF, 0xFF,
    0xFF, 0xFF, 0xFF, 0xFF,


/* Tile ID 622, isSolid: false */
    0x00, 0x00, 0x00, 0x00,
    0x00, 0x00, 0x00, 0x00,
    0x00, 0x00, 0x00, 0x00,
    0x00, 0x00, 0x00, 0x00,
    0x00, 0x00, 0x00, 0x00,
    0x00, 0x00, 0x00, 0x00,
    0x00, 0x00, 0x00, 0x00,
    0x00, 0x00, 0x00, 0x00,

    0xFF, 0xFF, 0xFF, 0xFF,
    0xFF, 0xFF, 0xFF, 0xFF,
    0xFF, 0xFF, 0xFF, 0xFF,
    0xFF, 0xFF, 0xFF, 0xFF,
    0xFF, 0xFF, 0xFF, 0xFF,
    0xFF, 0xFF, 0xFF, 0xFF,
    0xFF, 0xFF, 0xFF, 0xFF,
    0xFF, 0xFF, 0xFF, 0xFF,

    0x00, 0x00, 0x00, 0x00,
    0x00, 0x00, 0x00, 0x00,
    0x00, 0x00, 0x00, 0x00,
    0x00, 0x00, 0x00, 0x00,
    0x00, 0x00, 0x00, 0x00,
    0x00, 0x00, 0x00, 0x00,
    0x00, 0x00, 0x00, 0x00,
    0x00, 0x00, 0x00, 0x00,

    0xFF, 0xFF, 0xFF, 0xFF,
    0xFF, 0xFF, 0xFF, 0xFF,
    0xFF, 0xFF, 0xFF, 0xFF,
    0xFF, 0xFF, 0xFF, 0xFF,
    0xFF, 0xFF, 0xFF, 0xFF,
    0xFF, 0xFF, 0xFF, 0xFF,
    0xFF, 0xFF, 0xFF, 0xFF,
    0xFF, 0xFF, 0xFF, 0xFF,


/* Tile ID 623, isSolid: false */
    0x00, 0x22, 0x46, 0x62,
    0x02, 0x24, 0x66, 0x42,
    0x22, 0x24, 0x64, 0x20,
    0x22, 0x26, 0x64, 0x44,
    0x02, 0x24, 0x66, 0x66,
    0x02, 0x22, 0x22, 0x22,
    0x00, 0x22, 0x22, 0x22,
    0x00, 0x00, 0x00, 0x00,

    0xFF, 0x00, 0x00, 0x00,
    0xF0, 0x00, 0x00, 0x00,
    0x00, 0x00, 0x00, 0x0F,
    0x00, 0x00, 0x00, 0x00,
    0xF0, 0x00, 0x00, 0x00,
    0xF0, 0x00, 0x00, 0x00,
    0xFF, 0x00, 0x00, 0x00,
    0xFF, 0xFF, 0xFF, 0xFF,

    0x26, 0x64, 0x22, 0x00,
    0x24, 0x66, 0x42, 0x20,
    0x02, 0x46, 0x42, 0x22,
    0x44, 0x46, 0x62, 0x22,
    0x66, 0x66, 0x42, 0x20,
    0x22, 0x22, 0x22, 0x20,
    0x22, 0x22, 0x22, 0x00,
    0x00, 0x00, 0x00, 0x00,

    0x00, 0x00, 0x00, 0xFF,
    0x00, 0x00, 0x00, 0x0F,
    0xF0, 0x00, 0x00, 0x00,
    0x00, 0x00, 0x00, 0x00,
    0x00, 0x00, 0x00, 0x0F,
    0x00, 0x00, 0x00, 0x0F,
    0x00, 0x00, 0x00, 0xFF,
    0xFF, 0xFF, 0xFF, 0xFF,


/* Tile ID 624, isSolid: false */
    0x02, 0x44, 0x64, 0x24,
    0x22, 0x46, 0x62, 0x26,
    0x24, 0x66, 0x42, 0x46,
    0x44, 0x64, 0x02, 0x64,
    0x66, 0x42, 0x24, 0x42,
    0x22, 0x22, 0x22, 0x20,
    0x22, 0x22, 0x22, 0x22,
    0x00, 0x00, 0x00, 0x00,

    0xF0, 0x00, 0x00, 0x00,
    0x00, 0x00, 0x00, 0x00,
    0x00, 0x00, 0x00, 0x00,
    0x00, 0x00, 0xF0, 0x00,
    0x00, 0x00, 0x00, 0x00,
    0x00, 0x00, 0x00, 0x0F,
    0x00, 0x00, 0x00, 0x00,
    0xFF, 0xFF, 0xFF, 0xFF,

    0x42, 0x46, 0x44, 0x20,
    0x62, 0x26, 0x64, 0x22,
    0x64, 0x24, 0x66, 0x42,
    0x46, 0x20, 0x46, 0x44,
    0x24, 0x42, 0x24, 0x66,
    0x02, 0x22, 0x22, 0x22,
    0x22, 0x22, 0x22, 0x22,
    0x00, 0x00, 0x00, 0x00,

    0x00, 0x00, 0x00, 0x0F,
    0x00, 0x00, 0x00, 0x00,
    0x00, 0x00, 0x00, 0x00,
    0x00, 0x0F, 0x00, 0x00,
    0x00, 0x00, 0x00, 0x00,
    0xF0, 0x00, 0x00, 0x00,
    0x00, 0x00, 0x00, 0x00,
    0xFF, 0xFF, 0xFF, 0xFF,


/* Tile ID 625, isSolid: false */
    0x66, 0x64, 0x44, 0x66,
    0x66, 0x46, 0x66, 0x64,
    0x42, 0x22, 0x46, 0x62,
    0x20, 0x22, 0x66, 0x42,
    0x02, 0x24, 0x64, 0x02,
    0x22, 0x22, 0x22, 0x22,
    0x20, 0x02, 0x22, 0x22,
    0x00, 0x00, 0x00, 0x00,

    0x00, 0x00, 0x00, 0x00,
    0x00, 0x00, 0x00, 0x00,
    0x00, 0x00, 0x00, 0x00,
    0x0F, 0x00, 0x00, 0x00,
    0xF0, 0x00, 0x00, 0xF0,
    0x00, 0x00, 0x00, 0x00,
    0x0F, 0xF0, 0x00, 0x00,
    0xFF, 0xFF, 0xFF, 0xFF,

    0x66, 0x44, 0x46, 0x66,
    0x46, 0x66, 0x64, 0x66,
    0x26, 0x64, 0x22, 0x24,
    0x24, 0x66, 0x22, 0x02,
    0x20, 0x46, 0x42, 0x20,
    0x22, 0x22, 0x22, 0x22,
    0x22, 0x22, 0x20, 0x02,
    0x00, 0x00, 0x00, 0x00,

    0x00, 0x00, 0x00, 0x00,
    0x00, 0x00, 0x00, 0x00,
    0x00, 0x00, 0x00, 0x00,
    0x00, 0x00, 0x00, 0xF0,
    0x0F, 0x00, 0x00, 0x0F,
    0x00, 0x00, 0x00, 0x00,
    0x00, 0x00, 0x0F, 0xF0,
    0xFF, 0xFF, 0xFF, 0xFF,


/* Tile ID 626, isSolid: false */
    0x42, 0x46, 0x62, 0x26,
    0x22, 0x66, 0x40, 0x22,
    0x24, 0x64, 0x20, 0x22,
    0x26, 0x62, 0x02, 0x22,
    0x44, 0x20, 0x22, 0x24,
    0x22, 0x22, 0x22, 0x22,
    0x22, 0x22, 0x00, 0x02,
    0x00, 0x00, 0x00, 0x00,

    0x00, 0x00, 0x00, 0x00,
    0x00, 0x00, 0x0F, 0x00,
    0x00, 0x00, 0x0F, 0x00,
    0x00, 0x00, 0xF0, 0x00,
    0x00, 0x0F, 0x00, 0x00,
    0x00, 0x00, 0x00, 0x00,
    0x00, 0x00, 0xFF, 0xF0,
    0xFF, 0xFF, 0xFF, 0xFF,

    0x62, 0x26, 0x64, 0x24,
    0x22, 0x04, 0x66, 0x22,
    0x22, 0x02, 0x46, 0x42,
    0x22, 0x20, 0x26, 0x62,
    0x42, 0x22, 0x02, 0x44,
    0x22, 0x22, 0x22, 0x22,
    0x20, 0x00, 0x22, 0x22,
    0x00, 0x00, 0x00, 0x00,

    0x00, 0x00, 0x00, 0x00,
    0x00, 0xF0, 0x00, 0x00,
    0x00, 0xF0, 0x00, 0x00,
    0x00, 0x0F, 0x00, 0x00,
    0x00, 0x00, 0xF0, 0x00,
    0x00, 0x00, 0x00, 0x00,
    0x0F, 0xFF, 0x00, 0x00,
    0xFF, 0xFF, 0xFF, 0xFF,


/* Tile ID 627, isSolid: false */
    0x42, 0x46, 0x42, 0x26,
    0x24, 0x66, 0x42, 0x46,
    0x46, 0x64, 0x24, 0x64,
    0x46, 0x42, 0x24, 0x64,
    0x64, 0x20, 0x46, 0x66,
    0x22, 0x22, 0x22, 0x22,
    0x22, 0x22, 0x22, 0x22,
    0x00, 0x00, 0x00, 0x00,

    0x00, 0x00, 0x00, 0x00,
    0x00, 0x00, 0x00, 0x00,
    0x00, 0x00, 0x00, 0x00,
    0x00, 0x00, 0x00, 0x00,
    0x00, 0x0F, 0x00, 0x00,
    0x00, 0x00, 0x00, 0x00,
    0x00, 0x00, 0x00, 0x00,
    0xFF, 0xFF, 0xFF, 0xFF,

    0x62, 0x24, 0x64, 0x24,
    0x64, 0x24, 0x66, 0x42,
    0x46, 0x42, 0x46, 0x64,
    0x46, 0x42, 0x24, 0x64,
    0x66, 0x64, 0x02, 0x46,
    0x22, 0x22, 0x22, 0x22,
    0x22, 0x22, 0x22, 0x22,
    0x00, 0x00, 0x00, 0x00,

    0x00, 0x00, 0x00, 0x00,
    0x00, 0x00, 0x00, 0x00,
    0x00, 0x00, 0x00, 0x00,
    0x00, 0x00, 0x00, 0x00,
    0x00, 0x00, 0xF0, 0x00,
    0x00, 0x00, 0x00, 0x00,
    0x00, 0x00, 0x00, 0x00,
    0xFF, 0xFF, 0xFF, 0xFF,


/* Tile ID 628, isSolid: false */
    0x64, 0x44, 0x44, 0x42,
    0x42, 0x22, 0x22, 0x22,
    0x20, 0x22, 0x22, 0x22,
    0x44, 0x44, 0x42, 0x22,
    0x66, 0x66, 0x64, 0x22,
    0x22, 0x22, 0x22, 0x20,
    0x22, 0x22, 0x22, 0x00,
    0x00, 0x00, 0x00, 0x00,

    0x00, 0x00, 0x00, 0x00,
    0x00, 0x00, 0x00, 0x00,
    0x0F, 0x00, 0x00, 0x00,
    0x00, 0x00, 0x00, 0x00,
    0x00, 0x00, 0x00, 0x00,
    0x00, 0x00, 0x00, 0x0F,
    0x00, 0x00, 0x00, 0xFF,
    0xFF, 0xFF, 0xFF, 0xFF,

    0x24, 0x44, 0x44, 0x46,
    0x22, 0x22, 0x22, 0x24,
    0x22, 0x22, 0x22, 0x02,
    0x22, 0x24, 0x44, 0x44,
    0x22, 0x46, 0x66, 0x66,
    0x02, 0x22, 0x22, 0x22,
    0x00, 0x22, 0x22, 0x22,
    0x00, 0x00, 0x00, 0x00,

    0x00, 0x00, 0x00, 0x00,
    0x00, 0x00, 0x00, 0x00,
    0x00, 0x00, 0x00, 0xF0,
    0x00, 0x00, 0x00, 0x00,
    0x00, 0x00, 0x00, 0x00,
    0xF0, 0x00, 0x00, 0x00,
    0xFF, 0x00, 0x00, 0x00,
    0xFF, 0xFF, 0xFF, 0xFF,


/* Tile ID 629, isSolid: false */
    0x22, 0x00, 0x02, 0x22,
    0x20, 0x00, 0x22, 0x24,
    0x00, 0x00, 0x22, 0x46,
    0x00, 0x02, 0x22, 0x46,
    0x00, 0x00, 0x22, 0x46,
    0x00, 0x00, 0x22, 0x22,
    0x00, 0x00, 0x00, 0x22,
    0x00, 0x00, 0x00, 0x00,

    0x00, 0xFF, 0xF0, 0x00,
    0x0F, 0xFF, 0x00, 0x00,
    0xFF, 0xFF, 0x00, 0x00,
    0xFF, 0xF0, 0x00, 0x00,
    0xFF, 0xFF, 0x00, 0x00,
    0xFF, 0xFF, 0x00, 0x00,
    0xFF, 0xFF, 0xFF, 0x00,
    0xFF, 0xFF, 0xFF, 0xFF,

    0x22, 0x20, 0x00, 0x22,
    0x42, 0x22, 0x00, 0x02,
    0x64, 0x22, 0x00, 0x00,
    0x64, 0x22, 0x20, 0x00,
    0x64, 0x22, 0x00, 0x00,
    0x22, 0x22, 0x00, 0x00,
    0x22, 0x00, 0x00, 0x00,
    0x00, 0x00, 0x00, 0x00,

    0x00, 0x0F, 0xFF, 0x00,
    0x00, 0x00, 0xFF, 0xF0,
    0x00, 0x00, 0xFF, 0xFF,
    0x00, 0x00, 0x0F, 0xFF,
    0x00, 0x00, 0xFF, 0xFF,
    0x00, 0x00, 0xFF, 0xFF,
    0x00, 0xFF, 0xFF, 0xFF,
    0xFF, 0xFF, 0xFF, 0xFF,


/* Tile ID 630, isSolid: false */
    0x46, 0x42, 0x02, 0x46,
    0x66, 0x20, 0x22, 0x66,
    0x64, 0x02, 0x24, 0x66,
    0x44, 0x42, 0x46, 0x64,
    0x66, 0x66, 0x64, 0x40,
    0x22, 0x22, 0x22, 0x22,
    0x22, 0x22, 0x22, 0x22,
    0x00, 0x00, 0x00, 0x00,

    0x00, 0x00, 0xF0, 0x00,
    0x00, 0x0F, 0x00, 0x00,
    0x00, 0xF0, 0x00, 0x00,
    0x00, 0x00, 0x00, 0x00,
    0x00, 0x00, 0x00, 0x0F,
    0x00, 0x00, 0x00, 0x00,
    0x00, 0x00, 0x00, 0x00,
    0xFF, 0xFF, 0xFF, 0xFF,

    0x64, 0x20, 0x24, 0x64,
    0x66, 0x22, 0x02, 0x66,
    0x66, 0x42, 0x20, 0x46,
    0x46, 0x64, 0x24, 0x44,
    0x04, 0x46, 0x66, 0x66,
    0x22, 0x22, 0x22, 0x22,
    0x22, 0x22, 0x22, 0x22,
    0x00, 0x00, 0x00, 0x00,

    0x00, 0x0F, 0x00, 0x00,
    0x00, 0x00, 0xF0, 0x00,
    0x00, 0x00, 0x0F, 0x00,
    0x00, 0x00, 0x00, 0x00,
    0xF0, 0x00, 0x00, 0x00,
    0x00, 0x00, 0x00, 0x00,
    0x00, 0x00, 0x00, 0x00,
    0xFF, 0xFF, 0xFF, 0xFF,


/* Tile ID 631, isSolid: false */
    0x64, 0x22, 0x66, 0x42,
    0x42, 0x04, 0x66, 0x24,
    0x40, 0x24, 0x64, 0x46,
    0x02, 0x24, 0x64, 0x66,
    0x22, 0x26, 0x66, 0x42,
    0x22, 0x22, 0x22, 0x20,
    0x00, 0x22, 0x22, 0x22,
    0x00, 0x00, 0x00, 0x00,

    0x00, 0x00, 0x00, 0x00,
    0x00, 0xF0, 0x00, 0x00,
    0x0F, 0x00, 0x00, 0x00,
    0xF0, 0x00, 0x00, 0x00,
    0x00, 0x00, 0x00, 0x00,
    0x00, 0x00, 0x00, 0x0F,
    0xFF, 0x00, 0x00, 0x00,
    0xFF, 0xFF, 0xFF, 0xFF,

    0x24, 0x66, 0x22, 0x46,
    0x42, 0x66, 0x40, 0x24,
    0x64, 0x46, 0x42, 0x04,
    0x66, 0x46, 0x42, 0x20,
    0x24, 0x66, 0x62, 0x22,
    0x02, 0x22, 0x22, 0x22,
    0x22, 0x22, 0x22, 0x00,
    0x00, 0x00, 0x00, 0x00,

    0x00, 0x00, 0x00, 0x00,
    0x00, 0x00, 0x0F, 0x00,
    0x00, 0x00, 0x00, 0xF0,
    0x00, 0x00, 0x00, 0x0F,
    0x00, 0x00, 0x00, 0x00,
    0xF0, 0x00, 0x00, 0x00,
    0x00, 0x00, 0x00, 0xFF,
    0xFF, 0xFF, 0xFF, 0xFF,


/* Tile ID 632, isSolid: false */
    0x46, 0x64, 0x20, 0x46,
    0x66, 0x42, 0x02, 0x66,
    0x64, 0x20, 0x24, 0x64,
    0x40, 0x22, 0x46, 0x64,
    0x02, 0x22, 0x66, 0x66,
    0x22, 0x22, 0x22, 0x22,
    0x20, 0x00, 0x22, 0x22,
    0x00, 0x00, 0x00, 0x00,

    0x00, 0x00, 0x0F, 0x00,
    0x00, 0x00, 0xF0, 0x00,
    0x00, 0x0F, 0x00, 0x00,
    0x0F, 0x00, 0x00, 0x00,
    0xF0, 0x00, 0x00, 0x00,
    0x00, 0x00, 0x00, 0x00,
    0x0F, 0xFF, 0x00, 0x00,
    0xFF, 0xFF, 0xFF, 0xFF,

    0x64, 0x02, 0x46, 0x64,
    0x66, 0x20, 0x24, 0x66,
    0x46, 0x42, 0x02, 0x46,
    0x46, 0x64, 0x22, 0x04,
    0x66, 0x66, 0x22, 0x20,
    0x22, 0x22, 0x22, 0x22,
    0x22, 0x22, 0x00, 0x02,
    0x00, 0x00, 0x00, 0x00,

    0x00, 0xF0, 0x00, 0x00,
    0x00, 0x0F, 0x00, 0x00,
    0x00, 0x00, 0xF0, 0x00,
    0x00, 0x00, 0x00, 0xF0,
    0x00, 0x00, 0x00, 0x0F,
    0x00, 0x00, 0x00, 0x00,
    0x00, 0x00, 0xFF, 0xF0,
    0xFF, 0xFF, 0xFF, 0xFF,


/* Tile ID 633, isSolid: false */
    0x44, 0x44, 0x44, 0x42,
    0x40, 0x22, 0x22, 0x22,
    0x20, 0x22, 0x22, 0x24,
    0x44, 0x44, 0x22, 0x24,
    0x66, 0x66, 0x42, 0x46,
    0x22, 0x22, 0x22, 0x22,
    0x22, 0x22, 0x20, 0x22,
    0x00, 0x00, 0x00, 0x00,

    0x00, 0x00, 0x00, 0x00,
    0x0F, 0x00, 0x00, 0x00,
    0x0F, 0x00, 0x00, 0x00,
    0x00, 0x00, 0x00, 0x00,
    0x00, 0x00, 0x00, 0x00,
    0x00, 0x00, 0x00, 0x00,
    0x00, 0x00, 0x0F, 0x00,
    0xFF, 0xFF, 0xFF, 0xFF,

    0x24, 0x44, 0x44, 0x44,
    0x22, 0x22, 0x22, 0x04,
    0x42, 0x22, 0x22, 0x02,
    0x42, 0x22, 0x44, 0x44,
    0x64, 0x24, 0x66, 0x66,
    0x22, 0x22, 0x22, 0x22,
    0x22, 0x02, 0x22, 0x22,
    0x00, 0x00, 0x00, 0x00,

    0x00, 0x00, 0x00, 0x00,
    0x00, 0x00, 0x00, 0xF0,
    0x00, 0x00, 0x00, 0xF0,
    0x00, 0x00, 0x00, 0x00,
    0x00, 0x00, 0x00, 0x00,
    0x00, 0x00, 0x00, 0x00,
    0x00, 0xF0, 0x00, 0x00,
    0xFF, 0xFF, 0xFF, 0xFF,


/* Tile ID 634, isSolid: false */
    0x26, 0x64, 0x44, 0x66,
    0x46, 0x62, 0x02, 0x66,
    0x66, 0x42, 0x22, 0x46,
    0x64, 0x02, 0x22, 0x46,
    0x42, 0x02, 0x22, 0x24,
    0x20, 0x22, 0x02, 0x22,
    0x22, 0x20, 0x00, 0x22,
    0x00, 0x00, 0x00, 0x00,

    0x00, 0x00, 0x00, 0x00,
    0x00, 0x00, 0xF0, 0x00,
    0x00, 0x00, 0x00, 0x00,
    0x00, 0xF0, 0x00, 0x00,
    0x00, 0xF0, 0x00, 0x00,
    0x0F, 0x00, 0xF0, 0x00,
    0x00, 0x0F, 0xFF, 0x00,
    0xFF, 0xFF, 0xFF, 0xFF,

    0x66, 0x44, 0x46, 0x62,
    0x66, 0x20, 0x26, 0x64,
    0x64, 0x22, 0x24, 0x66,
    0x64, 0x22, 0x20, 0x46,
    0x42, 0x22, 0x20, 0x24,
    0x22, 0x20, 0x22, 0x02,
    0x22, 0x00, 0x02, 0x22,
    0x00, 0x00, 0x00, 0x00,

    0x00, 0x00, 0x00, 0x00,
    0x00, 0x0F, 0x00, 0x00,
    0x00, 0x00, 0x00, 0x00,
    0x00, 0x00, 0x0F, 0x00,
    0x00, 0x00, 0x0F, 0x00,
    0x00, 0x0F, 0x00, 0xF0,
    0x00, 0xFF, 0xF0, 0x00,
    0xFF, 0xFF, 0xFF, 0xFF,


/* Tile ID 635, isSolid: false */
    0x42, 0x02, 0x20, 0x00,
    0x40, 0x22, 0x00, 0x00,
    0x42, 0x20, 0x00, 0x00,
    0x62, 0x22, 0x00, 0x00,
    0x44, 0x02, 0x00, 0x00,
    0x22, 0x02, 0x20, 0x00,
    0x22, 0x22, 0x20, 0x00,
    0x02, 0x00, 0x00, 0x00,

    0x00, 0xF0, 0x0F, 0xFF,
    0x0F, 0x00, 0xFF, 0xFF,
    0x00, 0x0F, 0xFF, 0xFF,
    0x00, 0x00, 0xFF, 0xFF,
    0x00, 0xF0, 0xFF, 0xFF,
    0x00, 0xF0, 0x0F, 0xFF,
    0x00, 0x00, 0x0F, 0xFF,
    0xF0, 0xFF, 0xFF, 0xFF,

    0x00, 0x02, 0x20, 0x24,
    0x00, 0x00, 0x22, 0x04,
    0x00, 0x00, 0x02, 0x24,
    0x00, 0x00, 0x22, 0x26,
    0x00, 0x00, 0x20, 0x44,
    0x00, 0x02, 0x20, 0x22,
    0x00, 0x02, 0x22, 0x22,
    0x00, 0x00, 0x00, 0x20,

    0xFF, 0xF0, 0x0F, 0x00,
    0xFF, 0xFF, 0x00, 0xF0,
    0xFF, 0xFF, 0xF0, 0x00,
    0xFF, 0xFF, 0x00, 0x00,
    0xFF, 0xFF, 0x0F, 0x00,
    0xFF, 0xF0, 0x0F, 0x00,
    0xFF, 0xF0, 0x00, 0x00,
    0xFF, 0xFF, 0xFF, 0x0F,


/* Tile ID 636, isSolid: false */
    0x00, 0x00, 0x00, 0x00,
    0x00, 0x00, 0x00, 0x00,
    0x00, 0x00, 0x00, 0x00,
    0x00, 0x00, 0x00, 0x00,
    0x00, 0x00, 0x00, 0x00,
    0x00, 0x00, 0x00, 0x00,
    0x00, 0x00, 0x00, 0x00,
    0x00, 0x00, 0x00, 0x00,

    0xFF, 0xFF, 0xFF, 0xFF,
    0xFF, 0xFF, 0xFF, 0xFF,
    0xFF, 0xFF, 0xFF, 0xFF,
    0xFF, 0xFF, 0xFF, 0xFF,
    0xFF, 0xFF, 0xFF, 0xFF,
    0xFF, 0xFF, 0xFF, 0xFF,
    0xFF, 0xFF, 0xFF, 0xFF,
    0xFF, 0xFF, 0xFF, 0xFF,

    0x00, 0x00, 0x00, 0x00,
    0x00, 0x00, 0x00, 0x00,
    0x00, 0x00, 0x00, 0x00,
    0x00, 0x00, 0x00, 0x00,
    0x00, 0x00, 0x00, 0x00,
    0x00, 0x00, 0x00, 0x00,
    0x00, 0x00, 0x00, 0x00,
    0x00, 0x00, 0x00, 0x00,

    0xFF, 0xFF, 0xFF, 0xFF,
    0xFF, 0xFF, 0xFF, 0xFF,
    0xFF, 0xFF, 0xFF, 0xFF,
    0xFF, 0xFF, 0xFF, 0xFF,
    0xFF, 0xFF, 0xFF, 0xFF,
    0xFF, 0xFF, 0xFF, 0xFF,
    0xFF, 0xFF, 0xFF, 0xFF,
    0xFF, 0xFF, 0xFF, 0xFF,


/* Tile ID 637, isSolid: false */
    0x00, 0x00, 0x00, 0x00,
    0x00, 0x00, 0x00, 0x00,
    0x00, 0x00, 0x00, 0x00,
    0x00, 0x00, 0x00, 0x00,
    0x00, 0x00, 0x00, 0x00,
    0x00, 0x00, 0x00, 0x00,
    0x00, 0x00, 0x00, 0x00,
    0x00, 0x00, 0x00, 0x00,

    0xFF, 0xFF, 0xFF, 0xFF,
    0xFF, 0xFF, 0xFF, 0xFF,
    0xFF, 0xFF, 0xFF, 0xFF,
    0xFF, 0xFF, 0xFF, 0xFF,
    0xFF, 0xFF, 0xFF, 0xFF,
    0xFF, 0xFF, 0xFF, 0xFF,
    0xFF, 0xFF, 0xFF, 0xFF,
    0xFF, 0xFF, 0xFF, 0xFF,

    0x00, 0x00, 0x00, 0x00,
    0x00, 0x00, 0x00, 0x00,
    0x00, 0x00, 0x00, 0x00,
    0x00, 0x00, 0x00, 0x00,
    0x00, 0x00, 0x00, 0x00,
    0x00, 0x00, 0x00, 0x00,
    0x00, 0x00, 0x00, 0x00,
    0x00, 0x00, 0x00, 0x00,

    0xFF, 0xFF, 0xFF, 0xFF,
    0xFF, 0xFF, 0xFF, 0xFF,
    0xFF, 0xFF, 0xFF, 0xFF,
    0xFF, 0xFF, 0xFF, 0xFF,
    0xFF, 0xFF, 0xFF, 0xFF,
    0xFF, 0xFF, 0xFF, 0xFF,
    0xFF, 0xFF, 0xFF, 0xFF,
    0xFF, 0xFF, 0xFF, 0xFF,


/* Tile ID 638, isSolid: false */
    0x00, 0x00, 0x00, 0x00,
    0x00, 0x00, 0x00, 0x00,
    0x00, 0x00, 0x00, 0x00,
    0x00, 0x00, 0x00, 0x00,
    0x00, 0x00, 0x00, 0x00,
    0x00, 0x00, 0x00, 0x00,
    0x00, 0x00, 0x00, 0x00,
    0x00, 0x00, 0x00, 0x00,

    0xFF, 0xFF, 0xFF, 0xFF,
    0xFF, 0xFF, 0xFF, 0xFF,
    0xFF, 0xFF, 0xFF, 0xFF,
    0xFF, 0xFF, 0xFF, 0xFF,
    0xFF, 0xFF, 0xFF, 0xFF,
    0xFF, 0xFF, 0xFF, 0xFF,
    0xFF, 0xFF, 0xFF, 0xFF,
    0xFF, 0xFF, 0xFF, 0xFF,

    0x00, 0x00, 0x00, 0x00,
    0x00, 0x00, 0x00, 0x00,
    0x00, 0x00, 0x00, 0x00,
    0x00, 0x00, 0x00, 0x00,
    0x00, 0x00, 0x00, 0x00,
    0x00, 0x00, 0x00, 0x00,
    0x00, 0x00, 0x00, 0x00,
    0x00, 0x00, 0x00, 0x00,

    0xFF, 0xFF, 0xFF, 0xFF,
    0xFF, 0xFF, 0xFF, 0xFF,
    0xFF, 0xFF, 0xFF, 0xFF,
    0xFF, 0xFF, 0xFF, 0xFF,
    0xFF, 0xFF, 0xFF, 0xFF,
    0xFF, 0xFF, 0xFF, 0xFF,
    0xFF, 0xFF, 0xFF, 0xFF,
    0xFF, 0xFF, 0xFF, 0xFF,


/* Tile ID 639, isSolid: false */
    0x00, 0x00, 0x00, 0x00,
    0x00, 0x00, 0x00, 0x00,
    0x00, 0x00, 0x00, 0x00,
    0x00, 0x00, 0x00, 0x00,
    0x00, 0x00, 0x00, 0x00,
    0x00, 0x00, 0x00, 0x00,
    0x00, 0x00, 0x00, 0x00,
    0x00, 0x00, 0x00, 0x00,

    0xFF, 0xFF, 0xFF, 0xFF,
    0xFF, 0xFF, 0xFF, 0xFF,
    0xFF, 0xFF, 0xFF, 0xFF,
    0xFF, 0xFF, 0xFF, 0xFF,
    0xFF, 0xFF, 0xFF, 0xFF,
    0xFF, 0xFF, 0xFF, 0xFF,
    0xFF, 0xFF, 0xFF, 0xFF,
    0xFF, 0xFF, 0xFF, 0xFF,

    0x00, 0x00, 0x00, 0x00,
    0x00, 0x00, 0x00, 0x00,
    0x00, 0x00, 0x00, 0x00,
    0x00, 0x00, 0x00, 0x00,
    0x00, 0x00, 0x00, 0x00,
    0x00, 0x00, 0x00, 0x00,
    0x00, 0x00, 0x00, 0x00,
    0x00, 0x00, 0x00, 0x00,

    0xFF, 0xFF, 0xFF, 0xFF,
    0xFF, 0xFF, 0xFF, 0xFF,
    0xFF, 0xFF, 0xFF, 0xFF,
    0xFF, 0xFF, 0xFF, 0xFF,
    0xFF, 0xFF, 0xFF, 0xFF,
    0xFF, 0xFF, 0xFF, 0xFF,
    0xFF, 0xFF, 0xFF, 0xFF,
    0xFF, 0xFF, 0xFF, 0xFF,


/* Tile ID 640, isSolid: false */
    0x00, 0x00, 0x00, 0x00,
    0x00, 0x00, 0x00, 0x00,
    0x00, 0x00, 0x00, 0x00,
    0x00, 0x00, 0x00, 0x00,
    0x00, 0x00, 0x00, 0x00,
    0x00, 0x00, 0x00, 0x00,
    0x00, 0x00, 0x00, 0x00,
    0x00, 0x00, 0x00, 0x00,

    0xFF, 0xFF, 0xFF, 0xFF,
    0xFF, 0xFF, 0xFF, 0xFF,
    0xFF, 0xFF, 0xFF, 0xFF,
    0xFF, 0xFF, 0xFF, 0xFF,
    0xFF, 0xFF, 0xFF, 0xFF,
    0xFF, 0xFF, 0xFF, 0xFF,
    0xFF, 0xFF, 0xFF, 0xFF,
    0xFF, 0xFF, 0xFF, 0xFF,

    0x00, 0x00, 0x00, 0x00,
    0x00, 0x00, 0x00, 0x00,
    0x00, 0x00, 0x00, 0x00,
    0x00, 0x00, 0x00, 0x00,
    0x00, 0x00, 0x00, 0x00,
    0x00, 0x00, 0x00, 0x00,
    0x00, 0x00, 0x00, 0x00,
    0x00, 0x00, 0x00, 0x00,

    0xFF, 0xFF, 0xFF, 0xFF,
    0xFF, 0xFF, 0xFF, 0xFF,
    0xFF, 0xFF, 0xFF, 0xFF,
    0xFF, 0xFF, 0xFF, 0xFF,
    0xFF, 0xFF, 0xFF, 0xFF,
    0xFF, 0xFF, 0xFF, 0xFF,
    0xFF, 0xFF, 0xFF, 0xFF,
    0xFF, 0xFF, 0xFF, 0xFF,


/* Tile ID 641, isSolid: false */
    0x00, 0x00, 0x00, 0x00,
    0x00, 0x00, 0x00, 0x00,
    0x00, 0x00, 0x00, 0x00,
    0x00, 0x00, 0x00, 0x00,
    0x00, 0x00, 0x00, 0x00,
    0x00, 0x00, 0x00, 0x00,
    0x00, 0x00, 0x00, 0x00,
    0x00, 0x00, 0x00, 0x00,

    0xFF, 0xFF, 0xFF, 0xFF,
    0xFF, 0xFF, 0xFF, 0xFF,
    0xFF, 0xFF, 0xFF, 0xFF,
    0xFF, 0xFF, 0xFF, 0xFF,
    0xFF, 0xFF, 0xFF, 0xFF,
    0xFF, 0xFF, 0xFF, 0xFF,
    0xFF, 0xFF, 0xFF, 0xFF,
    0xFF, 0xFF, 0xFF, 0xFF,

    0x00, 0x00, 0x00, 0x00,
    0x00, 0x00, 0x00, 0x00,
    0x00, 0x00, 0x00, 0x00,
    0x00, 0x00, 0x00, 0x00,
    0x00, 0x00, 0x00, 0x00,
    0x00, 0x00, 0x00, 0x00,
    0x00, 0x00, 0x00, 0x00,
    0x00, 0x00, 0x00, 0x00,

    0xFF, 0xFF, 0xFF, 0xFF,
    0xFF, 0xFF, 0xFF, 0xFF,
    0xFF, 0xFF, 0xFF, 0xFF,
    0xFF, 0xFF, 0xFF, 0xFF,
    0xFF, 0xFF, 0xFF, 0xFF,
    0xFF, 0xFF, 0xFF, 0xFF,
    0xFF, 0xFF, 0xFF, 0xFF,
    0xFF, 0xFF, 0xFF, 0xFF,


/* Tile ID 642, isSolid: false */
    0x00, 0x00, 0x00, 0xDD,
    0x00, 0x00, 0x00, 0xDD,
    0x00, 0x00, 0x00, 0xDD,
    0x00, 0x00, 0x00, 0xD8,
    0x00, 0x00, 0x00, 0x00,
    0x00, 0x00, 0x00, 0x00,
    0x00, 0x00, 0x00, 0x00,
    0x00, 0x00, 0x00, 0x00,

    0xFF, 0xFF, 0xFF, 0x00,
    0xFF, 0xFF, 0xFF, 0x00,
    0xFF, 0xFF, 0xFF, 0x00,
    0xFF, 0xFF, 0xFF, 0x00,
    0xFF, 0xFF, 0xFF, 0xFF,
    0xFF, 0xFF, 0xFF, 0xFF,
    0xFF, 0xFF, 0xFF, 0xFF,
    0xFF, 0xFF, 0xFF, 0xFF,

    0xDD, 0x00, 0x00, 0x00,
    0xDD, 0x00, 0x00, 0x00,
    0xDD, 0x00, 0x00, 0x00,
    0x8D, 0x00, 0x00, 0x00,
    0x00, 0x00, 0x00, 0x00,
    0x00, 0x00, 0x00, 0x00,
    0x00, 0x00, 0x00, 0x00,
    0x00, 0x00, 0x00, 0x00,

    0x00, 0xFF, 0xFF, 0xFF,
    0x00, 0xFF, 0xFF, 0xFF,
    0x00, 0xFF, 0xFF, 0xFF,
    0x00, 0xFF, 0xFF, 0xFF,
    0xFF, 0xFF, 0xFF, 0xFF,
    0xFF, 0xFF, 0xFF, 0xFF,
    0xFF, 0xFF, 0xFF, 0xFF,
    0xFF, 0xFF, 0xFF, 0xFF,


/* Tile ID 643, isSolid: false */
    0xDD, 0xD8, 0x00, 0x00,
    0xDD, 0xD0, 0x00, 0x00,
    0x88, 0x00, 0x00, 0x00,
    0x80, 0x00, 0x00, 0x00,
    0x00, 0x00, 0x00, 0x00,
    0x00, 0x00, 0x00, 0x00,
    0x00, 0x00, 0x00, 0x00,
    0x00, 0x00, 0x00, 0x00,

    0x00, 0x00, 0xFF, 0xFF,
    0x00, 0x0F, 0xFF, 0xFF,
    0x00, 0xFF, 0xFF, 0xFF,
    0x0F, 0xFF, 0xFF, 0xFF,
    0xFF, 0xFF, 0xFF, 0xFF,
    0xFF, 0xFF, 0xFF, 0xFF,
    0xFF, 0xFF, 0xFF, 0xFF,
    0xFF, 0xFF, 0xFF, 0xFF,

    0x00, 0x00, 0x8D, 0xDD,
    0x00, 0x00, 0x0D, 0xDD,
    0x00, 0x00, 0x00, 0x88,
    0x00, 0x00, 0x00, 0x08,
    0x00, 0x00, 0x00, 0x00,
    0x00, 0x00, 0x00, 0x00,
    0x00, 0x00, 0x00, 0x00,
    0x00, 0x00, 0x00, 0x00,

    0xFF, 0xFF, 0x00, 0x00,
    0xFF, 0xFF, 0xF0, 0x00,
    0xFF, 0xFF, 0xFF, 0x00,
    0xFF, 0xFF, 0xFF, 0xF0,
    0xFF, 0xFF, 0xFF, 0xFF,
    0xFF, 0xFF, 0xFF, 0xFF,
    0xFF, 0xFF, 0xFF, 0xFF,
    0xFF, 0xFF, 0xFF, 0xFF,


/* Tile ID 644, isSolid: false */
    0x00, 0x00, 0x00, 0x00,
    0x00, 0x00, 0x00, 0x00,
    0x00, 0x00, 0x00, 0x00,
    0x00, 0x00, 0x00, 0x00,
    0x00, 0x00, 0x00, 0x00,
    0x00, 0x00, 0x00, 0x00,
    0x00, 0x00, 0x00, 0x00,
    0x00, 0x00, 0x00, 0x00,

    0xFF, 0xFF, 0xFF, 0xFF,
    0xFF, 0xFF, 0xFF, 0xFF,
    0xFF, 0xFF, 0xFF, 0xFF,
    0xFF, 0xFF, 0xFF, 0xFF,
    0xFF, 0xFF, 0xFF, 0xFF,
    0xFF, 0xFF, 0xFF, 0xFF,
    0xFF, 0xFF, 0xFF, 0xFF,
    0xFF, 0xFF, 0xFF, 0xFF,

    0x00, 0x00, 0x00, 0x00,
    0x00, 0x00, 0x00, 0x00,
    0x00, 0x00, 0x00, 0x00,
    0x00, 0x00, 0x00, 0x00,
    0x00, 0x00, 0x00, 0x00,
    0x00, 0x00, 0x00, 0x00,
    0x00, 0x00, 0x00, 0x00,
    0x00, 0x00, 0x00, 0x00,

    0xFF, 0xFF, 0xFF, 0xFF,
    0xFF, 0xFF, 0xFF, 0xFF,
    0xFF, 0xFF, 0xFF, 0xFF,
    0xFF, 0xFF, 0xFF, 0xFF,
    0xFF, 0xFF, 0xFF, 0xFF,
    0xFF, 0xFF, 0xFF, 0xFF,
    0xFF, 0xFF, 0xFF, 0xFF,
    0xFF, 0xFF, 0xFF, 0xFF,


/* Tile ID 645, isSolid: false */
    0x00, 0x00, 0x00, 0x00,
    0x00, 0x00, 0x00, 0x00,
    0x00, 0x00, 0x00, 0x00,
    0x00, 0x00, 0x00, 0x00,
    0x00, 0x00, 0x00, 0x00,
    0x00, 0x00, 0x00, 0x00,
    0x00, 0x00, 0x00, 0x00,
    0x00, 0x00, 0x00, 0x00,

    0xFF, 0xFF, 0xFF, 0xFF,
    0xFF, 0xFF, 0xFF, 0xFF,
    0xFF, 0xFF, 0xFF, 0xFF,
    0xFF, 0xFF, 0xFF, 0xFF,
    0xFF, 0xFF, 0xFF, 0xFF,
    0xFF, 0xFF, 0xFF, 0xFF,
    0xFF, 0xFF, 0xFF, 0xFF,
    0xFF, 0xFF, 0xFF, 0xFF,

    0x00, 0x00, 0x00, 0x00,
    0x00, 0x00, 0x00, 0x00,
    0x00, 0x00, 0x00, 0x00,
    0x00, 0x00, 0x00, 0x00,
    0x00, 0x00, 0x00, 0x00,
    0x00, 0x00, 0x00, 0x00,
    0x00, 0x00, 0x00, 0x00,
    0x00, 0x00, 0x00, 0x00,

    0xFF, 0xFF, 0xFF, 0xFF,
    0xFF, 0xFF, 0xFF, 0xFF,
    0xFF, 0xFF, 0xFF, 0xFF,
    0xFF, 0xFF, 0xFF, 0xFF,
    0xFF, 0xFF, 0xFF, 0xFF,
    0xFF, 0xFF, 0xFF, 0xFF,
    0xFF, 0xFF, 0xFF, 0xFF,
    0xFF, 0xFF, 0xFF, 0xFF,


/* Tile ID 646, isSolid: false */
    0x00, 0x00, 0x00, 0x00,
    0x00, 0x00, 0x00, 0x00,
    0x00, 0x00, 0x00, 0x00,
    0x00, 0x00, 0x00, 0x00,
    0x00, 0x00, 0x00, 0x00,
    0x00, 0x00, 0x00, 0x00,
    0x00, 0x00, 0x00, 0x00,
    0x00, 0x00, 0x00, 0x00,

    0xFF, 0xFF, 0xFF, 0xFF,
    0xFF, 0xFF, 0xFF, 0xFF,
    0xFF, 0xFF, 0xFF, 0xFF,
    0xFF, 0xFF, 0xFF, 0xFF,
    0xFF, 0xFF, 0xFF, 0xFF,
    0xFF, 0xFF, 0xFF, 0xFF,
    0xFF, 0xFF, 0xFF, 0xFF,
    0xFF, 0xFF, 0xFF, 0xFF,

    0x00, 0x00, 0x00, 0x00,
    0x00, 0x00, 0x00, 0x00,
    0x00, 0x00, 0x00, 0x00,
    0x00, 0x00, 0x00, 0x00,
    0x00, 0x00, 0x00, 0x00,
    0x00, 0x00, 0x00, 0x00,
    0x00, 0x00, 0x00, 0x00,
    0x00, 0x00, 0x00, 0x00,

    0xFF, 0xFF, 0xFF, 0xFF,
    0xFF, 0xFF, 0xFF, 0xFF,
    0xFF, 0xFF, 0xFF, 0xFF,
    0xFF, 0xFF, 0xFF, 0xFF,
    0xFF, 0xFF, 0xFF, 0xFF,
    0xFF, 0xFF, 0xFF, 0xFF,
    0xFF, 0xFF, 0xFF, 0xFF,
    0xFF, 0xFF, 0xFF, 0xFF,


/* Tile ID 647, isSolid: false */
    0x00, 0x00, 0x00, 0x00,
    0x00, 0x00, 0x00, 0x00,
    0x00, 0x00, 0x00, 0x00,
    0x00, 0x00, 0x00, 0x00,
    0x00, 0x00, 0x00, 0x00,
    0x00, 0x00, 0x00, 0x00,
    0x00, 0x00, 0x00, 0x00,
    0x00, 0x00, 0x00, 0x00,

    0xFF, 0xFF, 0xFF, 0xFF,
    0xFF, 0xFF, 0xFF, 0xFF,
    0xFF, 0xFF, 0xFF, 0xFF,
    0xFF, 0xFF, 0xFF, 0xFF,
    0xFF, 0xFF, 0xFF, 0xFF,
    0xFF, 0xFF, 0xFF, 0xFF,
    0xFF, 0xFF, 0xFF, 0xFF,
    0xFF, 0xFF, 0xFF, 0xFF,

    0x00, 0x00, 0x00, 0x00,
    0x00, 0x00, 0x00, 0x00,
    0x00, 0x00, 0x00, 0x00,
    0x00, 0x00, 0x00, 0x00,
    0x00, 0x00, 0x00, 0x00,
    0x00, 0x00, 0x00, 0x00,
    0x00, 0x00, 0x00, 0x00,
    0x00, 0x00, 0x00, 0x00,

    0xFF, 0xFF, 0xFF, 0xFF,
    0xFF, 0xFF, 0xFF, 0xFF,
    0xFF, 0xFF, 0xFF, 0xFF,
    0xFF, 0xFF, 0xFF, 0xFF,
    0xFF, 0xFF, 0xFF, 0xFF,
    0xFF, 0xFF, 0xFF, 0xFF,
    0xFF, 0xFF, 0xFF, 0xFF,
    0xFF, 0xFF, 0xFF, 0xFF,


/* Tile ID 648, isSolid: false */
    0x00, 0x00, 0x00, 0x00,
    0x00, 0x00, 0x00, 0x00,
    0x00, 0x00, 0x00, 0x00,
    0x00, 0x00, 0x00, 0x00,
    0x00, 0x00, 0x00, 0x00,
    0x00, 0x00, 0x00, 0x00,
    0x00, 0x00, 0x00, 0x00,
    0x00, 0x00, 0x00, 0x00,

    0xFF, 0xFF, 0xFF, 0xFF,
    0xFF, 0xFF, 0xFF, 0xFF,
    0xFF, 0xFF, 0xFF, 0xFF,
    0xFF, 0xFF, 0xFF, 0xFF,
    0xFF, 0xFF, 0xFF, 0xFF,
    0xFF, 0xFF, 0xFF, 0xFF,
    0xFF, 0xFF, 0xFF, 0xFF,
    0xFF, 0xFF, 0xFF, 0xFF,

    0x00, 0x00, 0x00, 0x00,
    0x00, 0x00, 0x00, 0x00,
    0x00, 0x00, 0x00, 0x00,
    0x00, 0x00, 0x00, 0x00,
    0x00, 0x00, 0x00, 0x00,
    0x00, 0x00, 0x00, 0x00,
    0x00, 0x00, 0x00, 0x00,
    0x00, 0x00, 0x00, 0x00,

    0xFF, 0xFF, 0xFF, 0xFF,
    0xFF, 0xFF, 0xFF, 0xFF,
    0xFF, 0xFF, 0xFF, 0xFF,
    0xFF, 0xFF, 0xFF, 0xFF,
    0xFF, 0xFF, 0xFF, 0xFF,
    0xFF, 0xFF, 0xFF, 0xFF,
    0xFF, 0xFF, 0xFF, 0xFF,
    0xFF, 0xFF, 0xFF, 0xFF,


/* Tile ID 649, isSolid: false */
    0x00, 0x00, 0x00, 0x00,
    0x00, 0x00, 0x00, 0x00,
    0x00, 0x00, 0x00, 0x00,
    0x00, 0x00, 0x00, 0x00,
    0x00, 0x00, 0x00, 0x00,
    0x00, 0x00, 0x00, 0x00,
    0x00, 0x00, 0x00, 0x00,
    0x00, 0x00, 0x00, 0x00,

    0xFF, 0xFF, 0xFF, 0xFF,
    0xFF, 0xFF, 0xFF, 0xFF,
    0xFF, 0xFF, 0xFF, 0xFF,
    0xFF, 0xFF, 0xFF, 0xFF,
    0xFF, 0xFF, 0xFF, 0xFF,
    0xFF, 0xFF, 0xFF, 0xFF,
    0xFF, 0xFF, 0xFF, 0xFF,
    0xFF, 0xFF, 0xFF, 0xFF,

    0x00, 0x00, 0x00, 0x00,
    0x00, 0x00, 0x00, 0x00,
    0x00, 0x00, 0x00, 0x00,
    0x00, 0x00, 0x00, 0x00,
    0x00, 0x00, 0x00, 0x00,
    0x00, 0x00, 0x00, 0x00,
    0x00, 0x00, 0x00, 0x00,
    0x00, 0x00, 0x00, 0x00,

    0xFF, 0xFF, 0xFF, 0xFF,
    0xFF, 0xFF, 0xFF, 0xFF,
    0xFF, 0xFF, 0xFF, 0xFF,
    0xFF, 0xFF, 0xFF, 0xFF,
    0xFF, 0xFF, 0xFF, 0xFF,
    0xFF, 0xFF, 0xFF, 0xFF,
    0xFF, 0xFF, 0xFF, 0xFF,
    0xFF, 0xFF, 0xFF, 0xFF,


/* Tile ID 650, isSolid: false */
    0x00, 0xDD, 0x8D, 0xDD,
    0x00, 0xD8, 0x88, 0xDD,
    0x00, 0x0B, 0x88, 0x88,
    0x00, 0x00, 0xB8, 0x88,
    0x00, 0x00, 0x00, 0x00,
    0x00, 0x00, 0x00, 0x00,
    0x00, 0x00, 0x00, 0x00,
    0x00, 0x00, 0x00, 0x00,

    0xFF, 0x00, 0x00, 0x00,
    0xFF, 0x00, 0x00, 0x00,
    0xFF, 0xF0, 0x00, 0x00,
    0xFF, 0xFF, 0x00, 0x00,
    0xFF, 0xFF, 0xFF, 0xFF,
    0xFF, 0xFF, 0xFF, 0xFF,
    0xFF, 0xFF, 0xFF, 0xFF,
    0xFF, 0xFF, 0xFF, 0xFF,

    0xDD, 0xD8, 0xDD, 0x00,
    0xDD, 0x88, 0x8D, 0x00,
    0x88, 0x88, 0xB0, 0x00,
    0x88, 0x8B, 0x00, 0x00,
    0x00, 0x00, 0x00, 0x00,
    0x00, 0x00, 0x00, 0x00,
    0x00, 0x00, 0x00, 0x00,
    0x00, 0x00, 0x00, 0x00,

    0x00, 0x00, 0x00, 0xFF,
    0x00, 0x00, 0x00, 0xFF,
    0x00, 0x00, 0x0F, 0xFF,
    0x00, 0x00, 0xFF, 0xFF,
    0xFF, 0xFF, 0xFF, 0xFF,
    0xFF, 0xFF, 0xFF, 0xFF,
    0xFF, 0xFF, 0xFF, 0xFF,
    0xFF, 0xFF, 0xFF, 0xFF,


/* Tile ID 651, isSolid: false */
    0xDD, 0xDD, 0xDD, 0x00,
    0xDD, 0xDD, 0x80, 0x00,
    0x88, 0x88, 0x00, 0x00,
    0x88, 0x00, 0x00, 0x00,
    0x00, 0x00, 0x00, 0x00,
    0x00, 0x00, 0x00, 0x00,
    0x00, 0x00, 0x00, 0x00,
    0x00, 0x00, 0x00, 0x00,

    0x00, 0x00, 0x00, 0xFF,
    0x00, 0x00, 0x0F, 0xFF,
    0x00, 0x00, 0xFF, 0xFF,
    0x00, 0xFF, 0xFF, 0xFF,
    0xFF, 0xFF, 0xFF, 0xFF,
    0xFF, 0xFF, 0xFF, 0xFF,
    0xFF, 0xFF, 0xFF, 0xFF,
    0xFF, 0xFF, 0xFF, 0xFF,

    0x00, 0xDD, 0xDD, 0xDD,
    0x00, 0x08, 0xDD, 0xDD,
    0x00, 0x00, 0x88, 0x88,
    0x00, 0x00, 0x00, 0x88,
    0x00, 0x00, 0x00, 0x00,
    0x00, 0x00, 0x00, 0x00,
    0x00, 0x00, 0x00, 0x00,
    0x00, 0x00, 0x00, 0x00,

    0xFF, 0x00, 0x00, 0x00,
    0xFF, 0xF0, 0x00, 0x00,
    0xFF, 0xFF, 0x00, 0x00,
    0xFF, 0xFF, 0xFF, 0x00,
    0xFF, 0xFF, 0xFF, 0xFF,
    0xFF, 0xFF, 0xFF, 0xFF,
    0xFF, 0xFF, 0xFF, 0xFF,
    0xFF, 0xFF, 0xFF, 0xFF,


/* Tile ID 652, isSolid: false */
    0x00, 0x00, 0x00, 0x00,
    0x00, 0x00, 0x00, 0x00,
    0x00, 0x00, 0x00, 0x00,
    0x00, 0x00, 0x00, 0x00,
    0x00, 0x00, 0x00, 0x00,
    0x00, 0x00, 0x00, 0x00,
    0x00, 0x00, 0x00, 0x00,
    0x00, 0x00, 0x00, 0x00,

    0xFF, 0xFF, 0xFF, 0xFF,
    0xFF, 0xFF, 0xFF, 0xFF,
    0xFF, 0xFF, 0xFF, 0xFF,
    0xFF, 0xFF, 0xFF, 0xFF,
    0xFF, 0xFF, 0xFF, 0xFF,
    0xFF, 0xFF, 0xFF, 0xFF,
    0xFF, 0xFF, 0xFF, 0xFF,
    0xFF, 0xFF, 0xFF, 0xFF,

    0x00, 0x00, 0x00, 0x00,
    0x00, 0x00, 0x00, 0x00,
    0x00, 0x00, 0x00, 0x00,
    0x00, 0x00, 0x00, 0x00,
    0x00, 0x00, 0x00, 0x00,
    0x00, 0x00, 0x00, 0x00,
    0x00, 0x00, 0x00, 0x00,
    0x00, 0x00, 0x00, 0x00,

    0xFF, 0xFF, 0xFF, 0xFF,
    0xFF, 0xFF, 0xFF, 0xFF,
    0xFF, 0xFF, 0xFF, 0xFF,
    0xFF, 0xFF, 0xFF, 0xFF,
    0xFF, 0xFF, 0xFF, 0xFF,
    0xFF, 0xFF, 0xFF, 0xFF,
    0xFF, 0xFF, 0xFF, 0xFF,
    0xFF, 0xFF, 0xFF, 0xFF,


/* Tile ID 653, isSolid: false */
    0x00, 0x00, 0x00, 0x00,
    0x00, 0x00, 0x00, 0x00,
    0x00, 0x00, 0x00, 0x00,
    0x00, 0x00, 0x00, 0x00,
    0x00, 0x00, 0x00, 0x00,
    0x00, 0x00, 0x00, 0x00,
    0x00, 0x00, 0x00, 0x00,
    0x00, 0x00, 0x00, 0x00,

    0xFF, 0xFF, 0xFF, 0xFF,
    0xFF, 0xFF, 0xFF, 0xFF,
    0xFF, 0xFF, 0xFF, 0xFF,
    0xFF, 0xFF, 0xFF, 0xFF,
    0xFF, 0xFF, 0xFF, 0xFF,
    0xFF, 0xFF, 0xFF, 0xFF,
    0xFF, 0xFF, 0xFF, 0xFF,
    0xFF, 0xFF, 0xFF, 0xFF,

    0x00, 0x00, 0x00, 0x00,
    0x00, 0x00, 0x00, 0x00,
    0x00, 0x00, 0x00, 0x00,
    0x00, 0x00, 0x00, 0x00,
    0x00, 0x00, 0x00, 0x00,
    0x00, 0x00, 0x00, 0x00,
    0x00, 0x00, 0x00, 0x00,
    0x00, 0x00, 0x00, 0x00,

    0xFF, 0xFF, 0xFF, 0xFF,
    0xFF, 0xFF, 0xFF, 0xFF,
    0xFF, 0xFF, 0xFF, 0xFF,
    0xFF, 0xFF, 0xFF, 0xFF,
    0xFF, 0xFF, 0xFF, 0xFF,
    0xFF, 0xFF, 0xFF, 0xFF,
    0xFF, 0xFF, 0xFF, 0xFF,
    0xFF, 0xFF, 0xFF, 0xFF,


/* Tile ID 654, isSolid: false */
    0x00, 0x00, 0x00, 0x00,
    0x00, 0x00, 0x00, 0x00,
    0x00, 0x00, 0x00, 0x00,
    0x00, 0x00, 0x00, 0x00,
    0x00, 0x00, 0x00, 0x00,
    0x00, 0x00, 0x00, 0x00,
    0x00, 0x00, 0x00, 0x00,
    0x00, 0x00, 0x00, 0x00,

    0xFF, 0xFF, 0xFF, 0xFF,
    0xFF, 0xFF, 0xFF, 0xFF,
    0xFF, 0xFF, 0xFF, 0xFF,
    0xFF, 0xFF, 0xFF, 0xFF,
    0xFF, 0xFF, 0xFF, 0xFF,
    0xFF, 0xFF, 0xFF, 0xFF,
    0xFF, 0xFF, 0xFF, 0xFF,
    0xFF, 0xFF, 0xFF, 0xFF,

    0x00, 0x00, 0x00, 0x00,
    0x00, 0x00, 0x00, 0x00,
    0x00, 0x00, 0x00, 0x00,
    0x00, 0x00, 0x00, 0x00,
    0x00, 0x00, 0x00, 0x00,
    0x00, 0x00, 0x00, 0x00,
    0x00, 0x00, 0x00, 0x00,
    0x00, 0x00, 0x00, 0x00,

    0xFF, 0xFF, 0xFF, 0xFF,
    0xFF, 0xFF, 0xFF, 0xFF,
    0xFF, 0xFF, 0xFF, 0xFF,
    0xFF, 0xFF, 0xFF, 0xFF,
    0xFF, 0xFF, 0xFF, 0xFF,
    0xFF, 0xFF, 0xFF, 0xFF,
    0xFF, 0xFF, 0xFF, 0xFF,
    0xFF, 0xFF, 0xFF, 0xFF,


/* Tile ID 655, isSolid: false */
    0x00, 0x00, 0x00, 0x00,
    0x00, 0x00, 0x00, 0x00,
    0x00, 0x00, 0x00, 0x00,
    0x00, 0x00, 0x00, 0x00,
    0x00, 0x00, 0x00, 0x00,
    0x00, 0x00, 0x00, 0x00,
    0x00, 0x00, 0x00, 0x00,
    0x00, 0x00, 0x00, 0x00,

    0xFF, 0xFF, 0xFF, 0xFF,
    0xFF, 0xFF, 0xFF, 0xFF,
    0xFF, 0xFF, 0xFF, 0xFF,
    0xFF, 0xFF, 0xFF, 0xFF,
    0xFF, 0xFF, 0xFF, 0xFF,
    0xFF, 0xFF, 0xFF, 0xFF,
    0xFF, 0xFF, 0xFF, 0xFF,
    0xFF, 0xFF, 0xFF, 0xFF,

    0x00, 0x00, 0x00, 0x00,
    0x00, 0x00, 0x00, 0x00,
    0x00, 0x00, 0x00, 0x00,
    0x00, 0x00, 0x00, 0x00,
    0x00, 0x00, 0x00, 0x00,
    0x00, 0x00, 0x00, 0x00,
    0x00, 0x00, 0x00, 0x00,
    0x00, 0x00, 0x00, 0x00,

    0xFF, 0xFF, 0xFF, 0xFF,
    0xFF, 0xFF, 0xFF, 0xFF,
    0xFF, 0xFF, 0xFF, 0xFF,
    0xFF, 0xFF, 0xFF, 0xFF,
    0xFF, 0xFF, 0xFF, 0xFF,
    0xFF, 0xFF, 0xFF, 0xFF,
    0xFF, 0xFF, 0xFF, 0xFF,
    0xFF, 0xFF, 0xFF, 0xFF,


/* Tile ID 656, isSolid: false */
    0x00, 0x00, 0x00, 0x00,
    0x00, 0x00, 0x00, 0x00,
    0x00, 0x00, 0x00, 0x00,
    0x00, 0x00, 0x00, 0x00,
    0x00, 0x00, 0x00, 0x00,
    0x00, 0x00, 0x00, 0x00,
    0x00, 0x00, 0x00, 0x00,
    0x00, 0x00, 0x00, 0x00,

    0xFF, 0xFF, 0xFF, 0xFF,
    0xFF, 0xFF, 0xFF, 0xFF,
    0xFF, 0xFF, 0xFF, 0xFF,
    0xFF, 0xFF, 0xFF, 0xFF,
    0xFF, 0xFF, 0xFF, 0xFF,
    0xFF, 0xFF, 0xFF, 0xFF,
    0xFF, 0xFF, 0xFF, 0xFF,
    0xFF, 0xFF, 0xFF, 0xFF,

    0x00, 0x00, 0x00, 0x00,
    0x00, 0x00, 0x00, 0x00,
    0x00, 0x00, 0x00, 0x00,
    0x00, 0x00, 0x00, 0x00,
    0x00, 0x00, 0x00, 0x00,
    0x00, 0x00, 0x00, 0x00,
    0x00, 0x00, 0x00, 0x00,
    0x00, 0x00, 0x00, 0x00,

    0xFF, 0xFF, 0xFF, 0xFF,
    0xFF, 0xFF, 0xFF, 0xFF,
    0xFF, 0xFF, 0xFF, 0xFF,
    0xFF, 0xFF, 0xFF, 0xFF,
    0xFF, 0xFF, 0xFF, 0xFF,
    0xFF, 0xFF, 0xFF, 0xFF,
    0xFF, 0xFF, 0xFF, 0xFF,
    0xFF, 0xFF, 0xFF, 0xFF,


/* Tile ID 657, isSolid: false */
    0x00, 0x00, 0x00, 0x00,
    0x00, 0x00, 0x00, 0x00,
    0x00, 0x00, 0x00, 0x00,
    0x00, 0x00, 0x00, 0x00,
    0x00, 0x00, 0x00, 0x00,
    0x00, 0x00, 0x00, 0x00,
    0x00, 0x00, 0x00, 0x00,
    0x00, 0x00, 0x00, 0x00,

    0xFF, 0xFF, 0xFF, 0xFF,
    0xFF, 0xFF, 0xFF, 0xFF,
    0xFF, 0xFF, 0xFF, 0xFF,
    0xFF, 0xFF, 0xFF, 0xFF,
    0xFF, 0xFF, 0xFF, 0xFF,
    0xFF, 0xFF, 0xFF, 0xFF,
    0xFF, 0xFF, 0xFF, 0xFF,
    0xFF, 0xFF, 0xFF, 0xFF,

    0x00, 0x00, 0x00, 0x00,
    0x00, 0x00, 0x00, 0x00,
    0x00, 0x00, 0x00, 0x00,
    0x00, 0x00, 0x00, 0x00,
    0x00, 0x00, 0x00, 0x00,
    0x00, 0x00, 0x00, 0x00,
    0x00, 0x00, 0x00, 0x00,
    0x00, 0x00, 0x00, 0x00,

    0xFF, 0xFF, 0xFF, 0xFF,
    0xFF, 0xFF, 0xFF, 0xFF,
    0xFF, 0xFF, 0xFF, 0xFF,
    0xFF, 0xFF, 0xFF, 0xFF,
    0xFF, 0xFF, 0xFF, 0xFF,
    0xFF, 0xFF, 0xFF, 0xFF,
    0xFF, 0xFF, 0xFF, 0xFF,
    0xFF, 0xFF, 0xFF, 0xFF,


/* Tile ID 658, isSolid: false */
    0x00, 0x00, 0x00, 0x00,
    0x00, 0x00, 0x00, 0x00,
    0x00, 0x00, 0x00, 0x00,
    0x00, 0x00, 0x00, 0x00,
    0x00, 0x00, 0x00, 0x00,
    0x00, 0x00, 0x00, 0x00,
    0x00, 0x00, 0x00, 0x00,
    0x00, 0x00, 0x00, 0x00,

    0xFF, 0xFF, 0xFF, 0xFF,
    0xFF, 0xFF, 0xFF, 0xFF,
    0xFF, 0xFF, 0xFF, 0xFF,
    0xFF, 0xFF, 0xFF, 0xFF,
    0xFF, 0xFF, 0xFF, 0xFF,
    0xFF, 0xFF, 0xFF, 0xFF,
    0xFF, 0xFF, 0xFF, 0xFF,
    0xFF, 0xFF, 0xFF, 0xFF,

    0x00, 0x00, 0x00, 0x00,
    0x00, 0x00, 0x00, 0x00,
    0x00, 0x00, 0x00, 0x00,
    0x00, 0x00, 0x00, 0x00,
    0x00, 0x00, 0x00, 0x00,
    0x00, 0x00, 0x00, 0x00,
    0x00, 0x00, 0x00, 0x00,
    0x00, 0x00, 0x00, 0x00,

    0xFF, 0xFF, 0xFF, 0xFF,
    0xFF, 0xFF, 0xFF, 0xFF,
    0xFF, 0xFF, 0xFF, 0xFF,
    0xFF, 0xFF, 0xFF, 0xFF,
    0xFF, 0xFF, 0xFF, 0xFF,
    0xFF, 0xFF, 0xFF, 0xFF,
    0xFF, 0xFF, 0xFF, 0xFF,
    0xFF, 0xFF, 0xFF, 0xFF,


/* Tile ID 659, isSolid: false */
    0x00, 0x00, 0x00, 0x00,
    0x00, 0x00, 0x00, 0x00,
    0x00, 0x00, 0x00, 0x00,
    0x00, 0x00, 0x00, 0x00,
    0x00, 0x00, 0x00, 0x00,
    0x00, 0x00, 0x00, 0x00,
    0x00, 0x00, 0x00, 0x00,
    0x00, 0x00, 0x00, 0x00,

    0xFF, 0xFF, 0xFF, 0xFF,
    0xFF, 0xFF, 0xFF, 0xFF,
    0xFF, 0xFF, 0xFF, 0xFF,
    0xFF, 0xFF, 0xFF, 0xFF,
    0xFF, 0xFF, 0xFF, 0xFF,
    0xFF, 0xFF, 0xFF, 0xFF,
    0xFF, 0xFF, 0xFF, 0xFF,
    0xFF, 0xFF, 0xFF, 0xFF,

    0x00, 0x00, 0x00, 0x00,
    0x00, 0x00, 0x00, 0x00,
    0x00, 0x00, 0x00, 0x00,
    0x00, 0x00, 0x00, 0x00,
    0x00, 0x00, 0x00, 0x00,
    0x00, 0x00, 0x00, 0x00,
    0x00, 0x00, 0x00, 0x00,
    0x00, 0x00, 0x00, 0x00,

    0xFF, 0xFF, 0xFF, 0xFF,
    0xFF, 0xFF, 0xFF, 0xFF,
    0xFF, 0xFF, 0xFF, 0xFF,
    0xFF, 0xFF, 0xFF, 0xFF,
    0xFF, 0xFF, 0xFF, 0xFF,
    0xFF, 0xFF, 0xFF, 0xFF,
    0xFF, 0xFF, 0xFF, 0xFF,
    0xFF, 0xFF, 0xFF, 0xFF,


/* Tile ID 660, isSolid: false */
    0x00, 0x00, 0x00, 0x00,
    0x00, 0x00, 0x00, 0x00,
    0x00, 0x00, 0x00, 0x00,
    0x00, 0x00, 0x00, 0x00,
    0x00, 0x00, 0x00, 0x00,
    0x00, 0x00, 0x00, 0x00,
    0x00, 0x00, 0x00, 0x00,
    0x00, 0x00, 0x00, 0x00,

    0xFF, 0xFF, 0xFF, 0xFF,
    0xFF, 0xFF, 0xFF, 0xFF,
    0xFF, 0xFF, 0xFF, 0xFF,
    0xFF, 0xFF, 0xFF, 0xFF,
    0xFF, 0xFF, 0xFF, 0xFF,
    0xFF, 0xFF, 0xFF, 0xFF,
    0xFF, 0xFF, 0xFF, 0xFF,
    0xFF, 0xFF, 0xFF, 0xFF,

    0x00, 0x00, 0x00, 0x00,
    0x00, 0x00, 0x00, 0x00,
    0x00, 0x00, 0x00, 0x00,
    0x00, 0x00, 0x00, 0x00,
    0x00, 0x00, 0x00, 0x00,
    0x00, 0x00, 0x00, 0x00,
    0x00, 0x00, 0x00, 0x00,
    0x00, 0x00, 0x00, 0x00,

    0xFF, 0xFF, 0xFF, 0xFF,
    0xFF, 0xFF, 0xFF, 0xFF,
    0xFF, 0xFF, 0xFF, 0xFF,
    0xFF, 0xFF, 0xFF, 0xFF,
    0xFF, 0xFF, 0xFF, 0xFF,
    0xFF, 0xFF, 0xFF, 0xFF,
    0xFF, 0xFF, 0xFF, 0xFF,
    0xFF, 0xFF, 0xFF, 0xFF,


/* Tile ID 661, isSolid: false */
    0x00, 0x00, 0x00, 0x00,
    0x00, 0x00, 0x00, 0x00,
    0x00, 0x00, 0x00, 0x00,
    0x00, 0x00, 0x00, 0x00,
    0x00, 0x00, 0x00, 0x00,
    0x00, 0x00, 0x00, 0x00,
    0x00, 0x00, 0x00, 0x00,
    0x00, 0x00, 0x00, 0x00,

    0xFF, 0xFF, 0xFF, 0xFF,
    0xFF, 0xFF, 0xFF, 0xFF,
    0xFF, 0xFF, 0xFF, 0xFF,
    0xFF, 0xFF, 0xFF, 0xFF,
    0xFF, 0xFF, 0xFF, 0xFF,
    0xFF, 0xFF, 0xFF, 0xFF,
    0xFF, 0xFF, 0xFF, 0xFF,
    0xFF, 0xFF, 0xFF, 0xFF,

    0x00, 0x00, 0x00, 0x00,
    0x00, 0x00, 0x00, 0x00,
    0x00, 0x00, 0x00, 0x00,
    0x00, 0x00, 0x00, 0x00,
    0x00, 0x00, 0x00, 0x00,
    0x00, 0x00, 0x00, 0x00,
    0x00, 0x00, 0x00, 0x00,
    0x00, 0x00, 0x00, 0x00,

    0xFF, 0xFF, 0xFF, 0xFF,
    0xFF, 0xFF, 0xFF, 0xFF,
    0xFF, 0xFF, 0xFF, 0xFF,
    0xFF, 0xFF, 0xFF, 0xFF,
    0xFF, 0xFF, 0xFF, 0xFF,
    0xFF, 0xFF, 0xFF, 0xFF,
    0xFF, 0xFF, 0xFF, 0xFF,
    0xFF, 0xFF, 0xFF, 0xFF,


/* Tile ID 662, isSolid: false */
    0x00, 0x00, 0x00, 0x00,
    0x00, 0x00, 0x00, 0x00,
    0x00, 0x00, 0x00, 0x00,
    0x00, 0x00, 0x00, 0x00,
    0x00, 0x00, 0x00, 0x00,
    0x00, 0x00, 0x00, 0x00,
    0x00, 0x00, 0x00, 0x00,
    0x00, 0x00, 0x00, 0x00,

    0xFF, 0xFF, 0xFF, 0xFF,
    0xFF, 0xFF, 0xFF, 0xFF,
    0xFF, 0xFF, 0xFF, 0xFF,
    0xFF, 0xFF, 0xFF, 0xFF,
    0xFF, 0xFF, 0xFF, 0xFF,
    0xFF, 0xFF, 0xFF, 0xFF,
    0xFF, 0xFF, 0xFF, 0xFF,
    0xFF, 0xFF, 0xFF, 0xFF,

    0x00, 0x00, 0x00, 0x00,
    0x00, 0x00, 0x00, 0x00,
    0x00, 0x00, 0x00, 0x00,
    0x00, 0x00, 0x00, 0x00,
    0x00, 0x00, 0x00, 0x00,
    0x00, 0x00, 0x00, 0x00,
    0x00, 0x00, 0x00, 0x00,
    0x00, 0x00, 0x00, 0x00,

    0xFF, 0xFF, 0xFF, 0xFF,
    0xFF, 0xFF, 0xFF, 0xFF,
    0xFF, 0xFF, 0xFF, 0xFF,
    0xFF, 0xFF, 0xFF, 0xFF,
    0xFF, 0xFF, 0xFF, 0xFF,
    0xFF, 0xFF, 0xFF, 0xFF,
    0xFF, 0xFF, 0xFF, 0xFF,
    0xFF, 0xFF, 0xFF, 0xFF,


/* Tile ID 663, isSolid: false */
    0x00, 0x00, 0x00, 0x00,
    0x00, 0x00, 0x00, 0x00,
    0x00, 0x00, 0x00, 0x00,
    0x00, 0x00, 0x00, 0x00,
    0x00, 0x00, 0x00, 0x00,
    0x00, 0x00, 0x00, 0x00,
    0x00, 0x00, 0x00, 0x00,
    0x00, 0x00, 0x00, 0x00,

    0xFF, 0xFF, 0xFF, 0xFF,
    0xFF, 0xFF, 0xFF, 0xFF,
    0xFF, 0xFF, 0xFF, 0xFF,
    0xFF, 0xFF, 0xFF, 0xFF,
    0xFF, 0xFF, 0xFF, 0xFF,
    0xFF, 0xFF, 0xFF, 0xFF,
    0xFF, 0xFF, 0xFF, 0xFF,
    0xFF, 0xFF, 0xFF, 0xFF,

    0x00, 0x00, 0x00, 0x00,
    0x00, 0x00, 0x00, 0x00,
    0x00, 0x00, 0x00, 0x00,
    0x00, 0x00, 0x00, 0x00,
    0x00, 0x00, 0x00, 0x00,
    0x00, 0x00, 0x00, 0x00,
    0x00, 0x00, 0x00, 0x00,
    0x00, 0x00, 0x00, 0x00,

    0xFF, 0xFF, 0xFF, 0xFF,
    0xFF, 0xFF, 0xFF, 0xFF,
    0xFF, 0xFF, 0xFF, 0xFF,
    0xFF, 0xFF, 0xFF, 0xFF,
    0xFF, 0xFF, 0xFF, 0xFF,
    0xFF, 0xFF, 0xFF, 0xFF,
    0xFF, 0xFF, 0xFF, 0xFF,
    0xFF, 0xFF, 0xFF, 0xFF,


/* Tile ID 664, isSolid: false */
    0x00, 0x00, 0x00, 0x00,
    0x00, 0x00, 0x00, 0x00,
    0x00, 0x00, 0x00, 0x00,
    0x00, 0x00, 0x00, 0x00,
    0x00, 0x00, 0x00, 0x00,
    0x00, 0x00, 0x00, 0x00,
    0x00, 0x00, 0x00, 0x00,
    0x00, 0x00, 0x00, 0x00,

    0xFF, 0xFF, 0xFF, 0xFF,
    0xFF, 0xFF, 0xFF, 0xFF,
    0xFF, 0xFF, 0xFF, 0xFF,
    0xFF, 0xFF, 0xFF, 0xFF,
    0xFF, 0xFF, 0xFF, 0xFF,
    0xFF, 0xFF, 0xFF, 0xFF,
    0xFF, 0xFF, 0xFF, 0xFF,
    0xFF, 0xFF, 0xFF, 0xFF,

    0x00, 0x00, 0x00, 0x00,
    0x00, 0x00, 0x00, 0x00,
    0x00, 0x00, 0x00, 0x00,
    0x00, 0x00, 0x00, 0x00,
    0x00, 0x00, 0x00, 0x00,
    0x00, 0x00, 0x00, 0x00,
    0x00, 0x00, 0x00, 0x00,
    0x00, 0x00, 0x00, 0x00,

    0xFF, 0xFF, 0xFF, 0xFF,
    0xFF, 0xFF, 0xFF, 0xFF,
    0xFF, 0xFF, 0xFF, 0xFF,
    0xFF, 0xFF, 0xFF, 0xFF,
    0xFF, 0xFF, 0xFF, 0xFF,
    0xFF, 0xFF, 0xFF, 0xFF,
    0xFF, 0xFF, 0xFF, 0xFF,
    0xFF, 0xFF, 0xFF, 0xFF,


/* Tile ID 665, isSolid: false */
    0x00, 0x00, 0x00, 0x00,
    0x00, 0x00, 0x00, 0x00,
    0x00, 0x00, 0x00, 0x00,
    0x00, 0x00, 0x00, 0x00,
    0x00, 0x00, 0x00, 0x00,
    0x00, 0x00, 0x00, 0x00,
    0x00, 0x00, 0x00, 0x00,
    0x00, 0x00, 0x00, 0x00,

    0xFF, 0xFF, 0xFF, 0xFF,
    0xFF, 0xFF, 0xFF, 0xFF,
    0xFF, 0xFF, 0xFF, 0xFF,
    0xFF, 0xFF, 0xFF, 0xFF,
    0xFF, 0xFF, 0xFF, 0xFF,
    0xFF, 0xFF, 0xFF, 0xFF,
    0xFF, 0xFF, 0xFF, 0xFF,
    0xFF, 0xFF, 0xFF, 0xFF,

    0x00, 0x00, 0x00, 0x00,
    0x00, 0x00, 0x00, 0x00,
    0x00, 0x00, 0x00, 0x00,
    0x00, 0x00, 0x00, 0x00,
    0x00, 0x00, 0x00, 0x00,
    0x00, 0x00, 0x00, 0x00,
    0x00, 0x00, 0x00, 0x00,
    0x00, 0x00, 0x00, 0x00,

    0xFF, 0xFF, 0xFF, 0xFF,
    0xFF, 0xFF, 0xFF, 0xFF,
    0xFF, 0xFF, 0xFF, 0xFF,
    0xFF, 0xFF, 0xFF, 0xFF,
    0xFF, 0xFF, 0xFF, 0xFF,
    0xFF, 0xFF, 0xFF, 0xFF,
    0xFF, 0xFF, 0xFF, 0xFF,
    0xFF, 0xFF, 0xFF, 0xFF,


/* Tile ID 666, isSolid: false */
    0x00, 0x00, 0x00, 0x00,
    0x00, 0x00, 0x00, 0x00,
    0x00, 0x00, 0x00, 0x00,
    0x00, 0x00, 0x00, 0x00,
    0x00, 0x00, 0x00, 0x00,
    0x00, 0x00, 0x00, 0x00,
    0x00, 0x00, 0x00, 0x00,
    0x00, 0x00, 0x00, 0x00,

    0xFF, 0xFF, 0xFF, 0xFF,
    0xFF, 0xFF, 0xFF, 0xFF,
    0xFF, 0xFF, 0xFF, 0xFF,
    0xFF, 0xFF, 0xFF, 0xFF,
    0xFF, 0xFF, 0xFF, 0xFF,
    0xFF, 0xFF, 0xFF, 0xFF,
    0xFF, 0xFF, 0xFF, 0xFF,
    0xFF, 0xFF, 0xFF, 0xFF,

    0x00, 0x00, 0x00, 0x00,
    0x00, 0x00, 0x00, 0x00,
    0x00, 0x00, 0x00, 0x00,
    0x00, 0x00, 0x00, 0x00,
    0x00, 0x00, 0x00, 0x00,
    0x00, 0x00, 0x00, 0x00,
    0x00, 0x00, 0x00, 0x00,
    0x00, 0x00, 0x00, 0x00,

    0xFF, 0xFF, 0xFF, 0xFF,
    0xFF, 0xFF, 0xFF, 0xFF,
    0xFF, 0xFF, 0xFF, 0xFF,
    0xFF, 0xFF, 0xFF, 0xFF,
    0xFF, 0xFF, 0xFF, 0xFF,
    0xFF, 0xFF, 0xFF, 0xFF,
    0xFF, 0xFF, 0xFF, 0xFF,
    0xFF, 0xFF, 0xFF, 0xFF,


/* Tile ID 667, isSolid: false */
    0x00, 0x00, 0x00, 0x00,
    0x00, 0x00, 0x00, 0x00,
    0x00, 0x00, 0x00, 0x00,
    0x00, 0x00, 0x00, 0x00,
    0x00, 0x00, 0x00, 0x00,
    0x00, 0x00, 0x00, 0x00,
    0x00, 0x00, 0x00, 0x00,
    0x00, 0x00, 0x00, 0x00,

    0xFF, 0xFF, 0xFF, 0xFF,
    0xFF, 0xFF, 0xFF, 0xFF,
    0xFF, 0xFF, 0xFF, 0xFF,
    0xFF, 0xFF, 0xFF, 0xFF,
    0xFF, 0xFF, 0xFF, 0xFF,
    0xFF, 0xFF, 0xFF, 0xFF,
    0xFF, 0xFF, 0xFF, 0xFF,
    0xFF, 0xFF, 0xFF, 0xFF,

    0x00, 0x00, 0x00, 0x00,
    0x00, 0x00, 0x00, 0x00,
    0x00, 0x00, 0x00, 0x00,
    0x00, 0x00, 0x00, 0x00,
    0x00, 0x00, 0x00, 0x00,
    0x00, 0x00, 0x00, 0x00,
    0x00, 0x00, 0x00, 0x00,
    0x00, 0x00, 0x00, 0x00,

    0xFF, 0xFF, 0xFF, 0xFF,
    0xFF, 0xFF, 0xFF, 0xFF,
    0xFF, 0xFF, 0xFF, 0xFF,
    0xFF, 0xFF, 0xFF, 0xFF,
    0xFF, 0xFF, 0xFF, 0xFF,
    0xFF, 0xFF, 0xFF, 0xFF,
    0xFF, 0xFF, 0xFF, 0xFF,
    0xFF, 0xFF, 0xFF, 0xFF,


/* Tile ID 668, isSolid: false */
    0x00, 0x00, 0x00, 0x00,
    0x00, 0x00, 0x00, 0x00,
    0x00, 0x00, 0x00, 0x00,
    0x00, 0x00, 0x00, 0x00,
    0x00, 0x00, 0x00, 0x00,
    0x00, 0x00, 0x00, 0x00,
    0x00, 0x00, 0x00, 0x00,
    0x00, 0x00, 0x00, 0x00,

    0xFF, 0xFF, 0xFF, 0xFF,
    0xFF, 0xFF, 0xFF, 0xFF,
    0xFF, 0xFF, 0xFF, 0xFF,
    0xFF, 0xFF, 0xFF, 0xFF,
    0xFF, 0xFF, 0xFF, 0xFF,
    0xFF, 0xFF, 0xFF, 0xFF,
    0xFF, 0xFF, 0xFF, 0xFF,
    0xFF, 0xFF, 0xFF, 0xFF,

    0x00, 0x00, 0x00, 0x00,
    0x00, 0x00, 0x00, 0x00,
    0x00, 0x00, 0x00, 0x00,
    0x00, 0x00, 0x00, 0x00,
    0x00, 0x00, 0x00, 0x00,
    0x00, 0x00, 0x00, 0x00,
    0x00, 0x00, 0x00, 0x00,
    0x00, 0x00, 0x00, 0x00,

    0xFF, 0xFF, 0xFF, 0xFF,
    0xFF, 0xFF, 0xFF, 0xFF,
    0xFF, 0xFF, 0xFF, 0xFF,
    0xFF, 0xFF, 0xFF, 0xFF,
    0xFF, 0xFF, 0xFF, 0xFF,
    0xFF, 0xFF, 0xFF, 0xFF,
    0xFF, 0xFF, 0xFF, 0xFF,
    0xFF, 0xFF, 0xFF, 0xFF,


/* Tile ID 669, isSolid: false */
    0x00, 0x00, 0x00, 0x00,
    0x00, 0x00, 0x00, 0x00,
    0x00, 0x00, 0x00, 0x00,
    0x00, 0x00, 0x00, 0x00,
    0x00, 0x00, 0x00, 0x00,
    0x00, 0x00, 0x00, 0x00,
    0x00, 0x00, 0x00, 0x00,
    0x00, 0x00, 0x00, 0x00,

    0xFF, 0xFF, 0xFF, 0xFF,
    0xFF, 0xFF, 0xFF, 0xFF,
    0xFF, 0xFF, 0xFF, 0xFF,
    0xFF, 0xFF, 0xFF, 0xFF,
    0xFF, 0xFF, 0xFF, 0xFF,
    0xFF, 0xFF, 0xFF, 0xFF,
    0xFF, 0xFF, 0xFF, 0xFF,
    0xFF, 0xFF, 0xFF, 0xFF,

    0x00, 0x00, 0x00, 0x00,
    0x00, 0x00, 0x00, 0x00,
    0x00, 0x00, 0x00, 0x00,
    0x00, 0x00, 0x00, 0x00,
    0x00, 0x00, 0x00, 0x00,
    0x00, 0x00, 0x00, 0x00,
    0x00, 0x00, 0x00, 0x00,
    0x00, 0x00, 0x00, 0x00,

    0xFF, 0xFF, 0xFF, 0xFF,
    0xFF, 0xFF, 0xFF, 0xFF,
    0xFF, 0xFF, 0xFF, 0xFF,
    0xFF, 0xFF, 0xFF, 0xFF,
    0xFF, 0xFF, 0xFF, 0xFF,
    0xFF, 0xFF, 0xFF, 0xFF,
    0xFF, 0xFF, 0xFF, 0xFF,
    0xFF, 0xFF, 0xFF, 0xFF,


/* Tile ID 670, isSolid: false */
    0x00, 0x00, 0x00, 0x00,
    0x00, 0x00, 0x00, 0x00,
    0x00, 0x00, 0x00, 0x00,
    0x00, 0x00, 0x00, 0x00,
    0x00, 0x00, 0x00, 0x00,
    0x00, 0x00, 0x00, 0x00,
    0x00, 0x00, 0x00, 0x00,
    0x00, 0x00, 0x00, 0x00,

    0xFF, 0xFF, 0xFF, 0xFF,
    0xFF, 0xFF, 0xFF, 0xFF,
    0xFF, 0xFF, 0xFF, 0xFF,
    0xFF, 0xFF, 0xFF, 0xFF,
    0xFF, 0xFF, 0xFF, 0xFF,
    0xFF, 0xFF, 0xFF, 0xFF,
    0xFF, 0xFF, 0xFF, 0xFF,
    0xFF, 0xFF, 0xFF, 0xFF,

    0x00, 0x00, 0x00, 0x00,
    0x00, 0x00, 0x00, 0x00,
    0x00, 0x00, 0x00, 0x00,
    0x00, 0x00, 0x00, 0x00,
    0x00, 0x00, 0x00, 0x00,
    0x00, 0x00, 0x00, 0x00,
    0x00, 0x00, 0x00, 0x00,
    0x00, 0x00, 0x00, 0x00,

    0xFF, 0xFF, 0xFF, 0xFF,
    0xFF, 0xFF, 0xFF, 0xFF,
    0xFF, 0xFF, 0xFF, 0xFF,
    0xFF, 0xFF, 0xFF, 0xFF,
    0xFF, 0xFF, 0xFF, 0xFF,
    0xFF, 0xFF, 0xFF, 0xFF,
    0xFF, 0xFF, 0xFF, 0xFF,
    0xFF, 0xFF, 0xFF, 0xFF,


/* Tile ID 671, isSolid: false */
    0x00, 0x00, 0x00, 0x00,
    0x00, 0x00, 0x00, 0x00,
    0x00, 0x00, 0x00, 0x00,
    0x00, 0x00, 0x00, 0x00,
    0x00, 0x00, 0x00, 0x00,
    0x00, 0x00, 0x00, 0x00,
    0x00, 0x00, 0x00, 0x00,
    0x00, 0x00, 0x00, 0x00,

    0xFF, 0xFF, 0xFF, 0xFF,
    0xFF, 0xFF, 0xFF, 0xFF,
    0xFF, 0xFF, 0xFF, 0xFF,
    0xFF, 0xFF, 0xFF, 0xFF,
    0xFF, 0xFF, 0xFF, 0xFF,
    0xFF, 0xFF, 0xFF, 0xFF,
    0xFF, 0xFF, 0xFF, 0xFF,
    0xFF, 0xFF, 0xFF, 0xFF,

    0x00, 0x00, 0x00, 0x00,
    0x00, 0x00, 0x00, 0x00,
    0x00, 0x00, 0x00, 0x00,
    0x00, 0x00, 0x00, 0x00,
    0x00, 0x00, 0x00, 0x00,
    0x00, 0x00, 0x00, 0x00,
    0x00, 0x00, 0x00, 0x00,
    0x00, 0x00, 0x00, 0x00,

    0xFF, 0xFF, 0xFF, 0xFF,
    0xFF, 0xFF, 0xFF, 0xFF,
    0xFF, 0xFF, 0xFF, 0xFF,
    0xFF, 0xFF, 0xFF, 0xFF,
    0xFF, 0xFF, 0xFF, 0xFF,
    0xFF, 0xFF, 0xFF, 0xFF,
    0xFF, 0xFF, 0xFF, 0xFF,
    0xFF, 0xFF, 0xFF, 0xFF,


/* Tile ID 672, isSolid: false */
    0x00, 0x00, 0x00, 0x00,
    0x00, 0x00, 0x00, 0x00,
    0x00, 0x00, 0x00, 0x00,
    0x00, 0x00, 0x00, 0x00,
    0x00, 0x00, 0x00, 0x00,
    0x00, 0x00, 0x00, 0x00,
    0x00, 0x00, 0x00, 0x00,
    0x00, 0x00, 0x00, 0x00,

    0xFF, 0xFF, 0xFF, 0xFF,
    0xFF, 0xFF, 0xFF, 0xFF,
    0xFF, 0xFF, 0xFF, 0xFF,
    0xFF, 0xFF, 0xFF, 0xFF,
    0xFF, 0xFF, 0xFF, 0xFF,
    0xFF, 0xFF, 0xFF, 0xFF,
    0xFF, 0xFF, 0xFF, 0xFF,
    0xFF, 0xFF, 0xFF, 0xFF,

    0x00, 0x00, 0x00, 0x00,
    0x00, 0x00, 0x00, 0x00,
    0x00, 0x00, 0x00, 0x00,
    0x00, 0x00, 0x00, 0x00,
    0x00, 0x00, 0x00, 0x00,
    0x00, 0x00, 0x00, 0x00,
    0x00, 0x00, 0x00, 0x00,
    0x00, 0x00, 0x00, 0x00,

    0xFF, 0xFF, 0xFF, 0xFF,
    0xFF, 0xFF, 0xFF, 0xFF,
    0xFF, 0xFF, 0xFF, 0xFF,
    0xFF, 0xFF, 0xFF, 0xFF,
    0xFF, 0xFF, 0xFF, 0xFF,
    0xFF, 0xFF, 0xFF, 0xFF,
    0xFF, 0xFF, 0xFF, 0xFF,
    0xFF, 0xFF, 0xFF, 0xFF,


/* Tile ID 673, isSolid: false */
    0x00, 0x00, 0x00, 0x00,
    0x00, 0x00, 0x00, 0x00,
    0x00, 0x00, 0x00, 0x00,
    0x00, 0x00, 0x00, 0x00,
    0x00, 0x00, 0x00, 0x00,
    0x00, 0x00, 0x00, 0x00,
    0x00, 0x00, 0x00, 0x00,
    0x00, 0x00, 0x00, 0x00,

    0xFF, 0xFF, 0xFF, 0xFF,
    0xFF, 0xFF, 0xFF, 0xFF,
    0xFF, 0xFF, 0xFF, 0xFF,
    0xFF, 0xFF, 0xFF, 0xFF,
    0xFF, 0xFF, 0xFF, 0xFF,
    0xFF, 0xFF, 0xFF, 0xFF,
    0xFF, 0xFF, 0xFF, 0xFF,
    0xFF, 0xFF, 0xFF, 0xFF,

    0x00, 0x00, 0x00, 0x00,
    0x00, 0x00, 0x00, 0x00,
    0x00, 0x00, 0x00, 0x00,
    0x00, 0x00, 0x00, 0x00,
    0x00, 0x00, 0x00, 0x00,
    0x00, 0x00, 0x00, 0x00,
    0x00, 0x00, 0x00, 0x00,
    0x00, 0x00, 0x00, 0x00,

    0xFF, 0xFF, 0xFF, 0xFF,
    0xFF, 0xFF, 0xFF, 0xFF,
    0xFF, 0xFF, 0xFF, 0xFF,
    0xFF, 0xFF, 0xFF, 0xFF,
    0xFF, 0xFF, 0xFF, 0xFF,
    0xFF, 0xFF, 0xFF, 0xFF,
    0xFF, 0xFF, 0xFF, 0xFF,
    0xFF, 0xFF, 0xFF, 0xFF,


/* Tile ID 674, isSolid: false */
    0x00, 0xEE, 0xE0, 0x00,
    0x00, 0xEE, 0xE0, 0x00,
    0x00, 0xEE, 0xE0, 0x00,
    0x00, 0xEE, 0xE0, 0x00,
    0x00, 0xEE, 0xE0, 0x00,
    0x00, 0x00, 0x00, 0x00,
    0x00, 0xEE, 0xE0, 0x00,
    0x00, 0x00, 0x00, 0x00,

    0xFF, 0x00, 0x0F, 0xFF,
    0xFF, 0x00, 0x0F, 0xFF,
    0xFF, 0x00, 0x0F, 0xFF,
    0xFF, 0x00, 0x0F, 0xFF,
    0xFF, 0x00, 0x0F, 0xFF,
    0xFF, 0xFF, 0xFF, 0xFF,
    0xFF, 0x00, 0x0F, 0xFF,
    0xFF, 0xFF, 0xFF, 0xFF,

    0x00, 0x0E, 0xEE, 0x00,
    0x00, 0x0E, 0xEE, 0x00,
    0x00, 0x0E, 0xEE, 0x00,
    0x00, 0x0E, 0xEE, 0x00,
    0x00, 0x0E, 0xEE, 0x00,
    0x00, 0x00, 0x00, 0x00,
    0x00, 0x0E, 0xEE, 0x00,
    0x00, 0x00, 0x00, 0x00,

    0xFF, 0xF0, 0x00, 0xFF,
    0xFF, 0xF0, 0x00, 0xFF,
    0xFF, 0xF0, 0x00, 0xFF,
    0xFF, 0xF0, 0x00, 0xFF,
    0xFF, 0xF0, 0x00, 0xFF,
    0xFF, 0xFF, 0xFF, 0xFF,
    0xFF, 0xF0, 0x00, 0xFF,
    0xFF, 0xFF, 0xFF, 0xFF,


/* Tile ID 675, isSolid: false */
    0x0E, 0xE0, 0xEE, 0x00,
    0x0E, 0xE0, 0xEE, 0x00,
    0x00, 0xE0, 0x0E, 0x00,
    0x0E, 0x00, 0xE0, 0x00,
    0x00, 0x00, 0x00, 0x00,
    0x00, 0x00, 0x00, 0x00,
    0x00, 0x00, 0x00, 0x00,
    0x00, 0x00, 0x00, 0x00,

    0xF0, 0x0F, 0x00, 0xFF,
    0xF0, 0x0F, 0x00, 0xFF,
    0xFF, 0x0F, 0xF0, 0xFF,
    0xF0, 0xFF, 0x0F, 0xFF,
    0xFF, 0xFF, 0xFF, 0xFF,
    0xFF, 0xFF, 0xFF, 0xFF,
    0xFF, 0xFF, 0xFF, 0xFF,
    0xFF, 0xFF, 0xFF, 0xFF,

    0x00, 0xEE, 0x0E, 0xE0,
    0x00, 0xEE, 0x0E, 0xE0,
    0x00, 0xE0, 0x0E, 0x00,
    0x00, 0x0E, 0x00, 0xE0,
    0x00, 0x00, 0x00, 0x00,
    0x00, 0x00, 0x00, 0x00,
    0x00, 0x00, 0x00, 0x00,
    0x00, 0x00, 0x00, 0x00,

    0xFF, 0x00, 0xF0, 0x0F,
    0xFF, 0x00, 0xF0, 0x0F,
    0xFF, 0x0F, 0xF0, 0xFF,
    0xFF, 0xF0, 0xFF, 0x0F,
    0xFF, 0xFF, 0xFF, 0xFF,
    0xFF, 0xFF, 0xFF, 0xFF,
    0xFF, 0xFF, 0xFF, 0xFF,
    0xFF, 0xFF, 0xFF, 0xFF,


/* Tile ID 676, isSolid: false */
    0x0E, 0x00, 0x0E, 0x00,
    0xEE, 0xEE, 0xEE, 0xE0,
    0x0E, 0x00, 0x0E, 0x00,
    0x0E, 0x00, 0x0E, 0x00,
    0x0E, 0x00, 0x0E, 0x00,
    0xEE, 0xEE, 0xEE, 0xE0,
    0x0E, 0x00, 0x0E, 0x00,
    0x00, 0x00, 0x00, 0x00,

    0xF0, 0xFF, 0xF0, 0xFF,
    0x00, 0x00, 0x00, 0x0F,
    0xF0, 0xFF, 0xF0, 0xFF,
    0xF0, 0xFF, 0xF0, 0xFF,
    0xF0, 0xFF, 0xF0, 0xFF,
    0x00, 0x00, 0x00, 0x0F,
    0xF0, 0xFF, 0xF0, 0xFF,
    0xFF, 0xFF, 0xFF, 0xFF,

    0x00, 0xE0, 0x00, 0xE0,
    0x0E, 0xEE, 0xEE, 0xEE,
    0x00, 0xE0, 0x00, 0xE0,
    0x00, 0xE0, 0x00, 0xE0,
    0x00, 0xE0, 0x00, 0xE0,
    0x0E, 0xEE, 0xEE, 0xEE,
    0x00, 0xE0, 0x00, 0xE0,
    0x00, 0x00, 0x00, 0x00,

    0xFF, 0x0F, 0xFF, 0x0F,
    0xF0, 0x00, 0x00, 0x00,
    0xFF, 0x0F, 0xFF, 0x0F,
    0xFF, 0x0F, 0xFF, 0x0F,
    0xFF, 0x0F, 0xFF, 0x0F,
    0xF0, 0x00, 0x00, 0x00,
    0xFF, 0x0F, 0xFF, 0x0F,
    0xFF, 0xFF, 0xFF, 0xFF,


/* Tile ID 677, isSolid: false */
    0x00, 0x0E, 0x00, 0x00,
    0x0E, 0xEE, 0xEE, 0x00,
    0x0E, 0x00, 0x00, 0x00,
    0x0E, 0xEE, 0xEE, 0x00,
    0x00, 0x00, 0x0E, 0x00,
    0x0E, 0xEE, 0xEE, 0x00,
    0x00, 0x0E, 0x00, 0x00,
    0x00, 0x00, 0x00, 0x00,

    0xFF, 0xF0, 0xFF, 0xFF,
    0xF0, 0x00, 0x00, 0xFF,
    0xF0, 0xFF, 0xFF, 0xFF,
    0xF0, 0x00, 0x00, 0xFF,
    0xFF, 0xFF, 0xF0, 0xFF,
    0xF0, 0x00, 0x00, 0xFF,
    0xFF, 0xF0, 0xFF, 0xFF,
    0xFF, 0xFF, 0xFF, 0xFF,

    0x00, 0x00, 0xE0, 0x00,
    0x00, 0xEE, 0xEE, 0xE0,
    0x00, 0x00, 0x00, 0xE0,
    0x00, 0xEE, 0xEE, 0xE0,
    0x00, 0xE0, 0x00, 0x00,
    0x00, 0xEE, 0xEE, 0xE0,
    0x00, 0x00, 0xE0, 0x00,
    0x00, 0x00, 0x00, 0x00,

    0xFF, 0xFF, 0x0F, 0xFF,
    0xFF, 0x00, 0x00, 0x0F,
    0xFF, 0xFF, 0xFF, 0x0F,
    0xFF, 0x00, 0x00, 0x0F,
    0xFF, 0x0F, 0xFF, 0xFF,
    0xFF, 0x00, 0x00, 0x0F,
    0xFF, 0xFF, 0x0F, 0xFF,
    0xFF, 0xFF, 0xFF, 0xFF,


/* Tile ID 678, isSolid: false */
    0xEE, 0xE0, 0x00, 0xE0,
    0xE0, 0xE0, 0x0E, 0x00,
    0xEE, 0xE0, 0xE0, 0x00,
    0x00, 0x0E, 0x00, 0x00,
    0x00, 0xE0, 0xEE, 0xE0,
    0x0E, 0x00, 0xE0, 0xE0,
    0xE0, 0x00, 0xEE, 0xE0,
    0x00, 0x00, 0x00, 0x00,

    0x00, 0x0F, 0xFF, 0x0F,
    0x0F, 0x0F, 0xF0, 0xFF,
    0x00, 0x0F, 0x0F, 0xFF,
    0xFF, 0xF0, 0xFF, 0xFF,
    0xFF, 0x0F, 0x00, 0x0F,
    0xF0, 0xFF, 0x0F, 0x0F,
    0x0F, 0xFF, 0x00, 0x0F,
    0xFF, 0xFF, 0xFF, 0xFF,

    0x0E, 0x00, 0x0E, 0xEE,
    0x00, 0xE0, 0x0E, 0x0E,
    0x00, 0x0E, 0x0E, 0xEE,
    0x00, 0x00, 0xE0, 0x00,
    0x0E, 0xEE, 0x0E, 0x00,
    0x0E, 0x0E, 0x00, 0xE0,
    0x0E, 0xEE, 0x00, 0x0E,
    0x00, 0x00, 0x00, 0x00,

    0xF0, 0xFF, 0xF0, 0x00,
    0xFF, 0x0F, 0xF0, 0xF0,
    0xFF, 0xF0, 0xF0, 0x00,
    0xFF, 0xFF, 0x0F, 0xFF,
    0xF0, 0x00, 0xF0, 0xFF,
    0xF0, 0xF0, 0xFF, 0x0F,
    0xF0, 0x00, 0xFF, 0xF0,
    0xFF, 0xFF, 0xFF, 0xFF,


/* Tile ID 679, isSolid: false */
    0x00, 0xEE, 0x00, 0x00,
    0x0E, 0x00, 0xE0, 0x00,
    0x0E, 0x00, 0x00, 0x00,
    0x00, 0xE0, 0x00, 0x00,
    0x0E, 0x0E, 0x00, 0x00,
    0x0E, 0x00, 0xE0, 0x00,
    0x0E, 0xEE, 0x0E, 0x00,
    0x00, 0x00, 0x00, 0x00,

    0xFF, 0x00, 0xFF, 0xFF,
    0xF0, 0xFF, 0x0F, 0xFF,
    0xF0, 0xFF, 0xFF, 0xFF,
    0xFF, 0x0F, 0xFF, 0xFF,
    0xF0, 0xF0, 0xFF, 0xFF,
    0xF0, 0xFF, 0x0F, 0xFF,
    0xF0, 0x00, 0xF0, 0xFF,
    0xFF, 0xFF, 0xFF, 0xFF,

    0x00, 0x00, 0xEE, 0x00,
    0x00, 0x0E, 0x00, 0xE0,
    0x00, 0x00, 0x00, 0xE0,
    0x00, 0x00, 0x0E, 0x00,
    0x00, 0x00, 0xE0, 0xE0,
    0x00, 0x0E, 0x00, 0xE0,
    0x00, 0xE0, 0xEE, 0xE0,
    0x00, 0x00, 0x00, 0x00,

    0xFF, 0xFF, 0x00, 0xFF,
    0xFF, 0xF0, 0xFF, 0x0F,
    0xFF, 0xFF, 0xFF, 0x0F,
    0xFF, 0xFF, 0xF0, 0xFF,
    0xFF, 0xFF, 0x0F, 0x0F,
    0xFF, 0xF0, 0xFF, 0x0F,
    0xFF, 0x0F, 0x00, 0x0F,
    0xFF, 0xFF, 0xFF, 0xFF,


/* Tile ID 680, isSolid: false */
    0x00, 0xEE, 0xE0, 0x00,
    0x00, 0xEE, 0xE0, 0x00,
    0x00, 0x00, 0xE0, 0x00,
    0x00, 0xEE, 0x00, 0x00,
    0x00, 0x00, 0x00, 0x00,
    0x00, 0x00, 0x00, 0x00,
    0x00, 0x00, 0x00, 0x00,
    0x00, 0x00, 0x00, 0x00,

    0xFF, 0x00, 0x0F, 0xFF,
    0xFF, 0x00, 0x0F, 0xFF,
    0xFF, 0xFF, 0x0F, 0xFF,
    0xFF, 0x00, 0xFF, 0xFF,
    0xFF, 0xFF, 0xFF, 0xFF,
    0xFF, 0xFF, 0xFF, 0xFF,
    0xFF, 0xFF, 0xFF, 0xFF,
    0xFF, 0xFF, 0xFF, 0xFF,

    0x00, 0x0E, 0xEE, 0x00,
    0x00, 0x0E, 0xEE, 0x00,
    0x00, 0x0E, 0x00, 0x00,
    0x00, 0x00, 0xEE, 0x00,
    0x00, 0x00, 0x00, 0x00,
    0x00, 0x00, 0x00, 0x00,
    0x00, 0x00, 0x00, 0x00,
    0x00, 0x00, 0x00, 0x00,

    0xFF, 0xF0, 0x00, 0xFF,
    0xFF, 0xF0, 0x00, 0xFF,
    0xFF, 0xF0, 0xFF, 0xFF,
    0xFF, 0xFF, 0x00, 0xFF,
    0xFF, 0xFF, 0xFF, 0xFF,
    0xFF, 0xFF, 0xFF, 0xFF,
    0xFF, 0xFF, 0xFF, 0xFF,
    0xFF, 0xFF, 0xFF, 0xFF,


/* Tile ID 681, isSolid: false */
    0x00, 0x0E, 0xE0, 0x00,
    0x00, 0xEE, 0x00, 0x00,
    0x0E, 0xE0, 0x00, 0x00,
    0x0E, 0xE0, 0x00, 0x00,
    0x0E, 0xE0, 0x00, 0x00,
    0x00, 0xEE, 0x00, 0x00,
    0x00, 0x0E, 0xE0, 0x00,
    0x00, 0x00, 0x00, 0x00,

    0xFF, 0xF0, 0x0F, 0xFF,
    0xFF, 0x00, 0xFF, 0xFF,
    0xF0, 0x0F, 0xFF, 0xFF,
    0xF0, 0x0F, 0xFF, 0xFF,
    0xF0, 0x0F, 0xFF, 0xFF,
    0xFF, 0x00, 0xFF, 0xFF,
    0xFF, 0xF0, 0x0F, 0xFF,
    0xFF, 0xFF, 0xFF, 0xFF,

    0x00, 0x0E, 0xE0, 0x00,
    0x00, 0x00, 0xEE, 0x00,
    0x00, 0x00, 0x0E, 0xE0,
    0x00, 0x00, 0x0E, 0xE0,
    0x00, 0x00, 0x0E, 0xE0,
    0x00, 0x00, 0xEE, 0x00,
    0x00, 0x0E, 0xE0, 0x00,
    0x00, 0x00, 0x00, 0x00,

    0xFF, 0xF0, 0x0F, 0xFF,
    0xFF, 0xFF, 0x00, 0xFF,
    0xFF, 0xFF, 0xF0, 0x0F,
    0xFF, 0xFF, 0xF0, 0x0F,
    0xFF, 0xFF, 0xF0, 0x0F,
    0xFF, 0xFF, 0x00, 0xFF,
    0xFF, 0xF0, 0x0F, 0xFF,
    0xFF, 0xFF, 0xFF, 0xFF,


/* Tile ID 682, isSolid: false */
    0x0E, 0xE0, 0x00, 0x00,
    0x00, 0xEE, 0x00, 0x00,
    0x00, 0x0E, 0xE0, 0x00,
    0x00, 0x0E, 0xE0, 0x00,
    0x00, 0x0E, 0xE0, 0x00,
    0x00, 0xEE, 0x00, 0x00,
    0x0E, 0xE0, 0x00, 0x00,
    0x00, 0x00, 0x00, 0x00,

    0xF0, 0x0F, 0xFF, 0xFF,
    0xFF, 0x00, 0xFF, 0xFF,
    0xFF, 0xF0, 0x0F, 0xFF,
    0xFF, 0xF0, 0x0F, 0xFF,
    0xFF, 0xF0, 0x0F, 0xFF,
    0xFF, 0x00, 0xFF, 0xFF,
    0xF0, 0x0F, 0xFF, 0xFF,
    0xFF, 0xFF, 0xFF, 0xFF,

    0x00, 0x00, 0x0E, 0xE0,
    0x00, 0x00, 0xEE, 0x00,
    0x00, 0x0E, 0xE0, 0x00,
    0x00, 0x0E, 0xE0, 0x00,
    0x00, 0x0E, 0xE0, 0x00,
    0x00, 0x00, 0xEE, 0x00,
    0x00, 0x00, 0x0E, 0xE0,
    0x00, 0x00, 0x00, 0x00,

    0xFF, 0xFF, 0xF0, 0x0F,
    0xFF, 0xFF, 0x00, 0xFF,
    0xFF, 0xF0, 0x0F, 0xFF,
    0xFF, 0xF0, 0x0F, 0xFF,
    0xFF, 0xF0, 0x0F, 0xFF,
    0xFF, 0xFF, 0x00, 0xFF,
    0xFF, 0xFF, 0xF0, 0x0F,
    0xFF, 0xFF, 0xFF, 0xFF,


/* Tile ID 683, isSolid: false */
    0x00, 0xE0, 0x00, 0x00,
    0xE0, 0xE0, 0xE0, 0x00,
    0x0E, 0xEE, 0x00, 0x00,
    0x00, 0xE0, 0x00, 0x00,
    0x0E, 0xEE, 0x00, 0x00,
    0xE0, 0xE0, 0xE0, 0x00,
    0x00, 0xE0, 0x00, 0x00,
    0x00, 0x00, 0x00, 0x00,

    0xFF, 0x0F, 0xFF, 0xFF,
    0x0F, 0x0F, 0x0F, 0xFF,
    0xF0, 0x00, 0xFF, 0xFF,
    0xFF, 0x0F, 0xFF, 0xFF,
    0xF0, 0x00, 0xFF, 0xFF,
    0x0F, 0x0F, 0x0F, 0xFF,
    0xFF, 0x0F, 0xFF, 0xFF,
    0xFF, 0xFF, 0xFF, 0xFF,

    0x00, 0x00, 0x0E, 0x00,
    0x00, 0x0E, 0x0E, 0x0E,
    0x00, 0x00, 0xEE, 0xE0,
    0x00, 0x00, 0x0E, 0x00,
    0x00, 0x00, 0xEE, 0xE0,
    0x00, 0x0E, 0x0E, 0x0E,
    0x00, 0x00, 0x0E, 0x00,
    0x00, 0x00, 0x00, 0x00,

    0xFF, 0xFF, 0xF0, 0xFF,
    0xFF, 0xF0, 0xF0, 0xF0,
    0xFF, 0xFF, 0x00, 0x0F,
    0xFF, 0xFF, 0xF0, 0xFF,
    0xFF, 0xFF, 0x00, 0x0F,
    0xFF, 0xF0, 0xF0, 0xF0,
    0xFF, 0xFF, 0xF0, 0xFF,
    0xFF, 0xFF, 0xFF, 0xFF,


/* Tile ID 684, isSolid: false */
    0x00, 0x00, 0x00, 0x00,
    0x00, 0x0E, 0x00, 0x00,
    0x00, 0x0E, 0x00, 0x00,
    0x0E, 0xEE, 0xEE, 0x00,
    0x00, 0x0E, 0xE0, 0x00,
    0x00, 0x0E, 0xE0, 0x00,
    0x00, 0x00, 0x00, 0x00,
    0x00, 0x00, 0x00, 0x00,

    0xFF, 0xFF, 0xFF, 0xFF,
    0xFF, 0xF0, 0xFF, 0xFF,
    0xFF, 0xF0, 0xFF, 0xFF,
    0xF0, 0x00, 0x00, 0xFF,
    0xFF, 0xF0, 0x0F, 0xFF,
    0xFF, 0xF0, 0x0F, 0xFF,
    0xFF, 0xFF, 0xFF, 0xFF,
    0xFF, 0xFF, 0xFF, 0xFF,

    0x00, 0x00, 0x00, 0x00,
    0x00, 0x00, 0xE0, 0x00,
    0x00, 0x00, 0xE0, 0x00,
    0x00, 0xEE, 0xEE, 0xE0,
    0x00, 0x0E, 0xE0, 0x00,
    0x00, 0x0E, 0xE0, 0x00,
    0x00, 0x00, 0x00, 0x00,
    0x00, 0x00, 0x00, 0x00,

    0xFF, 0xFF, 0xFF, 0xFF,
    0xFF, 0xFF, 0x0F, 0xFF,
    0xFF, 0xFF, 0x0F, 0xFF,
    0xFF, 0x00, 0x00, 0x0F,
    0xFF, 0xF0, 0x0F, 0xFF,
    0xFF, 0xF0, 0x0F, 0xFF,
    0xFF, 0xFF, 0xFF, 0xFF,
    0xFF, 0xFF, 0xFF, 0xFF,


/* Tile ID 685, isSolid: false */
    0x00, 0x00, 0x00, 0x00,
    0x00, 0x00, 0x00, 0x00,
    0x00, 0x00, 0x00, 0x00,
    0x00, 0x00, 0x00, 0x00,
    0x00, 0xEE, 0xE0, 0x00,
    0x00, 0xEE, 0xE0, 0x00,
    0x00, 0x00, 0xE0, 0x00,
    0x00, 0xEE, 0x00, 0x00,

    0xFF, 0xFF, 0xFF, 0xFF,
    0xFF, 0xFF, 0xFF, 0xFF,
    0xFF, 0xFF, 0xFF, 0xFF,
    0xFF, 0xFF, 0xFF, 0xFF,
    0xFF, 0x00, 0x0F, 0xFF,
    0xFF, 0x00, 0x0F, 0xFF,
    0xFF, 0xFF, 0x0F, 0xFF,
    0xFF, 0x00, 0xFF, 0xFF,

    0x00, 0x00, 0x00, 0x00,
    0x00, 0x00, 0x00, 0x00,
    0x00, 0x00, 0x00, 0x00,
    0x00, 0x00, 0x00, 0x00,
    0x00, 0x0E, 0xEE, 0x00,
    0x00, 0x0E, 0xEE, 0x00,
    0x00, 0x0E, 0x00, 0x00,
    0x00, 0x00, 0xEE, 0x00,

    0xFF, 0xFF, 0xFF, 0xFF,
    0xFF, 0xFF, 0xFF, 0xFF,
    0xFF, 0xFF, 0xFF, 0xFF,
    0xFF, 0xFF, 0xFF, 0xFF,
    0xFF, 0xF0, 0x00, 0xFF,
    0xFF, 0xF0, 0x00, 0xFF,
    0xFF, 0xF0, 0xFF, 0xFF,
    0xFF, 0xFF, 0x00, 0xFF,


/* Tile ID 686, isSolid: false */
    0x00, 0x00, 0x00, 0x00,
    0x00, 0x00, 0x00, 0x00,
    0x00, 0x00, 0x00, 0x00,
    0x0C, 0xCC, 0xCC, 0x00,
    0x0C, 0xCC, 0xCC, 0x00,
    0x00, 0x00, 0x00, 0x00,
    0x00, 0x00, 0x00, 0x00,
    0x00, 0x00, 0x00, 0x00,

    0xFF, 0xFF, 0xFF, 0xFF,
    0xFF, 0xFF, 0xFF, 0xFF,
    0xFF, 0xFF, 0xFF, 0xFF,
    0xF0, 0x00, 0x00, 0xFF,
    0xF0, 0x00, 0x00, 0xFF,
    0xFF, 0xFF, 0xFF, 0xFF,
    0xFF, 0xFF, 0xFF, 0xFF,
    0xFF, 0xFF, 0xFF, 0xFF,

    0x00, 0x00, 0x00, 0x00,
    0x00, 0x00, 0x00, 0x00,
    0x00, 0x00, 0x00, 0x00,
    0x00, 0xCC, 0xCC, 0xC0,
    0x00, 0xCC, 0xCC, 0xC0,
    0x00, 0x00, 0x00, 0x00,
    0x00, 0x00, 0x00, 0x00,
    0x00, 0x00, 0x00, 0x00,

    0xFF, 0xFF, 0xFF, 0xFF,
    0xFF, 0xFF, 0xFF, 0xFF,
    0xFF, 0xFF, 0xFF, 0xFF,
    0xFF, 0x00, 0x00, 0x0F,
    0xFF, 0x00, 0x00, 0x0F,
    0xFF, 0xFF, 0xFF, 0xFF,
    0xFF, 0xFF, 0xFF, 0xFF,
    0xFF, 0xFF, 0xFF, 0xFF,


/* Tile ID 687, isSolid: false */
    0x00, 0x00, 0x00, 0x00,
    0x00, 0x00, 0x00, 0x00,
    0x00, 0x00, 0x00, 0x00,
    0x00, 0x00, 0x00, 0x00,
    0x00, 0xCC, 0xC0, 0x00,
    0x00, 0xCC, 0xC0, 0x00,
    0x00, 0xCC, 0xC0, 0x00,
    0x00, 0x00, 0x00, 0x00,

    0xFF, 0xFF, 0xFF, 0xFF,
    0xFF, 0xFF, 0xFF, 0xFF,
    0xFF, 0xFF, 0xFF, 0xFF,
    0xFF, 0xFF, 0xFF, 0xFF,
    0xFF, 0x00, 0x0F, 0xFF,
    0xFF, 0x00, 0x0F, 0xFF,
    0xFF, 0x00, 0x0F, 0xFF,
    0xFF, 0xFF, 0xFF, 0xFF,

    0x00, 0x00, 0x00, 0x00,
    0x00, 0x00, 0x00, 0x00,
    0x00, 0x00, 0x00, 0x00,
    0x00, 0x00, 0x00, 0x00,
    0x00, 0x0C, 0xCC, 0x00,
    0x00, 0x0C, 0xCC, 0x00,
    0x00, 0x0C, 0xCC, 0x00,
    0x00, 0x00, 0x00, 0x00,

    0xFF, 0xFF, 0xFF, 0xFF,
    0xFF, 0xFF, 0xFF, 0xFF,
    0xFF, 0xFF, 0xFF, 0xFF,
    0xFF, 0xFF, 0xFF, 0xFF,
    0xFF, 0xF0, 0x00, 0xFF,
    0xFF, 0xF0, 0x00, 0xFF,
    0xFF, 0xF0, 0x00, 0xFF,
    0xFF, 0xFF, 0xFF, 0xFF,


/* Tile ID 688, isSolid: false */
    0x00, 0x00, 0x00, 0xE0,
    0x00, 0x00, 0x0E, 0x00,
    0x00, 0x00, 0xE0, 0x00,
    0x00, 0x0E, 0x00, 0x00,
    0x00, 0xE0, 0x00, 0x00,
    0x0E, 0x00, 0x00, 0x00,
    0xE0, 0x00, 0x00, 0x00,
    0x00, 0x00, 0x00, 0x00,

    0xFF, 0xFF, 0xFF, 0x0F,
    0xFF, 0xFF, 0xF0, 0xFF,
    0xFF, 0xFF, 0x0F, 0xFF,
    0xFF, 0xF0, 0xFF, 0xFF,
    0xFF, 0x0F, 0xFF, 0xFF,
    0xF0, 0xFF, 0xFF, 0xFF,
    0x0F, 0xFF, 0xFF, 0xFF,
    0xFF, 0xFF, 0xFF, 0xFF,

    0x0E, 0x00, 0x00, 0x00,
    0x00, 0xE0, 0x00, 0x00,
    0x00, 0x0E, 0x00, 0x00,
    0x00, 0x00, 0xE0, 0x00,
    0x00, 0x00, 0x0E, 0x00,
    0x00, 0x00, 0x00, 0xE0,
    0x00, 0x00, 0x00, 0x0E,
    0x00, 0x00, 0x00, 0x00,

    0xF0, 0xFF, 0xFF, 0xFF,
    0xFF, 0x0F, 0xFF, 0xFF,
    0xFF, 0xF0, 0xFF, 0xFF,
    0xFF, 0xFF, 0x0F, 0xFF,
    0xFF, 0xFF, 0xF0, 0xFF,
    0xFF, 0xFF, 0xFF, 0x0F,
    0xFF, 0xFF, 0xFF, 0xF0,
    0xFF, 0xFF, 0xFF, 0xFF,


/* Tile ID 689, isSolid: false */
    0xCC, 0xCC, 0xC0, 0x00,
    0xC0, 0x00, 0xC0, 0x00,
    0xC0, 0x0C, 0xC0, 0x00,
    0xC0, 0xC0, 0xC0, 0x00,
    0xCC, 0x00, 0xC0, 0x00,
    0xCC, 0x00, 0xC0, 0x00,
    0xCC, 0xCC, 0xC0, 0x00,
    0x00, 0x00, 0x00, 0x00,

    0x00, 0x00, 0x0F, 0xFF,
    0x0F, 0xFF, 0x0F, 0xFF,
    0x0F, 0xF0, 0x0F, 0xFF,
    0x0F, 0x0F, 0x0F, 0xFF,
    0x00, 0xFF, 0x0F, 0xFF,
    0x00, 0xFF, 0x0F, 0xFF,
    0x00, 0x00, 0x0F, 0xFF,
    0xFF, 0xFF, 0xFF, 0xFF,

    0x00, 0x0C, 0xCC, 0xCC,
    0x00, 0x0C, 0x00, 0x0C,
    0x00, 0x0C, 0xC0, 0x0C,
    0x00, 0x0C, 0x0C, 0x0C,
    0x00, 0x0C, 0x00, 0xCC,
    0x00, 0x0C, 0x00, 0xCC,
    0x00, 0x0C, 0xCC, 0xCC,
    0x00, 0x00, 0x00, 0x00,

    0xFF, 0xF0, 0x00, 0x00,
    0xFF, 0xF0, 0xFF, 0xF0,
    0xFF, 0xF0, 0x0F, 0xF0,
    0xFF, 0xF0, 0xF0, 0xF0,
    0xFF, 0xF0, 0xFF, 0x00,
    0xFF, 0xF0, 0xFF, 0x00,
    0xFF, 0xF0, 0x00, 0x00,
    0xFF, 0xFF, 0xFF, 0xFF,


/* Tile ID 690, isSolid: false */
    0xCC, 0xC0, 0x00, 0x00,
    0x00, 0xC0, 0x00, 0x00,
    0x00, 0xC0, 0x00, 0x00,
    0x00, 0xC0, 0x00, 0x00,
    0x00, 0xC0, 0x00, 0x00,
    0x00, 0xC0, 0x00, 0x00,
    0xCC, 0xCC, 0xC0, 0x00,
    0x00, 0x00, 0x00, 0x00,

    0x00, 0x0F, 0xFF, 0xFF,
    0xFF, 0x0F, 0xFF, 0xFF,
    0xFF, 0x0F, 0xFF, 0xFF,
    0xFF, 0x0F, 0xFF, 0xFF,
    0xFF, 0x0F, 0xFF, 0xFF,
    0xFF, 0x0F, 0xFF, 0xFF,
    0x00, 0x00, 0x0F, 0xFF,
    0xFF, 0xFF, 0xFF, 0xFF,

    0x00, 0x00, 0x0C, 0xCC,
    0x00, 0x00, 0x0C, 0x00,
    0x00, 0x00, 0x0C, 0x00,
    0x00, 0x00, 0x0C, 0x00,
    0x00, 0x00, 0x0C, 0x00,
    0x00, 0x00, 0x0C, 0x00,
    0x00, 0x0C, 0xCC, 0xCC,
    0x00, 0x00, 0x00, 0x00,

    0xFF, 0xFF, 0xF0, 0x00,
    0xFF, 0xFF, 0xF0, 0xFF,
    0xFF, 0xFF, 0xF0, 0xFF,
    0xFF, 0xFF, 0xF0, 0xFF,
    0xFF, 0xFF, 0xF0, 0xFF,
    0xFF, 0xFF, 0xF0, 0xFF,
    0xFF, 0xF0, 0x00, 0x00,
    0xFF, 0xFF, 0xFF, 0xFF,


/* Tile ID 691, isSolid: false */
    0xCC, 0xCC, 0xCC, 0x00,
    0x00, 0x00, 0x0C, 0x00,
    0x00, 0x00, 0x0C, 0x00,
    0xCC, 0xCC, 0xCC, 0x00,
    0xCC, 0x00, 0x00, 0x00,
    0xCC, 0x00, 0x00, 0x00,
    0xCC, 0xCC, 0xCC, 0x00,
    0x00, 0x00, 0x00, 0x00,

    0x00, 0x00, 0x00, 0xFF,
    0xFF, 0xFF, 0xF0, 0xFF,
    0xFF, 0xFF, 0xF0, 0xFF,
    0x00, 0x00, 0x00, 0xFF,
    0x00, 0xFF, 0xFF, 0xFF,
    0x00, 0xFF, 0xFF, 0xFF,
    0x00, 0x00, 0x00, 0xFF,
    0xFF, 0xFF, 0xFF, 0xFF,

    0x00, 0xCC, 0xCC, 0xCC,
    0x00, 0xC0, 0x00, 0x00,
    0x00, 0xC0, 0x00, 0x00,
    0x00, 0xCC, 0xCC, 0xCC,
    0x00, 0x00, 0x00, 0xCC,
    0x00, 0x00, 0x00, 0xCC,
    0x00, 0xCC, 0xCC, 0xCC,
    0x00, 0x00, 0x00, 0x00,

    0xFF, 0x00, 0x00, 0x00,
    0xFF, 0x0F, 0xFF, 0xFF,
    0xFF, 0x0F, 0xFF, 0xFF,
    0xFF, 0x00, 0x00, 0x00,
    0xFF, 0xFF, 0xFF, 0x00,
    0xFF, 0xFF, 0xFF, 0x00,
    0xFF, 0x00, 0x00, 0x00,
    0xFF, 0xFF, 0xFF, 0xFF,


/* Tile ID 692, isSolid: false */
    0x0C, 0xCC, 0xC0, 0x00,
    0x00, 0x00, 0xC0, 0x00,
    0x00, 0x00, 0xC0, 0x00,
    0x0C, 0xCC, 0xC0, 0x00,
    0x00, 0x0C, 0xC0, 0x00,
    0x00, 0x0C, 0xC0, 0x00,
    0xCC, 0xCC, 0xC0, 0x00,
    0x00, 0x00, 0x00, 0x00,

    0xF0, 0x00, 0x0F, 0xFF,
    0xFF, 0xFF, 0x0F, 0xFF,
    0xFF, 0xFF, 0x0F, 0xFF,
    0xF0, 0x00, 0x0F, 0xFF,
    0xFF, 0xF0, 0x0F, 0xFF,
    0xFF, 0xF0, 0x0F, 0xFF,
    0x00, 0x00, 0x0F, 0xFF,
    0xFF, 0xFF, 0xFF, 0xFF,

    0x00, 0x0C, 0xCC, 0xC0,
    0x00, 0x0C, 0x00, 0x00,
    0x00, 0x0C, 0x00, 0x00,
    0x00, 0x0C, 0xCC, 0xC0,
    0x00, 0x0C, 0xC0, 0x00,
    0x00, 0x0C, 0xC0, 0x00,
    0x00, 0x0C, 0xCC, 0xCC,
    0x00, 0x00, 0x00, 0x00,

    0xFF, 0xF0, 0x00, 0x0F,
    0xFF, 0xF0, 0xFF, 0xFF,
    0xFF, 0xF0, 0xFF, 0xFF,
    0xFF, 0xF0, 0x00, 0x0F,
    0xFF, 0xF0, 0x0F, 0xFF,
    0xFF, 0xF0, 0x0F, 0xFF,
    0xFF, 0xF0, 0x00, 0x00,
    0xFF, 0xFF, 0xFF, 0xFF,


/* Tile ID 693, isSolid: false */
    0xC0, 0x00, 0xC0, 0x00,
    0xC0, 0x00, 0xC0, 0x00,
    0xC0, 0x00, 0xC0, 0x00,
    0xC0, 0x00, 0xC0, 0x00,
    0xCC, 0xCC, 0xCC, 0x00,
    0x00, 0x0C, 0xC0, 0x00,
    0x00, 0x0C, 0xC0, 0x00,
    0x00, 0x00, 0x00, 0x00,

    0x0F, 0xFF, 0x0F, 0xFF,
    0x0F, 0xFF, 0x0F, 0xFF,
    0x0F, 0xFF, 0x0F, 0xFF,
    0x0F, 0xFF, 0x0F, 0xFF,
    0x00, 0x00, 0x00, 0xFF,
    0xFF, 0xF0, 0x0F, 0xFF,
    0xFF, 0xF0, 0x0F, 0xFF,
    0xFF, 0xFF, 0xFF, 0xFF,

    0x00, 0x0C, 0x00, 0x0C,
    0x00, 0x0C, 0x00, 0x0C,
    0x00, 0x0C, 0x00, 0x0C,
    0x00, 0x0C, 0x00, 0x0C,
    0x00, 0xCC, 0xCC, 0xCC,
    0x00, 0x0C, 0xC0, 0x00,
    0x00, 0x0C, 0xC0, 0x00,
    0x00, 0x00, 0x00, 0x00,

    0xFF, 0xF0, 0xFF, 0xF0,
    0xFF, 0xF0, 0xFF, 0xF0,
    0xFF, 0xF0, 0xFF, 0xF0,
    0xFF, 0xF0, 0xFF, 0xF0,
    0xFF, 0x00, 0x00, 0x00,
    0xFF, 0xF0, 0x0F, 0xFF,
    0xFF, 0xF0, 0x0F, 0xFF,
    0xFF, 0xFF, 0xFF, 0xFF,


/* Tile ID 694, isSolid: false */
    0xCC, 0xCC, 0xC0, 0x00,
    0xC0, 0x00, 0x00, 0x00,
    0xC0, 0x00, 0x00, 0x00,
    0xCC, 0xCC, 0xC0, 0x00,
    0x00, 0x0C, 0xC0, 0x00,
    0xC0, 0x0C, 0xC0, 0x00,
    0xCC, 0xCC, 0xC0, 0x00,
    0x00, 0x00, 0x00, 0x00,

    0x00, 0x00, 0x0F, 0xFF,
    0x0F, 0xFF, 0xFF, 0xFF,
    0x0F, 0xFF, 0xFF, 0xFF,
    0x00, 0x00, 0x0F, 0xFF,
    0xFF, 0xF0, 0x0F, 0xFF,
    0x0F, 0xF0, 0x0F, 0xFF,
    0x00, 0x00, 0x0F, 0xFF,
    0xFF, 0xFF, 0xFF, 0xFF,

    0x00, 0x0C, 0xCC, 0xCC,
    0x00, 0x00, 0x00, 0x0C,
    0x00, 0x00, 0x00, 0x0C,
    0x00, 0x0C, 0xCC, 0xCC,
    0x00, 0x0C, 0xC0, 0x00,
    0x00, 0x0C, 0xC0, 0x0C,
    0x00, 0x0C, 0xCC, 0xCC,
    0x00, 0x00, 0x00, 0x00,

    0xFF, 0xF0, 0x00, 0x00,
    0xFF, 0xFF, 0xFF, 0xF0,
    0xFF, 0xFF, 0xFF, 0xF0,
    0xFF, 0xF0, 0x00, 0x00,
    0xFF, 0xF0, 0x0F, 0xFF,
    0xFF, 0xF0, 0x0F, 0xF0,
    0xFF, 0xF0, 0x00, 0x00,
    0xFF, 0xFF, 0xFF, 0xFF,


/* Tile ID 695, isSolid: false */
    0xCC, 0xCC, 0xC0, 0x00,
    0xC0, 0x00, 0xC0, 0x00,
    0xC0, 0x00, 0x00, 0x00,
    0xCC, 0xCC, 0xC0, 0x00,
    0xCC, 0x00, 0xC0, 0x00,
    0xCC, 0x00, 0xC0, 0x00,
    0xCC, 0xCC, 0xC0, 0x00,
    0x00, 0x00, 0x00, 0x00,

    0x00, 0x00, 0x0F, 0xFF,
    0x0F, 0xFF, 0x0F, 0xFF,
    0x0F, 0xFF, 0xFF, 0xFF,
    0x00, 0x00, 0x0F, 0xFF,
    0x00, 0xFF, 0x0F, 0xFF,
    0x00, 0xFF, 0x0F, 0xFF,
    0x00, 0x00, 0x0F, 0xFF,
    0xFF, 0xFF, 0xFF, 0xFF,

    0x00, 0x0C, 0xCC, 0xCC,
    0x00, 0x0C, 0x00, 0x0C,
    0x00, 0x00, 0x00, 0x0C,
    0x00, 0x0C, 0xCC, 0xCC,
    0x00, 0x0C, 0x00, 0xCC,
    0x00, 0x0C, 0x00, 0xCC,
    0x00, 0x0C, 0xCC, 0xCC,
    0x00, 0x00, 0x00, 0x00,

    0xFF, 0xF0, 0x00, 0x00,
    0xFF, 0xF0, 0xFF, 0xF0,
    0xFF, 0xFF, 0xFF, 0xF0,
    0xFF, 0xF0, 0x00, 0x00,
    0xFF, 0xF0, 0xFF, 0x00,
    0xFF, 0xF0, 0xFF, 0x00,
    0xFF, 0xF0, 0x00, 0x00,
    0xFF, 0xFF, 0xFF, 0xFF,


/* Tile ID 696, isSolid: false */
    0xCC, 0xCC, 0xC0, 0x00,
    0xC0, 0x00, 0xC0, 0x00,
    0x00, 0x0C, 0x00, 0x00,
    0x00, 0xC0, 0x00, 0x00,
    0x0C, 0xC0, 0x00, 0x00,
    0x0C, 0xC0, 0x00, 0x00,
    0x0C, 0xC0, 0x00, 0x00,
    0x00, 0x00, 0x00, 0x00,

    0x00, 0x00, 0x0F, 0xFF,
    0x0F, 0xFF, 0x0F, 0xFF,
    0xFF, 0xF0, 0xFF, 0xFF,
    0xFF, 0x0F, 0xFF, 0xFF,
    0xF0, 0x0F, 0xFF, 0xFF,
    0xF0, 0x0F, 0xFF, 0xFF,
    0xF0, 0x0F, 0xFF, 0xFF,
    0xFF, 0xFF, 0xFF, 0xFF,

    0x00, 0x0C, 0xCC, 0xCC,
    0x00, 0x0C, 0x00, 0x0C,
    0x00, 0x00, 0xC0, 0x00,
    0x00, 0x00, 0x0C, 0x00,
    0x00, 0x00, 0x0C, 0xC0,
    0x00, 0x00, 0x0C, 0xC0,
    0x00, 0x00, 0x0C, 0xC0,
    0x00, 0x00, 0x00, 0x00,

    0xFF, 0xF0, 0x00, 0x00,
    0xFF, 0xF0, 0xFF, 0xF0,
    0xFF, 0xFF, 0x0F, 0xFF,
    0xFF, 0xFF, 0xF0, 0xFF,
    0xFF, 0xFF, 0xF0, 0x0F,
    0xFF, 0xFF, 0xF0, 0x0F,
    0xFF, 0xFF, 0xF0, 0x0F,
    0xFF, 0xFF, 0xFF, 0xFF,


/* Tile ID 697, isSolid: false */
    0xCC, 0xCC, 0xC0, 0x00,
    0xC0, 0x00, 0xC0, 0x00,
    0xC0, 0x00, 0xC0, 0x00,
    0xCC, 0xCC, 0xC0, 0x00,
    0xCC, 0x00, 0xC0, 0x00,
    0xCC, 0x00, 0xC0, 0x00,
    0xCC, 0xCC, 0xC0, 0x00,
    0x00, 0x00, 0x00, 0x00,

    0x00, 0x00, 0x0F, 0xFF,
    0x0F, 0xFF, 0x0F, 0xFF,
    0x0F, 0xFF, 0x0F, 0xFF,
    0x00, 0x00, 0x0F, 0xFF,
    0x00, 0xFF, 0x0F, 0xFF,
    0x00, 0xFF, 0x0F, 0xFF,
    0x00, 0x00, 0x0F, 0xFF,
    0xFF, 0xFF, 0xFF, 0xFF,

    0x00, 0x0C, 0xCC, 0xCC,
    0x00, 0x0C, 0x00, 0x0C,
    0x00, 0x0C, 0x00, 0x0C,
    0x00, 0x0C, 0xCC, 0xCC,
    0x00, 0x0C, 0x00, 0xCC,
    0x00, 0x0C, 0x00, 0xCC,
    0x00, 0x0C, 0xCC, 0xCC,
    0x00, 0x00, 0x00, 0x00,

    0xFF, 0xF0, 0x00, 0x00,
    0xFF, 0xF0, 0xFF, 0xF0,
    0xFF, 0xF0, 0xFF, 0xF0,
    0xFF, 0xF0, 0x00, 0x00,
    0xFF, 0xF0, 0xFF, 0x00,
    0xFF, 0xF0, 0xFF, 0x00,
    0xFF, 0xF0, 0x00, 0x00,
    0xFF, 0xFF, 0xFF, 0xFF,


/* Tile ID 698, isSolid: false */
    0xCC, 0xCC, 0xC0, 0x00,
    0xC0, 0x00, 0xC0, 0x00,
    0xC0, 0x00, 0xC0, 0x00,
    0xCC, 0xCC, 0xC0, 0x00,
    0x00, 0x0C, 0xC0, 0x00,
    0xC0, 0x0C, 0xC0, 0x00,
    0xCC, 0xCC, 0xC0, 0x00,
    0x00, 0x00, 0x00, 0x00,

    0x00, 0x00, 0x0F, 0xFF,
    0x0F, 0xFF, 0x0F, 0xFF,
    0x0F, 0xFF, 0x0F, 0xFF,
    0x00, 0x00, 0x0F, 0xFF,
    0xFF, 0xF0, 0x0F, 0xFF,
    0x0F, 0xF0, 0x0F, 0xFF,
    0x00, 0x00, 0x0F, 0xFF,
    0xFF, 0xFF, 0xFF, 0xFF,

    0x00, 0x0C, 0xCC, 0xCC,
    0x00, 0x0C, 0x00, 0x0C,
    0x00, 0x0C, 0x00, 0x0C,
    0x00, 0x0C, 0xCC, 0xCC,
    0x00, 0x0C, 0xC0, 0x00,
    0x00, 0x0C, 0xC0, 0x0C,
    0x00, 0x0C, 0xCC, 0xCC,
    0x00, 0x00, 0x00, 0x00,

    0xFF, 0xF0, 0x00, 0x00,
    0xFF, 0xF0, 0xFF, 0xF0,
    0xFF, 0xF0, 0xFF, 0xF0,
    0xFF, 0xF0, 0x00, 0x00,
    0xFF, 0xF0, 0x0F, 0xFF,
    0xFF, 0xF0, 0x0F, 0xF0,
    0xFF, 0xF0, 0x00, 0x00,
    0xFF, 0xFF, 0xFF, 0xFF,


/* Tile ID 699, isSolid: false */
    0x00, 0x00, 0x00, 0x00,
    0x00, 0xEE, 0xE0, 0x00,
    0x00, 0xEE, 0xE0, 0x00,
    0x00, 0x00, 0x00, 0x00,
    0x00, 0xEE, 0xE0, 0x00,
    0x00, 0xEE, 0xE0, 0x00,
    0x00, 0x00, 0x00, 0x00,
    0x00, 0x00, 0x00, 0x00,

    0xFF, 0xFF, 0xFF, 0xFF,
    0xFF, 0x00, 0x0F, 0xFF,
    0xFF, 0x00, 0x0F, 0xFF,
    0xFF, 0xFF, 0xFF, 0xFF,
    0xFF, 0x00, 0x0F, 0xFF,
    0xFF, 0x00, 0x0F, 0xFF,
    0xFF, 0xFF, 0xFF, 0xFF,
    0xFF, 0xFF, 0xFF, 0xFF,

    0x00, 0x00, 0x00, 0x00,
    0x00, 0x0E, 0xEE, 0x00,
    0x00, 0x0E, 0xEE, 0x00,
    0x00, 0x00, 0x00, 0x00,
    0x00, 0x0E, 0xEE, 0x00,
    0x00, 0x0E, 0xEE, 0x00,
    0x00, 0x00, 0x00, 0x00,
    0x00, 0x00, 0x00, 0x00,

    0xFF, 0xFF, 0xFF, 0xFF,
    0xFF, 0xF0, 0x00, 0xFF,
    0xFF, 0xF0, 0x00, 0xFF,
    0xFF, 0xFF, 0xFF, 0xFF,
    0xFF, 0xF0, 0x00, 0xFF,
    0xFF, 0xF0, 0x00, 0xFF,
    0xFF, 0xFF, 0xFF, 0xFF,
    0xFF, 0xFF, 0xFF, 0xFF,


/* Tile ID 700, isSolid: false */
    0x00, 0x00, 0x00, 0x00,
    0x00, 0xEE, 0xE0, 0x00,
    0x00, 0xEE, 0xE0, 0x00,
    0x00, 0x00, 0x00, 0x00,
    0x00, 0xEE, 0xE0, 0x00,
    0x00, 0xEE, 0xE0, 0x00,
    0x00, 0x00, 0xE0, 0x00,
    0x00, 0xEE, 0x00, 0x00,

    0xFF, 0xFF, 0xFF, 0xFF,
    0xFF, 0x00, 0x0F, 0xFF,
    0xFF, 0x00, 0x0F, 0xFF,
    0xFF, 0xFF, 0xFF, 0xFF,
    0xFF, 0x00, 0x0F, 0xFF,
    0xFF, 0x00, 0x0F, 0xFF,
    0xFF, 0xFF, 0x0F, 0xFF,
    0xFF, 0x00, 0xFF, 0xFF,

    0x00, 0x00, 0x00, 0x00,
    0x00, 0x0E, 0xEE, 0x00,
    0x00, 0x0E, 0xEE, 0x00,
    0x00, 0x00, 0x00, 0x00,
    0x00, 0x0E, 0xEE, 0x00,
    0x00, 0x0E, 0xEE, 0x00,
    0x00, 0x0E, 0x00, 0x00,
    0x00, 0x00, 0xEE, 0x00,

    0xFF, 0xFF, 0xFF, 0xFF,
    0xFF, 0xF0, 0x00, 0xFF,
    0xFF, 0xF0, 0x00, 0xFF,
    0xFF, 0xFF, 0xFF, 0xFF,
    0xFF, 0xF0, 0x00, 0xFF,
    0xFF, 0xF0, 0x00, 0xFF,
    0xFF, 0xF0, 0xFF, 0xFF,
    0xFF, 0xFF, 0x00, 0xFF,


/* Tile ID 701, isSolid: false */
    0x00, 0x00, 0xE0, 0x00,
    0x00, 0x0E, 0x00, 0x00,
    0x00, 0xE0, 0x00, 0x00,
    0xEE, 0x00, 0x00, 0x00,
    0x00, 0xE0, 0x00, 0x00,
    0x00, 0x0E, 0x00, 0x00,
    0x00, 0x00, 0xE0, 0x00,
    0x00, 0x00, 0x00, 0x00,

    0xFF, 0xFF, 0x0F, 0xFF,
    0xFF, 0xF0, 0xFF, 0xFF,
    0xFF, 0x0F, 0xFF, 0xFF,
    0x00, 0xFF, 0xFF, 0xFF,
    0xFF, 0x0F, 0xFF, 0xFF,
    0xFF, 0xF0, 0xFF, 0xFF,
    0xFF, 0xFF, 0x0F, 0xFF,
    0xFF, 0xFF, 0xFF, 0xFF,

    0x00, 0x0E, 0x00, 0x00,
    0x00, 0x00, 0xE0, 0x00,
    0x00, 0x00, 0x0E, 0x00,
    0x00, 0x00, 0x00, 0xEE,
    0x00, 0x00, 0x0E, 0x00,
    0x00, 0x00, 0xE0, 0x00,
    0x00, 0x0E, 0x00, 0x00,
    0x00, 0x00, 0x00, 0x00,

    0xFF, 0xF0, 0xFF, 0xFF,
    0xFF, 0xFF, 0x0F, 0xFF,
    0xFF, 0xFF, 0xF0, 0xFF,
    0xFF, 0xFF, 0xFF, 0x00,
    0xFF, 0xFF, 0xF0, 0xFF,
    0xFF, 0xFF, 0x0F, 0xFF,
    0xFF, 0xF0, 0xFF, 0xFF,
    0xFF, 0xFF, 0xFF, 0xFF,


/* Tile ID 702, isSolid: false */
    0x00, 0x00, 0x00, 0x00,
    0x0E, 0xEE, 0xEE, 0x00,
    0x0E, 0xEE, 0xEE, 0x00,
    0x00, 0x00, 0x00, 0x00,
    0x0E, 0xEE, 0xEE, 0x00,
    0x0E, 0xEE, 0xEE, 0x00,
    0x00, 0x00, 0x00, 0x00,
    0x00, 0x00, 0x00, 0x00,

    0xFF, 0xFF, 0xFF, 0xFF,
    0xF0, 0x00, 0x00, 0xFF,
    0xF0, 0x00, 0x00, 0xFF,
    0xFF, 0xFF, 0xFF, 0xFF,
    0xF0, 0x00, 0x00, 0xFF,
    0xF0, 0x00, 0x00, 0xFF,
    0xFF, 0xFF, 0xFF, 0xFF,
    0xFF, 0xFF, 0xFF, 0xFF,

    0x00, 0x00, 0x00, 0x00,
    0x00, 0xEE, 0xEE, 0xE0,
    0x00, 0xEE, 0xEE, 0xE0,
    0x00, 0x00, 0x00, 0x00,
    0x00, 0xEE, 0xEE, 0xE0,
    0x00, 0xEE, 0xEE, 0xE0,
    0x00, 0x00, 0x00, 0x00,
    0x00, 0x00, 0x00, 0x00,

    0xFF, 0xFF, 0xFF, 0xFF,
    0xFF, 0x00, 0x00, 0x0F,
    0xFF, 0x00, 0x00, 0x0F,
    0xFF, 0xFF, 0xFF, 0xFF,
    0xFF, 0x00, 0x00, 0x0F,
    0xFF, 0x00, 0x00, 0x0F,
    0xFF, 0xFF, 0xFF, 0xFF,
    0xFF, 0xFF, 0xFF, 0xFF,


/* Tile ID 703, isSolid: false */
    0xE0, 0x00, 0x00, 0x00,
    0x0E, 0x00, 0x00, 0x00,
    0x00, 0xE0, 0x00, 0x00,
    0x00, 0x0E, 0xE0, 0x00,
    0x00, 0xE0, 0x00, 0x00,
    0x0E, 0x00, 0x00, 0x00,
    0xE0, 0x00, 0x00, 0x00,
    0x00, 0x00, 0x00, 0x00,

    0x0F, 0xFF, 0xFF, 0xFF,
    0xF0, 0xFF, 0xFF, 0xFF,
    0xFF, 0x0F, 0xFF, 0xFF,
    0xFF, 0xF0, 0x0F, 0xFF,
    0xFF, 0x0F, 0xFF, 0xFF,
    0xF0, 0xFF, 0xFF, 0xFF,
    0x0F, 0xFF, 0xFF, 0xFF,
    0xFF, 0xFF, 0xFF, 0xFF,

    0x00, 0x00, 0x00, 0x0E,
    0x00, 0x00, 0x00, 0xE0,
    0x00, 0x00, 0x0E, 0x00,
    0x00, 0x0E, 0xE0, 0x00,
    0x00, 0x00, 0x0E, 0x00,
    0x00, 0x00, 0x00, 0xE0,
    0x00, 0x00, 0x00, 0x0E,
    0x00, 0x00, 0x00, 0x00,

    0xFF, 0xFF, 0xFF, 0xF0,
    0xFF, 0xFF, 0xFF, 0x0F,
    0xFF, 0xFF, 0xF0, 0xFF,
    0xFF, 0xF0, 0x0F, 0xFF,
    0xFF, 0xFF, 0xF0, 0xFF,
    0xFF, 0xFF, 0xFF, 0x0F,
    0xFF, 0xFF, 0xFF, 0xF0,
    0xFF, 0xFF, 0xFF, 0xFF,


/* Tile ID 704, isSolid: false */
    0x0C, 0xCC, 0xCC, 0xC0,
    0x0C, 0x00, 0x00, 0xC0,
    0x00, 0x00, 0x00, 0xC0,
    0x00, 0x0C, 0xCC, 0xC0,
    0x00, 0x0C, 0x00, 0x00,
    0x00, 0x00, 0x00, 0x00,
    0x00, 0x0C, 0x00, 0x00,
    0x00, 0x00, 0x00, 0x00,

    0xF0, 0x00, 0x00, 0x0F,
    0xF0, 0xFF, 0xFF, 0x0F,
    0xFF, 0xFF, 0xFF, 0x0F,
    0xFF, 0xF0, 0x00, 0x0F,
    0xFF, 0xF0, 0xFF, 0xFF,
    0xFF, 0xFF, 0xFF, 0xFF,
    0xFF, 0xF0, 0xFF, 0xFF,
    0xFF, 0xFF, 0xFF, 0xFF,

    0x0C, 0xCC, 0xCC, 0xC0,
    0x0C, 0x00, 0x00, 0xC0,
    0x0C, 0x00, 0x00, 0x00,
    0x0C, 0xCC, 0xC0, 0x00,
    0x00, 0x00, 0xC0, 0x00,
    0x00, 0x00, 0x00, 0x00,
    0x00, 0x00, 0xC0, 0x00,
    0x00, 0x00, 0x00, 0x00,

    0xF0, 0x00, 0x00, 0x0F,
    0xF0, 0xFF, 0xFF, 0x0F,
    0xF0, 0xFF, 0xFF, 0xFF,
    0xF0, 0x00, 0x0F, 0xFF,
    0xFF, 0xFF, 0x0F, 0xFF,
    0xFF, 0xFF, 0xFF, 0xFF,
    0xFF, 0xFF, 0x0F, 0xFF,
    0xFF, 0xFF, 0xFF, 0xFF,


/* Tile ID 705, isSolid: false */
    0x00, 0xEE, 0xEE, 0x00,
    0x00, 0xE0, 0x0E, 0x00,
    0x00, 0xEE, 0xEE, 0x00,
    0x00, 0x00, 0x00, 0x00,
    0x00, 0x00, 0x00, 0x00,
    0x00, 0x00, 0x00, 0x00,
    0x00, 0x00, 0x00, 0x00,
    0x00, 0x00, 0x00, 0x00,

    0xFF, 0x00, 0x00, 0xFF,
    0xFF, 0x0F, 0xF0, 0xFF,
    0xFF, 0x00, 0x00, 0xFF,
    0xFF, 0xFF, 0xFF, 0xFF,
    0xFF, 0xFF, 0xFF, 0xFF,
    0xFF, 0xFF, 0xFF, 0xFF,
    0xFF, 0xFF, 0xFF, 0xFF,
    0xFF, 0xFF, 0xFF, 0xFF,

    0x00, 0xEE, 0xEE, 0x00,
    0x00, 0xE0, 0x0E, 0x00,
    0x00, 0xEE, 0xEE, 0x00,
    0x00, 0x00, 0x00, 0x00,
    0x00, 0x00, 0x00, 0x00,
    0x00, 0x00, 0x00, 0x00,
    0x00, 0x00, 0x00, 0x00,
    0x00, 0x00, 0x00, 0x00,

    0xFF, 0x00, 0x00, 0xFF,
    0xFF, 0x0F, 0xF0, 0xFF,
    0xFF, 0x00, 0x00, 0xFF,
    0xFF, 0xFF, 0xFF, 0xFF,
    0xFF, 0xFF, 0xFF, 0xFF,
    0xFF, 0xFF, 0xFF, 0xFF,
    0xFF, 0xFF, 0xFF, 0xFF,
    0xFF, 0xFF, 0xFF, 0xFF,


/* Tile ID 706, isSolid: false */
    0xEE, 0xEE, 0xE0, 0x00,
    0xE0, 0x00, 0xE0, 0x00,
    0xEE, 0xEE, 0xEE, 0x00,
    0xE0, 0x00, 0x0E, 0x00,
    0xEE, 0x00, 0x0E, 0x00,
    0xEE, 0x00, 0x0E, 0x00,
    0xEE, 0x00, 0x0E, 0x00,
    0x00, 0x00, 0x00, 0x00,

    0x00, 0x00, 0x0F, 0xFF,
    0x0F, 0xFF, 0x0F, 0xFF,
    0x00, 0x00, 0x00, 0xFF,
    0x0F, 0xFF, 0xF0, 0xFF,
    0x00, 0xFF, 0xF0, 0xFF,
    0x00, 0xFF, 0xF0, 0xFF,
    0x00, 0xFF, 0xF0, 0xFF,
    0xFF, 0xFF, 0xFF, 0xFF,

    0x00, 0x0E, 0xEE, 0xEE,
    0x00, 0x0E, 0x00, 0x0E,
    0x00, 0xEE, 0xEE, 0xEE,
    0x00, 0xE0, 0x00, 0x0E,
    0x00, 0xE0, 0x00, 0xEE,
    0x00, 0xE0, 0x00, 0xEE,
    0x00, 0xE0, 0x00, 0xEE,
    0x00, 0x00, 0x00, 0x00,

    0xFF, 0xF0, 0x00, 0x00,
    0xFF, 0xF0, 0xFF, 0xF0,
    0xFF, 0x00, 0x00, 0x00,
    0xFF, 0x0F, 0xFF, 0xF0,
    0xFF, 0x0F, 0xFF, 0x00,
    0xFF, 0x0F, 0xFF, 0x00,
    0xFF, 0x0F, 0xFF, 0x00,
    0xFF, 0xFF, 0xFF, 0xFF,


/* Tile ID 707, isSolid: false */
    0xEE, 0xEE, 0xE0, 0x00,
    0xE0, 0x00, 0xE0, 0x00,
    0xEE, 0xEE, 0xEE, 0x00,
    0xE0, 0x00, 0x0E, 0x00,
    0xEE, 0x00, 0x0E, 0x00,
    0xEE, 0x00, 0x0E, 0x00,
    0xEE, 0xEE, 0xEE, 0x00,
    0x00, 0x00, 0x00, 0x00,

    0x00, 0x00, 0x0F, 0xFF,
    0x0F, 0xFF, 0x0F, 0xFF,
    0x00, 0x00, 0x00, 0xFF,
    0x0F, 0xFF, 0xF0, 0xFF,
    0x00, 0xFF, 0xF0, 0xFF,
    0x00, 0xFF, 0xF0, 0xFF,
    0x00, 0x00, 0x00, 0xFF,
    0xFF, 0xFF, 0xFF, 0xFF,

    0x00, 0x0E, 0xEE, 0xEE,
    0x00, 0x0E, 0x00, 0x0E,
    0x00, 0xEE, 0xEE, 0xEE,
    0x00, 0xE0, 0x00, 0x0E,
    0x00, 0xE0, 0x00, 0xEE,
    0x00, 0xE0, 0x00, 0xEE,
    0x00, 0xEE, 0xEE, 0xEE,
    0x00, 0x00, 0x00, 0x00,

    0xFF, 0xF0, 0x00, 0x00,
    0xFF, 0xF0, 0xFF, 0xF0,
    0xFF, 0x00, 0x00, 0x00,
    0xFF, 0x0F, 0xFF, 0xF0,
    0xFF, 0x0F, 0xFF, 0x00,
    0xFF, 0x0F, 0xFF, 0x00,
    0xFF, 0x00, 0x00, 0x00,
    0xFF, 0xFF, 0xFF, 0xFF,


/* Tile ID 708, isSolid: false */
    0xEE, 0xEE, 0xEE, 0x00,
    0xE0, 0x00, 0x0E, 0x00,
    0xE0, 0x00, 0x00, 0x00,
    0xEE, 0x00, 0x00, 0x00,
    0xEE, 0x00, 0x00, 0x00,
    0xEE, 0x00, 0x0E, 0x00,
    0xEE, 0xEE, 0xEE, 0x00,
    0x00, 0x00, 0x00, 0x00,

    0x00, 0x00, 0x00, 0xFF,
    0x0F, 0xFF, 0xF0, 0xFF,
    0x0F, 0xFF, 0xFF, 0xFF,
    0x00, 0xFF, 0xFF, 0xFF,
    0x00, 0xFF, 0xFF, 0xFF,
    0x00, 0xFF, 0xF0, 0xFF,
    0x00, 0x00, 0x00, 0xFF,
    0xFF, 0xFF, 0xFF, 0xFF,

    0x00, 0xEE, 0xEE, 0xEE,
    0x00, 0xE0, 0x00, 0x0E,
    0x00, 0x00, 0x00, 0x0E,
    0x00, 0x00, 0x00, 0xEE,
    0x00, 0x00, 0x00, 0xEE,
    0x00, 0xE0, 0x00, 0xEE,
    0x00, 0xEE, 0xEE, 0xEE,
    0x00, 0x00, 0x00, 0x00,

    0xFF, 0x00, 0x00, 0x00,
    0xFF, 0x0F, 0xFF, 0xF0,
    0xFF, 0xFF, 0xFF, 0xF0,
    0xFF, 0xFF, 0xFF, 0x00,
    0xFF, 0xFF, 0xFF, 0x00,
    0xFF, 0x0F, 0xFF, 0x00,
    0xFF, 0x00, 0x00, 0x00,
    0xFF, 0xFF, 0xFF, 0xFF,


/* Tile ID 709, isSolid: false */
    0xEE, 0xEE, 0xE0, 0x00,
    0xE0, 0x00, 0x0E, 0x00,
    0xE0, 0x00, 0x0E, 0x00,
    0xEE, 0x00, 0x0E, 0x00,
    0xEE, 0x00, 0x0E, 0x00,
    0xEE, 0x00, 0x0E, 0x00,
    0xEE, 0xEE, 0xE0, 0x00,
    0x00, 0x00, 0x00, 0x00,

    0x00, 0x00, 0x0F, 0xFF,
    0x0F, 0xFF, 0xF0, 0xFF,
    0x0F, 0xFF, 0xF0, 0xFF,
    0x00, 0xFF, 0xF0, 0xFF,
    0x00, 0xFF, 0xF0, 0xFF,
    0x00, 0xFF, 0xF0, 0xFF,
    0x00, 0x00, 0x0F, 0xFF,
    0xFF, 0xFF, 0xFF, 0xFF,

    0x00, 0x0E, 0xEE, 0xEE,
    0x00, 0xE0, 0x00, 0x0E,
    0x00, 0xE0, 0x00, 0x0E,
    0x00, 0xE0, 0x00, 0xEE,
    0x00, 0xE0, 0x00, 0xEE,
    0x00, 0xE0, 0x00, 0xEE,
    0x00, 0x0E, 0xEE, 0xEE,
    0x00, 0x00, 0x00, 0x00,

    0xFF, 0xF0, 0x00, 0x00,
    0xFF, 0x0F, 0xFF, 0xF0,
    0xFF, 0x0F, 0xFF, 0xF0,
    0xFF, 0x0F, 0xFF, 0x00,
    0xFF, 0x0F, 0xFF, 0x00,
    0xFF, 0x0F, 0xFF, 0x00,
    0xFF, 0xF0, 0x00, 0x00,
    0xFF, 0xFF, 0xFF, 0xFF,


/* Tile ID 710, isSolid: false */
    0xEE, 0xEE, 0xEE, 0x00,
    0xE0, 0x00, 0x00, 0x00,
    0xEE, 0xEE, 0x00, 0x00,
    0xE0, 0x00, 0x00, 0x00,
    0xEE, 0x00, 0x00, 0x00,
    0xEE, 0x00, 0x00, 0x00,
    0xEE, 0xEE, 0xEE, 0x00,
    0x00, 0x00, 0x00, 0x00,

    0x00, 0x00, 0x00, 0xFF,
    0x0F, 0xFF, 0xFF, 0xFF,
    0x00, 0x00, 0xFF, 0xFF,
    0x0F, 0xFF, 0xFF, 0xFF,
    0x00, 0xFF, 0xFF, 0xFF,
    0x00, 0xFF, 0xFF, 0xFF,
    0x00, 0x00, 0x00, 0xFF,
    0xFF, 0xFF, 0xFF, 0xFF,

    0x00, 0xEE, 0xEE, 0xEE,
    0x00, 0x00, 0x00, 0x0E,
    0x00, 0x00, 0xEE, 0xEE,
    0x00, 0x00, 0x00, 0x0E,
    0x00, 0x00, 0x00, 0xEE,
    0x00, 0x00, 0x00, 0xEE,
    0x00, 0xEE, 0xEE, 0xEE,
    0x00, 0x00, 0x00, 0x00,

    0xFF, 0x00, 0x00, 0x00,
    0xFF, 0xFF, 0xFF, 0xF0,
    0xFF, 0xFF, 0x00, 0x00,
    0xFF, 0xFF, 0xFF, 0xF0,
    0xFF, 0xFF, 0xFF, 0x00,
    0xFF, 0xFF, 0xFF, 0x00,
    0xFF, 0x00, 0x00, 0x00,
    0xFF, 0xFF, 0xFF, 0xFF,


/* Tile ID 711, isSolid: false */
    0xEE, 0xEE, 0xEE, 0x00,
    0xE0, 0x00, 0x00, 0x00,
    0xEE, 0xEE, 0xE0, 0x00,
    0xE0, 0x00, 0x00, 0x00,
    0xEE, 0x00, 0x00, 0x00,
    0xEE, 0x00, 0x00, 0x00,
    0xEE, 0x00, 0x00, 0x00,
    0x00, 0x00, 0x00, 0x00,

    0x00, 0x00, 0x00, 0xFF,
    0x0F, 0xFF, 0xFF, 0xFF,
    0x00, 0x00, 0x0F, 0xFF,
    0x0F, 0xFF, 0xFF, 0xFF,
    0x00, 0xFF, 0xFF, 0xFF,
    0x00, 0xFF, 0xFF, 0xFF,
    0x00, 0xFF, 0xFF, 0xFF,
    0xFF, 0xFF, 0xFF, 0xFF,

    0x00, 0xEE, 0xEE, 0xEE,
    0x00, 0x00, 0x00, 0x0E,
    0x00, 0x0E, 0xEE, 0xEE,
    0x00, 0x00, 0x00, 0x0E,
    0x00, 0x00, 0x00, 0xEE,
    0x00, 0x00, 0x00, 0xEE,
    0x00, 0x00, 0x00, 0xEE,
    0x00, 0x00, 0x00, 0x00,

    0xFF, 0x00, 0x00, 0x00,
    0xFF, 0xFF, 0xFF, 0xF0,
    0xFF, 0xF0, 0x00, 0x00,
    0xFF, 0xFF, 0xFF, 0xF0,
    0xFF, 0xFF, 0xFF, 0x00,
    0xFF, 0xFF, 0xFF, 0x00,
    0xFF, 0xFF, 0xFF, 0x00,
    0xFF, 0xFF, 0xFF, 0xFF,


/* Tile ID 712, isSolid: false */
    0xEE, 0xEE, 0xEE, 0x00,
    0xE0, 0x00, 0x0E, 0x00,
    0xE0, 0x00, 0x00, 0x00,
    0xE0, 0x0E, 0xEE, 0x00,
    0xEE, 0x00, 0x0E, 0x00,
    0xEE, 0x00, 0x0E, 0x00,
    0xEE, 0xEE, 0xEE, 0x00,
    0x00, 0x00, 0x00, 0x00,

    0x00, 0x00, 0x00, 0xFF,
    0x0F, 0xFF, 0xF0, 0xFF,
    0x0F, 0xFF, 0xFF, 0xFF,
    0x0F, 0xF0, 0x00, 0xFF,
    0x00, 0xFF, 0xF0, 0xFF,
    0x00, 0xFF, 0xF0, 0xFF,
    0x00, 0x00, 0x00, 0xFF,
    0xFF, 0xFF, 0xFF, 0xFF,

    0x00, 0xEE, 0xEE, 0xEE,
    0x00, 0xE0, 0x00, 0x0E,
    0x00, 0x00, 0x00, 0x0E,
    0x00, 0xEE, 0xE0, 0x0E,
    0x00, 0xE0, 0x00, 0xEE,
    0x00, 0xE0, 0x00, 0xEE,
    0x00, 0xEE, 0xEE, 0xEE,
    0x00, 0x00, 0x00, 0x00,

    0xFF, 0x00, 0x00, 0x00,
    0xFF, 0x0F, 0xFF, 0xF0,
    0xFF, 0xFF, 0xFF, 0xF0,
    0xFF, 0x00, 0x0F, 0xF0,
    0xFF, 0x0F, 0xFF, 0x00,
    0xFF, 0x0F, 0xFF, 0x00,
    0xFF, 0x00, 0x00, 0x00,
    0xFF, 0xFF, 0xFF, 0xFF,


/* Tile ID 713, isSolid: false */
    0xE0, 0x00, 0x0E, 0x00,
    0xE0, 0x00, 0x0E, 0x00,
    0xEE, 0xEE, 0xEE, 0x00,
    0xE0, 0x00, 0x0E, 0x00,
    0xEE, 0x00, 0x0E, 0x00,
    0xEE, 0x00, 0x0E, 0x00,
    0xEE, 0x00, 0x0E, 0x00,
    0x00, 0x00, 0x00, 0x00,

    0x0F, 0xFF, 0xF0, 0xFF,
    0x0F, 0xFF, 0xF0, 0xFF,
    0x00, 0x00, 0x00, 0xFF,
    0x0F, 0xFF, 0xF0, 0xFF,
    0x00, 0xFF, 0xF0, 0xFF,
    0x00, 0xFF, 0xF0, 0xFF,
    0x00, 0xFF, 0xF0, 0xFF,
    0xFF, 0xFF, 0xFF, 0xFF,

    0x00, 0xE0, 0x00, 0x0E,
    0x00, 0xE0, 0x00, 0x0E,
    0x00, 0xEE, 0xEE, 0xEE,
    0x00, 0xE0, 0x00, 0x0E,
    0x00, 0xE0, 0x00, 0xEE,
    0x00, 0xE0, 0x00, 0xEE,
    0x00, 0xE0, 0x00, 0xEE,
    0x00, 0x00, 0x00, 0x00,

    0xFF, 0x0F, 0xFF, 0xF0,
    0xFF, 0x0F, 0xFF, 0xF0,
    0xFF, 0x00, 0x00, 0x00,
    0xFF, 0x0F, 0xFF, 0xF0,
    0xFF, 0x0F, 0xFF, 0x00,
    0xFF, 0x0F, 0xFF, 0x00,
    0xFF, 0x0F, 0xFF, 0x00,
    0xFF, 0xFF, 0xFF, 0xFF,


/* Tile ID 714, isSolid: false */
    0x00, 0xE0, 0x00, 0x00,
    0x00, 0xE0, 0x00, 0x00,
    0x00, 0xE0, 0x00, 0x00,
    0x00, 0xEE, 0x00, 0x00,
    0x00, 0xEE, 0x00, 0x00,
    0x00, 0xEE, 0x00, 0x00,
    0x00, 0xEE, 0x00, 0x00,
    0x00, 0x00, 0x00, 0x00,

    0xFF, 0x0F, 0xFF, 0xFF,
    0xFF, 0x0F, 0xFF, 0xFF,
    0xFF, 0x0F, 0xFF, 0xFF,
    0xFF, 0x00, 0xFF, 0xFF,
    0xFF, 0x00, 0xFF, 0xFF,
    0xFF, 0x00, 0xFF, 0xFF,
    0xFF, 0x00, 0xFF, 0xFF,
    0xFF, 0xFF, 0xFF, 0xFF,

    0x00, 0x00, 0x0E, 0x00,
    0x00, 0x00, 0x0E, 0x00,
    0x00, 0x00, 0x0E, 0x00,
    0x00, 0x00, 0xEE, 0x00,
    0x00, 0x00, 0xEE, 0x00,
    0x00, 0x00, 0xEE, 0x00,
    0x00, 0x00, 0xEE, 0x00,
    0x00, 0x00, 0x00, 0x00,

    0xFF, 0xFF, 0xF0, 0xFF,
    0xFF, 0xFF, 0xF0, 0xFF,
    0xFF, 0xFF, 0xF0, 0xFF,
    0xFF, 0xFF, 0x00, 0xFF,
    0xFF, 0xFF, 0x00, 0xFF,
    0xFF, 0xFF, 0x00, 0xFF,
    0xFF, 0xFF, 0x00, 0xFF,
    0xFF, 0xFF, 0xFF, 0xFF,


/* Tile ID 715, isSolid: false */
    0x00, 0x00, 0x0E, 0x00,
    0x00, 0x00, 0x0E, 0x00,
    0x00, 0x00, 0x0E, 0x00,
    0x00, 0x00, 0xEE, 0x00,
    0x00, 0x00, 0xEE, 0x00,
    0xE0, 0x00, 0xEE, 0x00,
    0x0E, 0xEE, 0xE0, 0x00,
    0x00, 0x00, 0x00, 0x00,

    0xFF, 0xFF, 0xF0, 0xFF,
    0xFF, 0xFF, 0xF0, 0xFF,
    0xFF, 0xFF, 0xF0, 0xFF,
    0xFF, 0xFF, 0x00, 0xFF,
    0xFF, 0xFF, 0x00, 0xFF,
    0x0F, 0xFF, 0x00, 0xFF,
    0xF0, 0x00, 0x0F, 0xFF,
    0xFF, 0xFF, 0xFF, 0xFF,

    0x00, 0xE0, 0x00, 0x00,
    0x00, 0xE0, 0x00, 0x00,
    0x00, 0xE0, 0x00, 0x00,
    0x00, 0xEE, 0x00, 0x00,
    0x00, 0xEE, 0x00, 0x00,
    0x00, 0xEE, 0x00, 0x0E,
    0x00, 0x0E, 0xEE, 0xE0,
    0x00, 0x00, 0x00, 0x00,

    0xFF, 0x0F, 0xFF, 0xFF,
    0xFF, 0x0F, 0xFF, 0xFF,
    0xFF, 0x0F, 0xFF, 0xFF,
    0xFF, 0x00, 0xFF, 0xFF,
    0xFF, 0x00, 0xFF, 0xFF,
    0xFF, 0x00, 0xFF, 0xF0,
    0xFF, 0xF0, 0x00, 0x0F,
    0xFF, 0xFF, 0xFF, 0xFF,


/* Tile ID 716, isSolid: false */
    0xE0, 0x00, 0x0E, 0x00,
    0xE0, 0x00, 0xE0, 0x00,
    0xE0, 0x0E, 0x00, 0x00,
    0xEE, 0xEE, 0x00, 0x00,
    0xEE, 0x00, 0xE0, 0x00,
    0xEE, 0x00, 0x0E, 0x00,
    0xEE, 0x00, 0x0E, 0x00,
    0x00, 0x00, 0x00, 0x00,

    0x0F, 0xFF, 0xF0, 0xFF,
    0x0F, 0xFF, 0x0F, 0xFF,
    0x0F, 0xF0, 0xFF, 0xFF,
    0x00, 0x00, 0xFF, 0xFF,
    0x00, 0xFF, 0x0F, 0xFF,
    0x00, 0xFF, 0xF0, 0xFF,
    0x00, 0xFF, 0xF0, 0xFF,
    0xFF, 0xFF, 0xFF, 0xFF,

    0x00, 0xE0, 0x00, 0x0E,
    0x00, 0x0E, 0x00, 0x0E,
    0x00, 0x00, 0xE0, 0x0E,
    0x00, 0x00, 0xEE, 0xEE,
    0x00, 0x0E, 0x00, 0xEE,
    0x00, 0xE0, 0x00, 0xEE,
    0x00, 0xE0, 0x00, 0xEE,
    0x00, 0x00, 0x00, 0x00,

    0xFF, 0x0F, 0xFF, 0xF0,
    0xFF, 0xF0, 0xFF, 0xF0,
    0xFF, 0xFF, 0x0F, 0xF0,
    0xFF, 0xFF, 0x00, 0x00,
    0xFF, 0xF0, 0xFF, 0x00,
    0xFF, 0x0F, 0xFF, 0x00,
    0xFF, 0x0F, 0xFF, 0x00,
    0xFF, 0xFF, 0xFF, 0xFF,


/* Tile ID 717, isSolid: false */
    0xE0, 0x00, 0x00, 0x00,
    0xE0, 0x00, 0x00, 0x00,
    0xE0, 0x00, 0x00, 0x00,
    0xEE, 0x00, 0x00, 0x00,
    0xEE, 0x00, 0x00, 0x00,
    0xEE, 0x00, 0x00, 0x00,
    0xEE, 0xEE, 0xEE, 0x00,
    0x00, 0x00, 0x00, 0x00,

    0x0F, 0xFF, 0xFF, 0xFF,
    0x0F, 0xFF, 0xFF, 0xFF,
    0x0F, 0xFF, 0xFF, 0xFF,
    0x00, 0xFF, 0xFF, 0xFF,
    0x00, 0xFF, 0xFF, 0xFF,
    0x00, 0xFF, 0xFF, 0xFF,
    0x00, 0x00, 0x00, 0xFF,
    0xFF, 0xFF, 0xFF, 0xFF,

    0x00, 0x00, 0x00, 0x0E,
    0x00, 0x00, 0x00, 0x0E,
    0x00, 0x00, 0x00, 0x0E,
    0x00, 0x00, 0x00, 0xEE,
    0x00, 0x00, 0x00, 0xEE,
    0x00, 0x00, 0x00, 0xEE,
    0x00, 0xEE, 0xEE, 0xEE,
    0x00, 0x00, 0x00, 0x00,

    0xFF, 0xFF, 0xFF, 0xF0,
    0xFF, 0xFF, 0xFF, 0xF0,
    0xFF, 0xFF, 0xFF, 0xF0,
    0xFF, 0xFF, 0xFF, 0x00,
    0xFF, 0xFF, 0xFF, 0x00,
    0xFF, 0xFF, 0xFF, 0x00,
    0xFF, 0x00, 0x00, 0x00,
    0xFF, 0xFF, 0xFF, 0xFF,


/* Tile ID 718, isSolid: false */
    0xEE, 0xEE, 0xEE, 0x00,
    0xE0, 0x0E, 0x00, 0xE0,
    0xE0, 0x0E, 0x00, 0xE0,
    0xE0, 0x0E, 0x00, 0xE0,
    0xEE, 0x0E, 0x00, 0xE0,
    0xEE, 0x0E, 0x00, 0xE0,
    0xEE, 0x0E, 0x00, 0xE0,
    0x00, 0x00, 0x00, 0x00,

    0x00, 0x00, 0x00, 0xFF,
    0x0F, 0xF0, 0xFF, 0x0F,
    0x0F, 0xF0, 0xFF, 0x0F,
    0x0F, 0xF0, 0xFF, 0x0F,
    0x00, 0xF0, 0xFF, 0x0F,
    0x00, 0xF0, 0xFF, 0x0F,
    0x00, 0xF0, 0xFF, 0x0F,
    0xFF, 0xFF, 0xFF, 0xFF,

    0x00, 0xEE, 0xEE, 0xEE,
    0x0E, 0x00, 0xE0, 0x0E,
    0x0E, 0x00, 0xE0, 0x0E,
    0x0E, 0x00, 0xE0, 0x0E,
    0x0E, 0x00, 0xE0, 0xEE,
    0x0E, 0x00, 0xE0, 0xEE,
    0x0E, 0x00, 0xE0, 0xEE,
    0x00, 0x00, 0x00, 0x00,

    0xFF, 0x00, 0x00, 0x00,
    0xF0, 0xFF, 0x0F, 0xF0,
    0xF0, 0xFF, 0x0F, 0xF0,
    0xF0, 0xFF, 0x0F, 0xF0,
    0xF0, 0xFF, 0x0F, 0x00,
    0xF0, 0xFF, 0x0F, 0x00,
    0xF0, 0xFF, 0x0F, 0x00,
    0xFF, 0xFF, 0xFF, 0xFF,


/* Tile ID 719, isSolid: false */
    0xEE, 0xE0, 0x0E, 0x00,
    0xE0, 0x0E, 0x0E, 0x00,
    0xE0, 0x0E, 0x0E, 0x00,
    0xE0, 0x0E, 0x0E, 0x00,
    0xEE, 0x0E, 0x0E, 0x00,
    0xEE, 0x0E, 0x0E, 0x00,
    0xEE, 0x00, 0xEE, 0x00,
    0x00, 0x00, 0x00, 0x00,

    0x00, 0x0F, 0xF0, 0xFF,
    0x0F, 0xF0, 0xF0, 0xFF,
    0x0F, 0xF0, 0xF0, 0xFF,
    0x0F, 0xF0, 0xF0, 0xFF,
    0x00, 0xF0, 0xF0, 0xFF,
    0x00, 0xF0, 0xF0, 0xFF,
    0x00, 0xFF, 0x00, 0xFF,
    0xFF, 0xFF, 0xFF, 0xFF,

    0x00, 0xE0, 0x0E, 0xEE,
    0x00, 0xE0, 0xE0, 0x0E,
    0x00, 0xE0, 0xE0, 0x0E,
    0x00, 0xE0, 0xE0, 0x0E,
    0x00, 0xE0, 0xE0, 0xEE,
    0x00, 0xE0, 0xE0, 0xEE,
    0x00, 0xEE, 0x00, 0xEE,
    0x00, 0x00, 0x00, 0x00,

    0xFF, 0x0F, 0xF0, 0x00,
    0xFF, 0x0F, 0x0F, 0xF0,
    0xFF, 0x0F, 0x0F, 0xF0,
    0xFF, 0x0F, 0x0F, 0xF0,
    0xFF, 0x0F, 0x0F, 0x00,
    0xFF, 0x0F, 0x0F, 0x00,
    0xFF, 0x00, 0xFF, 0x00,
    0xFF, 0xFF, 0xFF, 0xFF,


/* Tile ID 720, isSolid: false */
    0xEE, 0xEE, 0xEE, 0x00,
    0xE0, 0x00, 0x0E, 0x00,
    0xE0, 0x00, 0x0E, 0x00,
    0xE0, 0x00, 0x0E, 0x00,
    0xEE, 0x00, 0x0E, 0x00,
    0xEE, 0x00, 0x0E, 0x00,
    0xEE, 0xEE, 0xEE, 0x00,
    0x00, 0x00, 0x00, 0x00,

    0x00, 0x00, 0x00, 0xFF,
    0x0F, 0xFF, 0xF0, 0xFF,
    0x0F, 0xFF, 0xF0, 0xFF,
    0x0F, 0xFF, 0xF0, 0xFF,
    0x00, 0xFF, 0xF0, 0xFF,
    0x00, 0xFF, 0xF0, 0xFF,
    0x00, 0x00, 0x00, 0xFF,
    0xFF, 0xFF, 0xFF, 0xFF,

    0x00, 0xEE, 0xEE, 0xEE,
    0x00, 0xE0, 0x00, 0x0E,
    0x00, 0xE0, 0x00, 0x0E,
    0x00, 0xE0, 0x00, 0x0E,
    0x00, 0xE0, 0x00, 0xEE,
    0x00, 0xE0, 0x00, 0xEE,
    0x00, 0xEE, 0xEE, 0xEE,
    0x00, 0x00, 0x00, 0x00,

    0xFF, 0x00, 0x00, 0x00,
    0xFF, 0x0F, 0xFF, 0xF0,
    0xFF, 0x0F, 0xFF, 0xF0,
    0xFF, 0x0F, 0xFF, 0xF0,
    0xFF, 0x0F, 0xFF, 0x00,
    0xFF, 0x0F, 0xFF, 0x00,
    0xFF, 0x00, 0x00, 0x00,
    0xFF, 0xFF, 0xFF, 0xFF,


/* Tile ID 721, isSolid: false */
    0xEE, 0xEE, 0xEE, 0x00,
    0xE0, 0x00, 0x0E, 0x00,
    0xE0, 0x00, 0x0E, 0x00,
    0xEE, 0xEE, 0xEE, 0x00,
    0xEE, 0x00, 0x00, 0x00,
    0xEE, 0x00, 0x00, 0x00,
    0xEE, 0x00, 0x00, 0x00,
    0x00, 0x00, 0x00, 0x00,

    0x00, 0x00, 0x00, 0xFF,
    0x0F, 0xFF, 0xF0, 0xFF,
    0x0F, 0xFF, 0xF0, 0xFF,
    0x00, 0x00, 0x00, 0xFF,
    0x00, 0xFF, 0xFF, 0xFF,
    0x00, 0xFF, 0xFF, 0xFF,
    0x00, 0xFF, 0xFF, 0xFF,
    0xFF, 0xFF, 0xFF, 0xFF,

    0x00, 0xEE, 0xEE, 0xEE,
    0x00, 0xE0, 0x00, 0x0E,
    0x00, 0xE0, 0x00, 0x0E,
    0x00, 0xEE, 0xEE, 0xEE,
    0x00, 0x00, 0x00, 0xEE,
    0x00, 0x00, 0x00, 0xEE,
    0x00, 0x00, 0x00, 0xEE,
    0x00, 0x00, 0x00, 0x00,

    0xFF, 0x00, 0x00, 0x00,
    0xFF, 0x0F, 0xFF, 0xF0,
    0xFF, 0x0F, 0xFF, 0xF0,
    0xFF, 0x00, 0x00, 0x00,
    0xFF, 0xFF, 0xFF, 0x00,
    0xFF, 0xFF, 0xFF, 0x00,
    0xFF, 0xFF, 0xFF, 0x00,
    0xFF, 0xFF, 0xFF, 0xFF,


/* Tile ID 722, isSolid: false */
    0xEE, 0xEE, 0xEE, 0x00,
    0xE0, 0x00, 0x0E, 0x00,
    0xE0, 0x00, 0x0E, 0x00,
    0xE0, 0x0E, 0x0E, 0x00,
    0xEE, 0x0E, 0x0E, 0x00,
    0xEE, 0x00, 0xE0, 0x00,
    0xEE, 0xEE, 0x0E, 0x00,
    0x00, 0x00, 0x00, 0x00,

    0x00, 0x00, 0x00, 0xFF,
    0x0F, 0xFF, 0xF0, 0xFF,
    0x0F, 0xFF, 0xF0, 0xFF,
    0x0F, 0xF0, 0xF0, 0xFF,
    0x00, 0xF0, 0xF0, 0xFF,
    0x00, 0xFF, 0x0F, 0xFF,
    0x00, 0x00, 0xF0, 0xFF,
    0xFF, 0xFF, 0xFF, 0xFF,

    0x00, 0xEE, 0xEE, 0xEE,
    0x00, 0xE0, 0x00, 0x0E,
    0x00, 0xE0, 0x00, 0x0E,
    0x00, 0xE0, 0xE0, 0x0E,
    0x00, 0xE0, 0xE0, 0xEE,
    0x00, 0x0E, 0x00, 0xEE,
    0x00, 0xE0, 0xEE, 0xEE,
    0x00, 0x00, 0x00, 0x00,

    0xFF, 0x00, 0x00, 0x00,
    0xFF, 0x0F, 0xFF, 0xF0,
    0xFF, 0x0F, 0xFF, 0xF0,
    0xFF, 0x0F, 0x0F, 0xF0,
    0xFF, 0x0F, 0x0F, 0x00,
    0xFF, 0xF0, 0xFF, 0x00,
    0xFF, 0x0F, 0x00, 0x00,
    0xFF, 0xFF, 0xFF, 0xFF,


/* Tile ID 723, isSolid: false */
    0xEE, 0xEE, 0xEE, 0x00,
    0xE0, 0x00, 0x0E, 0x00,
    0xE0, 0x00, 0x0E, 0x00,
    0xEE, 0xEE, 0xEE, 0x00,
    0xEE, 0x00, 0xE0, 0x00,
    0xEE, 0x00, 0x0E, 0x00,
    0xEE, 0x00, 0x0E, 0x00,
    0x00, 0x00, 0x00, 0x00,

    0x00, 0x00, 0x00, 0xFF,
    0x0F, 0xFF, 0xF0, 0xFF,
    0x0F, 0xFF, 0xF0, 0xFF,
    0x00, 0x00, 0x00, 0xFF,
    0x00, 0xFF, 0x0F, 0xFF,
    0x00, 0xFF, 0xF0, 0xFF,
    0x00, 0xFF, 0xF0, 0xFF,
    0xFF, 0xFF, 0xFF, 0xFF,

    0x00, 0xEE, 0xEE, 0xEE,
    0x00, 0xE0, 0x00, 0x0E,
    0x00, 0xE0, 0x00, 0x0E,
    0x00, 0xEE, 0xEE, 0xEE,
    0x00, 0x0E, 0x00, 0xEE,
    0x00, 0xE0, 0x00, 0xEE,
    0x00, 0xE0, 0x00, 0xEE,
    0x00, 0x00, 0x00, 0x00,

    0xFF, 0x00, 0x00, 0x00,
    0xFF, 0x0F, 0xFF, 0xF0,
    0xFF, 0x0F, 0xFF, 0xF0,
    0xFF, 0x00, 0x00, 0x00,
    0xFF, 0xF0, 0xFF, 0x00,
    0xFF, 0x0F, 0xFF, 0x00,
    0xFF, 0x0F, 0xFF, 0x00,
    0xFF, 0xFF, 0xFF, 0xFF,


/* Tile ID 724, isSolid: false */
    0xEE, 0xEE, 0xEE, 0x00,
    0xE0, 0x00, 0x00, 0x00,
    0xE0, 0x00, 0x00, 0x00,
    0xEE, 0xEE, 0xEE, 0x00,
    0x00, 0x00, 0xEE, 0x00,
    0x00, 0x00, 0xEE, 0x00,
    0xEE, 0xEE, 0xEE, 0x00,
    0x00, 0x00, 0x00, 0x00,

    0x00, 0x00, 0x00, 0xFF,
    0x0F, 0xFF, 0xFF, 0xFF,
    0x0F, 0xFF, 0xFF, 0xFF,
    0x00, 0x00, 0x00, 0xFF,
    0xFF, 0xFF, 0x00, 0xFF,
    0xFF, 0xFF, 0x00, 0xFF,
    0x00, 0x00, 0x00, 0xFF,
    0xFF, 0xFF, 0xFF, 0xFF,

    0x00, 0xEE, 0xEE, 0xEE,
    0x00, 0x00, 0x00, 0x0E,
    0x00, 0x00, 0x00, 0x0E,
    0x00, 0xEE, 0xEE, 0xEE,
    0x00, 0xEE, 0x00, 0x00,
    0x00, 0xEE, 0x00, 0x00,
    0x00, 0xEE, 0xEE, 0xEE,
    0x00, 0x00, 0x00, 0x00,

    0xFF, 0x00, 0x00, 0x00,
    0xFF, 0xFF, 0xFF, 0xF0,
    0xFF, 0xFF, 0xFF, 0xF0,
    0xFF, 0x00, 0x00, 0x00,
    0xFF, 0x00, 0xFF, 0xFF,
    0xFF, 0x00, 0xFF, 0xFF,
    0xFF, 0x00, 0x00, 0x00,
    0xFF, 0xFF, 0xFF, 0xFF,


/* Tile ID 725, isSolid: false */
    0xEE, 0xEE, 0xEE, 0x00,
    0x00, 0xE0, 0x00, 0x00,
    0x00, 0xE0, 0x00, 0x00,
    0x00, 0xE0, 0x00, 0x00,
    0x00, 0xEE, 0x00, 0x00,
    0x00, 0xEE, 0x00, 0x00,
    0x00, 0xEE, 0x00, 0x00,
    0x00, 0x00, 0x00, 0x00,

    0x00, 0x00, 0x00, 0xFF,
    0xFF, 0x0F, 0xFF, 0xFF,
    0xFF, 0x0F, 0xFF, 0xFF,
    0xFF, 0x0F, 0xFF, 0xFF,
    0xFF, 0x00, 0xFF, 0xFF,
    0xFF, 0x00, 0xFF, 0xFF,
    0xFF, 0x00, 0xFF, 0xFF,
    0xFF, 0xFF, 0xFF, 0xFF,

    0x00, 0xEE, 0xEE, 0xEE,
    0x00, 0x00, 0x0E, 0x00,
    0x00, 0x00, 0x0E, 0x00,
    0x00, 0x00, 0x0E, 0x00,
    0x00, 0x00, 0xEE, 0x00,
    0x00, 0x00, 0xEE, 0x00,
    0x00, 0x00, 0xEE, 0x00,
    0x00, 0x00, 0x00, 0x00,

    0xFF, 0x00, 0x00, 0x00,
    0xFF, 0xFF, 0xF0, 0xFF,
    0xFF, 0xFF, 0xF0, 0xFF,
    0xFF, 0xFF, 0xF0, 0xFF,
    0xFF, 0xFF, 0x00, 0xFF,
    0xFF, 0xFF, 0x00, 0xFF,
    0xFF, 0xFF, 0x00, 0xFF,
    0xFF, 0xFF, 0xFF, 0xFF,


/* Tile ID 726, isSolid: false */
    0xE0, 0x00, 0x0E, 0x00,
    0xE0, 0x00, 0x0E, 0x00,
    0xE0, 0x00, 0x0E, 0x00,
    0xEE, 0x00, 0x0E, 0x00,
    0xEE, 0x00, 0x0E, 0x00,
    0xEE, 0x00, 0x0E, 0x00,
    0xEE, 0xEE, 0xEE, 0x00,
    0x00, 0x00, 0x00, 0x00,

    0x0F, 0xFF, 0xF0, 0xFF,
    0x0F, 0xFF, 0xF0, 0xFF,
    0x0F, 0xFF, 0xF0, 0xFF,
    0x00, 0xFF, 0xF0, 0xFF,
    0x00, 0xFF, 0xF0, 0xFF,
    0x00, 0xFF, 0xF0, 0xFF,
    0x00, 0x00, 0x00, 0xFF,
    0xFF, 0xFF, 0xFF, 0xFF,

    0x00, 0xE0, 0x00, 0x0E,
    0x00, 0xE0, 0x00, 0x0E,
    0x00, 0xE0, 0x00, 0x0E,
    0x00, 0xE0, 0x00, 0xEE,
    0x00, 0xE0, 0x00, 0xEE,
    0x00, 0xE0, 0x00, 0xEE,
    0x00, 0xEE, 0xEE, 0xEE,
    0x00, 0x00, 0x00, 0x00,

    0xFF, 0x0F, 0xFF, 0xF0,
    0xFF, 0x0F, 0xFF, 0xF0,
    0xFF, 0x0F, 0xFF, 0xF0,
    0xFF, 0x0F, 0xFF, 0x00,
    0xFF, 0x0F, 0xFF, 0x00,
    0xFF, 0x0F, 0xFF, 0x00,
    0xFF, 0x00, 0x00, 0x00,
    0xFF, 0xFF, 0xFF, 0xFF,


/* Tile ID 727, isSolid: false */
    0xE0, 0x00, 0x0E, 0x00,
    0xE0, 0x00, 0x0E, 0x00,
    0xEE, 0x00, 0x0E, 0x00,
    0xEE, 0x00, 0x0E, 0x00,
    0x0E, 0x00, 0x0E, 0x00,
    0x00, 0xE0, 0xE0, 0x00,
    0x00, 0x0E, 0x00, 0x00,
    0x00, 0x00, 0x00, 0x00,

    0x0F, 0xFF, 0xF0, 0xFF,
    0x0F, 0xFF, 0xF0, 0xFF,
    0x00, 0xFF, 0xF0, 0xFF,
    0x00, 0xFF, 0xF0, 0xFF,
    0xF0, 0xFF, 0xF0, 0xFF,
    0xFF, 0x0F, 0x0F, 0xFF,
    0xFF, 0xF0, 0xFF, 0xFF,
    0xFF, 0xFF, 0xFF, 0xFF,

    0x00, 0xE0, 0x00, 0x0E,
    0x00, 0xE0, 0x00, 0x0E,
    0x00, 0xE0, 0x00, 0xEE,
    0x00, 0xE0, 0x00, 0xEE,
    0x00, 0xE0, 0x00, 0xE0,
    0x00, 0x0E, 0x0E, 0x00,
    0x00, 0x00, 0xE0, 0x00,
    0x00, 0x00, 0x00, 0x00,

    0xFF, 0x0F, 0xFF, 0xF0,
    0xFF, 0x0F, 0xFF, 0xF0,
    0xFF, 0x0F, 0xFF, 0x00,
    0xFF, 0x0F, 0xFF, 0x00,
    0xFF, 0x0F, 0xFF, 0x0F,
    0xFF, 0xF0, 0xF0, 0xFF,
    0xFF, 0xFF, 0x0F, 0xFF,
    0xFF, 0xFF, 0xFF, 0xFF,


/* Tile ID 728, isSolid: false */
    0xE0, 0x00, 0x00, 0xE0,
    0xE0, 0x00, 0x00, 0xE0,
    0xE0, 0x0E, 0x00, 0xE0,
    0xE0, 0x0E, 0x00, 0xE0,
    0xEE, 0x0E, 0x00, 0xE0,
    0xEE, 0x0E, 0x00, 0xE0,
    0xEE, 0xEE, 0xEE, 0xE0,
    0x00, 0x00, 0x00, 0x00,

    0x0F, 0xFF, 0xFF, 0x0F,
    0x0F, 0xFF, 0xFF, 0x0F,
    0x0F, 0xF0, 0xFF, 0x0F,
    0x0F, 0xF0, 0xFF, 0x0F,
    0x00, 0xF0, 0xFF, 0x0F,
    0x00, 0xF0, 0xFF, 0x0F,
    0x00, 0x00, 0x00, 0x0F,
    0xFF, 0xFF, 0xFF, 0xFF,

    0x0E, 0x00, 0x00, 0x0E,
    0x0E, 0x00, 0x00, 0x0E,
    0x0E, 0x00, 0xE0, 0x0E,
    0x0E, 0x00, 0xE0, 0x0E,
    0x0E, 0x00, 0xE0, 0xEE,
    0x0E, 0x00, 0xE0, 0xEE,
    0x0E, 0xEE, 0xEE, 0xEE,
    0x00, 0x00, 0x00, 0x00,

    0xF0, 0xFF, 0xFF, 0xF0,
    0xF0, 0xFF, 0xFF, 0xF0,
    0xF0, 0xFF, 0x0F, 0xF0,
    0xF0, 0xFF, 0x0F, 0xF0,
    0xF0, 0xFF, 0x0F, 0x00,
    0xF0, 0xFF, 0x0F, 0x00,
    0xF0, 0x00, 0x00, 0x00,
    0xFF, 0xFF, 0xFF, 0xFF,


/* Tile ID 729, isSolid: false */
    0xE0, 0x00, 0x0E, 0x00,
    0x0E, 0x00, 0xE0, 0x00,
    0x00, 0xEE, 0x00, 0x00,
    0x00, 0xEE, 0x00, 0x00,
    0x0E, 0x00, 0xE0, 0x00,
    0xE0, 0x00, 0x0E, 0x00,
    0xE0, 0x00, 0x0E, 0x00,
    0x00, 0x00, 0x00, 0x00,

    0x0F, 0xFF, 0xF0, 0xFF,
    0xF0, 0xFF, 0x0F, 0xFF,
    0xFF, 0x00, 0xFF, 0xFF,
    0xFF, 0x00, 0xFF, 0xFF,
    0xF0, 0xFF, 0x0F, 0xFF,
    0x0F, 0xFF, 0xF0, 0xFF,
    0x0F, 0xFF, 0xF0, 0xFF,
    0xFF, 0xFF, 0xFF, 0xFF,

    0x00, 0xE0, 0x00, 0x0E,
    0x00, 0x0E, 0x00, 0xE0,
    0x00, 0x00, 0xEE, 0x00,
    0x00, 0x00, 0xEE, 0x00,
    0x00, 0x0E, 0x00, 0xE0,
    0x00, 0xE0, 0x00, 0x0E,
    0x00, 0xE0, 0x00, 0x0E,
    0x00, 0x00, 0x00, 0x00,

    0xFF, 0x0F, 0xFF, 0xF0,
    0xFF, 0xF0, 0xFF, 0x0F,
    0xFF, 0xFF, 0x00, 0xFF,
    0xFF, 0xFF, 0x00, 0xFF,
    0xFF, 0xF0, 0xFF, 0x0F,
    0xFF, 0x0F, 0xFF, 0xF0,
    0xFF, 0x0F, 0xFF, 0xF0,
    0xFF, 0xFF, 0xFF, 0xFF,


/* Tile ID 730, isSolid: false */
    0xE0, 0x00, 0x0E, 0x00,
    0xE0, 0x00, 0x0E, 0x00,
    0xE0, 0x00, 0x0E, 0x00,
    0xEE, 0xEE, 0xEE, 0x00,
    0x00, 0xE0, 0x00, 0x00,
    0x00, 0xEE, 0x00, 0x00,
    0x00, 0xEE, 0x00, 0x00,
    0x00, 0x00, 0x00, 0x00,

    0x0F, 0xFF, 0xF0, 0xFF,
    0x0F, 0xFF, 0xF0, 0xFF,
    0x0F, 0xFF, 0xF0, 0xFF,
    0x00, 0x00, 0x00, 0xFF,
    0xFF, 0x0F, 0xFF, 0xFF,
    0xFF, 0x00, 0xFF, 0xFF,
    0xFF, 0x00, 0xFF, 0xFF,
    0xFF, 0xFF, 0xFF, 0xFF,

    0x00, 0xE0, 0x00, 0x0E,
    0x00, 0xE0, 0x00, 0x0E,
    0x00, 0xE0, 0x00, 0x0E,
    0x00, 0xEE, 0xEE, 0xEE,
    0x00, 0x00, 0x0E, 0x00,
    0x00, 0x00, 0xEE, 0x00,
    0x00, 0x00, 0xEE, 0x00,
    0x00, 0x00, 0x00, 0x00,

    0xFF, 0x0F, 0xFF, 0xF0,
    0xFF, 0x0F, 0xFF, 0xF0,
    0xFF, 0x0F, 0xFF, 0xF0,
    0xFF, 0x00, 0x00, 0x00,
    0xFF, 0xFF, 0xF0, 0xFF,
    0xFF, 0xFF, 0x00, 0xFF,
    0xFF, 0xFF, 0x00, 0xFF,
    0xFF, 0xFF, 0xFF, 0xFF,


/* Tile ID 731, isSolid: false */
    0xEE, 0xEE, 0xEE, 0x00,
    0x00, 0x00, 0xE0, 0x00,
    0x00, 0x0E, 0x00, 0x00,
    0x00, 0xE0, 0x00, 0x00,
    0x0E, 0x00, 0x00, 0x00,
    0xEE, 0x00, 0x00, 0x00,
    0xEE, 0xEE, 0xEE, 0x00,
    0x00, 0x00, 0x00, 0x00,

    0x00, 0x00, 0x00, 0xFF,
    0xFF, 0xFF, 0x0F, 0xFF,
    0xFF, 0xF0, 0xFF, 0xFF,
    0xFF, 0x0F, 0xFF, 0xFF,
    0xF0, 0xFF, 0xFF, 0xFF,
    0x00, 0xFF, 0xFF, 0xFF,
    0x00, 0x00, 0x00, 0xFF,
    0xFF, 0xFF, 0xFF, 0xFF,

    0x00, 0xEE, 0xEE, 0xEE,
    0x00, 0x0E, 0x00, 0x00,
    0x00, 0x00, 0xE0, 0x00,
    0x00, 0x00, 0x0E, 0x00,
    0x00, 0x00, 0x00, 0xE0,
    0x00, 0x00, 0x00, 0xEE,
    0x00, 0xEE, 0xEE, 0xEE,
    0x00, 0x00, 0x00, 0x00,

    0xFF, 0x00, 0x00, 0x00,
    0xFF, 0xF0, 0xFF, 0xFF,
    0xFF, 0xFF, 0x0F, 0xFF,
    0xFF, 0xFF, 0xF0, 0xFF,
    0xFF, 0xFF, 0xFF, 0x0F,
    0xFF, 0xFF, 0xFF, 0x00,
    0xFF, 0x00, 0x00, 0x00,
    0xFF, 0xFF, 0xFF, 0xFF,


/* Tile ID 732, isSolid: false */
    0x0E, 0xEE, 0xE0, 0x00,
    0x0E, 0x00, 0x00, 0x00,
    0x0E, 0x00, 0x00, 0x00,
    0x0E, 0x00, 0x00, 0x00,
    0x0E, 0x00, 0x00, 0x00,
    0x0E, 0x00, 0x00, 0x00,
    0x0E, 0xEE, 0xE0, 0x00,
    0x00, 0x00, 0x00, 0x00,

    0xF0, 0x00, 0x0F, 0xFF,
    0xF0, 0xFF, 0xFF, 0xFF,
    0xF0, 0xFF, 0xFF, 0xFF,
    0xF0, 0xFF, 0xFF, 0xFF,
    0xF0, 0xFF, 0xFF, 0xFF,
    0xF0, 0xFF, 0xFF, 0xFF,
    0xF0, 0x00, 0x0F, 0xFF,
    0xFF, 0xFF, 0xFF, 0xFF,

    0x00, 0x0E, 0xEE, 0xE0,
    0x00, 0x00, 0x00, 0xE0,
    0x00, 0x00, 0x00, 0xE0,
    0x00, 0x00, 0x00, 0xE0,
    0x00, 0x00, 0x00, 0xE0,
    0x00, 0x00, 0x00, 0xE0,
    0x00, 0x0E, 0xEE, 0xE0,
    0x00, 0x00, 0x00, 0x00,

    0xFF, 0xF0, 0x00, 0x0F,
    0xFF, 0xFF, 0xFF, 0x0F,
    0xFF, 0xFF, 0xFF, 0x0F,
    0xFF, 0xFF, 0xFF, 0x0F,
    0xFF, 0xFF, 0xFF, 0x0F,
    0xFF, 0xFF, 0xFF, 0x0F,
    0xFF, 0xF0, 0x00, 0x0F,
    0xFF, 0xFF, 0xFF, 0xFF,


/* Tile ID 733, isSolid: false */
    0xE0, 0x00, 0x00, 0x00,
    0x0E, 0x00, 0x00, 0x00,
    0x00, 0xE0, 0x00, 0x00,
    0x00, 0x0E, 0x00, 0x00,
    0x00, 0x00, 0xE0, 0x00,
    0x00, 0x00, 0x0E, 0x00,
    0x00, 0x00, 0x00, 0xE0,
    0x00, 0x00, 0x00, 0x00,

    0x0F, 0xFF, 0xFF, 0xFF,
    0xF0, 0xFF, 0xFF, 0xFF,
    0xFF, 0x0F, 0xFF, 0xFF,
    0xFF, 0xF0, 0xFF, 0xFF,
    0xFF, 0xFF, 0x0F, 0xFF,
    0xFF, 0xFF, 0xF0, 0xFF,
    0xFF, 0xFF, 0xFF, 0x0F,
    0xFF, 0xFF, 0xFF, 0xFF,

    0x00, 0x00, 0x00, 0x0E,
    0x00, 0x00, 0x00, 0xE0,
    0x00, 0x00, 0x0E, 0x00,
    0x00, 0x00, 0xE0, 0x00,
    0x00, 0x0E, 0x00, 0x00,
    0x00, 0xE0, 0x00, 0x00,
    0x0E, 0x00, 0x00, 0x00,
    0x00, 0x00, 0x00, 0x00,

    0xFF, 0xFF, 0xFF, 0xF0,
    0xFF, 0xFF, 0xFF, 0x0F,
    0xFF, 0xFF, 0xF0, 0xFF,
    0xFF, 0xFF, 0x0F, 0xFF,
    0xFF, 0xF0, 0xFF, 0xFF,
    0xFF, 0x0F, 0xFF, 0xFF,
    0xF0, 0xFF, 0xFF, 0xFF,
    0xFF, 0xFF, 0xFF, 0xFF,


/* Tile ID 734, isSolid: false */
    0x00, 0xEE, 0xEE, 0x00,
    0x00, 0x00, 0x0E, 0x00,
    0x00, 0x00, 0x0E, 0x00,
    0x00, 0x00, 0x0E, 0x00,
    0x00, 0x00, 0x0E, 0x00,
    0x00, 0x00, 0x0E, 0x00,
    0x00, 0xEE, 0xEE, 0x00,
    0x00, 0x00, 0x00, 0x00,

    0xFF, 0x00, 0x00, 0xFF,
    0xFF, 0xFF, 0xF0, 0xFF,
    0xFF, 0xFF, 0xF0, 0xFF,
    0xFF, 0xFF, 0xF0, 0xFF,
    0xFF, 0xFF, 0xF0, 0xFF,
    0xFF, 0xFF, 0xF0, 0xFF,
    0xFF, 0x00, 0x00, 0xFF,
    0xFF, 0xFF, 0xFF, 0xFF,

    0x00, 0xEE, 0xEE, 0x00,
    0x00, 0xE0, 0x00, 0x00,
    0x00, 0xE0, 0x00, 0x00,
    0x00, 0xE0, 0x00, 0x00,
    0x00, 0xE0, 0x00, 0x00,
    0x00, 0xE0, 0x00, 0x00,
    0x00, 0xEE, 0xEE, 0x00,
    0x00, 0x00, 0x00, 0x00,

    0xFF, 0x00, 0x00, 0xFF,
    0xFF, 0x0F, 0xFF, 0xFF,
    0xFF, 0x0F, 0xFF, 0xFF,
    0xFF, 0x0F, 0xFF, 0xFF,
    0xFF, 0x0F, 0xFF, 0xFF,
    0xFF, 0x0F, 0xFF, 0xFF,
    0xFF, 0x00, 0x00, 0xFF,
    0xFF, 0xFF, 0xFF, 0xFF,


/* Tile ID 735, isSolid: false */
    0x00, 0x00, 0x00, 0x00,
    0x00, 0x0E, 0x00, 0x00,
    0x00, 0xEE, 0xE0, 0x00,
    0x0E, 0xE0, 0xEE, 0x00,
    0xEE, 0x00, 0x0E, 0xE0,
    0x00, 0x00, 0x00, 0x00,
    0x00, 0x00, 0x00, 0x00,
    0x00, 0x00, 0x00, 0x00,

    0xFF, 0xFF, 0xFF, 0xFF,
    0xFF, 0xF0, 0xFF, 0xFF,
    0xFF, 0x00, 0x0F, 0xFF,
    0xF0, 0x0F, 0x00, 0xFF,
    0x00, 0xFF, 0xF0, 0x0F,
    0xFF, 0xFF, 0xFF, 0xFF,
    0xFF, 0xFF, 0xFF, 0xFF,
    0xFF, 0xFF, 0xFF, 0xFF,

    0x00, 0x00, 0x00, 0x00,
    0x00, 0x00, 0xE0, 0x00,
    0x00, 0x0E, 0xEE, 0x00,
    0x00, 0xEE, 0x0E, 0xE0,
    0x0E, 0xE0, 0x00, 0xEE,
    0x00, 0x00, 0x00, 0x00,
    0x00, 0x00, 0x00, 0x00,
    0x00, 0x00, 0x00, 0x00,

    0xFF, 0xFF, 0xFF, 0xFF,
    0xFF, 0xFF, 0x0F, 0xFF,
    0xFF, 0xF0, 0x00, 0xFF,
    0xFF, 0x00, 0xF0, 0x0F,
    0xF0, 0x0F, 0xFF, 0x00,
    0xFF, 0xFF, 0xFF, 0xFF,
    0xFF, 0xFF, 0xFF, 0xFF,
    0xFF, 0xFF, 0xFF, 0xFF,


/* Tile ID 736, isSolid: false */
    0x00, 0x00, 0x00, 0x00,
    0x00, 0x00, 0x00, 0x00,
    0x00, 0x00, 0x00, 0x00,
    0x00, 0x00, 0x00, 0x00,
    0x00, 0x00, 0x00, 0x00,
    0x00, 0x00, 0x00, 0x00,
    0x00, 0x00, 0x00, 0x00,
    0x00, 0x00, 0x00, 0x00,

    0xFF, 0xFF, 0xFF, 0xFF,
    0xFF, 0xFF, 0xFF, 0xFF,
    0xFF, 0xFF, 0xFF, 0xFF,
    0xFF, 0xFF, 0xFF, 0xFF,
    0xFF, 0xFF, 0xFF, 0xFF,
    0xFF, 0xFF, 0xFF, 0xFF,
    0xFF, 0xFF, 0xFF, 0xFF,
    0xFF, 0xFF, 0xFF, 0xFF,

    0x00, 0x00, 0x00, 0x00,
    0x00, 0x00, 0x00, 0x00,
    0x00, 0x00, 0x00, 0x00,
    0x00, 0x00, 0x00, 0x00,
    0x00, 0x00, 0x00, 0x00,
    0x00, 0x00, 0x00, 0x00,
    0x00, 0x00, 0x00, 0x00,
    0x00, 0x00, 0x00, 0x00,

    0xFF, 0xFF, 0xFF, 0xFF,
    0xFF, 0xFF, 0xFF, 0xFF,
    0xFF, 0xFF, 0xFF, 0xFF,
    0xFF, 0xFF, 0xFF, 0xFF,
    0xFF, 0xFF, 0xFF, 0xFF,
    0xFF, 0xFF, 0xFF, 0xFF,
    0xFF, 0xFF, 0xFF, 0xFF,
    0xFF, 0xFF, 0xFF, 0xFF,


/* Tile ID 737, isSolid: false */
    0x00, 0x00, 0x00, 0x00,
    0x00, 0x00, 0x00, 0x00,
    0x00, 0x00, 0x00, 0x00,
    0x00, 0x00, 0x00, 0x00,
    0x00, 0x00, 0x00, 0x00,
    0x00, 0x00, 0x00, 0x00,
    0x00, 0x00, 0x00, 0x00,
    0x00, 0x00, 0x00, 0x00,

    0xFF, 0xFF, 0xFF, 0xFF,
    0xFF, 0xFF, 0xFF, 0xFF,
    0xFF, 0xFF, 0xFF, 0xFF,
    0xFF, 0xFF, 0xFF, 0xFF,
    0xFF, 0xFF, 0xFF, 0xFF,
    0xFF, 0xFF, 0xFF, 0xFF,
    0xFF, 0xFF, 0xFF, 0xFF,
    0xFF, 0xFF, 0xFF, 0xFF,

    0x00, 0x00, 0x00, 0x00,
    0x00, 0x00, 0x00, 0x00,
    0x00, 0x00, 0x00, 0x00,
    0x00, 0x00, 0x00, 0x00,
    0x00, 0x00, 0x00, 0x00,
    0x00, 0x00, 0x00, 0x00,
    0x00, 0x00, 0x00, 0x00,
    0x00, 0x00, 0x00, 0x00,

    0xFF, 0xFF, 0xFF, 0xFF,
    0xFF, 0xFF, 0xFF, 0xFF,
    0xFF, 0xFF, 0xFF, 0xFF,
    0xFF, 0xFF, 0xFF, 0xFF,
    0xFF, 0xFF, 0xFF, 0xFF,
    0xFF, 0xFF, 0xFF, 0xFF,
    0xFF, 0xFF, 0xFF, 0xFF,
    0xFF, 0xFF, 0xFF, 0xFF,


/* Tile ID 738, isSolid: false */
    0x00, 0x00, 0x00, 0x00,
    0x00, 0x00, 0x00, 0x00,
    0x0E, 0xEE, 0xEE, 0x00,
    0x00, 0x00, 0x0E, 0x00,
    0x0E, 0xEE, 0xEE, 0x00,
    0x0E, 0x00, 0x0E, 0x00,
    0x0E, 0xEE, 0xEE, 0x00,
    0x00, 0x00, 0x00, 0x00,

    0xFF, 0xFF, 0xFF, 0xFF,
    0xFF, 0xFF, 0xFF, 0xFF,
    0xF0, 0x00, 0x00, 0xFF,
    0xFF, 0xFF, 0xF0, 0xFF,
    0xF0, 0x00, 0x00, 0xFF,
    0xF0, 0xFF, 0xF0, 0xFF,
    0xF0, 0x00, 0x00, 0xFF,
    0xFF, 0xFF, 0xFF, 0xFF,

    0x00, 0x00, 0x00, 0x00,
    0x00, 0x00, 0x00, 0x00,
    0x00, 0xEE, 0xEE, 0xE0,
    0x00, 0xE0, 0x00, 0x00,
    0x00, 0xEE, 0xEE, 0xE0,
    0x00, 0xE0, 0x00, 0xE0,
    0x00, 0xEE, 0xEE, 0xE0,
    0x00, 0x00, 0x00, 0x00,

    0xFF, 0xFF, 0xFF, 0xFF,
    0xFF, 0xFF, 0xFF, 0xFF,
    0xFF, 0x00, 0x00, 0x0F,
    0xFF, 0x0F, 0xFF, 0xFF,
    0xFF, 0x00, 0x00, 0x0F,
    0xFF, 0x0F, 0xFF, 0x0F,
    0xFF, 0x00, 0x00, 0x0F,
    0xFF, 0xFF, 0xFF, 0xFF,


/* Tile ID 739, isSolid: false */
    0x0E, 0x00, 0x00, 0x00,
    0x0E, 0x00, 0x00, 0x00,
    0x0E, 0xEE, 0xEE, 0x00,
    0x0E, 0x00, 0x0E, 0x00,
    0x0E, 0x00, 0x0E, 0x00,
    0x0E, 0x00, 0x0E, 0x00,
    0x0E, 0xEE, 0xEE, 0x00,
    0x00, 0x00, 0x00, 0x00,

    0xF0, 0xFF, 0xFF, 0xFF,
    0xF0, 0xFF, 0xFF, 0xFF,
    0xF0, 0x00, 0x00, 0xFF,
    0xF0, 0xFF, 0xF0, 0xFF,
    0xF0, 0xFF, 0xF0, 0xFF,
    0xF0, 0xFF, 0xF0, 0xFF,
    0xF0, 0x00, 0x00, 0xFF,
    0xFF, 0xFF, 0xFF, 0xFF,

    0x00, 0x00, 0x00, 0xE0,
    0x00, 0x00, 0x00, 0xE0,
    0x00, 0xEE, 0xEE, 0xE0,
    0x00, 0xE0, 0x00, 0xE0,
    0x00, 0xE0, 0x00, 0xE0,
    0x00, 0xE0, 0x00, 0xE0,
    0x00, 0xEE, 0xEE, 0xE0,
    0x00, 0x00, 0x00, 0x00,

    0xFF, 0xFF, 0xFF, 0x0F,
    0xFF, 0xFF, 0xFF, 0x0F,
    0xFF, 0x00, 0x00, 0x0F,
    0xFF, 0x0F, 0xFF, 0x0F,
    0xFF, 0x0F, 0xFF, 0x0F,
    0xFF, 0x0F, 0xFF, 0x0F,
    0xFF, 0x00, 0x00, 0x0F,
    0xFF, 0xFF, 0xFF, 0xFF,


/* Tile ID 740, isSolid: false */
    0x00, 0x00, 0x00, 0x00,
    0x00, 0x00, 0x00, 0x00,
    0x0E, 0xEE, 0xEE, 0x00,
    0x0E, 0x00, 0x00, 0x00,
    0x0E, 0x00, 0x00, 0x00,
    0x0E, 0x00, 0x00, 0x00,
    0x0E, 0xEE, 0xEE, 0x00,
    0x00, 0x00, 0x00, 0x00,

    0xFF, 0xFF, 0xFF, 0xFF,
    0xFF, 0xFF, 0xFF, 0xFF,
    0xF0, 0x00, 0x00, 0xFF,
    0xF0, 0xFF, 0xFF, 0xFF,
    0xF0, 0xFF, 0xFF, 0xFF,
    0xF0, 0xFF, 0xFF, 0xFF,
    0xF0, 0x00, 0x00, 0xFF,
    0xFF, 0xFF, 0xFF, 0xFF,

    0x00, 0x00, 0x00, 0x00,
    0x00, 0x00, 0x00, 0x00,
    0x00, 0xEE, 0xEE, 0xE0,
    0x00, 0x00, 0x00, 0xE0,
    0x00, 0x00, 0x00, 0xE0,
    0x00, 0x00, 0x00, 0xE0,
    0x00, 0xEE, 0xEE, 0xE0,
    0x00, 0x00, 0x00, 0x00,

    0xFF, 0xFF, 0xFF, 0xFF,
    0xFF, 0xFF, 0xFF, 0xFF,
    0xFF, 0x00, 0x00, 0x0F,
    0xFF, 0xFF, 0xFF, 0x0F,
    0xFF, 0xFF, 0xFF, 0x0F,
    0xFF, 0xFF, 0xFF, 0x0F,
    0xFF, 0x00, 0x00, 0x0F,
    0xFF, 0xFF, 0xFF, 0xFF,


/* Tile ID 741, isSolid: false */
    0x00, 0x00, 0x0E, 0x00,
    0x00, 0x00, 0x0E, 0x00,
    0x0E, 0xEE, 0xEE, 0x00,
    0x0E, 0x00, 0x0E, 0x00,
    0x0E, 0x00, 0x0E, 0x00,
    0x0E, 0x00, 0x0E, 0x00,
    0x0E, 0xEE, 0xEE, 0x00,
    0x00, 0x00, 0x00, 0x00,

    0xFF, 0xFF, 0xF0, 0xFF,
    0xFF, 0xFF, 0xF0, 0xFF,
    0xF0, 0x00, 0x00, 0xFF,
    0xF0, 0xFF, 0xF0, 0xFF,
    0xF0, 0xFF, 0xF0, 0xFF,
    0xF0, 0xFF, 0xF0, 0xFF,
    0xF0, 0x00, 0x00, 0xFF,
    0xFF, 0xFF, 0xFF, 0xFF,

    0x00, 0xE0, 0x00, 0x00,
    0x00, 0xE0, 0x00, 0x00,
    0x00, 0xEE, 0xEE, 0xE0,
    0x00, 0xE0, 0x00, 0xE0,
    0x00, 0xE0, 0x00, 0xE0,
    0x00, 0xE0, 0x00, 0xE0,
    0x00, 0xEE, 0xEE, 0xE0,
    0x00, 0x00, 0x00, 0x00,

    0xFF, 0x0F, 0xFF, 0xFF,
    0xFF, 0x0F, 0xFF, 0xFF,
    0xFF, 0x00, 0x00, 0x0F,
    0xFF, 0x0F, 0xFF, 0x0F,
    0xFF, 0x0F, 0xFF, 0x0F,
    0xFF, 0x0F, 0xFF, 0x0F,
    0xFF, 0x00, 0x00, 0x0F,
    0xFF, 0xFF, 0xFF, 0xFF,


/* Tile ID 742, isSolid: false */
    0x00, 0x00, 0x00, 0x00,
    0x00, 0x00, 0x00, 0x00,
    0x0E, 0xEE, 0xEE, 0x00,
    0x0E, 0x00, 0x0E, 0x00,
    0x0E, 0xEE, 0xEE, 0x00,
    0x0E, 0x00, 0x00, 0x00,
    0x0E, 0xEE, 0xEE, 0x00,
    0x00, 0x00, 0x00, 0x00,

    0xFF, 0xFF, 0xFF, 0xFF,
    0xFF, 0xFF, 0xFF, 0xFF,
    0xF0, 0x00, 0x00, 0xFF,
    0xF0, 0xFF, 0xF0, 0xFF,
    0xF0, 0x00, 0x00, 0xFF,
    0xF0, 0xFF, 0xFF, 0xFF,
    0xF0, 0x00, 0x00, 0xFF,
    0xFF, 0xFF, 0xFF, 0xFF,

    0x00, 0x00, 0x00, 0x00,
    0x00, 0x00, 0x00, 0x00,
    0x00, 0xEE, 0xEE, 0xE0,
    0x00, 0xE0, 0x00, 0xE0,
    0x00, 0xEE, 0xEE, 0xE0,
    0x00, 0x00, 0x00, 0xE0,
    0x00, 0xEE, 0xEE, 0xE0,
    0x00, 0x00, 0x00, 0x00,

    0xFF, 0xFF, 0xFF, 0xFF,
    0xFF, 0xFF, 0xFF, 0xFF,
    0xFF, 0x00, 0x00, 0x0F,
    0xFF, 0x0F, 0xFF, 0x0F,
    0xFF, 0x00, 0x00, 0x0F,
    0xFF, 0xFF, 0xFF, 0x0F,
    0xFF, 0x00, 0x00, 0x0F,
    0xFF, 0xFF, 0xFF, 0xFF,


/* Tile ID 743, isSolid: false */
    0x00, 0xEE, 0xEE, 0x00,
    0x00, 0xE0, 0x00, 0x00,
    0x0E, 0xEE, 0xE0, 0x00,
    0x00, 0xE0, 0x00, 0x00,
    0x00, 0xE0, 0x00, 0x00,
    0x00, 0xE0, 0x00, 0x00,
    0x00, 0xE0, 0x00, 0x00,
    0x00, 0x00, 0x00, 0x00,

    0xFF, 0x00, 0x00, 0xFF,
    0xFF, 0x0F, 0xFF, 0xFF,
    0xF0, 0x00, 0x0F, 0xFF,
    0xFF, 0x0F, 0xFF, 0xFF,
    0xFF, 0x0F, 0xFF, 0xFF,
    0xFF, 0x0F, 0xFF, 0xFF,
    0xFF, 0x0F, 0xFF, 0xFF,
    0xFF, 0xFF, 0xFF, 0xFF,

    0x00, 0xEE, 0xEE, 0x00,
    0x00, 0x00, 0x0E, 0x00,
    0x00, 0x0E, 0xEE, 0xE0,
    0x00, 0x00, 0x0E, 0x00,
    0x00, 0x00, 0x0E, 0x00,
    0x00, 0x00, 0x0E, 0x00,
    0x00, 0x00, 0x0E, 0x00,
    0x00, 0x00, 0x00, 0x00,

    0xFF, 0x00, 0x00, 0xFF,
    0xFF, 0xFF, 0xF0, 0xFF,
    0xFF, 0xF0, 0x00, 0x0F,
    0xFF, 0xFF, 0xF0, 0xFF,
    0xFF, 0xFF, 0xF0, 0xFF,
    0xFF, 0xFF, 0xF0, 0xFF,
    0xFF, 0xFF, 0xF0, 0xFF,
    0xFF, 0xFF, 0xFF, 0xFF,


/* Tile ID 744, isSolid: false */
    0x00, 0x00, 0x00, 0x00,
    0x00, 0x00, 0x00, 0x00,
    0x0E, 0xEE, 0xEE, 0x00,
    0x0E, 0x00, 0x0E, 0x00,
    0x0E, 0x00, 0x0E, 0x00,
    0x0E, 0xEE, 0xEE, 0x00,
    0x00, 0x00, 0x0E, 0x00,
    0x0E, 0xEE, 0xEE, 0x00,

    0xFF, 0xFF, 0xFF, 0xFF,
    0xFF, 0xFF, 0xFF, 0xFF,
    0xF0, 0x00, 0x00, 0xFF,
    0xF0, 0xFF, 0xF0, 0xFF,
    0xF0, 0xFF, 0xF0, 0xFF,
    0xF0, 0x00, 0x00, 0xFF,
    0xFF, 0xFF, 0xF0, 0xFF,
    0xF0, 0x00, 0x00, 0xFF,

    0x00, 0x00, 0x00, 0x00,
    0x00, 0x00, 0x00, 0x00,
    0x00, 0xEE, 0xEE, 0xE0,
    0x00, 0xE0, 0x00, 0xE0,
    0x00, 0xE0, 0x00, 0xE0,
    0x00, 0xEE, 0xEE, 0xE0,
    0x00, 0xE0, 0x00, 0x00,
    0x00, 0xEE, 0xEE, 0xE0,

    0xFF, 0xFF, 0xFF, 0xFF,
    0xFF, 0xFF, 0xFF, 0xFF,
    0xFF, 0x00, 0x00, 0x0F,
    0xFF, 0x0F, 0xFF, 0x0F,
    0xFF, 0x0F, 0xFF, 0x0F,
    0xFF, 0x00, 0x00, 0x0F,
    0xFF, 0x0F, 0xFF, 0xFF,
    0xFF, 0x00, 0x00, 0x0F,


/* Tile ID 745, isSolid: false */
    0x0E, 0x00, 0x00, 0x00,
    0x0E, 0x00, 0x00, 0x00,
    0x0E, 0xEE, 0xEE, 0x00,
    0x0E, 0x00, 0x0E, 0x00,
    0x0E, 0x00, 0x0E, 0x00,
    0x0E, 0x00, 0x0E, 0x00,
    0x0E, 0x00, 0x0E, 0x00,
    0x00, 0x00, 0x00, 0x00,

    0xF0, 0xFF, 0xFF, 0xFF,
    0xF0, 0xFF, 0xFF, 0xFF,
    0xF0, 0x00, 0x00, 0xFF,
    0xF0, 0xFF, 0xF0, 0xFF,
    0xF0, 0xFF, 0xF0, 0xFF,
    0xF0, 0xFF, 0xF0, 0xFF,
    0xF0, 0xFF, 0xF0, 0xFF,
    0xFF, 0xFF, 0xFF, 0xFF,

    0x00, 0x00, 0x00, 0xE0,
    0x00, 0x00, 0x00, 0xE0,
    0x00, 0xEE, 0xEE, 0xE0,
    0x00, 0xE0, 0x00, 0xE0,
    0x00, 0xE0, 0x00, 0xE0,
    0x00, 0xE0, 0x00, 0xE0,
    0x00, 0xE0, 0x00, 0xE0,
    0x00, 0x00, 0x00, 0x00,

    0xFF, 0xFF, 0xFF, 0x0F,
    0xFF, 0xFF, 0xFF, 0x0F,
    0xFF, 0x00, 0x00, 0x0F,
    0xFF, 0x0F, 0xFF, 0x0F,
    0xFF, 0x0F, 0xFF, 0x0F,
    0xFF, 0x0F, 0xFF, 0x0F,
    0xFF, 0x0F, 0xFF, 0x0F,
    0xFF, 0xFF, 0xFF, 0xFF,


/* Tile ID 746, isSolid: false */
    0x00, 0x0E, 0xE0, 0x00,
    0x00, 0x00, 0x00, 0x00,
    0x00, 0x0E, 0xE0, 0x00,
    0x00, 0x0E, 0xE0, 0x00,
    0x00, 0x0E, 0xE0, 0x00,
    0x00, 0x0E, 0xE0, 0x00,
    0x00, 0x0E, 0xE0, 0x00,
    0x00, 0x00, 0x00, 0x00,

    0xFF, 0xF0, 0x0F, 0xFF,
    0xFF, 0xFF, 0xFF, 0xFF,
    0xFF, 0xF0, 0x0F, 0xFF,
    0xFF, 0xF0, 0x0F, 0xFF,
    0xFF, 0xF0, 0x0F, 0xFF,
    0xFF, 0xF0, 0x0F, 0xFF,
    0xFF, 0xF0, 0x0F, 0xFF,
    0xFF, 0xFF, 0xFF, 0xFF,

    0x00, 0x0E, 0xE0, 0x00,
    0x00, 0x00, 0x00, 0x00,
    0x00, 0x0E, 0xE0, 0x00,
    0x00, 0x0E, 0xE0, 0x00,
    0x00, 0x0E, 0xE0, 0x00,
    0x00, 0x0E, 0xE0, 0x00,
    0x00, 0x0E, 0xE0, 0x00,
    0x00, 0x00, 0x00, 0x00,

    0xFF, 0xF0, 0x0F, 0xFF,
    0xFF, 0xFF, 0xFF, 0xFF,
    0xFF, 0xF0, 0x0F, 0xFF,
    0xFF, 0xF0, 0x0F, 0xFF,
    0xFF, 0xF0, 0x0F, 0xFF,
    0xFF, 0xF0, 0x0F, 0xFF,
    0xFF, 0xF0, 0x0F, 0xFF,
    0xFF, 0xFF, 0xFF, 0xFF,


/* Tile ID 747, isSolid: false */
    0x00, 0x00, 0x00, 0x00,
    0x00, 0x00, 0xE0, 0x00,
    0x00, 0x00, 0x00, 0x00,
    0x00, 0x00, 0xE0, 0x00,
    0x00, 0x00, 0xE0, 0x00,
    0x00, 0x00, 0xE0, 0x00,
    0x0E, 0x00, 0xE0, 0x00,
    0x0E, 0xEE, 0xE0, 0x00,

    0xFF, 0xFF, 0xFF, 0xFF,
    0xFF, 0xFF, 0x0F, 0xFF,
    0xFF, 0xFF, 0xFF, 0xFF,
    0xFF, 0xFF, 0x0F, 0xFF,
    0xFF, 0xFF, 0x0F, 0xFF,
    0xFF, 0xFF, 0x0F, 0xFF,
    0xF0, 0xFF, 0x0F, 0xFF,
    0xF0, 0x00, 0x0F, 0xFF,

    0x00, 0x00, 0x00, 0x00,
    0x00, 0x0E, 0x00, 0x00,
    0x00, 0x00, 0x00, 0x00,
    0x00, 0x0E, 0x00, 0x00,
    0x00, 0x0E, 0x00, 0x00,
    0x00, 0x0E, 0x00, 0x00,
    0x00, 0x0E, 0x00, 0xE0,
    0x00, 0x0E, 0xEE, 0xE0,

    0xFF, 0xFF, 0xFF, 0xFF,
    0xFF, 0xF0, 0xFF, 0xFF,
    0xFF, 0xFF, 0xFF, 0xFF,
    0xFF, 0xF0, 0xFF, 0xFF,
    0xFF, 0xF0, 0xFF, 0xFF,
    0xFF, 0xF0, 0xFF, 0xFF,
    0xFF, 0xF0, 0xFF, 0x0F,
    0xFF, 0xF0, 0x00, 0x0F,


/* Tile ID 748, isSolid: false */
    0x0E, 0x00, 0x00, 0x00,
    0x0E, 0x00, 0x00, 0x00,
    0x0E, 0x00, 0xE0, 0x00,
    0x0E, 0x0E, 0x00, 0x00,
    0x0E, 0xE0, 0x00, 0x00,
    0x0E, 0x0E, 0x00, 0x00,
    0x0E, 0x00, 0xE0, 0x00,
    0x00, 0x00, 0x00, 0x00,

    0xF0, 0xFF, 0xFF, 0xFF,
    0xF0, 0xFF, 0xFF, 0xFF,
    0xF0, 0xFF, 0x0F, 0xFF,
    0xF0, 0xF0, 0xFF, 0xFF,
    0xF0, 0x0F, 0xFF, 0xFF,
    0xF0, 0xF0, 0xFF, 0xFF,
    0xF0, 0xFF, 0x0F, 0xFF,
    0xFF, 0xFF, 0xFF, 0xFF,

    0x00, 0x00, 0x00, 0xE0,
    0x00, 0x00, 0x00, 0xE0,
    0x00, 0x0E, 0x00, 0xE0,
    0x00, 0x00, 0xE0, 0xE0,
    0x00, 0x00, 0x0E, 0xE0,
    0x00, 0x00, 0xE0, 0xE0,
    0x00, 0x0E, 0x00, 0xE0,
    0x00, 0x00, 0x00, 0x00,

    0xFF, 0xFF, 0xFF, 0x0F,
    0xFF, 0xFF, 0xFF, 0x0F,
    0xFF, 0xF0, 0xFF, 0x0F,
    0xFF, 0xFF, 0x0F, 0x0F,
    0xFF, 0xFF, 0xF0, 0x0F,
    0xFF, 0xFF, 0x0F, 0x0F,
    0xFF, 0xF0, 0xFF, 0x0F,
    0xFF, 0xFF, 0xFF, 0xFF,


/* Tile ID 749, isSolid: false */
    0x00, 0x0E, 0xE0, 0x00,
    0x00, 0x0E, 0xE0, 0x00,
    0x00, 0x0E, 0xE0, 0x00,
    0x00, 0x0E, 0xE0, 0x00,
    0x00, 0x0E, 0xE0, 0x00,
    0x00, 0x0E, 0xE0, 0x00,
    0x00, 0x0E, 0xE0, 0x00,
    0x00, 0x00, 0x00, 0x00,

    0xFF, 0xF0, 0x0F, 0xFF,
    0xFF, 0xF0, 0x0F, 0xFF,
    0xFF, 0xF0, 0x0F, 0xFF,
    0xFF, 0xF0, 0x0F, 0xFF,
    0xFF, 0xF0, 0x0F, 0xFF,
    0xFF, 0xF0, 0x0F, 0xFF,
    0xFF, 0xF0, 0x0F, 0xFF,
    0xFF, 0xFF, 0xFF, 0xFF,

    0x00, 0x0E, 0xE0, 0x00,
    0x00, 0x0E, 0xE0, 0x00,
    0x00, 0x0E, 0xE0, 0x00,
    0x00, 0x0E, 0xE0, 0x00,
    0x00, 0x0E, 0xE0, 0x00,
    0x00, 0x0E, 0xE0, 0x00,
    0x00, 0x0E, 0xE0, 0x00,
    0x00, 0x00, 0x00, 0x00,

    0xFF, 0xF0, 0x0F, 0xFF,
    0xFF, 0xF0, 0x0F, 0xFF,
    0xFF, 0xF0, 0x0F, 0xFF,
    0xFF, 0xF0, 0x0F, 0xFF,
    0xFF, 0xF0, 0x0F, 0xFF,
    0xFF, 0xF0, 0x0F, 0xFF,
    0xFF, 0xF0, 0x0F, 0xFF,
    0xFF, 0xFF, 0xFF, 0xFF,


/* Tile ID 750, isSolid: false */
    0x00, 0x00, 0x00, 0x00,
    0x00, 0x00, 0x00, 0x00,
    0xEE, 0xEE, 0xEE, 0xE0,
    0xE0, 0x0E, 0x00, 0xE0,
    0xE0, 0x0E, 0x00, 0xE0,
    0xE0, 0x0E, 0x00, 0xE0,
    0xE0, 0x0E, 0x00, 0xE0,
    0x00, 0x00, 0x00, 0x00,

    0xFF, 0xFF, 0xFF, 0xFF,
    0xFF, 0xFF, 0xFF, 0xFF,
    0x00, 0x00, 0x00, 0x0F,
    0x0F, 0xF0, 0xFF, 0x0F,
    0x0F, 0xF0, 0xFF, 0x0F,
    0x0F, 0xF0, 0xFF, 0x0F,
    0x0F, 0xF0, 0xFF, 0x0F,
    0xFF, 0xFF, 0xFF, 0xFF,

    0x00, 0x00, 0x00, 0x00,
    0x00, 0x00, 0x00, 0x00,
    0x0E, 0xEE, 0xEE, 0xEE,
    0x0E, 0x00, 0xE0, 0x0E,
    0x0E, 0x00, 0xE0, 0x0E,
    0x0E, 0x00, 0xE0, 0x0E,
    0x0E, 0x00, 0xE0, 0x0E,
    0x00, 0x00, 0x00, 0x00,

    0xFF, 0xFF, 0xFF, 0xFF,
    0xFF, 0xFF, 0xFF, 0xFF,
    0xF0, 0x00, 0x00, 0x00,
    0xF0, 0xFF, 0x0F, 0xF0,
    0xF0, 0xFF, 0x0F, 0xF0,
    0xF0, 0xFF, 0x0F, 0xF0,
    0xF0, 0xFF, 0x0F, 0xF0,
    0xFF, 0xFF, 0xFF, 0xFF,


/* Tile ID 751, isSolid: false */
    0x00, 0x00, 0x00, 0x00,
    0x00, 0x00, 0x00, 0x00,
    0x0E, 0xEE, 0xEE, 0x00,
    0x0E, 0x00, 0x0E, 0x00,
    0x0E, 0x00, 0x0E, 0x00,
    0x0E, 0x00, 0x0E, 0x00,
    0x0E, 0x00, 0x0E, 0x00,
    0x00, 0x00, 0x00, 0x00,

    0xFF, 0xFF, 0xFF, 0xFF,
    0xFF, 0xFF, 0xFF, 0xFF,
    0xF0, 0x00, 0x00, 0xFF,
    0xF0, 0xFF, 0xF0, 0xFF,
    0xF0, 0xFF, 0xF0, 0xFF,
    0xF0, 0xFF, 0xF0, 0xFF,
    0xF0, 0xFF, 0xF0, 0xFF,
    0xFF, 0xFF, 0xFF, 0xFF,

    0x00, 0x00, 0x00, 0x00,
    0x00, 0x00, 0x00, 0x00,
    0x00, 0xEE, 0xEE, 0xE0,
    0x00, 0xE0, 0x00, 0xE0,
    0x00, 0xE0, 0x00, 0xE0,
    0x00, 0xE0, 0x00, 0xE0,
    0x00, 0xE0, 0x00, 0xE0,
    0x00, 0x00, 0x00, 0x00,

    0xFF, 0xFF, 0xFF, 0xFF,
    0xFF, 0xFF, 0xFF, 0xFF,
    0xFF, 0x00, 0x00, 0x0F,
    0xFF, 0x0F, 0xFF, 0x0F,
    0xFF, 0x0F, 0xFF, 0x0F,
    0xFF, 0x0F, 0xFF, 0x0F,
    0xFF, 0x0F, 0xFF, 0x0F,
    0xFF, 0xFF, 0xFF, 0xFF,


/* Tile ID 752, isSolid: false */
    0x00, 0x00, 0x00, 0x00,
    0x00, 0x00, 0x00, 0x00,
    0x0E, 0xEE, 0xEE, 0x00,
    0x0E, 0x00, 0x0E, 0x00,
    0x0E, 0x00, 0x0E, 0x00,
    0x0E, 0x00, 0x0E, 0x00,
    0x0E, 0xEE, 0xEE, 0x00,
    0x00, 0x00, 0x00, 0x00,

    0xFF, 0xFF, 0xFF, 0xFF,
    0xFF, 0xFF, 0xFF, 0xFF,
    0xF0, 0x00, 0x00, 0xFF,
    0xF0, 0xFF, 0xF0, 0xFF,
    0xF0, 0xFF, 0xF0, 0xFF,
    0xF0, 0xFF, 0xF0, 0xFF,
    0xF0, 0x00, 0x00, 0xFF,
    0xFF, 0xFF, 0xFF, 0xFF,

    0x00, 0x00, 0x00, 0x00,
    0x00, 0x00, 0x00, 0x00,
    0x00, 0xEE, 0xEE, 0xE0,
    0x00, 0xE0, 0x00, 0xE0,
    0x00, 0xE0, 0x00, 0xE0,
    0x00, 0xE0, 0x00, 0xE0,
    0x00, 0xEE, 0xEE, 0xE0,
    0x00, 0x00, 0x00, 0x00,

    0xFF, 0xFF, 0xFF, 0xFF,
    0xFF, 0xFF, 0xFF, 0xFF,
    0xFF, 0x00, 0x00, 0x0F,
    0xFF, 0x0F, 0xFF, 0x0F,
    0xFF, 0x0F, 0xFF, 0x0F,
    0xFF, 0x0F, 0xFF, 0x0F,
    0xFF, 0x00, 0x00, 0x0F,
    0xFF, 0xFF, 0xFF, 0xFF,


/* Tile ID 753, isSolid: false */
    0x00, 0x00, 0x00, 0x00,
    0x00, 0x00, 0x00, 0x00,
    0x0E, 0xEE, 0xEE, 0x00,
    0x0E, 0x00, 0x0E, 0x00,
    0x0E, 0x00, 0x0E, 0x00,
    0x0E, 0xEE, 0xEE, 0x00,
    0x0E, 0x00, 0x00, 0x00,
    0x0E, 0x00, 0x00, 0x00,

    0xFF, 0xFF, 0xFF, 0xFF,
    0xFF, 0xFF, 0xFF, 0xFF,
    0xF0, 0x00, 0x00, 0xFF,
    0xF0, 0xFF, 0xF0, 0xFF,
    0xF0, 0xFF, 0xF0, 0xFF,
    0xF0, 0x00, 0x00, 0xFF,
    0xF0, 0xFF, 0xFF, 0xFF,
    0xF0, 0xFF, 0xFF, 0xFF,

    0x00, 0x00, 0x00, 0x00,
    0x00, 0x00, 0x00, 0x00,
    0x00, 0xEE, 0xEE, 0xE0,
    0x00, 0xE0, 0x00, 0xE0,
    0x00, 0xE0, 0x00, 0xE0,
    0x00, 0xEE, 0xEE, 0xE0,
    0x00, 0x00, 0x00, 0xE0,
    0x00, 0x00, 0x00, 0xE0,

    0xFF, 0xFF, 0xFF, 0xFF,
    0xFF, 0xFF, 0xFF, 0xFF,
    0xFF, 0x00, 0x00, 0x0F,
    0xFF, 0x0F, 0xFF, 0x0F,
    0xFF, 0x0F, 0xFF, 0x0F,
    0xFF, 0x00, 0x00, 0x0F,
    0xFF, 0xFF, 0xFF, 0x0F,
    0xFF, 0xFF, 0xFF, 0x0F,


/* Tile ID 754, isSolid: false */
    0x00, 0x00, 0x00, 0x00,
    0x00, 0x00, 0x00, 0x00,
    0x0E, 0xEE, 0xEE, 0x00,
    0x0E, 0x00, 0x0E, 0x00,
    0x0E, 0x00, 0x0E, 0x00,
    0x0E, 0xEE, 0xEE, 0x00,
    0x00, 0x00, 0x0E, 0x00,
    0x00, 0x00, 0x0E, 0x00,

    0xFF, 0xFF, 0xFF, 0xFF,
    0xFF, 0xFF, 0xFF, 0xFF,
    0xF0, 0x00, 0x00, 0xFF,
    0xF0, 0xFF, 0xF0, 0xFF,
    0xF0, 0xFF, 0xF0, 0xFF,
    0xF0, 0x00, 0x00, 0xFF,
    0xFF, 0xFF, 0xF0, 0xFF,
    0xFF, 0xFF, 0xF0, 0xFF,

    0x00, 0x00, 0x00, 0x00,
    0x00, 0x00, 0x00, 0x00,
    0x00, 0xEE, 0xEE, 0xE0,
    0x00, 0xE0, 0x00, 0xE0,
    0x00, 0xE0, 0x00, 0xE0,
    0x00, 0xEE, 0xEE, 0xE0,
    0x00, 0xE0, 0x00, 0x00,
    0x00, 0xE0, 0x00, 0x00,

    0xFF, 0xFF, 0xFF, 0xFF,
    0xFF, 0xFF, 0xFF, 0xFF,
    0xFF, 0x00, 0x00, 0x0F,
    0xFF, 0x0F, 0xFF, 0x0F,
    0xFF, 0x0F, 0xFF, 0x0F,
    0xFF, 0x00, 0x00, 0x0F,
    0xFF, 0x0F, 0xFF, 0xFF,
    0xFF, 0x0F, 0xFF, 0xFF,


/* Tile ID 755, isSolid: false */
    0x00, 0x00, 0x00, 0x00,
    0x00, 0x00, 0x00, 0x00,
    0x0E, 0xEE, 0xEE, 0x00,
    0x0E, 0x00, 0x0E, 0x00,
    0x0E, 0x00, 0x00, 0x00,
    0x0E, 0x00, 0x00, 0x00,
    0x0E, 0x00, 0x00, 0x00,
    0x00, 0x00, 0x00, 0x00,

    0xFF, 0xFF, 0xFF, 0xFF,
    0xFF, 0xFF, 0xFF, 0xFF,
    0xF0, 0x00, 0x00, 0xFF,
    0xF0, 0xFF, 0xF0, 0xFF,
    0xF0, 0xFF, 0xFF, 0xFF,
    0xF0, 0xFF, 0xFF, 0xFF,
    0xF0, 0xFF, 0xFF, 0xFF,
    0xFF, 0xFF, 0xFF, 0xFF,

    0x00, 0x00, 0x00, 0x00,
    0x00, 0x00, 0x00, 0x00,
    0x00, 0xEE, 0xEE, 0xE0,
    0x00, 0xE0, 0x00, 0xE0,
    0x00, 0x00, 0x00, 0xE0,
    0x00, 0x00, 0x00, 0xE0,
    0x00, 0x00, 0x00, 0xE0,
    0x00, 0x00, 0x00, 0x00,

    0xFF, 0xFF, 0xFF, 0xFF,
    0xFF, 0xFF, 0xFF, 0xFF,
    0xFF, 0x00, 0x00, 0x0F,
    0xFF, 0x0F, 0xFF, 0x0F,
    0xFF, 0xFF, 0xFF, 0x0F,
    0xFF, 0xFF, 0xFF, 0x0F,
    0xFF, 0xFF, 0xFF, 0x0F,
    0xFF, 0xFF, 0xFF, 0xFF,


/* Tile ID 756, isSolid: false */
    0x00, 0x00, 0x00, 0x00,
    0x00, 0x00, 0x00, 0x00,
    0x0E, 0xEE, 0xEE, 0x00,
    0x0E, 0x00, 0x00, 0x00,
    0x0E, 0xEE, 0xEE, 0x00,
    0x00, 0x00, 0x0E, 0x00,
    0x0E, 0xEE, 0xEE, 0x00,
    0x00, 0x00, 0x00, 0x00,

    0xFF, 0xFF, 0xFF, 0xFF,
    0xFF, 0xFF, 0xFF, 0xFF,
    0xF0, 0x00, 0x00, 0xFF,
    0xF0, 0xFF, 0xFF, 0xFF,
    0xF0, 0x00, 0x00, 0xFF,
    0xFF, 0xFF, 0xF0, 0xFF,
    0xF0, 0x00, 0x00, 0xFF,
    0xFF, 0xFF, 0xFF, 0xFF,

    0x00, 0x00, 0x00, 0x00,
    0x00, 0x00, 0x00, 0x00,
    0x00, 0xEE, 0xEE, 0xE0,
    0x00, 0x00, 0x00, 0xE0,
    0x00, 0xEE, 0xEE, 0xE0,
    0x00, 0xE0, 0x00, 0x00,
    0x00, 0xEE, 0xEE, 0xE0,
    0x00, 0x00, 0x00, 0x00,

    0xFF, 0xFF, 0xFF, 0xFF,
    0xFF, 0xFF, 0xFF, 0xFF,
    0xFF, 0x00, 0x00, 0x0F,
    0xFF, 0xFF, 0xFF, 0x0F,
    0xFF, 0x00, 0x00, 0x0F,
    0xFF, 0x0F, 0xFF, 0xFF,
    0xFF, 0x00, 0x00, 0x0F,
    0xFF, 0xFF, 0xFF, 0xFF,


/* Tile ID 757, isSolid: false */
    0x00, 0x00, 0x00, 0x00,
    0x00, 0xE0, 0x00, 0x00,
    0x0E, 0xEE, 0xEE, 0x00,
    0x00, 0xE0, 0x00, 0x00,
    0x00, 0xE0, 0x00, 0x00,
    0x00, 0xE0, 0x00, 0x00,
    0x00, 0xEE, 0xEE, 0x00,
    0x00, 0x00, 0x00, 0x00,

    0xFF, 0xFF, 0xFF, 0xFF,
    0xFF, 0x0F, 0xFF, 0xFF,
    0xF0, 0x00, 0x00, 0xFF,
    0xFF, 0x0F, 0xFF, 0xFF,
    0xFF, 0x0F, 0xFF, 0xFF,
    0xFF, 0x0F, 0xFF, 0xFF,
    0xFF, 0x00, 0x00, 0xFF,
    0xFF, 0xFF, 0xFF, 0xFF,

    0x00, 0x00, 0x00, 0x00,
    0x00, 0x00, 0x0E, 0x00,
    0x00, 0xEE, 0xEE, 0xE0,
    0x00, 0x00, 0x0E, 0x00,
    0x00, 0x00, 0x0E, 0x00,
    0x00, 0x00, 0x0E, 0x00,
    0x00, 0xEE, 0xEE, 0x00,
    0x00, 0x00, 0x00, 0x00,

    0xFF, 0xFF, 0xFF, 0xFF,
    0xFF, 0xFF, 0xF0, 0xFF,
    0xFF, 0x00, 0x00, 0x0F,
    0xFF, 0xFF, 0xF0, 0xFF,
    0xFF, 0xFF, 0xF0, 0xFF,
    0xFF, 0xFF, 0xF0, 0xFF,
    0xFF, 0x00, 0x00, 0xFF,
    0xFF, 0xFF, 0xFF, 0xFF,


/* Tile ID 758, isSolid: false */
    0x00, 0x00, 0x00, 0x00,
    0x00, 0x00, 0x00, 0x00,
    0x00, 0xE0, 0x0E, 0x00,
    0x00, 0xE0, 0x0E, 0x00,
    0x00, 0xE0, 0x0E, 0x00,
    0x00, 0xE0, 0x0E, 0x00,
    0x00, 0xEE, 0xEE, 0x00,
    0x00, 0x00, 0x00, 0x00,

    0xFF, 0xFF, 0xFF, 0xFF,
    0xFF, 0xFF, 0xFF, 0xFF,
    0xFF, 0x0F, 0xF0, 0xFF,
    0xFF, 0x0F, 0xF0, 0xFF,
    0xFF, 0x0F, 0xF0, 0xFF,
    0xFF, 0x0F, 0xF0, 0xFF,
    0xFF, 0x00, 0x00, 0xFF,
    0xFF, 0xFF, 0xFF, 0xFF,

    0x00, 0x00, 0x00, 0x00,
    0x00, 0x00, 0x00, 0x00,
    0x00, 0xE0, 0x0E, 0x00,
    0x00, 0xE0, 0x0E, 0x00,
    0x00, 0xE0, 0x0E, 0x00,
    0x00, 0xE0, 0x0E, 0x00,
    0x00, 0xEE, 0xEE, 0x00,
    0x00, 0x00, 0x00, 0x00,

    0xFF, 0xFF, 0xFF, 0xFF,
    0xFF, 0xFF, 0xFF, 0xFF,
    0xFF, 0x0F, 0xF0, 0xFF,
    0xFF, 0x0F, 0xF0, 0xFF,
    0xFF, 0x0F, 0xF0, 0xFF,
    0xFF, 0x0F, 0xF0, 0xFF,
    0xFF, 0x00, 0x00, 0xFF,
    0xFF, 0xFF, 0xFF, 0xFF,


/* Tile ID 759, isSolid: false */
    0x00, 0x00, 0x00, 0x00,
    0x00, 0x00, 0x00, 0x00,
    0x0E, 0x00, 0x0E, 0x00,
    0x0E, 0x00, 0x0E, 0x00,
    0x0E, 0x00, 0x0E, 0x00,
    0x00, 0xE0, 0xE0, 0x00,
    0x00, 0x0E, 0x00, 0x00,
    0x00, 0x00, 0x00, 0x00,

    0xFF, 0xFF, 0xFF, 0xFF,
    0xFF, 0xFF, 0xFF, 0xFF,
    0xF0, 0xFF, 0xF0, 0xFF,
    0xF0, 0xFF, 0xF0, 0xFF,
    0xF0, 0xFF, 0xF0, 0xFF,
    0xFF, 0x0F, 0x0F, 0xFF,
    0xFF, 0xF0, 0xFF, 0xFF,
    0xFF, 0xFF, 0xFF, 0xFF,

    0x00, 0x00, 0x00, 0x00,
    0x00, 0x00, 0x00, 0x00,
    0x00, 0xE0, 0x00, 0xE0,
    0x00, 0xE0, 0x00, 0xE0,
    0x00, 0xE0, 0x00, 0xE0,
    0x00, 0x0E, 0x0E, 0x00,
    0x00, 0x00, 0xE0, 0x00,
    0x00, 0x00, 0x00, 0x00,

    0xFF, 0xFF, 0xFF, 0xFF,
    0xFF, 0xFF, 0xFF, 0xFF,
    0xFF, 0x0F, 0xFF, 0x0F,
    0xFF, 0x0F, 0xFF, 0x0F,
    0xFF, 0x0F, 0xFF, 0x0F,
    0xFF, 0xF0, 0xF0, 0xFF,
    0xFF, 0xFF, 0x0F, 0xFF,
    0xFF, 0xFF, 0xFF, 0xFF,


/* Tile ID 760, isSolid: false */
    0x00, 0x00, 0x00, 0x00,
    0x00, 0x00, 0x00, 0x00,
    0xE0, 0x00, 0x00, 0xE0,
    0xE0, 0x0E, 0x00, 0xE0,
    0xE0, 0x0E, 0x00, 0xE0,
    0xE0, 0x0E, 0x00, 0xE0,
    0xEE, 0xEE, 0xEE, 0xE0,
    0x00, 0x00, 0x00, 0x00,

    0xFF, 0xFF, 0xFF, 0xFF,
    0xFF, 0xFF, 0xFF, 0xFF,
    0x0F, 0xFF, 0xFF, 0x0F,
    0x0F, 0xF0, 0xFF, 0x0F,
    0x0F, 0xF0, 0xFF, 0x0F,
    0x0F, 0xF0, 0xFF, 0x0F,
    0x00, 0x00, 0x00, 0x0F,
    0xFF, 0xFF, 0xFF, 0xFF,

    0x00, 0x00, 0x00, 0x00,
    0x00, 0x00, 0x00, 0x00,
    0x0E, 0x00, 0x00, 0x0E,
    0x0E, 0x00, 0xE0, 0x0E,
    0x0E, 0x00, 0xE0, 0x0E,
    0x0E, 0x00, 0xE0, 0x0E,
    0x0E, 0xEE, 0xEE, 0xEE,
    0x00, 0x00, 0x00, 0x00,

    0xFF, 0xFF, 0xFF, 0xFF,
    0xFF, 0xFF, 0xFF, 0xFF,
    0xF0, 0xFF, 0xFF, 0xF0,
    0xF0, 0xFF, 0x0F, 0xF0,
    0xF0, 0xFF, 0x0F, 0xF0,
    0xF0, 0xFF, 0x0F, 0xF0,
    0xF0, 0x00, 0x00, 0x00,
    0xFF, 0xFF, 0xFF, 0xFF,


/* Tile ID 761, isSolid: false */
    0x00, 0x00, 0x00, 0x00,
    0x00, 0x00, 0x00, 0x00,
    0x0E, 0x00, 0x0E, 0x00,
    0x00, 0xE0, 0xE0, 0x00,
    0x00, 0x0E, 0x00, 0x00,
    0x00, 0xE0, 0xE0, 0x00,
    0x0E, 0x00, 0x0E, 0x00,
    0x00, 0x00, 0x00, 0x00,

    0xFF, 0xFF, 0xFF, 0xFF,
    0xFF, 0xFF, 0xFF, 0xFF,
    0xF0, 0xFF, 0xF0, 0xFF,
    0xFF, 0x0F, 0x0F, 0xFF,
    0xFF, 0xF0, 0xFF, 0xFF,
    0xFF, 0x0F, 0x0F, 0xFF,
    0xF0, 0xFF, 0xF0, 0xFF,
    0xFF, 0xFF, 0xFF, 0xFF,

    0x00, 0x00, 0x00, 0x00,
    0x00, 0x00, 0x00, 0x00,
    0x00, 0xE0, 0x00, 0xE0,
    0x00, 0x0E, 0x0E, 0x00,
    0x00, 0x00, 0xE0, 0x00,
    0x00, 0x0E, 0x0E, 0x00,
    0x00, 0xE0, 0x00, 0xE0,
    0x00, 0x00, 0x00, 0x00,

    0xFF, 0xFF, 0xFF, 0xFF,
    0xFF, 0xFF, 0xFF, 0xFF,
    0xFF, 0x0F, 0xFF, 0x0F,
    0xFF, 0xF0, 0xF0, 0xFF,
    0xFF, 0xFF, 0x0F, 0xFF,
    0xFF, 0xF0, 0xF0, 0xFF,
    0xFF, 0x0F, 0xFF, 0x0F,
    0xFF, 0xFF, 0xFF, 0xFF,


/* Tile ID 762, isSolid: false */
    0x00, 0x00, 0x00, 0x00,
    0x00, 0x00, 0x00, 0x00,
    0x0E, 0x00, 0x0E, 0x00,
    0x0E, 0x00, 0x0E, 0x00,
    0x0E, 0x00, 0x0E, 0x00,
    0x0E, 0xEE, 0xEE, 0x00,
    0x00, 0x00, 0x0E, 0x00,
    0x0E, 0xEE, 0xEE, 0x00,

    0xFF, 0xFF, 0xFF, 0xFF,
    0xFF, 0xFF, 0xFF, 0xFF,
    0xF0, 0xFF, 0xF0, 0xFF,
    0xF0, 0xFF, 0xF0, 0xFF,
    0xF0, 0xFF, 0xF0, 0xFF,
    0xF0, 0x00, 0x00, 0xFF,
    0xFF, 0xFF, 0xF0, 0xFF,
    0xF0, 0x00, 0x00, 0xFF,

    0x00, 0x00, 0x00, 0x00,
    0x00, 0x00, 0x00, 0x00,
    0x00, 0xE0, 0x00, 0xE0,
    0x00, 0xE0, 0x00, 0xE0,
    0x00, 0xE0, 0x00, 0xE0,
    0x00, 0xEE, 0xEE, 0xE0,
    0x00, 0xE0, 0x00, 0x00,
    0x00, 0xEE, 0xEE, 0xE0,

    0xFF, 0xFF, 0xFF, 0xFF,
    0xFF, 0xFF, 0xFF, 0xFF,
    0xFF, 0x0F, 0xFF, 0x0F,
    0xFF, 0x0F, 0xFF, 0x0F,
    0xFF, 0x0F, 0xFF, 0x0F,
    0xFF, 0x00, 0x00, 0x0F,
    0xFF, 0x0F, 0xFF, 0xFF,
    0xFF, 0x00, 0x00, 0x0F,


/* Tile ID 763, isSolid: false */
    0x00, 0x00, 0x00, 0x00,
    0x00, 0x00, 0x00, 0x00,
    0x0E, 0xEE, 0xEE, 0x00,
    0x00, 0x00, 0xE0, 0x00,
    0x00, 0x0E, 0x00, 0x00,
    0x00, 0xE0, 0x00, 0x00,
    0x0E, 0xEE, 0xEE, 0x00,
    0x00, 0x00, 0x00, 0x00,

    0xFF, 0xFF, 0xFF, 0xFF,
    0xFF, 0xFF, 0xFF, 0xFF,
    0xF0, 0x00, 0x00, 0xFF,
    0xFF, 0xFF, 0x0F, 0xFF,
    0xFF, 0xF0, 0xFF, 0xFF,
    0xFF, 0x0F, 0xFF, 0xFF,
    0xF0, 0x00, 0x00, 0xFF,
    0xFF, 0xFF, 0xFF, 0xFF,

    0x00, 0x00, 0x00, 0x00,
    0x00, 0x00, 0x00, 0x00,
    0x00, 0xEE, 0xEE, 0xE0,
    0x00, 0x0E, 0x00, 0x00,
    0x00, 0x00, 0xE0, 0x00,
    0x00, 0x00, 0x0E, 0x00,
    0x00, 0xEE, 0xEE, 0xE0,
    0x00, 0x00, 0x00, 0x00,

    0xFF, 0xFF, 0xFF, 0xFF,
    0xFF, 0xFF, 0xFF, 0xFF,
    0xFF, 0x00, 0x00, 0x0F,
    0xFF, 0xF0, 0xFF, 0xFF,
    0xFF, 0xFF, 0x0F, 0xFF,
    0xFF, 0xFF, 0xF0, 0xFF,
    0xFF, 0x00, 0x00, 0x0F,
    0xFF, 0xFF, 0xFF, 0xFF,


/* Tile ID 764, isSolid: false */
    0x00, 0x00, 0x00, 0x00,
    0x00, 0x00, 0x00, 0x00,
    0x00, 0x00, 0x00, 0x00,
    0x00, 0x00, 0x00, 0x00,
    0x00, 0x00, 0x00, 0x00,
    0x00, 0x00, 0x00, 0x00,
    0x00, 0x00, 0x00, 0x00,
    0x00, 0x00, 0x00, 0x00,

    0xFF, 0xFF, 0xFF, 0xFF,
    0xFF, 0xFF, 0xFF, 0xFF,
    0xFF, 0xFF, 0xFF, 0xFF,
    0xFF, 0xFF, 0xFF, 0xFF,
    0xFF, 0xFF, 0xFF, 0xFF,
    0xFF, 0xFF, 0xFF, 0xFF,
    0xFF, 0xFF, 0xFF, 0xFF,
    0xFF, 0xFF, 0xFF, 0xFF,

    0x00, 0x00, 0x00, 0x00,
    0x00, 0x00, 0x00, 0x00,
    0x00, 0x00, 0x00, 0x00,
    0x00, 0x00, 0x00, 0x00,
    0x00, 0x00, 0x00, 0x00,
    0x00, 0x00, 0x00, 0x00,
    0x00, 0x00, 0x00, 0x00,
    0x00, 0x00, 0x00, 0x00,

    0xFF, 0xFF, 0xFF, 0xFF,
    0xFF, 0xFF, 0xFF, 0xFF,
    0xFF, 0xFF, 0xFF, 0xFF,
    0xFF, 0xFF, 0xFF, 0xFF,
    0xFF, 0xFF, 0xFF, 0xFF,
    0xFF, 0xFF, 0xFF, 0xFF,
    0xFF, 0xFF, 0xFF, 0xFF,
    0xFF, 0xFF, 0xFF, 0xFF,


/* Tile ID 765, isSolid: false */
    0x00, 0x00, 0x00, 0x00,
    0x00, 0x0E, 0x00, 0x00,
    0x00, 0x0E, 0x00, 0x00,
    0x00, 0x0E, 0x00, 0x00,
    0x00, 0x0E, 0x00, 0x00,
    0x00, 0x0E, 0x00, 0x00,
    0x00, 0x0E, 0x00, 0x00,
    0x00, 0x0E, 0x00, 0x00,

    0xFF, 0xFF, 0xFF, 0xFF,
    0xFF, 0xF0, 0xFF, 0xFF,
    0xFF, 0xF0, 0xFF, 0xFF,
    0xFF, 0xF0, 0xFF, 0xFF,
    0xFF, 0xF0, 0xFF, 0xFF,
    0xFF, 0xF0, 0xFF, 0xFF,
    0xFF, 0xF0, 0xFF, 0xFF,
    0xFF, 0xF0, 0xFF, 0xFF,

    0x00, 0x00, 0x00, 0x00,
    0x00, 0x00, 0xE0, 0x00,
    0x00, 0x00, 0xE0, 0x00,
    0x00, 0x00, 0xE0, 0x00,
    0x00, 0x00, 0xE0, 0x00,
    0x00, 0x00, 0xE0, 0x00,
    0x00, 0x00, 0xE0, 0x00,
    0x00, 0x00, 0xE0, 0x00,

    0xFF, 0xFF, 0xFF, 0xFF,
    0xFF, 0xFF, 0x0F, 0xFF,
    0xFF, 0xFF, 0x0F, 0xFF,
    0xFF, 0xFF, 0x0F, 0xFF,
    0xFF, 0xFF, 0x0F, 0xFF,
    0xFF, 0xFF, 0x0F, 0xFF,
    0xFF, 0xFF, 0x0F, 0xFF,
    0xFF, 0xFF, 0x0F, 0xFF,


/* Tile ID 766, isSolid: false */
    0x00, 0x00, 0x00, 0x00,
    0x00, 0x00, 0x00, 0x00,
    0x00, 0x00, 0x00, 0x00,
    0x00, 0x00, 0x00, 0x00,
    0x00, 0x00, 0x00, 0x00,
    0x00, 0x00, 0x00, 0x00,
    0x00, 0x00, 0x00, 0x00,
    0x00, 0x00, 0x00, 0x00,

    0xFF, 0xFF, 0xFF, 0xFF,
    0xFF, 0xFF, 0xFF, 0xFF,
    0xFF, 0xFF, 0xFF, 0xFF,
    0xFF, 0xFF, 0xFF, 0xFF,
    0xFF, 0xFF, 0xFF, 0xFF,
    0xFF, 0xFF, 0xFF, 0xFF,
    0xFF, 0xFF, 0xFF, 0xFF,
    0xFF, 0xFF, 0xFF, 0xFF,

    0x00, 0x00, 0x00, 0x00,
    0x00, 0x00, 0x00, 0x00,
    0x00, 0x00, 0x00, 0x00,
    0x00, 0x00, 0x00, 0x00,
    0x00, 0x00, 0x00, 0x00,
    0x00, 0x00, 0x00, 0x00,
    0x00, 0x00, 0x00, 0x00,
    0x00, 0x00, 0x00, 0x00,

    0xFF, 0xFF, 0xFF, 0xFF,
    0xFF, 0xFF, 0xFF, 0xFF,
    0xFF, 0xFF, 0xFF, 0xFF,
    0xFF, 0xFF, 0xFF, 0xFF,
    0xFF, 0xFF, 0xFF, 0xFF,
    0xFF, 0xFF, 0xFF, 0xFF,
    0xFF, 0xFF, 0xFF, 0xFF,
    0xFF, 0xFF, 0xFF, 0xFF,


/* Tile ID 767, isSolid: false */
    0x00, 0x00, 0x00, 0x00,
    0x00, 0x00, 0x00, 0x00,
    0x00, 0x00, 0x00, 0x00,
    0x00, 0x00, 0x00, 0x00,
    0x00, 0x00, 0x00, 0x00,
    0x00, 0x00, 0x00, 0x00,
    0x00, 0x00, 0x00, 0x00,
    0x00, 0x00, 0x00, 0x00,

    0xFF, 0xFF, 0xFF, 0xFF,
    0xFF, 0xFF, 0xFF, 0xFF,
    0xFF, 0xFF, 0xFF, 0xFF,
    0xFF, 0xFF, 0xFF, 0xFF,
    0xFF, 0xFF, 0xFF, 0xFF,
    0xFF, 0xFF, 0xFF, 0xFF,
    0xFF, 0xFF, 0xFF, 0xFF,
    0xFF, 0xFF, 0xFF, 0xFF,

    0x00, 0x00, 0x00, 0x00,
    0x00, 0x00, 0x00, 0x00,
    0x00, 0x00, 0x00, 0x00,
    0x00, 0x00, 0x00, 0x00,
    0x00, 0x00, 0x00, 0x00,
    0x00, 0x00, 0x00, 0x00,
    0x00, 0x00, 0x00, 0x00,
    0x00, 0x00, 0x00, 0x00,

    0xFF, 0xFF, 0xFF, 0xFF,
    0xFF, 0xFF, 0xFF, 0xFF,
    0xFF, 0xFF, 0xFF, 0xFF,
    0xFF, 0xFF, 0xFF, 0xFF,
    0xFF, 0xFF, 0xFF, 0xFF,
    0xFF, 0xFF, 0xFF, 0xFF,
    0xFF, 0xFF, 0xFF, 0xFF,
    0xFF, 0xFF, 0xFF, 0xFF,


/* Tile ID 768, isSolid: false */
    0x00, 0x00, 0x00, 0x00,
    0x00, 0x00, 0x00, 0x00,
    0x00, 0x00, 0x00, 0x00,
    0x00, 0x00, 0x00, 0x00,
    0x00, 0x00, 0x00, 0x00,
    0x00, 0x00, 0x00, 0x00,
    0x00, 0x00, 0x00, 0x00,
    0x00, 0x00, 0x00, 0x00,

    0xFF, 0xFF, 0xFF, 0xFF,
    0xFF, 0xFF, 0xFF, 0xFF,
    0xFF, 0xFF, 0xFF, 0xFF,
    0xFF, 0xFF, 0xFF, 0xFF,
    0xFF, 0xFF, 0xFF, 0xFF,
    0xFF, 0xFF, 0xFF, 0xFF,
    0xFF, 0xFF, 0xFF, 0xFF,
    0xFF, 0xFF, 0xFF, 0xFF,

    0x00, 0x00, 0x00, 0x00,
    0x00, 0x00, 0x00, 0x00,
    0x00, 0x00, 0x00, 0x00,
    0x00, 0x00, 0x00, 0x00,
    0x00, 0x00, 0x00, 0x00,
    0x00, 0x00, 0x00, 0x00,
    0x00, 0x00, 0x00, 0x00,
    0x00, 0x00, 0x00, 0x00,

    0xFF, 0xFF, 0xFF, 0xFF,
    0xFF, 0xFF, 0xFF, 0xFF,
    0xFF, 0xFF, 0xFF, 0xFF,
    0xFF, 0xFF, 0xFF, 0xFF,
    0xFF, 0xFF, 0xFF, 0xFF,
    0xFF, 0xFF, 0xFF, 0xFF,
    0xFF, 0xFF, 0xFF, 0xFF,
    0xFF, 0xFF, 0xFF, 0xFF,


/* Tile ID 769, isSolid: false */
    0x00, 0x00, 0x00, 0x00,
    0x00, 0x00, 0x00, 0xEE,
    0x00, 0x00, 0x00, 0xAC,
    0x00, 0x00, 0x00, 0xCC,
    0x00, 0x0C, 0xCC, 0xCC,
    0x00, 0xCC, 0xCC, 0xCC,
    0x00, 0x0C, 0xCC, 0xCC,
    0x00, 0x00, 0xA0, 0x00,

    0xFF, 0xFF, 0xFF, 0xFF,
    0xFF, 0xFF, 0xFF, 0x00,
    0xFF, 0xFF, 0xFF, 0x00,
    0xFF, 0xFF, 0xFF, 0x00,
    0xFF, 0xF0, 0x00, 0x00,
    0xFF, 0x00, 0x00, 0x00,
    0xFF, 0xF0, 0x00, 0x00,
    0xFF, 0xFF, 0x0F, 0xFF,

    0x00, 0x00, 0x00, 0x00,
    0xEE, 0x00, 0x00, 0x00,
    0xCA, 0x00, 0x00, 0x00,
    0xCC, 0x00, 0x00, 0x00,
    0xCC, 0xCC, 0xC0, 0x00,
    0xCC, 0xCC, 0xCC, 0x00,
    0xCC, 0xCC, 0xC0, 0x00,
    0x00, 0x0A, 0x00, 0x00,

    0xFF, 0xFF, 0xFF, 0xFF,
    0x00, 0xFF, 0xFF, 0xFF,
    0x00, 0xFF, 0xFF, 0xFF,
    0x00, 0xFF, 0xFF, 0xFF,
    0x00, 0x00, 0x0F, 0xFF,
    0x00, 0x00, 0x00, 0xFF,
    0x00, 0x00, 0x0F, 0xFF,
    0xFF, 0xF0, 0xFF, 0xFF,


/* Tile ID 770, isSolid: false */
    0x00, 0x00, 0x00, 0x00,
    0xE0, 0x00, 0x00, 0x00,
    0xA0, 0x00, 0x00, 0x00,
    0xC0, 0x00, 0x00, 0x00,
    0xCC, 0xCC, 0x00, 0x00,
    0xCC, 0xCC, 0xC0, 0x00,
    0xCC, 0xCC, 0x00, 0x00,
    0x00, 0xA0, 0x00, 0x00,

    0xFF, 0xFF, 0xFF, 0xFF,
    0x0F, 0xFF, 0xFF, 0xFF,
    0x0F, 0xFF, 0xFF, 0xFF,
    0x0F, 0xFF, 0xFF, 0xFF,
    0x00, 0x00, 0xFF, 0xFF,
    0x00, 0x00, 0x0F, 0xFF,
    0x00, 0x00, 0xFF, 0xFF,
    0xFF, 0x0F, 0xFF, 0xFF,

    0x00, 0x00, 0x00, 0x00,
    0x00, 0x00, 0x00, 0x0E,
    0x00, 0x00, 0x00, 0x0A,
    0x00, 0x00, 0x00, 0x0C,
    0x00, 0x00, 0xCC, 0xCC,
    0x00, 0x0C, 0xCC, 0xCC,
    0x00, 0x00, 0xCC, 0xCC,
    0x00, 0x00, 0x0A, 0x00,

    0xFF, 0xFF, 0xFF, 0xFF,
    0xFF, 0xFF, 0xFF, 0xF0,
    0xFF, 0xFF, 0xFF, 0xF0,
    0xFF, 0xFF, 0xFF, 0xF0,
    0xFF, 0xFF, 0x00, 0x00,
    0xFF, 0xF0, 0x00, 0x00,
    0xFF, 0xFF, 0x00, 0x00,
    0xFF, 0xFF, 0xF0, 0xFF,


/* Tile ID 771, isSolid: false */
    0x00, 0x00, 0x00, 0x00,
    0x00, 0x00, 0x00, 0x00,
    0x00, 0x00, 0x00, 0x00,
    0x00, 0x00, 0xCC, 0xCC,
    0x00, 0x00, 0xCC, 0xCC,
    0x00, 0x00, 0x0C, 0xCC,
    0x00, 0x00, 0x0A, 0x00,
    0x00, 0x00, 0x0A, 0xC0,

    0xFF, 0xFF, 0xFF, 0xFF,
    0xFF, 0xFF, 0xFF, 0xFF,
    0xFF, 0xFF, 0xFF, 0xFF,
    0xFF, 0xFF, 0x00, 0x00,
    0xFF, 0xFF, 0x00, 0x00,
    0xFF, 0xFF, 0xF0, 0x00,
    0xFF, 0xFF, 0xF0, 0xFF,
    0xFF, 0xFF, 0xF0, 0x0F,

    0x00, 0x00, 0x00, 0x00,
    0x00, 0x00, 0x00, 0x00,
    0x00, 0x00, 0x00, 0x00,
    0xCC, 0xCC, 0x00, 0x00,
    0xCC, 0xCC, 0x00, 0x00,
    0xCC, 0xC0, 0x00, 0x00,
    0x00, 0xA0, 0x00, 0x00,
    0x0C, 0xA0, 0x00, 0x00,

    0xFF, 0xFF, 0xFF, 0xFF,
    0xFF, 0xFF, 0xFF, 0xFF,
    0xFF, 0xFF, 0xFF, 0xFF,
    0x00, 0x00, 0xFF, 0xFF,
    0x00, 0x00, 0xFF, 0xFF,
    0x00, 0x0F, 0xFF, 0xFF,
    0xFF, 0x0F, 0xFF, 0xFF,
    0xF0, 0x0F, 0xFF, 0xFF,


/* Tile ID 772, isSolid: false */
    0x00, 0x00, 0x00, 0x00,
    0x0E, 0xE0, 0x00, 0x00,
    0x0C, 0xA0, 0x00, 0x00,
    0xCC, 0xC0, 0x00, 0x00,
    0xCC, 0xC0, 0x00, 0x00,
    0xCC, 0xCC, 0xC0, 0x00,
    0xCC, 0xCC, 0xC0, 0x00,
    0x00, 0xCC, 0xCC, 0x00,

    0xFF, 0xFF, 0xFF, 0xFF,
    0xF0, 0x0F, 0xFF, 0xFF,
    0xF0, 0x0F, 0xFF, 0xFF,
    0x00, 0x0F, 0xFF, 0xFF,
    0x00, 0x0F, 0xFF, 0xFF,
    0x00, 0x00, 0x0F, 0xFF,
    0x00, 0x00, 0x0F, 0xFF,
    0xFF, 0x00, 0x00, 0xFF,

    0x00, 0x00, 0x00, 0x00,
    0x00, 0x00, 0x0E, 0xE0,
    0x00, 0x00, 0x0A, 0xC0,
    0x00, 0x00, 0x0C, 0xCC,
    0x00, 0x00, 0x0C, 0xCC,
    0x00, 0x0C, 0xCC, 0xCC,
    0x00, 0x0C, 0xCC, 0xCC,
    0x00, 0xCC, 0xCC, 0x00,

    0xFF, 0xFF, 0xFF, 0xFF,
    0xFF, 0xFF, 0xF0, 0x0F,
    0xFF, 0xFF, 0xF0, 0x0F,
    0xFF, 0xFF, 0xF0, 0x00,
    0xFF, 0xFF, 0xF0, 0x00,
    0xFF, 0xF0, 0x00, 0x00,
    0xFF, 0xF0, 0x00, 0x00,
    0xFF, 0x00, 0x00, 0xFF,


/* Tile ID 773, isSolid: false */
    0x00, 0x00, 0x00, 0x00,
    0x00, 0x00, 0x00, 0x00,
    0x00, 0x00, 0x00, 0x00,
    0x00, 0x00, 0x0C, 0xC0,
    0x00, 0x00, 0x0C, 0xCC,
    0x00, 0x00, 0x0C, 0xCC,
    0x00, 0x00, 0x0A, 0xCC,
    0x00, 0x00, 0x0A, 0x0C,

    0xFF, 0xFF, 0xFF, 0xFF,
    0xFF, 0xFF, 0xFF, 0xFF,
    0xFF, 0xFF, 0xFF, 0xFF,
    0xFF, 0xFF, 0xF0, 0x0F,
    0xFF, 0xFF, 0xF0, 0x00,
    0xFF, 0xFF, 0xF0, 0x00,
    0xFF, 0xFF, 0xF0, 0x00,
    0xFF, 0xFF, 0xF0, 0xF0,

    0x00, 0x00, 0x00, 0x00,
    0x00, 0x00, 0x00, 0x00,
    0x00, 0x00, 0x00, 0x00,
    0x0C, 0xC0, 0x00, 0x00,
    0xCC, 0xC0, 0x00, 0x00,
    0xCC, 0xC0, 0x00, 0x00,
    0xCC, 0xA0, 0x00, 0x00,
    0xC0, 0xA0, 0x00, 0x00,

    0xFF, 0xFF, 0xFF, 0xFF,
    0xFF, 0xFF, 0xFF, 0xFF,
    0xFF, 0xFF, 0xFF, 0xFF,
    0xF0, 0x0F, 0xFF, 0xFF,
    0x00, 0x0F, 0xFF, 0xFF,
    0x00, 0x0F, 0xFF, 0xFF,
    0x00, 0x0F, 0xFF, 0xFF,
    0x0F, 0x0F, 0xFF, 0xFF,


/* Tile ID 774, isSolid: false */
    0x00, 0x00, 0x00, 0x00,
    0x00, 0x00, 0x00, 0x00,
    0x00, 0x00, 0x00, 0x00,
    0x00, 0x0E, 0x00, 0x00,
    0xC0, 0xAE, 0xE0, 0x00,
    0xCC, 0xCC, 0xE0, 0x00,
    0xCC, 0xCC, 0x00, 0x00,
    0xCC, 0xCC, 0x00, 0x00,

    0xFF, 0xFF, 0xFF, 0xFF,
    0xFF, 0xFF, 0xFF, 0xFF,
    0xFF, 0xFF, 0xFF, 0xFF,
    0xFF, 0xF0, 0xFF, 0xFF,
    0x0F, 0x00, 0x0F, 0xFF,
    0x00, 0x00, 0x0F, 0xFF,
    0x00, 0x00, 0xFF, 0xFF,
    0x00, 0x00, 0xFF, 0xFF,

    0x00, 0x00, 0x00, 0x00,
    0x00, 0x00, 0x00, 0x00,
    0x00, 0x00, 0x00, 0x00,
    0x00, 0x00, 0xE0, 0x00,
    0x00, 0x0E, 0xEA, 0x0C,
    0x00, 0x0E, 0xCC, 0xCC,
    0x00, 0x00, 0xCC, 0xCC,
    0x00, 0x00, 0xCC, 0xCC,

    0xFF, 0xFF, 0xFF, 0xFF,
    0xFF, 0xFF, 0xFF, 0xFF,
    0xFF, 0xFF, 0xFF, 0xFF,
    0xFF, 0xFF, 0x0F, 0xFF,
    0xFF, 0xF0, 0x00, 0xF0,
    0xFF, 0xF0, 0x00, 0x00,
    0xFF, 0xFF, 0x00, 0x00,
    0xFF, 0xFF, 0x00, 0x00,


/* Tile ID 775, isSolid: false */
    0x00, 0x00, 0x00, 0x00,
    0x00, 0x00, 0x00, 0x00,
    0x00, 0x00, 0x00, 0x0C,
    0x00, 0x00, 0x00, 0x0C,
    0x00, 0x00, 0x00, 0x0C,
    0x00, 0x00, 0x00, 0xAC,
    0x00, 0x0B, 0x00, 0xA0,
    0x00, 0x0C, 0xB0, 0xC0,

    0xFF, 0xFF, 0xFF, 0xFF,
    0xFF, 0xFF, 0xFF, 0xFF,
    0xFF, 0xFF, 0xFF, 0xF0,
    0xFF, 0xFF, 0xFF, 0xF0,
    0xFF, 0xFF, 0xFF, 0xF0,
    0xFF, 0xFF, 0xFF, 0x00,
    0xFF, 0xF0, 0xFF, 0x0F,
    0xFF, 0xF0, 0x0F, 0x0F,

    0x00, 0x00, 0x00, 0x00,
    0x00, 0x00, 0x00, 0x00,
    0xC0, 0x00, 0x00, 0x00,
    0xC0, 0x00, 0x00, 0x00,
    0xC0, 0x00, 0x00, 0x00,
    0xCA, 0x00, 0x00, 0x00,
    0x0A, 0x00, 0xB0, 0x00,
    0x0C, 0x0B, 0xC0, 0x00,

    0xFF, 0xFF, 0xFF, 0xFF,
    0xFF, 0xFF, 0xFF, 0xFF,
    0x0F, 0xFF, 0xFF, 0xFF,
    0x0F, 0xFF, 0xFF, 0xFF,
    0x0F, 0xFF, 0xFF, 0xFF,
    0x00, 0xFF, 0xFF, 0xFF,
    0xF0, 0xFF, 0x0F, 0xFF,
    0xF0, 0xF0, 0x0F, 0xFF,


/* Tile ID 776, isSolid: false */
    0x00, 0x00, 0x00, 0x00,
    0x00, 0x00, 0x00, 0x00,
    0x00, 0x00, 0x00, 0x00,
    0xCC, 0x00, 0x00, 0x00,
    0xCC, 0x00, 0x00, 0x00,
    0xCC, 0xCC, 0xAE, 0x00,
    0xCC, 0xCC, 0xCE, 0x00,
    0xCC, 0xCC, 0xC0, 0x00,

    0xFF, 0xFF, 0xFF, 0xFF,
    0xFF, 0xFF, 0xFF, 0xFF,
    0xFF, 0xFF, 0xFF, 0xFF,
    0x00, 0xFF, 0xFF, 0xFF,
    0x00, 0xFF, 0xFF, 0xFF,
    0x00, 0x00, 0x00, 0xFF,
    0x00, 0x00, 0x00, 0xFF,
    0x00, 0x00, 0x0F, 0xFF,

    0x00, 0x00, 0x00, 0x00,
    0x00, 0x00, 0x00, 0x00,
    0x00, 0x00, 0x00, 0x00,
    0x00, 0x00, 0x00, 0xCC,
    0x00, 0x00, 0x00, 0xCC,
    0x00, 0xEA, 0xCC, 0xCC,
    0x00, 0xEC, 0xCC, 0xCC,
    0x00, 0x0C, 0xCC, 0xCC,

    0xFF, 0xFF, 0xFF, 0xFF,
    0xFF, 0xFF, 0xFF, 0xFF,
    0xFF, 0xFF, 0xFF, 0xFF,
    0xFF, 0xFF, 0xFF, 0x00,
    0xFF, 0xFF, 0xFF, 0x00,
    0xFF, 0x00, 0x00, 0x00,
    0xFF, 0x00, 0x00, 0x00,
    0xFF, 0xF0, 0x00, 0x00,


/* Tile ID 777, isSolid: false */
    0x00, 0x00, 0x00, 0x00,
    0x00, 0x00, 0x00, 0x00,
    0x00, 0x00, 0x00, 0x00,
    0x00, 0x00, 0x00, 0x00,
    0x00, 0x0C, 0xB0, 0x0A,
    0x00, 0xBC, 0xB0, 0xA0,
    0x00, 0xB4, 0x4C, 0xC0,
    0x00, 0xCC, 0xCC, 0xC0,

    0xFF, 0xFF, 0xFF, 0xFF,
    0xFF, 0xFF, 0xFF, 0xFF,
    0xFF, 0xFF, 0xFF, 0xFF,
    0xFF, 0xFF, 0xFF, 0xFF,
    0xFF, 0xF0, 0x0F, 0xF0,
    0xFF, 0x00, 0x0F, 0x0F,
    0xFF, 0x00, 0x00, 0x0F,
    0xFF, 0x00, 0x00, 0x0F,

    0x00, 0x00, 0x00, 0x00,
    0x00, 0x00, 0x00, 0x00,
    0x00, 0x00, 0x00, 0x00,
    0x00, 0x00, 0x00, 0x00,
    0xA0, 0x0B, 0xC0, 0x00,
    0x0A, 0x0B, 0xCB, 0x00,
    0x0C, 0xC4, 0x4B, 0x00,
    0x0C, 0xCC, 0xCC, 0x00,

    0xFF, 0xFF, 0xFF, 0xFF,
    0xFF, 0xFF, 0xFF, 0xFF,
    0xFF, 0xFF, 0xFF, 0xFF,
    0xFF, 0xFF, 0xFF, 0xFF,
    0x0F, 0xF0, 0x0F, 0xFF,
    0xF0, 0xF0, 0x00, 0xFF,
    0xF0, 0x00, 0x00, 0xFF,
    0xF0, 0x00, 0x00, 0xFF,


/* Tile ID 778, isSolid: false */
    0x00, 0x00, 0x00, 0x00,
    0x00, 0x00, 0x00, 0x00,
    0x0C, 0x00, 0x00, 0x00,
    0xCC, 0xC0, 0x00, 0x00,
    0xCC, 0xC0, 0x00, 0x00,
    0xCC, 0xC0, 0x00, 0x00,
    0xCC, 0xCC, 0xAE, 0x00,
    0xCC, 0xCC, 0xCE, 0x00,

    0xFF, 0xFF, 0xFF, 0xFF,
    0xFF, 0xFF, 0xFF, 0xFF,
    0xF0, 0xFF, 0xFF, 0xFF,
    0x00, 0x0F, 0xFF, 0xFF,
    0x00, 0x0F, 0xFF, 0xFF,
    0x00, 0x0F, 0xFF, 0xFF,
    0x00, 0x00, 0x00, 0xFF,
    0x00, 0x00, 0x00, 0xFF,

    0x00, 0x00, 0x00, 0x00,
    0x00, 0x00, 0x00, 0x00,
    0x00, 0x00, 0x00, 0xC0,
    0x00, 0x00, 0x0C, 0xCC,
    0x00, 0x00, 0x0C, 0xCC,
    0x00, 0x00, 0x0C, 0xCC,
    0x00, 0xEA, 0xCC, 0xCC,
    0x00, 0xEC, 0xCC, 0xCC,

    0xFF, 0xFF, 0xFF, 0xFF,
    0xFF, 0xFF, 0xFF, 0xFF,
    0xFF, 0xFF, 0xFF, 0x0F,
    0xFF, 0xFF, 0xF0, 0x00,
    0xFF, 0xFF, 0xF0, 0x00,
    0xFF, 0xFF, 0xF0, 0x00,
    0xFF, 0x00, 0x00, 0x00,
    0xFF, 0x00, 0x00, 0x00,


/* Tile ID 779, isSolid: false */
    0x00, 0x00, 0x00, 0x00,
    0x00, 0x04, 0x00, 0x28,
    0x00, 0x46, 0x40, 0x4B,
    0x00, 0x46, 0x42, 0x6D,
    0x00, 0x2B, 0xDB, 0x6D,
    0x00, 0x00, 0xBD, 0x00,
    0x00, 0x00, 0x0B, 0xD0,
    0x00, 0x00, 0x0B, 0xBD,

    0xFF, 0xFF, 0xFF, 0xFF,
    0xFF, 0xF0, 0xFF, 0x00,
    0xFF, 0x00, 0x0F, 0x00,
    0xFF, 0x00, 0x00, 0x00,
    0xFF, 0x00, 0x00, 0x00,
    0xFF, 0xFF, 0x00, 0xFF,
    0xFF, 0xFF, 0xF0, 0x0F,
    0xFF, 0xFF, 0xF0, 0x00,

    0x00, 0x00, 0x00, 0x00,
    0x82, 0x00, 0x40, 0x00,
    0xB4, 0x04, 0x64, 0x00,
    0xD6, 0x24, 0x64, 0x00,
    0xD6, 0xBD, 0xB2, 0x00,
    0x00, 0xDB, 0x00, 0x00,
    0x0D, 0xB0, 0x00, 0x00,
    0xDB, 0xB0, 0x00, 0x00,

    0xFF, 0xFF, 0xFF, 0xFF,
    0x00, 0xFF, 0x0F, 0xFF,
    0x00, 0xF0, 0x00, 0xFF,
    0x00, 0x00, 0x00, 0xFF,
    0x00, 0x00, 0x00, 0xFF,
    0xFF, 0x00, 0xFF, 0xFF,
    0xF0, 0x0F, 0xFF, 0xFF,
    0x00, 0x0F, 0xFF, 0xFF,


/* Tile ID 780, isSolid: false */
    0x00, 0x00, 0x00, 0x00,
    0x20, 0x04, 0x00, 0x00,
    0x40, 0x46, 0x40, 0x00,
    0x62, 0x46, 0x40, 0x00,
    0x6B, 0xDB, 0x20, 0x00,
    0x0D, 0xB0, 0x00, 0x00,
    0xDB, 0x00, 0x00, 0x00,
    0xBB, 0x00, 0x00, 0x00,

    0xFF, 0xFF, 0xFF, 0xFF,
    0x0F, 0xF0, 0xFF, 0xFF,
    0x0F, 0x00, 0x0F, 0xFF,
    0x00, 0x00, 0x0F, 0xFF,
    0x00, 0x00, 0x0F, 0xFF,
    0xF0, 0x0F, 0xFF, 0xFF,
    0x00, 0xFF, 0xFF, 0xFF,
    0x00, 0xFF, 0xFF, 0xFF,

    0x00, 0x00, 0x00, 0x00,
    0x00, 0x00, 0x40, 0x02,
    0x00, 0x04, 0x64, 0x04,
    0x00, 0x04, 0x64, 0x26,
    0x00, 0x02, 0xBD, 0xB6,
    0x00, 0x00, 0x0B, 0xD0,
    0x00, 0x00, 0x00, 0xBD,
    0x00, 0x00, 0x00, 0xBB,

    0xFF, 0xFF, 0xFF, 0xFF,
    0xFF, 0xFF, 0x0F, 0xF0,
    0xFF, 0xF0, 0x00, 0xF0,
    0xFF, 0xF0, 0x00, 0x00,
    0xFF, 0xF0, 0x00, 0x00,
    0xFF, 0xFF, 0xF0, 0x0F,
    0xFF, 0xFF, 0xFF, 0x00,
    0xFF, 0xFF, 0xFF, 0x00,


/* Tile ID 781, isSolid: false */
    0x00, 0x00, 0x00, 0x00,
    0x00, 0x00, 0x66, 0x00,
    0x00, 0x00, 0x66, 0x00,
    0x00, 0x04, 0x66, 0x46,
    0x00, 0x00, 0xBD, 0x66,
    0x00, 0x00, 0x0D, 0xD6,
    0x00, 0x00, 0x0B, 0xD0,
    0x00, 0x00, 0x0B, 0xD0,

    0xFF, 0xFF, 0xFF, 0xFF,
    0xFF, 0xFF, 0x00, 0xFF,
    0xFF, 0xFF, 0x00, 0xFF,
    0xFF, 0xF0, 0x00, 0x00,
    0xFF, 0xFF, 0x00, 0x00,
    0xFF, 0xFF, 0xF0, 0x00,
    0xFF, 0xFF, 0xF0, 0x0F,
    0xFF, 0xFF, 0xF0, 0x0F,

    0x00, 0x00, 0x00, 0x00,
    0x00, 0x66, 0x00, 0x00,
    0x00, 0x66, 0x00, 0x00,
    0x64, 0x66, 0x40, 0x00,
    0x66, 0xDB, 0x00, 0x00,
    0x6D, 0xD0, 0x00, 0x00,
    0x0D, 0xB0, 0x00, 0x00,
    0x0D, 0xB0, 0x00, 0x00,

    0xFF, 0xFF, 0xFF, 0xFF,
    0xFF, 0x00, 0xFF, 0xFF,
    0xFF, 0x00, 0xFF, 0xFF,
    0x00, 0x00, 0x0F, 0xFF,
    0x00, 0x00, 0xFF, 0xFF,
    0x00, 0x0F, 0xFF, 0xFF,
    0xF0, 0x0F, 0xFF, 0xFF,
    0xF0, 0x0F, 0xFF, 0xFF,


/* Tile ID 782, isSolid: false */
    0x00, 0x00, 0x00, 0x00,
    0x00, 0x00, 0x00, 0x00,
    0x4B, 0x00, 0x00, 0x00,
    0x6B, 0x40, 0x00, 0x00,
    0xD6, 0x00, 0x66, 0x00,
    0xD6, 0x46, 0x66, 0x00,
    0x0B, 0xDD, 0x64, 0x00,
    0xDD, 0xBB, 0x40, 0x00,

    0xFF, 0xFF, 0xFF, 0xFF,
    0xFF, 0xFF, 0xFF, 0xFF,
    0x00, 0xFF, 0xFF, 0xFF,
    0x00, 0x0F, 0xFF, 0xFF,
    0x00, 0xFF, 0x00, 0xFF,
    0x00, 0x00, 0x00, 0xFF,
    0xF0, 0x00, 0x00, 0xFF,
    0x00, 0x00, 0x0F, 0xFF,

    0x00, 0x00, 0x00, 0x00,
    0x00, 0x00, 0x00, 0x00,
    0x00, 0x00, 0x00, 0xB4,
    0x00, 0x00, 0x04, 0xB6,
    0x00, 0x66, 0x00, 0x6D,
    0x00, 0x66, 0x64, 0x6D,
    0x00, 0x46, 0xDD, 0xB0,
    0x00, 0x04, 0xBB, 0xDD,

    0xFF, 0xFF, 0xFF, 0xFF,
    0xFF, 0xFF, 0xFF, 0xFF,
    0xFF, 0xFF, 0xFF, 0x00,
    0xFF, 0xFF, 0xF0, 0x00,
    0xFF, 0x00, 0xFF, 0x00,
    0xFF, 0x00, 0x00, 0x00,
    0xFF, 0x00, 0x00, 0x0F,
    0xFF, 0xF0, 0x00, 0x00,


/* Tile ID 783, isSolid: false */
    0x00, 0x00, 0x00, 0x66,
    0x00, 0x00, 0x00, 0x66,
    0x00, 0x00, 0x04, 0x66,
    0x00, 0x00, 0x0B, 0xD4,
    0x00, 0x00, 0x0B, 0xD6,
    0x00, 0x00, 0x0B, 0xD0,
    0x00, 0x00, 0xBB, 0xD0,
    0x00, 0x00, 0xBD, 0xDD,

    0xFF, 0xFF, 0xFF, 0x00,
    0xFF, 0xFF, 0xFF, 0x00,
    0xFF, 0xFF, 0xF0, 0x00,
    0xFF, 0xFF, 0xF0, 0x00,
    0xFF, 0xFF, 0xF0, 0x00,
    0xFF, 0xFF, 0xF0, 0x0F,
    0xFF, 0xFF, 0x00, 0x0F,
    0xFF, 0xFF, 0x00, 0x00,

    0x66, 0x00, 0x00, 0x00,
    0x66, 0x00, 0x00, 0x00,
    0x66, 0x40, 0x00, 0x00,
    0x4D, 0xB0, 0x00, 0x00,
    0x6D, 0xB0, 0x00, 0x00,
    0x0D, 0xB0, 0x00, 0x00,
    0x0D, 0xBB, 0x00, 0x00,
    0xDD, 0xDB, 0x00, 0x00,

    0x00, 0xFF, 0xFF, 0xFF,
    0x00, 0xFF, 0xFF, 0xFF,
    0x00, 0x0F, 0xFF, 0xFF,
    0x00, 0x0F, 0xFF, 0xFF,
    0x00, 0x0F, 0xFF, 0xFF,
    0xF0, 0x0F, 0xFF, 0xFF,
    0xF0, 0x00, 0xFF, 0xFF,
    0x00, 0x00, 0xFF, 0xFF,


/* Tile ID 784, isSolid: false */
    0x00, 0x00, 0x00, 0x00,
    0x00, 0x00, 0x00, 0x00,
    0x04, 0x00, 0x00, 0x00,
    0x66, 0xB0, 0x00, 0x00,
    0x6D, 0x64, 0x00, 0x00,
    0xD6, 0x60, 0x00, 0x00,
    0x06, 0x46, 0x66, 0x00,
    0xDD, 0xD6, 0x66, 0x00,

    0xFF, 0xFF, 0xFF, 0xFF,
    0xFF, 0xFF, 0xFF, 0xFF,
    0xF0, 0xFF, 0xFF, 0xFF,
    0x00, 0x0F, 0xFF, 0xFF,
    0x00, 0x00, 0xFF, 0xFF,
    0x00, 0x0F, 0xFF, 0xFF,
    0xF0, 0x00, 0x00, 0xFF,
    0x00, 0x00, 0x00, 0xFF,

    0x00, 0x00, 0x00, 0x00,
    0x00, 0x00, 0x00, 0x00,
    0x00, 0x00, 0x00, 0x40,
    0x00, 0x00, 0x0B, 0x66,
    0x00, 0x00, 0x46, 0xD6,
    0x00, 0x00, 0x06, 0x6D,
    0x00, 0x66, 0x64, 0x60,
    0x00, 0x66, 0x6D, 0xDD,

    0xFF, 0xFF, 0xFF, 0xFF,
    0xFF, 0xFF, 0xFF, 0xFF,
    0xFF, 0xFF, 0xFF, 0x0F,
    0xFF, 0xFF, 0xF0, 0x00,
    0xFF, 0xFF, 0x00, 0x00,
    0xFF, 0xFF, 0xF0, 0x00,
    0xFF, 0x00, 0x00, 0x0F,
    0xFF, 0x00, 0x00, 0x00,


/* Tile ID 785, isSolid: false */
    0x00, 0x00, 0x00, 0x00,
    0x00, 0x00, 0x00, 0x00,
    0x00, 0x00, 0x00, 0x00,
    0x00, 0x00, 0x00, 0x00,
    0x00, 0x00, 0x00, 0x0B,
    0x00, 0x00, 0x00, 0xBB,
    0x00, 0x00, 0x0B, 0xBD,
    0x01, 0x10, 0xBD, 0xDD,

    0xFF, 0xFF, 0xFF, 0xFF,
    0xFF, 0xFF, 0xFF, 0xFF,
    0xFF, 0xFF, 0xFF, 0xFF,
    0xFF, 0xFF, 0xFF, 0xFF,
    0xFF, 0xFF, 0xFF, 0xF0,
    0xFF, 0xFF, 0xFF, 0x00,
    0xFF, 0xFF, 0xF0, 0x00,
    0xF0, 0x0F, 0x00, 0x00,

    0x00, 0x00, 0x00, 0x00,
    0x00, 0x00, 0x00, 0x00,
    0x00, 0x00, 0x00, 0x00,
    0x00, 0x00, 0x00, 0x00,
    0xB0, 0x00, 0x00, 0x00,
    0xBB, 0x00, 0x00, 0x00,
    0xDB, 0xB0, 0x00, 0x00,
    0xDD, 0xDB, 0x01, 0x10,

    0xFF, 0xFF, 0xFF, 0xFF,
    0xFF, 0xFF, 0xFF, 0xFF,
    0xFF, 0xFF, 0xFF, 0xFF,
    0xFF, 0xFF, 0xFF, 0xFF,
    0x0F, 0xFF, 0xFF, 0xFF,
    0x00, 0xFF, 0xFF, 0xFF,
    0x00, 0x0F, 0xFF, 0xFF,
    0x00, 0x00, 0xF0, 0x0F,


/* Tile ID 786, isSolid: false */
    0x00, 0x00, 0x00, 0x00,
    0x06, 0x66, 0x00, 0x00,
    0x66, 0x60, 0x00, 0x00,
    0xD6, 0x00, 0x00, 0x00,
    0xD6, 0x46, 0x40, 0x00,
    0xD6, 0x6B, 0xB0, 0x00,
    0x06, 0xD6, 0x64, 0x00,
    0x00, 0x66, 0x00, 0x00,

    0xFF, 0xFF, 0xFF, 0xFF,
    0xF0, 0x00, 0xFF, 0xFF,
    0x00, 0x0F, 0xFF, 0xFF,
    0x00, 0xFF, 0xFF, 0xFF,
    0x00, 0x00, 0x0F, 0xFF,
    0x00, 0x00, 0x0F, 0xFF,
    0xF0, 0x00, 0x00, 0xFF,
    0xFF, 0x00, 0xFF, 0xFF,

    0x00, 0x00, 0x00, 0x00,
    0x00, 0x00, 0x66, 0x60,
    0x00, 0x00, 0x06, 0x66,
    0x00, 0x00, 0x00, 0x6D,
    0x00, 0x04, 0x64, 0x6D,
    0x00, 0x0B, 0xB6, 0x6D,
    0x00, 0x46, 0x6D, 0x60,
    0x00, 0x00, 0x66, 0x00,

    0xFF, 0xFF, 0xFF, 0xFF,
    0xFF, 0xFF, 0x00, 0x0F,
    0xFF, 0xFF, 0xF0, 0x00,
    0xFF, 0xFF, 0xFF, 0x00,
    0xFF, 0xF0, 0x00, 0x00,
    0xFF, 0xF0, 0x00, 0x00,
    0xFF, 0x00, 0x00, 0x0F,
    0xFF, 0xFF, 0x00, 0xFF,


/* Tile ID 787, isSolid: false */
    0x00, 0x00, 0x00, 0x00,
    0x00, 0x00, 0x00, 0x00,
    0x00, 0x00, 0x00, 0x00,
    0x00, 0x00, 0x00, 0x00,
    0x00, 0x00, 0x00, 0x00,
    0x00, 0x10, 0x00, 0xBB,
    0x01, 0x11, 0xBB, 0xDB,
    0x01, 0x1B, 0xDD, 0xDD,

    0xFF, 0xFF, 0xFF, 0xFF,
    0xFF, 0xFF, 0xFF, 0xFF,
    0xFF, 0xFF, 0xFF, 0xFF,
    0xFF, 0xFF, 0xFF, 0xFF,
    0xFF, 0xFF, 0xFF, 0xFF,
    0xFF, 0x0F, 0xFF, 0x00,
    0xF0, 0x00, 0x00, 0x00,
    0xF0, 0x00, 0x00, 0x00,

    0x00, 0x00, 0x00, 0x00,
    0x00, 0x00, 0x00, 0x00,
    0x00, 0x00, 0x00, 0x00,
    0x00, 0x00, 0x00, 0x00,
    0x00, 0x00, 0x00, 0x00,
    0xBB, 0x00, 0x01, 0x00,
    0xBD, 0xBB, 0x11, 0x10,
    0xDD, 0xDD, 0xB1, 0x10,

    0xFF, 0xFF, 0xFF, 0xFF,
    0xFF, 0xFF, 0xFF, 0xFF,
    0xFF, 0xFF, 0xFF, 0xFF,
    0xFF, 0xFF, 0xFF, 0xFF,
    0xFF, 0xFF, 0xFF, 0xFF,
    0x00, 0xFF, 0xF0, 0xFF,
    0x00, 0x00, 0x00, 0x0F,
    0x00, 0x00, 0x00, 0x0F,


/* Tile ID 788, isSolid: false */
    0x00, 0x00, 0x00, 0x00,
    0x00, 0x00, 0x00, 0x00,
    0x00, 0x46, 0x60, 0x00,
    0x00, 0xB6, 0x66, 0x00,
    0x0B, 0xD6, 0x60, 0x00,
    0xBD, 0xB4, 0x00, 0x00,
    0xD0, 0x66, 0x64, 0x00,
    0x00, 0xDD, 0xBB, 0x00,

    0xFF, 0xFF, 0xFF, 0xFF,
    0xFF, 0xFF, 0xFF, 0xFF,
    0xFF, 0x00, 0x0F, 0xFF,
    0xFF, 0x00, 0x00, 0xFF,
    0xF0, 0x00, 0x0F, 0xFF,
    0x00, 0x00, 0xFF, 0xFF,
    0x0F, 0x00, 0x00, 0xFF,
    0xFF, 0x00, 0x00, 0xFF,

    0x00, 0x00, 0x00, 0x00,
    0x00, 0x00, 0x00, 0x00,
    0x00, 0x06, 0x64, 0x00,
    0x00, 0x66, 0x6B, 0x00,
    0x00, 0x06, 0x6D, 0xB0,
    0x00, 0x00, 0x4B, 0xDB,
    0x00, 0x46, 0x66, 0x0D,
    0x00, 0xBB, 0xDD, 0x00,

    0xFF, 0xFF, 0xFF, 0xFF,
    0xFF, 0xFF, 0xFF, 0xFF,
    0xFF, 0xF0, 0x00, 0xFF,
    0xFF, 0x00, 0x00, 0xFF,
    0xFF, 0xF0, 0x00, 0x0F,
    0xFF, 0xFF, 0x00, 0x00,
    0xFF, 0x00, 0x00, 0xF0,
    0xFF, 0x00, 0x00, 0xFF,


/* Tile ID 789, isSolid: false */
    0x00, 0x00, 0x00, 0x00,
    0x00, 0x00, 0x0D, 0x66,
    0x00, 0x00, 0x0D, 0xB6,
    0x00, 0x00, 0x0B, 0xDB,
    0x00, 0x01, 0x11, 0xBD,
    0x00, 0x11, 0x11, 0xB0,
    0x00, 0x11, 0x11, 0xBD,
    0x00, 0x01, 0x11, 0xB0,

    0xFF, 0xFF, 0xFF, 0xFF,
    0xFF, 0xFF, 0xF0, 0x00,
    0xFF, 0xFF, 0xF0, 0x00,
    0xFF, 0xFF, 0xF0, 0x00,
    0xFF, 0xF0, 0x00, 0x00,
    0xFF, 0x00, 0x00, 0x0F,
    0xFF, 0x00, 0x00, 0x00,
    0xFF, 0xF0, 0x00, 0x0F,

    0x00, 0x00, 0x00, 0x00,
    0x66, 0xD0, 0x00, 0x00,
    0x6B, 0xD0, 0x00, 0x00,
    0xBD, 0xB0, 0x00, 0x00,
    0xDB, 0x11, 0x10, 0x00,
    0x0B, 0x11, 0x11, 0x00,
    0xDB, 0x11, 0x11, 0x00,
    0x0B, 0x11, 0x10, 0x00,

    0xFF, 0xFF, 0xFF, 0xFF,
    0x00, 0x0F, 0xFF, 0xFF,
    0x00, 0x0F, 0xFF, 0xFF,
    0x00, 0x0F, 0xFF, 0xFF,
    0x00, 0x00, 0x0F, 0xFF,
    0xF0, 0x00, 0x00, 0xFF,
    0x00, 0x00, 0x00, 0xFF,
    0xF0, 0x00, 0x0F, 0xFF,


/* Tile ID 790, isSolid: false */
    0x00, 0x00, 0x00, 0x00,
    0x66, 0xD0, 0x00, 0x00,
    0x6B, 0xD0, 0x00, 0x00,
    0xBD, 0xB0, 0x00, 0x00,
    0xDB, 0x11, 0x10, 0x00,
    0x0B, 0x11, 0x11, 0x00,
    0xDB, 0x11, 0x11, 0x00,
    0x0B, 0x11, 0x10, 0x00,

    0xFF, 0xFF, 0xFF, 0xFF,
    0x00, 0x0F, 0xFF, 0xFF,
    0x00, 0x0F, 0xFF, 0xFF,
    0x00, 0x0F, 0xFF, 0xFF,
    0x00, 0x00, 0x0F, 0xFF,
    0xF0, 0x00, 0x00, 0xFF,
    0x00, 0x00, 0x00, 0xFF,
    0xF0, 0x00, 0x0F, 0xFF,

    0x00, 0x00, 0x00, 0x00,
    0x00, 0x00, 0x0D, 0x66,
    0x00, 0x00, 0x0D, 0xB6,
    0x00, 0x00, 0x0B, 0xDB,
    0x00, 0x01, 0x11, 0xBD,
    0x00, 0x11, 0x11, 0xB0,
    0x00, 0x11, 0x11, 0xBD,
    0x00, 0x01, 0x11, 0xB0,

    0xFF, 0xFF, 0xFF, 0xFF,
    0xFF, 0xFF, 0xF0, 0x00,
    0xFF, 0xFF, 0xF0, 0x00,
    0xFF, 0xFF, 0xF0, 0x00,
    0xFF, 0xF0, 0x00, 0x00,
    0xFF, 0x00, 0x00, 0x0F,
    0xFF, 0x00, 0x00, 0x00,
    0xFF, 0xF0, 0x00, 0x0F,


/* Tile ID 791, isSolid: false */
    0x00, 0x00, 0x00, 0x00,
    0x00, 0x00, 0x00, 0x0D,
    0x00, 0x00, 0x00, 0x0D,
    0x00, 0x01, 0x11, 0x1B,
    0x00, 0x01, 0x11, 0x1B,
    0x00, 0x01, 0x11, 0x1B,
    0x00, 0x01, 0x11, 0xBD,
    0x00, 0x11, 0x11, 0xD0,

    0xFF, 0xFF, 0xFF, 0xFF,
    0xFF, 0xFF, 0xFF, 0xF0,
    0xFF, 0xFF, 0xFF, 0xF0,
    0xFF, 0xF0, 0x00, 0x00,
    0xFF, 0xF0, 0x00, 0x00,
    0xFF, 0xF0, 0x00, 0x00,
    0xFF, 0xF0, 0x00, 0x00,
    0xFF, 0x00, 0x00, 0x0F,

    0x00, 0x00, 0x00, 0x00,
    0xD0, 0x00, 0x00, 0x00,
    0xD0, 0x00, 0x00, 0x00,
    0xB1, 0x11, 0x10, 0x00,
    0xB1, 0x11, 0x10, 0x00,
    0xB1, 0x11, 0x10, 0x00,
    0xDB, 0x11, 0x10, 0x00,
    0x0D, 0x11, 0x11, 0x00,

    0xFF, 0xFF, 0xFF, 0xFF,
    0x0F, 0xFF, 0xFF, 0xFF,
    0x0F, 0xFF, 0xFF, 0xFF,
    0x00, 0x00, 0x0F, 0xFF,
    0x00, 0x00, 0x0F, 0xFF,
    0x00, 0x00, 0x0F, 0xFF,
    0x00, 0x00, 0x0F, 0xFF,
    0xF0, 0x00, 0x00, 0xFF,


/* Tile ID 792, isSolid: false */
    0x00, 0x00, 0x00, 0x00,
    0xD6, 0x60, 0x00, 0x00,
    0xD6, 0x66, 0xD0, 0x00,
    0xDB, 0xBB, 0xD0, 0x00,
    0xBD, 0xDD, 0xB0, 0x00,
    0x00, 0xB1, 0x10, 0x00,
    0xDD, 0xB1, 0x11, 0x00,
    0x0B, 0x11, 0x11, 0x00,

    0xFF, 0xFF, 0xFF, 0xFF,
    0x00, 0x0F, 0xFF, 0xFF,
    0x00, 0x00, 0x0F, 0xFF,
    0x00, 0x00, 0x0F, 0xFF,
    0x00, 0x00, 0x0F, 0xFF,
    0xFF, 0x00, 0x0F, 0xFF,
    0x00, 0x00, 0x00, 0xFF,
    0xF0, 0x00, 0x00, 0xFF,

    0x00, 0x00, 0x00, 0x00,
    0x00, 0x00, 0x06, 0x6D,
    0x00, 0x0D, 0x66, 0x6D,
    0x00, 0x0D, 0xBB, 0xBD,
    0x00, 0x0B, 0xDD, 0xDB,
    0x00, 0x01, 0x1B, 0x00,
    0x00, 0x11, 0x1B, 0xDD,
    0x00, 0x11, 0x11, 0xB0,

    0xFF, 0xFF, 0xFF, 0xFF,
    0xFF, 0xFF, 0xF0, 0x00,
    0xFF, 0xF0, 0x00, 0x00,
    0xFF, 0xF0, 0x00, 0x00,
    0xFF, 0xF0, 0x00, 0x00,
    0xFF, 0xF0, 0x00, 0xFF,
    0xFF, 0x00, 0x00, 0x00,
    0xFF, 0x00, 0x00, 0x0F,


/* Tile ID 793, isSolid: false */
    0x00, 0x00, 0x00, 0x00,
    0x00, 0x00, 0x00, 0x11,
    0x00, 0x00, 0x01, 0x11,
    0x00, 0x00, 0x01, 0x11,
    0x00, 0x00, 0x11, 0x11,
    0x00, 0x11, 0x11, 0x1B,
    0x01, 0x11, 0x11, 0x1B,
    0x00, 0x11, 0x11, 0x1D,

    0xFF, 0xFF, 0xFF, 0xFF,
    0xFF, 0xFF, 0xFF, 0x00,
    0xFF, 0xFF, 0xF0, 0x00,
    0xFF, 0xFF, 0xF0, 0x00,
    0xFF, 0xFF, 0x00, 0x00,
    0xFF, 0x00, 0x00, 0x00,
    0xF0, 0x00, 0x00, 0x00,
    0xFF, 0x00, 0x00, 0x00,

    0x00, 0x00, 0x00, 0x00,
    0x11, 0x00, 0x00, 0x00,
    0x11, 0x10, 0x00, 0x00,
    0x11, 0x10, 0x00, 0x00,
    0x11, 0x11, 0x00, 0x00,
    0xB1, 0x11, 0x11, 0x00,
    0xB1, 0x11, 0x11, 0x10,
    0xD1, 0x11, 0x11, 0x00,

    0xFF, 0xFF, 0xFF, 0xFF,
    0x00, 0xFF, 0xFF, 0xFF,
    0x00, 0x0F, 0xFF, 0xFF,
    0x00, 0x0F, 0xFF, 0xFF,
    0x00, 0x00, 0xFF, 0xFF,
    0x00, 0x00, 0x00, 0xFF,
    0x00, 0x00, 0x00, 0x0F,
    0x00, 0x00, 0x00, 0xFF,


/* Tile ID 794, isSolid: false */
    0x00, 0x00, 0x00, 0x00,
    0x00, 0xDD, 0x00, 0x00,
    0x1B, 0xD6, 0x60, 0x00,
    0x1B, 0xDB, 0x66, 0x00,
    0xBB, 0xBB, 0xBB, 0xD0,
    0xB0, 0x0D, 0xDB, 0x00,
    0x0D, 0xBB, 0x10, 0x00,
    0x0B, 0xB1, 0x11, 0x00,

    0xFF, 0xFF, 0xFF, 0xFF,
    0xFF, 0x00, 0xFF, 0xFF,
    0x00, 0x00, 0x0F, 0xFF,
    0x00, 0x00, 0x00, 0xFF,
    0x00, 0x00, 0x00, 0x0F,
    0x0F, 0xF0, 0x00, 0xFF,
    0xF0, 0x00, 0x0F, 0xFF,
    0xF0, 0x00, 0x00, 0xFF,

    0x00, 0x00, 0x00, 0x00,
    0x00, 0x00, 0xDD, 0x00,
    0x00, 0x06, 0x6D, 0xB1,
    0x00, 0x66, 0xBD, 0xB1,
    0x0D, 0xBB, 0xBB, 0xBB,
    0x00, 0xBD, 0xD0, 0x0B,
    0x00, 0x01, 0xBB, 0xD0,
    0x00, 0x11, 0x1B, 0xB0,

    0xFF, 0xFF, 0xFF, 0xFF,
    0xFF, 0xFF, 0x00, 0xFF,
    0xFF, 0xF0, 0x00, 0x00,
    0xFF, 0x00, 0x00, 0x00,
    0xF0, 0x00, 0x00, 0x00,
    0xFF, 0x00, 0x0F, 0xF0,
    0xFF, 0xF0, 0x00, 0x0F,
    0xFF, 0x00, 0x00, 0x0F,


/* Tile ID 795, isSolid: false */
    0x00, 0x00, 0x00, 0x00,
    0x00, 0x00, 0x00, 0x00,
    0x00, 0x00, 0x00, 0x11,
    0x00, 0x00, 0x01, 0x11,
    0x01, 0x11, 0x11, 0x11,
    0x01, 0x11, 0x11, 0x11,
    0x01, 0x11, 0x11, 0xBB,
    0x00, 0x11, 0x11, 0xD0,

    0xFF, 0xFF, 0xFF, 0xFF,
    0xFF, 0xFF, 0xFF, 0xFF,
    0xFF, 0xFF, 0xFF, 0x00,
    0xFF, 0xFF, 0xF0, 0x00,
    0xF0, 0x00, 0x00, 0x00,
    0xF0, 0x00, 0x00, 0x00,
    0xF0, 0x00, 0x00, 0x00,
    0xFF, 0x00, 0x00, 0x0F,

    0x00, 0x00, 0x00, 0x00,
    0x00, 0x00, 0x00, 0x00,
    0x11, 0x00, 0x00, 0x00,
    0x11, 0x10, 0x00, 0x00,
    0x11, 0x11, 0x11, 0x10,
    0x11, 0x11, 0x11, 0x10,
    0xBB, 0x11, 0x11, 0x10,
    0x0D, 0x11, 0x11, 0x00,

    0xFF, 0xFF, 0xFF, 0xFF,
    0xFF, 0xFF, 0xFF, 0xFF,
    0x00, 0xFF, 0xFF, 0xFF,
    0x00, 0x0F, 0xFF, 0xFF,
    0x00, 0x00, 0x00, 0x0F,
    0x00, 0x00, 0x00, 0x0F,
    0x00, 0x00, 0x00, 0x0F,
    0xF0, 0x00, 0x00, 0xFF,


/* Tile ID 796, isSolid: false */
    0x00, 0x00, 0x00, 0x00,
    0x00, 0x00, 0x00, 0x00,
    0x10, 0x00, 0x00, 0x00,
    0x11, 0xBD, 0xD0, 0x00,
    0x11, 0xDB, 0x60, 0x00,
    0xBB, 0xDB, 0x66, 0x00,
    0xB0, 0xDB, 0x66, 0x00,
    0xD0, 0xBD, 0xDB, 0x00,

    0xFF, 0xFF, 0xFF, 0xFF,
    0xFF, 0xFF, 0xFF, 0xFF,
    0x0F, 0xFF, 0xFF, 0xFF,
    0x00, 0x00, 0x0F, 0xFF,
    0x00, 0x00, 0x0F, 0xFF,
    0x00, 0x00, 0x00, 0xFF,
    0x0F, 0x00, 0x00, 0xFF,
    0x0F, 0x00, 0x00, 0xFF,

    0x00, 0x00, 0x00, 0x00,
    0x00, 0x00, 0x00, 0x00,
    0x00, 0x00, 0x00, 0x01,
    0x00, 0x0D, 0xDB, 0x11,
    0x00, 0x06, 0xBD, 0x11,
    0x00, 0x66, 0xBD, 0xBB,
    0x00, 0x66, 0xBD, 0x0B,
    0x00, 0xBD, 0xDB, 0x0D,

    0xFF, 0xFF, 0xFF, 0xFF,
    0xFF, 0xFF, 0xFF, 0xFF,
    0xFF, 0xFF, 0xFF, 0xF0,
    0xFF, 0xF0, 0x00, 0x00,
    0xFF, 0xF0, 0x00, 0x00,
    0xFF, 0x00, 0x00, 0x00,
    0xFF, 0x00, 0x00, 0xF0,
    0xFF, 0x00, 0x00, 0xF0,


/* Tile ID 797, isSolid: false */
    0x00, 0x00, 0x00, 0x00,
    0x00, 0x00, 0x00, 0x00,
    0x00, 0x01, 0x10, 0x00,
    0x00, 0x11, 0x11, 0x11,
    0x00, 0x11, 0x11, 0x11,
    0x00, 0x11, 0x11, 0x11,
    0x00, 0x01, 0x11, 0x1B,
    0x00, 0x0B, 0xD0, 0xD0,

    0xFF, 0xFF, 0xFF, 0xFF,
    0xFF, 0xFF, 0xFF, 0xFF,
    0xFF, 0xF0, 0x0F, 0xFF,
    0xFF, 0x00, 0x00, 0x00,
    0xFF, 0x00, 0x00, 0x00,
    0xFF, 0x00, 0x00, 0x00,
    0xFF, 0xF0, 0x00, 0x00,
    0xFF, 0xF0, 0x0F, 0x0F,

    0x00, 0x00, 0x00, 0x00,
    0x00, 0x00, 0x00, 0x00,
    0x00, 0x01, 0x10, 0x00,
    0x11, 0x11, 0x11, 0x00,
    0x11, 0x11, 0x11, 0x00,
    0x11, 0x11, 0x11, 0x00,
    0xB1, 0x11, 0x10, 0x00,
    0x0D, 0x0D, 0xB0, 0x00,

    0xFF, 0xFF, 0xFF, 0xFF,
    0xFF, 0xFF, 0xFF, 0xFF,
    0xFF, 0xF0, 0x0F, 0xFF,
    0x00, 0x00, 0x00, 0xFF,
    0x00, 0x00, 0x00, 0xFF,
    0x00, 0x00, 0x00, 0xFF,
    0x00, 0x00, 0x0F, 0xFF,
    0xF0, 0xF0, 0x0F, 0xFF,


/* Tile ID 798, isSolid: false */
    0x00, 0x00, 0x00, 0x00,
    0x00, 0x00, 0x00, 0x00,
    0x11, 0x00, 0x00, 0x00,
    0x11, 0x10, 0x00, 0x00,
    0x11, 0x10, 0x00, 0x00,
    0x11, 0x1B, 0xDD, 0x00,
    0xBB, 0xBD, 0xB6, 0x00,
    0xD0, 0xDB, 0x66, 0x00,

    0xFF, 0xFF, 0xFF, 0xFF,
    0xFF, 0xFF, 0xFF, 0xFF,
    0x00, 0xFF, 0xFF, 0xFF,
    0x00, 0x0F, 0xFF, 0xFF,
    0x00, 0x0F, 0xFF, 0xFF,
    0x00, 0x00, 0x00, 0xFF,
    0x00, 0x00, 0x00, 0xFF,
    0x0F, 0x00, 0x00, 0xFF,

    0x00, 0x00, 0x00, 0x00,
    0x00, 0x00, 0x00, 0x00,
    0x00, 0x00, 0x00, 0x11,
    0x00, 0x00, 0x01, 0x11,
    0x00, 0x00, 0x01, 0x11,
    0x00, 0xDD, 0xB1, 0x11,
    0x00, 0x6B, 0xDB, 0xBB,
    0x00, 0x66, 0xBD, 0x0D,

    0xFF, 0xFF, 0xFF, 0xFF,
    0xFF, 0xFF, 0xFF, 0xFF,
    0xFF, 0xFF, 0xFF, 0x00,
    0xFF, 0xFF, 0xF0, 0x00,
    0xFF, 0xFF, 0xF0, 0x00,
    0xFF, 0x00, 0x00, 0x00,
    0xFF, 0x00, 0x00, 0x00,
    0xFF, 0x00, 0x00, 0xF0,


/* Tile ID 799, isSolid: false */
    0x00, 0x00, 0x00, 0x00,
    0x00, 0x00, 0x00, 0x00,
    0x00, 0x00, 0x00, 0x00,
    0x00, 0xA0, 0x00, 0xA0,
    0x00, 0xAA, 0xAA, 0xA0,
    0x00, 0x0A, 0xA0, 0x00,
    0x00, 0x0A, 0xAA, 0x22,
    0x00, 0x00, 0xAA, 0x02,

    0xFF, 0xFF, 0xFF, 0xFF,
    0xFF, 0xFF, 0xFF, 0xFF,
    0xFF, 0xFF, 0xFF, 0xFF,
    0xFF, 0x0F, 0xFF, 0x0F,
    0xFF, 0x00, 0x00, 0x0F,
    0xFF, 0xF0, 0x0F, 0xFF,
    0xFF, 0xF0, 0x00, 0x00,
    0xFF, 0xFF, 0x00, 0xF0,

    0x00, 0x00, 0x00, 0x00,
    0x00, 0x00, 0x00, 0x00,
    0x00, 0x00, 0x00, 0x00,
    0x0A, 0x00, 0x0A, 0x00,
    0x0A, 0xAA, 0xAA, 0x00,
    0x00, 0x0A, 0xA0, 0x00,
    0x22, 0xAA, 0xA0, 0x00,
    0x20, 0xAA, 0x00, 0x00,

    0xFF, 0xFF, 0xFF, 0xFF,
    0xFF, 0xFF, 0xFF, 0xFF,
    0xFF, 0xFF, 0xFF, 0xFF,
    0xF0, 0xFF, 0xF0, 0xFF,
    0xF0, 0x00, 0x00, 0xFF,
    0xFF, 0xF0, 0x0F, 0xFF,
    0x00, 0x00, 0x0F, 0xFF,
    0x0F, 0x00, 0xFF, 0xFF,


/* Tile ID 800, isSolid: false */
    0x00, 0x00, 0x00, 0x00,
    0x00, 0x00, 0x00, 0x00,
    0x00, 0x00, 0x00, 0x00,
    0x0A, 0x00, 0x0A, 0x00,
    0x0A, 0xAA, 0xAA, 0x00,
    0x00, 0x0A, 0xA0, 0x00,
    0x22, 0xAA, 0xA0, 0x00,
    0x20, 0xAA, 0x00, 0x00,

    0xFF, 0xFF, 0xFF, 0xFF,
    0xFF, 0xFF, 0xFF, 0xFF,
    0xFF, 0xFF, 0xFF, 0xFF,
    0xF0, 0xFF, 0xF0, 0xFF,
    0xF0, 0x00, 0x00, 0xFF,
    0xFF, 0xF0, 0x0F, 0xFF,
    0x00, 0x00, 0x0F, 0xFF,
    0x0F, 0x00, 0xFF, 0xFF,

    0x00, 0x00, 0x00, 0x00,
    0x00, 0x00, 0x00, 0x00,
    0x00, 0x00, 0x00, 0x00,
    0x00, 0xA0, 0x00, 0xA0,
    0x00, 0xAA, 0xAA, 0xA0,
    0x00, 0x0A, 0xA0, 0x00,
    0x00, 0x0A, 0xAA, 0x22,
    0x00, 0x00, 0xAA, 0x02,

    0xFF, 0xFF, 0xFF, 0xFF,
    0xFF, 0xFF, 0xFF, 0xFF,
    0xFF, 0xFF, 0xFF, 0xFF,
    0xFF, 0x0F, 0xFF, 0x0F,
    0xFF, 0x00, 0x00, 0x0F,
    0xFF, 0xF0, 0x0F, 0xFF,
    0xFF, 0xF0, 0x00, 0x00,
    0xFF, 0xFF, 0x00, 0xF0,


/* Tile ID 801, isSolid: false */
    0x00, 0x00, 0x0A, 0xCC,
    0x00, 0x00, 0x00, 0xCC,
    0x00, 0x00, 0xBB, 0x2C,
    0x00, 0x00, 0xCC, 0x2C,
    0x00, 0x00, 0x0B, 0xBC,
    0x00, 0x00, 0x00, 0x00,
    0x00, 0x00, 0x00, 0x00,
    0x00, 0x00, 0x00, 0x00,

    0xFF, 0xFF, 0xF0, 0x00,
    0xFF, 0xFF, 0xFF, 0x00,
    0xFF, 0xFF, 0x00, 0x00,
    0xFF, 0xFF, 0x00, 0x00,
    0xFF, 0xFF, 0xF0, 0x00,
    0xFF, 0xFF, 0xFF, 0xFF,
    0xFF, 0xFF, 0xFF, 0xFF,
    0xFF, 0xFF, 0xFF, 0xFF,

    0xCC, 0xA0, 0x00, 0x00,
    0xCC, 0x00, 0x00, 0x00,
    0xC2, 0xBB, 0x00, 0x00,
    0xC2, 0xCC, 0x00, 0x00,
    0xCB, 0xB0, 0x00, 0x00,
    0x00, 0x00, 0x00, 0x00,
    0x00, 0x00, 0x00, 0x00,
    0x00, 0x00, 0x00, 0x00,

    0x00, 0x0F, 0xFF, 0xFF,
    0x00, 0xFF, 0xFF, 0xFF,
    0x00, 0x00, 0xFF, 0xFF,
    0x00, 0x00, 0xFF, 0xFF,
    0x00, 0x0F, 0xFF, 0xFF,
    0xFF, 0xFF, 0xFF, 0xFF,
    0xFF, 0xFF, 0xFF, 0xFF,
    0xFF, 0xFF, 0xFF, 0xFF,


/* Tile ID 802, isSolid: false */
    0xCA, 0x00, 0x00, 0x00,
    0xC0, 0x00, 0x00, 0x00,
    0x2B, 0xB0, 0x00, 0x00,
    0x2C, 0xC0, 0x00, 0x00,
    0xBB, 0x00, 0x00, 0x00,
    0x00, 0x00, 0x00, 0x00,
    0x00, 0x00, 0x00, 0x00,
    0x00, 0x00, 0x00, 0x00,

    0x00, 0xFF, 0xFF, 0xFF,
    0x0F, 0xFF, 0xFF, 0xFF,
    0x00, 0x0F, 0xFF, 0xFF,
    0x00, 0x0F, 0xFF, 0xFF,
    0x00, 0xFF, 0xFF, 0xFF,
    0xFF, 0xFF, 0xFF, 0xFF,
    0xFF, 0xFF, 0xFF, 0xFF,
    0xFF, 0xFF, 0xFF, 0xFF,

    0x00, 0x00, 0x00, 0xAC,
    0x00, 0x00, 0x00, 0x0C,
    0x00, 0x00, 0x0B, 0xB2,
    0x00, 0x00, 0x0C, 0xC2,
    0x00, 0x00, 0x00, 0xBB,
    0x00, 0x00, 0x00, 0x00,
    0x00, 0x00, 0x00, 0x00,
    0x00, 0x00, 0x00, 0x00,

    0xFF, 0xFF, 0xFF, 0x00,
    0xFF, 0xFF, 0xFF, 0xF0,
    0xFF, 0xFF, 0xF0, 0x00,
    0xFF, 0xFF, 0xF0, 0x00,
    0xFF, 0xFF, 0xFF, 0x00,
    0xFF, 0xFF, 0xFF, 0xFF,
    0xFF, 0xFF, 0xFF, 0xFF,
    0xFF, 0xFF, 0xFF, 0xFF,


/* Tile ID 803, isSolid: false */
    0x00, 0x00, 0x00, 0xCC,
    0x00, 0x0C, 0xB2, 0xCC,
    0x00, 0x00, 0xC2, 0xC2,
    0x00, 0x00, 0xBB, 0xC2,
    0x00, 0x00, 0x00, 0xCB,
    0x00, 0x00, 0x00, 0x00,
    0x00, 0x00, 0x00, 0x00,
    0x00, 0x00, 0x00, 0x00,

    0xFF, 0xFF, 0xFF, 0x00,
    0xFF, 0xF0, 0x00, 0x00,
    0xFF, 0xFF, 0x00, 0x00,
    0xFF, 0xFF, 0x00, 0x00,
    0xFF, 0xFF, 0xFF, 0x00,
    0xFF, 0xFF, 0xFF, 0xFF,
    0xFF, 0xFF, 0xFF, 0xFF,
    0xFF, 0xFF, 0xFF, 0xFF,

    0xCC, 0x00, 0x00, 0x00,
    0xCC, 0x2B, 0xC0, 0x00,
    0x2C, 0x2C, 0x00, 0x00,
    0x2C, 0xBB, 0x00, 0x00,
    0xBC, 0x00, 0x00, 0x00,
    0x00, 0x00, 0x00, 0x00,
    0x00, 0x00, 0x00, 0x00,
    0x00, 0x00, 0x00, 0x00,

    0x00, 0xFF, 0xFF, 0xFF,
    0x00, 0x00, 0x0F, 0xFF,
    0x00, 0x00, 0xFF, 0xFF,
    0x00, 0x00, 0xFF, 0xFF,
    0x00, 0xFF, 0xFF, 0xFF,
    0xFF, 0xFF, 0xFF, 0xFF,
    0xFF, 0xFF, 0xFF, 0xFF,
    0xFF, 0xFF, 0xFF, 0xFF,


/* Tile ID 804, isSolid: false */
    0xCA, 0xA0, 0x00, 0x00,
    0x20, 0x00, 0x00, 0x00,
    0xB0, 0x00, 0x00, 0x00,
    0xCB, 0x00, 0x00, 0x00,
    0x00, 0x00, 0x00, 0x00,
    0x00, 0x00, 0x00, 0x00,
    0x00, 0x00, 0x00, 0x00,
    0x00, 0x00, 0x00, 0x00,

    0x00, 0x0F, 0xFF, 0xFF,
    0x0F, 0xFF, 0xFF, 0xFF,
    0x0F, 0xFF, 0xFF, 0xFF,
    0x00, 0xFF, 0xFF, 0xFF,
    0xFF, 0xFF, 0xFF, 0xFF,
    0xFF, 0xFF, 0xFF, 0xFF,
    0xFF, 0xFF, 0xFF, 0xFF,
    0xFF, 0xFF, 0xFF, 0xFF,

    0x00, 0x00, 0x0A, 0xAC,
    0x00, 0x00, 0x00, 0x02,
    0x00, 0x00, 0x00, 0x0B,
    0x00, 0x00, 0x00, 0xBC,
    0x00, 0x00, 0x00, 0x00,
    0x00, 0x00, 0x00, 0x00,
    0x00, 0x00, 0x00, 0x00,
    0x00, 0x00, 0x00, 0x00,

    0xFF, 0xFF, 0xF0, 0x00,
    0xFF, 0xFF, 0xFF, 0xF0,
    0xFF, 0xFF, 0xFF, 0xF0,
    0xFF, 0xFF, 0xFF, 0x00,
    0xFF, 0xFF, 0xFF, 0xFF,
    0xFF, 0xFF, 0xFF, 0xFF,
    0xFF, 0xFF, 0xFF, 0xFF,
    0xFF, 0xFF, 0xFF, 0xFF,


/* Tile ID 805, isSolid: false */
    0x00, 0x0B, 0x00, 0xC0,
    0x00, 0x0C, 0xBC, 0xCC,
    0x00, 0xBC, 0x4C, 0xCC,
    0x00, 0x0B, 0xCC, 0x40,
    0x00, 0x00, 0xC4, 0xCB,
    0x00, 0x00, 0x0B, 0xCC,
    0x00, 0x00, 0x00, 0x00,
    0x00, 0x00, 0x00, 0x00,

    0xFF, 0xF0, 0xFF, 0x0F,
    0xFF, 0xF0, 0x00, 0x00,
    0xFF, 0x00, 0x00, 0x00,
    0xFF, 0xF0, 0x00, 0x0F,
    0xFF, 0xFF, 0x00, 0x00,
    0xFF, 0xFF, 0xF0, 0x00,
    0xFF, 0xFF, 0xFF, 0xFF,
    0xFF, 0xFF, 0xFF, 0xFF,

    0x0C, 0x00, 0xB0, 0x00,
    0xCC, 0xCB, 0xC0, 0x00,
    0xCC, 0xC4, 0xCB, 0x00,
    0x04, 0xCC, 0xB0, 0x00,
    0xBC, 0x4C, 0x00, 0x00,
    0xCC, 0xB0, 0x00, 0x00,
    0x00, 0x00, 0x00, 0x00,
    0x00, 0x00, 0x00, 0x00,

    0xF0, 0xFF, 0x0F, 0xFF,
    0x00, 0x00, 0x0F, 0xFF,
    0x00, 0x00, 0x00, 0xFF,
    0xF0, 0x00, 0x0F, 0xFF,
    0x00, 0x00, 0xFF, 0xFF,
    0x00, 0x0F, 0xFF, 0xFF,
    0xFF, 0xFF, 0xFF, 0xFF,
    0xFF, 0xFF, 0xFF, 0xFF,


/* Tile ID 806, isSolid: false */
    0xCC, 0xCC, 0x00, 0x00,
    0x0C, 0xCC, 0xC0, 0x00,
    0xAA, 0xCC, 0xC0, 0x00,
    0x00, 0x00, 0x00, 0x00,
    0x00, 0x00, 0x00, 0x00,
    0x00, 0x00, 0x00, 0x00,
    0x00, 0x00, 0x00, 0x00,
    0x00, 0x00, 0x00, 0x00,

    0x00, 0x00, 0xFF, 0xFF,
    0xF0, 0x00, 0x0F, 0xFF,
    0x00, 0x00, 0x0F, 0xFF,
    0xFF, 0xFF, 0xFF, 0xFF,
    0xFF, 0xFF, 0xFF, 0xFF,
    0xFF, 0xFF, 0xFF, 0xFF,
    0xFF, 0xFF, 0xFF, 0xFF,
    0xFF, 0xFF, 0xFF, 0xFF,

    0x00, 0x00, 0xCC, 0xCC,
    0x00, 0x0C, 0xCC, 0xC0,
    0x00, 0x0C, 0xCC, 0xAA,
    0x00, 0x00, 0x00, 0x00,
    0x00, 0x00, 0x00, 0x00,
    0x00, 0x00, 0x00, 0x00,
    0x00, 0x00, 0x00, 0x00,
    0x00, 0x00, 0x00, 0x00,

    0xFF, 0xFF, 0x00, 0x00,
    0xFF, 0xF0, 0x00, 0x0F,
    0xFF, 0xF0, 0x00, 0x00,
    0xFF, 0xFF, 0xFF, 0xFF,
    0xFF, 0xFF, 0xFF, 0xFF,
    0xFF, 0xFF, 0xFF, 0xFF,
    0xFF, 0xFF, 0xFF, 0xFF,
    0xFF, 0xFF, 0xFF, 0xFF,


/* Tile ID 807, isSolid: false */
    0x00, 0xB4, 0x4C, 0xC0,
    0x00, 0x0C, 0xCC, 0xCC,
    0x00, 0x0B, 0x44, 0x0A,
    0x00, 0x0B, 0xCB, 0x00,
    0x00, 0x00, 0x0C, 0x00,
    0x00, 0x00, 0x00, 0x00,
    0x00, 0x00, 0x00, 0x00,
    0x00, 0x00, 0x00, 0x00,

    0xFF, 0x00, 0x00, 0x0F,
    0xFF, 0xF0, 0x00, 0x00,
    0xFF, 0xF0, 0x00, 0xF0,
    0xFF, 0xF0, 0x00, 0xFF,
    0xFF, 0xFF, 0xF0, 0xFF,
    0xFF, 0xFF, 0xFF, 0xFF,
    0xFF, 0xFF, 0xFF, 0xFF,
    0xFF, 0xFF, 0xFF, 0xFF,

    0x0C, 0xC4, 0x4B, 0x00,
    0xCC, 0xCC, 0xC0, 0x00,
    0xA0, 0x44, 0xB0, 0x00,
    0x00, 0xBC, 0xB0, 0x00,
    0x00, 0xC0, 0x00, 0x00,
    0x00, 0x00, 0x00, 0x00,
    0x00, 0x00, 0x00, 0x00,
    0x00, 0x00, 0x00, 0x00,

    0xF0, 0x00, 0x00, 0xFF,
    0x00, 0x00, 0x0F, 0xFF,
    0x0F, 0x00, 0x0F, 0xFF,
    0xFF, 0x00, 0x0F, 0xFF,
    0xFF, 0x0F, 0xFF, 0xFF,
    0xFF, 0xFF, 0xFF, 0xFF,
    0xFF, 0xFF, 0xFF, 0xFF,
    0xFF, 0xFF, 0xFF, 0xFF,


/* Tile ID 808, isSolid: false */
    0x0C, 0xCC, 0x00, 0x00,
    0x0C, 0xCC, 0x00, 0x00,
    0xAC, 0xCC, 0x00, 0x00,
    0x00, 0xCC, 0x00, 0x00,
    0x00, 0x00, 0x00, 0x00,
    0x00, 0x00, 0x00, 0x00,
    0x00, 0x00, 0x00, 0x00,
    0x00, 0x00, 0x00, 0x00,

    0xF0, 0x00, 0xFF, 0xFF,
    0xF0, 0x00, 0xFF, 0xFF,
    0x00, 0x00, 0xFF, 0xFF,
    0xFF, 0x00, 0xFF, 0xFF,
    0xFF, 0xFF, 0xFF, 0xFF,
    0xFF, 0xFF, 0xFF, 0xFF,
    0xFF, 0xFF, 0xFF, 0xFF,
    0xFF, 0xFF, 0xFF, 0xFF,

    0x00, 0x00, 0xCC, 0xC0,
    0x00, 0x00, 0xCC, 0xC0,
    0x00, 0x00, 0xCC, 0xCA,
    0x00, 0x00, 0xCC, 0x00,
    0x00, 0x00, 0x00, 0x00,
    0x00, 0x00, 0x00, 0x00,
    0x00, 0x00, 0x00, 0x00,
    0x00, 0x00, 0x00, 0x00,

    0xFF, 0xFF, 0x00, 0x0F,
    0xFF, 0xFF, 0x00, 0x0F,
    0xFF, 0xFF, 0x00, 0x00,
    0xFF, 0xFF, 0x00, 0xFF,
    0xFF, 0xFF, 0xFF, 0xFF,
    0xFF, 0xFF, 0xFF, 0xFF,
    0xFF, 0xFF, 0xFF, 0xFF,
    0xFF, 0xFF, 0xFF, 0xFF,


/* Tile ID 809, isSolid: false */
    0x00, 0xB4, 0x4C, 0xC0,
    0x00, 0xBC, 0xB0, 0xA0,
    0x00, 0x0C, 0xB0, 0x0A,
    0x00, 0x00, 0x00, 0x00,
    0x00, 0x00, 0x00, 0x00,
    0x00, 0x00, 0x00, 0x00,
    0x00, 0x00, 0x00, 0x00,
    0x00, 0x00, 0x00, 0x00,

    0xFF, 0x00, 0x00, 0x0F,
    0xFF, 0x00, 0x0F, 0x0F,
    0xFF, 0xF0, 0x0F, 0xF0,
    0xFF, 0xFF, 0xFF, 0xFF,
    0xFF, 0xFF, 0xFF, 0xFF,
    0xFF, 0xFF, 0xFF, 0xFF,
    0xFF, 0xFF, 0xFF, 0xFF,
    0xFF, 0xFF, 0xFF, 0xFF,

    0x0C, 0xC4, 0x4B, 0x00,
    0x0A, 0x0B, 0xCB, 0x00,
    0xA0, 0x0B, 0xC0, 0x00,
    0x00, 0x00, 0x00, 0x00,
    0x00, 0x00, 0x00, 0x00,
    0x00, 0x00, 0x00, 0x00,
    0x00, 0x00, 0x00, 0x00,
    0x00, 0x00, 0x00, 0x00,

    0xF0, 0x00, 0x00, 0xFF,
    0xF0, 0xF0, 0x00, 0xFF,
    0x0F, 0xF0, 0x0F, 0xFF,
    0xFF, 0xFF, 0xFF, 0xFF,
    0xFF, 0xFF, 0xFF, 0xFF,
    0xFF, 0xFF, 0xFF, 0xFF,
    0xFF, 0xFF, 0xFF, 0xFF,
    0xFF, 0xFF, 0xFF, 0xFF,


/* Tile ID 810, isSolid: false */
    0xCC, 0xCC, 0xAE, 0x00,
    0xCC, 0xC0, 0x00, 0x00,
    0xCC, 0xC0, 0x00, 0x00,
    0xCC, 0xC0, 0x00, 0x00,
    0x0C, 0x00, 0x00, 0x00,
    0x00, 0x00, 0x00, 0x00,
    0x00, 0x00, 0x00, 0x00,
    0x00, 0x00, 0x00, 0x00,

    0x00, 0x00, 0x00, 0xFF,
    0x00, 0x0F, 0xFF, 0xFF,
    0x00, 0x0F, 0xFF, 0xFF,
    0x00, 0x0F, 0xFF, 0xFF,
    0xF0, 0xFF, 0xFF, 0xFF,
    0xFF, 0xFF, 0xFF, 0xFF,
    0xFF, 0xFF, 0xFF, 0xFF,
    0xFF, 0xFF, 0xFF, 0xFF,

    0x00, 0xEA, 0xCC, 0xCC,
    0x00, 0x00, 0x0C, 0xCC,
    0x00, 0x00, 0x0C, 0xCC,
    0x00, 0x00, 0x0C, 0xCC,
    0x00, 0x00, 0x00, 0xC0,
    0x00, 0x00, 0x00, 0x00,
    0x00, 0x00, 0x00, 0x00,
    0x00, 0x00, 0x00, 0x00,

    0xFF, 0x00, 0x00, 0x00,
    0xFF, 0xFF, 0xF0, 0x00,
    0xFF, 0xFF, 0xF0, 0x00,
    0xFF, 0xFF, 0xF0, 0x00,
    0xFF, 0xFF, 0xFF, 0x0F,
    0xFF, 0xFF, 0xFF, 0xFF,
    0xFF, 0xFF, 0xFF, 0xFF,
    0xFF, 0xFF, 0xFF, 0xFF,


/* Tile ID 811, isSolid: false */
    0x00, 0x00, 0x0B, 0xDD,
    0x00, 0x00, 0x00, 0xBD,
    0x00, 0x00, 0x00, 0xBD,
    0x00, 0x00, 0x00, 0x1B,
    0x00, 0x00, 0x01, 0x11,
    0x00, 0x00, 0x00, 0x11,
    0x00, 0x00, 0x00, 0x00,
    0x00, 0x00, 0x00, 0x00,

    0xFF, 0xFF, 0xF0, 0x00,
    0xFF, 0xFF, 0xFF, 0x00,
    0xFF, 0xFF, 0xFF, 0x00,
    0xFF, 0xFF, 0xFF, 0x00,
    0xFF, 0xFF, 0xF0, 0x00,
    0xFF, 0xFF, 0xFF, 0x00,
    0xFF, 0xFF, 0xFF, 0xFF,
    0xFF, 0xFF, 0xFF, 0xFF,

    0xDD, 0xB0, 0x00, 0x00,
    0xDB, 0x00, 0x00, 0x00,
    0xDB, 0x00, 0x00, 0x00,
    0xB1, 0x00, 0x00, 0x00,
    0x11, 0x10, 0x00, 0x00,
    0x11, 0x00, 0x00, 0x00,
    0x00, 0x00, 0x00, 0x00,
    0x00, 0x00, 0x00, 0x00,

    0x00, 0x0F, 0xFF, 0xFF,
    0x00, 0xFF, 0xFF, 0xFF,
    0x00, 0xFF, 0xFF, 0xFF,
    0x00, 0xFF, 0xFF, 0xFF,
    0x00, 0x0F, 0xFF, 0xFF,
    0x00, 0xFF, 0xFF, 0xFF,
    0xFF, 0xFF, 0xFF, 0xFF,
    0xFF, 0xFF, 0xFF, 0xFF,


/* Tile ID 812, isSolid: false */
    0xDB, 0x00, 0x00, 0x00,
    0xB0, 0x00, 0x00, 0x00,
    0xB0, 0x00, 0x00, 0x00,
    0x10, 0x00, 0x00, 0x00,
    0x11, 0x00, 0x00, 0x00,
    0x10, 0x00, 0x00, 0x00,
    0x00, 0x00, 0x00, 0x00,
    0x00, 0x00, 0x00, 0x00,

    0x00, 0xFF, 0xFF, 0xFF,
    0x0F, 0xFF, 0xFF, 0xFF,
    0x0F, 0xFF, 0xFF, 0xFF,
    0x0F, 0xFF, 0xFF, 0xFF,
    0x00, 0xFF, 0xFF, 0xFF,
    0x0F, 0xFF, 0xFF, 0xFF,
    0xFF, 0xFF, 0xFF, 0xFF,
    0xFF, 0xFF, 0xFF, 0xFF,

    0x00, 0x00, 0x00, 0xBD,
    0x00, 0x00, 0x00, 0x0B,
    0x00, 0x00, 0x00, 0x0B,
    0x00, 0x00, 0x00, 0x01,
    0x00, 0x00, 0x00, 0x11,
    0x00, 0x00, 0x00, 0x01,
    0x00, 0x00, 0x00, 0x00,
    0x00, 0x00, 0x00, 0x00,

    0xFF, 0xFF, 0xFF, 0x00,
    0xFF, 0xFF, 0xFF, 0xF0,
    0xFF, 0xFF, 0xFF, 0xF0,
    0xFF, 0xFF, 0xFF, 0xF0,
    0xFF, 0xFF, 0xFF, 0x00,
    0xFF, 0xFF, 0xFF, 0xF0,
    0xFF, 0xFF, 0xFF, 0xFF,
    0xFF, 0xFF, 0xFF, 0xFF,


/* Tile ID 813, isSolid: false */
    0x00, 0x00, 0x0D, 0xDD,
    0x00, 0x00, 0x0D, 0xDD,
    0x00, 0x00, 0x0B, 0xDB,
    0x00, 0x01, 0x1B, 0xB0,
    0x00, 0x01, 0x11, 0x10,
    0x00, 0x00, 0x11, 0x10,
    0x00, 0x00, 0x00, 0x00,
    0x00, 0x00, 0x00, 0x00,

    0xFF, 0xFF, 0xF0, 0x00,
    0xFF, 0xFF, 0xF0, 0x00,
    0xFF, 0xFF, 0xF0, 0x00,
    0xFF, 0xF0, 0x00, 0x0F,
    0xFF, 0xF0, 0x00, 0x0F,
    0xFF, 0xFF, 0x00, 0x0F,
    0xFF, 0xFF, 0xFF, 0xFF,
    0xFF, 0xFF, 0xFF, 0xFF,

    0xDD, 0xD0, 0x00, 0x00,
    0xDD, 0xD0, 0x00, 0x00,
    0xBD, 0xB0, 0x00, 0x00,
    0x0B, 0xB1, 0x10, 0x00,
    0x01, 0x11, 0x10, 0x00,
    0x01, 0x11, 0x00, 0x00,
    0x00, 0x00, 0x00, 0x00,
    0x00, 0x00, 0x00, 0x00,

    0x00, 0x0F, 0xFF, 0xFF,
    0x00, 0x0F, 0xFF, 0xFF,
    0x00, 0x0F, 0xFF, 0xFF,
    0xF0, 0x00, 0x0F, 0xFF,
    0xF0, 0x00, 0x0F, 0xFF,
    0xF0, 0x00, 0xFF, 0xFF,
    0xFF, 0xFF, 0xFF, 0xFF,
    0xFF, 0xFF, 0xFF, 0xFF,


/* Tile ID 814, isSolid: false */
    0xBB, 0x00, 0x00, 0x00,
    0xB0, 0x00, 0x00, 0x00,
    0x00, 0x00, 0x00, 0x00,
    0x00, 0x00, 0x00, 0x00,
    0x00, 0x00, 0x00, 0x00,
    0x00, 0x00, 0x00, 0x00,
    0x00, 0x00, 0x00, 0x00,
    0x00, 0x00, 0x00, 0x00,

    0x00, 0xFF, 0xFF, 0xFF,
    0x0F, 0xFF, 0xFF, 0xFF,
    0xFF, 0xFF, 0xFF, 0xFF,
    0xFF, 0xFF, 0xFF, 0xFF,
    0xFF, 0xFF, 0xFF, 0xFF,
    0xFF, 0xFF, 0xFF, 0xFF,
    0xFF, 0xFF, 0xFF, 0xFF,
    0xFF, 0xFF, 0xFF, 0xFF,

    0x00, 0x00, 0x00, 0xBB,
    0x00, 0x00, 0x00, 0x0B,
    0x00, 0x00, 0x00, 0x00,
    0x00, 0x00, 0x00, 0x00,
    0x00, 0x00, 0x00, 0x00,
    0x00, 0x00, 0x00, 0x00,
    0x00, 0x00, 0x00, 0x00,
    0x00, 0x00, 0x00, 0x00,

    0xFF, 0xFF, 0xFF, 0x00,
    0xFF, 0xFF, 0xFF, 0xF0,
    0xFF, 0xFF, 0xFF, 0xFF,
    0xFF, 0xFF, 0xFF, 0xFF,
    0xFF, 0xFF, 0xFF, 0xFF,
    0xFF, 0xFF, 0xFF, 0xFF,
    0xFF, 0xFF, 0xFF, 0xFF,
    0xFF, 0xFF, 0xFF, 0xFF,


/* Tile ID 815, isSolid: false */
    0x00, 0x0B, 0xDD, 0xDB,
    0x01, 0x1B, 0xDD, 0xDB,
    0x01, 0x1B, 0xBB, 0x00,
    0x01, 0x11, 0x10, 0x00,
    0x00, 0x11, 0x10, 0x00,
    0x00, 0x00, 0x00, 0x00,
    0x00, 0x00, 0x00, 0x00,
    0x00, 0x00, 0x00, 0x00,

    0xFF, 0xF0, 0x00, 0x00,
    0xF0, 0x00, 0x00, 0x00,
    0xF0, 0x00, 0x00, 0xFF,
    0xF0, 0x00, 0x0F, 0xFF,
    0xFF, 0x00, 0x0F, 0xFF,
    0xFF, 0xFF, 0xFF, 0xFF,
    0xFF, 0xFF, 0xFF, 0xFF,
    0xFF, 0xFF, 0xFF, 0xFF,

    0xBD, 0xDD, 0xB0, 0x00,
    0xBD, 0xDD, 0xB1, 0x10,
    0x00, 0xBB, 0xB1, 0x10,
    0x00, 0x01, 0x11, 0x10,
    0x00, 0x01, 0x11, 0x00,
    0x00, 0x00, 0x00, 0x00,
    0x00, 0x00, 0x00, 0x00,
    0x00, 0x00, 0x00, 0x00,

    0x00, 0x00, 0x0F, 0xFF,
    0x00, 0x00, 0x00, 0x0F,
    0xFF, 0x00, 0x00, 0x0F,
    0xFF, 0xF0, 0x00, 0x0F,
    0xFF, 0xF0, 0x00, 0xFF,
    0xFF, 0xFF, 0xFF, 0xFF,
    0xFF, 0xFF, 0xFF, 0xFF,
    0xFF, 0xFF, 0xFF, 0xFF,


/* Tile ID 816, isSolid: false */
    0xBB, 0xB4, 0x40, 0x00,
    0x00, 0x00, 0x00, 0x00,
    0x00, 0x00, 0x00, 0x00,
    0x00, 0x00, 0x00, 0x00,
    0x00, 0x00, 0x00, 0x00,
    0x00, 0x00, 0x00, 0x00,
    0x00, 0x00, 0x00, 0x00,
    0x00, 0x00, 0x00, 0x00,

    0x00, 0x00, 0x0F, 0xFF,
    0xFF, 0xFF, 0xFF, 0xFF,
    0xFF, 0xFF, 0xFF, 0xFF,
    0xFF, 0xFF, 0xFF, 0xFF,
    0xFF, 0xFF, 0xFF, 0xFF,
    0xFF, 0xFF, 0xFF, 0xFF,
    0xFF, 0xFF, 0xFF, 0xFF,
    0xFF, 0xFF, 0xFF, 0xFF,

    0x00, 0x04, 0x4B, 0xBB,
    0x00, 0x00, 0x00, 0x00,
    0x00, 0x00, 0x00, 0x00,
    0x00, 0x00, 0x00, 0x00,
    0x00, 0x00, 0x00, 0x00,
    0x00, 0x00, 0x00, 0x00,
    0x00, 0x00, 0x00, 0x00,
    0x00, 0x00, 0x00, 0x00,

    0xFF, 0xF0, 0x00, 0x00,
    0xFF, 0xFF, 0xFF, 0xFF,
    0xFF, 0xFF, 0xFF, 0xFF,
    0xFF, 0xFF, 0xFF, 0xFF,
    0xFF, 0xFF, 0xFF, 0xFF,
    0xFF, 0xFF, 0xFF, 0xFF,
    0xFF, 0xFF, 0xFF, 0xFF,
    0xFF, 0xFF, 0xFF, 0xFF,


/* Tile ID 817, isSolid: false */
    0x01, 0x1B, 0xDD, 0xDB,
    0x01, 0x1B, 0xBB, 0xBB,
    0x01, 0x11, 0x00, 0x00,
    0x00, 0x11, 0x00, 0x00,
    0x00, 0x00, 0x00, 0x00,
    0x00, 0x00, 0x00, 0x00,
    0x00, 0x00, 0x00, 0x00,
    0x00, 0x00, 0x00, 0x00,

    0xF0, 0x00, 0x00, 0x00,
    0xF0, 0x00, 0x00, 0x00,
    0xF0, 0x00, 0xFF, 0xFF,
    0xFF, 0x00, 0xFF, 0xFF,
    0xFF, 0xFF, 0xFF, 0xFF,
    0xFF, 0xFF, 0xFF, 0xFF,
    0xFF, 0xFF, 0xFF, 0xFF,
    0xFF, 0xFF, 0xFF, 0xFF,

    0xBD, 0xDD, 0xB1, 0x10,
    0xBB, 0xBB, 0xB1, 0x10,
    0x00, 0x00, 0x11, 0x10,
    0x00, 0x00, 0x11, 0x00,
    0x00, 0x00, 0x00, 0x00,
    0x00, 0x00, 0x00, 0x00,
    0x00, 0x00, 0x00, 0x00,
    0x00, 0x00, 0x00, 0x00,

    0x00, 0x00, 0x00, 0x0F,
    0x00, 0x00, 0x00, 0x0F,
    0xFF, 0xFF, 0x00, 0x0F,
    0xFF, 0xFF, 0x00, 0xFF,
    0xFF, 0xFF, 0xFF, 0xFF,
    0xFF, 0xFF, 0xFF, 0xFF,
    0xFF, 0xFF, 0xFF, 0xFF,
    0xFF, 0xFF, 0xFF, 0xFF,


/* Tile ID 818, isSolid: false */
    0xDD, 0xB4, 0x66, 0x00,
    0xBB, 0xDD, 0x66, 0x60,
    0x00, 0x04, 0x66, 0x00,
    0x00, 0x00, 0x00, 0x00,
    0x00, 0x00, 0x00, 0x00,
    0x00, 0x00, 0x00, 0x00,
    0x00, 0x00, 0x00, 0x00,
    0x00, 0x00, 0x00, 0x00,

    0x00, 0x00, 0x00, 0xFF,
    0x00, 0x00, 0x00, 0x0F,
    0xFF, 0xF0, 0x00, 0xFF,
    0xFF, 0xFF, 0xFF, 0xFF,
    0xFF, 0xFF, 0xFF, 0xFF,
    0xFF, 0xFF, 0xFF, 0xFF,
    0xFF, 0xFF, 0xFF, 0xFF,
    0xFF, 0xFF, 0xFF, 0xFF,

    0x00, 0x66, 0x4B, 0xDD,
    0x06, 0x66, 0xDD, 0xBB,
    0x00, 0x66, 0x40, 0x00,
    0x00, 0x00, 0x00, 0x00,
    0x00, 0x00, 0x00, 0x00,
    0x00, 0x00, 0x00, 0x00,
    0x00, 0x00, 0x00, 0x00,
    0x00, 0x00, 0x00, 0x00,

    0xFF, 0x00, 0x00, 0x00,
    0xF0, 0x00, 0x00, 0x00,
    0xFF, 0x00, 0x0F, 0xFF,
    0xFF, 0xFF, 0xFF, 0xFF,
    0xFF, 0xFF, 0xFF, 0xFF,
    0xFF, 0xFF, 0xFF, 0xFF,
    0xFF, 0xFF, 0xFF, 0xFF,
    0xFF, 0xFF, 0xFF, 0xFF,


/* Tile ID 819, isSolid: false */
    0x01, 0x11, 0xBB, 0xDB,
    0x00, 0x10, 0x00, 0xBB,
    0x00, 0x00, 0x00, 0x00,
    0x00, 0x00, 0x00, 0x00,
    0x00, 0x00, 0x00, 0x00,
    0x00, 0x00, 0x00, 0x00,
    0x00, 0x00, 0x00, 0x00,
    0x00, 0x00, 0x00, 0x00,

    0xF0, 0x00, 0x00, 0x00,
    0xFF, 0x0F, 0xFF, 0x00,
    0xFF, 0xFF, 0xFF, 0xFF,
    0xFF, 0xFF, 0xFF, 0xFF,
    0xFF, 0xFF, 0xFF, 0xFF,
    0xFF, 0xFF, 0xFF, 0xFF,
    0xFF, 0xFF, 0xFF, 0xFF,
    0xFF, 0xFF, 0xFF, 0xFF,

    0xBD, 0xBB, 0x11, 0x10,
    0xBB, 0x00, 0x01, 0x00,
    0x00, 0x00, 0x00, 0x00,
    0x00, 0x00, 0x00, 0x00,
    0x00, 0x00, 0x00, 0x00,
    0x00, 0x00, 0x00, 0x00,
    0x00, 0x00, 0x00, 0x00,
    0x00, 0x00, 0x00, 0x00,

    0x00, 0x00, 0x00, 0x0F,
    0x00, 0xFF, 0xF0, 0xFF,
    0xFF, 0xFF, 0xFF, 0xFF,
    0xFF, 0xFF, 0xFF, 0xFF,
    0xFF, 0xFF, 0xFF, 0xFF,
    0xFF, 0xFF, 0xFF, 0xFF,
    0xFF, 0xFF, 0xFF, 0xFF,
    0xFF, 0xFF, 0xFF, 0xFF,


/* Tile ID 820, isSolid: false */
    0xD0, 0x66, 0x64, 0x00,
    0xBD, 0xB4, 0x00, 0x00,
    0x0B, 0xD6, 0x60, 0x00,
    0x00, 0x46, 0x66, 0x00,
    0x00, 0x46, 0x60, 0x00,
    0x00, 0x00, 0x00, 0x00,
    0x00, 0x00, 0x00, 0x00,
    0x00, 0x00, 0x00, 0x00,

    0x0F, 0x00, 0x00, 0xFF,
    0x00, 0x00, 0xFF, 0xFF,
    0xF0, 0x00, 0x0F, 0xFF,
    0xFF, 0x00, 0x00, 0xFF,
    0xFF, 0x00, 0x0F, 0xFF,
    0xFF, 0xFF, 0xFF, 0xFF,
    0xFF, 0xFF, 0xFF, 0xFF,
    0xFF, 0xFF, 0xFF, 0xFF,

    0x00, 0x46, 0x66, 0x0D,
    0x00, 0x00, 0x4B, 0xDB,
    0x00, 0x06, 0x6D, 0xB0,
    0x00, 0x66, 0x64, 0x00,
    0x00, 0x06, 0x64, 0x00,
    0x00, 0x00, 0x00, 0x00,
    0x00, 0x00, 0x00, 0x00,
    0x00, 0x00, 0x00, 0x00,

    0xFF, 0x00, 0x00, 0xF0,
    0xFF, 0xFF, 0x00, 0x00,
    0xFF, 0xF0, 0x00, 0x0F,
    0xFF, 0x00, 0x00, 0xFF,
    0xFF, 0xF0, 0x00, 0xFF,
    0xFF, 0xFF, 0xFF, 0xFF,
    0xFF, 0xFF, 0xFF, 0xFF,
    0xFF, 0xFF, 0xFF, 0xFF,


/* Tile ID 821, isSolid: false */
    0x00, 0x01, 0x11, 0x1D,
    0x00, 0x01, 0x11, 0x10,
    0x00, 0x11, 0x11, 0x1D,
    0x00, 0x11, 0x11, 0x1B,
    0x00, 0x01, 0x11, 0x00,
    0x00, 0x00, 0x00, 0x00,
    0x00, 0x00, 0x00, 0x00,
    0x00, 0x00, 0x00, 0x00,

    0xFF, 0xF0, 0x00, 0x00,
    0xFF, 0xF0, 0x00, 0x0F,
    0xFF, 0x00, 0x00, 0x00,
    0xFF, 0x00, 0x00, 0x00,
    0xFF, 0xF0, 0x00, 0xFF,
    0xFF, 0xFF, 0xFF, 0xFF,
    0xFF, 0xFF, 0xFF, 0xFF,
    0xFF, 0xFF, 0xFF, 0xFF,

    0xD1, 0x11, 0x10, 0x00,
    0x01, 0x11, 0x10, 0x00,
    0xD1, 0x11, 0x11, 0x00,
    0xB1, 0x11, 0x11, 0x00,
    0x00, 0x11, 0x10, 0x00,
    0x00, 0x00, 0x00, 0x00,
    0x00, 0x00, 0x00, 0x00,
    0x00, 0x00, 0x00, 0x00,

    0x00, 0x00, 0x0F, 0xFF,
    0xF0, 0x00, 0x0F, 0xFF,
    0x00, 0x00, 0x00, 0xFF,
    0x00, 0x00, 0x00, 0xFF,
    0xFF, 0x00, 0x0F, 0xFF,
    0xFF, 0xFF, 0xFF, 0xFF,
    0xFF, 0xFF, 0xFF, 0xFF,
    0xFF, 0xFF, 0xFF, 0xFF,


/* Tile ID 822, isSolid: false */
    0xD1, 0x11, 0x10, 0x00,
    0x01, 0x11, 0x10, 0x00,
    0xD1, 0x11, 0x11, 0x00,
    0xB1, 0x11, 0x11, 0x00,
    0x00, 0x11, 0x10, 0x00,
    0x00, 0x00, 0x00, 0x00,
    0x00, 0x00, 0x00, 0x00,
    0x00, 0x00, 0x00, 0x00,

    0x00, 0x00, 0x0F, 0xFF,
    0xF0, 0x00, 0x0F, 0xFF,
    0x00, 0x00, 0x00, 0xFF,
    0x00, 0x00, 0x00, 0xFF,
    0xFF, 0x00, 0x0F, 0xFF,
    0xFF, 0xFF, 0xFF, 0xFF,
    0xFF, 0xFF, 0xFF, 0xFF,
    0xFF, 0xFF, 0xFF, 0xFF,

    0x00, 0x01, 0x11, 0x1D,
    0x00, 0x01, 0x11, 0x10,
    0x00, 0x11, 0x11, 0x1D,
    0x00, 0x11, 0x11, 0x1B,
    0x00, 0x01, 0x11, 0x00,
    0x00, 0x00, 0x00, 0x00,
    0x00, 0x00, 0x00, 0x00,
    0x00, 0x00, 0x00, 0x00,

    0xFF, 0xF0, 0x00, 0x00,
    0xFF, 0xF0, 0x00, 0x0F,
    0xFF, 0x00, 0x00, 0x00,
    0xFF, 0x00, 0x00, 0x00,
    0xFF, 0xF0, 0x00, 0xFF,
    0xFF, 0xFF, 0xFF, 0xFF,
    0xFF, 0xFF, 0xFF, 0xFF,
    0xFF, 0xFF, 0xFF, 0xFF,


/* Tile ID 823, isSolid: false */
    0x01, 0x11, 0x11, 0x1D,
    0x01, 0x11, 0x11, 0x00,
    0x00, 0x11, 0x11, 0xDD,
    0x00, 0x00, 0x00, 0xB0,
    0x00, 0x00, 0x00, 0x00,
    0x00, 0x00, 0x00, 0x00,
    0x00, 0x00, 0x00, 0x00,
    0x00, 0x00, 0x00, 0x00,

    0xF0, 0x00, 0x00, 0x00,
    0xF0, 0x00, 0x00, 0xFF,
    0xFF, 0x00, 0x00, 0x00,
    0xFF, 0xFF, 0xFF, 0x0F,
    0xFF, 0xFF, 0xFF, 0xFF,
    0xFF, 0xFF, 0xFF, 0xFF,
    0xFF, 0xFF, 0xFF, 0xFF,
    0xFF, 0xFF, 0xFF, 0xFF,

    0xD1, 0x11, 0x11, 0x10,
    0x00, 0x11, 0x11, 0x10,
    0xDD, 0x11, 0x11, 0x00,
    0x0B, 0x00, 0x00, 0x00,
    0x00, 0x00, 0x00, 0x00,
    0x00, 0x00, 0x00, 0x00,
    0x00, 0x00, 0x00, 0x00,
    0x00, 0x00, 0x00, 0x00,

    0x00, 0x00, 0x00, 0x0F,
    0xFF, 0x00, 0x00, 0x0F,
    0x00, 0x00, 0x00, 0xFF,
    0xF0, 0xFF, 0xFF, 0xFF,
    0xFF, 0xFF, 0xFF, 0xFF,
    0xFF, 0xFF, 0xFF, 0xFF,
    0xFF, 0xFF, 0xFF, 0xFF,
    0xFF, 0xFF, 0xFF, 0xFF,


/* Tile ID 824, isSolid: false */
    0xDB, 0x11, 0x11, 0x00,
    0x11, 0x11, 0x10, 0x00,
    0x11, 0x11, 0x00, 0x00,
    0x11, 0x11, 0x00, 0x00,
    0x11, 0x11, 0x00, 0x00,
    0x01, 0x11, 0x00, 0x00,
    0x00, 0x00, 0x00, 0x00,
    0x00, 0x00, 0x00, 0x00,

    0x00, 0x00, 0x00, 0xFF,
    0x00, 0x00, 0x0F, 0xFF,
    0x00, 0x00, 0xFF, 0xFF,
    0x00, 0x00, 0xFF, 0xFF,
    0x00, 0x00, 0xFF, 0xFF,
    0xF0, 0x00, 0xFF, 0xFF,
    0xFF, 0xFF, 0xFF, 0xFF,
    0xFF, 0xFF, 0xFF, 0xFF,

    0x00, 0x11, 0x11, 0xBD,
    0x00, 0x01, 0x11, 0x11,
    0x00, 0x00, 0x11, 0x11,
    0x00, 0x00, 0x11, 0x11,
    0x00, 0x00, 0x11, 0x11,
    0x00, 0x00, 0x11, 0x10,
    0x00, 0x00, 0x00, 0x00,
    0x00, 0x00, 0x00, 0x00,

    0xFF, 0x00, 0x00, 0x00,
    0xFF, 0xF0, 0x00, 0x00,
    0xFF, 0xFF, 0x00, 0x00,
    0xFF, 0xFF, 0x00, 0x00,
    0xFF, 0xFF, 0x00, 0x00,
    0xFF, 0xFF, 0x00, 0x0F,
    0xFF, 0xFF, 0xFF, 0xFF,
    0xFF, 0xFF, 0xFF, 0xFF,


/* Tile ID 825, isSolid: false */
    0x00, 0x11, 0x11, 0x00,
    0x00, 0x00, 0x0B, 0xD1,
    0x00, 0x00, 0x00, 0x11,
    0x00, 0x00, 0x00, 0x11,
    0x00, 0x00, 0x00, 0x01,
    0x00, 0x00, 0x00, 0x01,
    0x00, 0x00, 0x00, 0x00,
    0x00, 0x00, 0x00, 0x00,

    0xFF, 0x00, 0x00, 0xFF,
    0xFF, 0xFF, 0xF0, 0x00,
    0xFF, 0xFF, 0xFF, 0x00,
    0xFF, 0xFF, 0xFF, 0x00,
    0xFF, 0xFF, 0xFF, 0xF0,
    0xFF, 0xFF, 0xFF, 0xF0,
    0xFF, 0xFF, 0xFF, 0xFF,
    0xFF, 0xFF, 0xFF, 0xFF,

    0x00, 0x11, 0x11, 0x00,
    0x1D, 0xB0, 0x00, 0x00,
    0x11, 0x00, 0x00, 0x00,
    0x11, 0x00, 0x00, 0x00,
    0x10, 0x00, 0x00, 0x00,
    0x10, 0x00, 0x00, 0x00,
    0x00, 0x00, 0x00, 0x00,
    0x00, 0x00, 0x00, 0x00,

    0xFF, 0x00, 0x00, 0xFF,
    0x00, 0x0F, 0xFF, 0xFF,
    0x00, 0xFF, 0xFF, 0xFF,
    0x00, 0xFF, 0xFF, 0xFF,
    0x0F, 0xFF, 0xFF, 0xFF,
    0x0F, 0xFF, 0xFF, 0xFF,
    0xFF, 0xFF, 0xFF, 0xFF,
    0xFF, 0xFF, 0xFF, 0xFF,


/* Tile ID 826, isSolid: false */
    0xBB, 0x11, 0x11, 0x00,
    0x11, 0x11, 0x11, 0x00,
    0x11, 0x11, 0x10, 0x00,
    0x11, 0x10, 0x00, 0x00,
    0x11, 0x10, 0x00, 0x00,
    0x11, 0x00, 0x00, 0x00,
    0x00, 0x00, 0x00, 0x00,
    0x00, 0x00, 0x00, 0x00,

    0x00, 0x00, 0x00, 0xFF,
    0x00, 0x00, 0x00, 0xFF,
    0x00, 0x00, 0x0F, 0xFF,
    0x00, 0x0F, 0xFF, 0xFF,
    0x00, 0x0F, 0xFF, 0xFF,
    0x00, 0xFF, 0xFF, 0xFF,
    0xFF, 0xFF, 0xFF, 0xFF,
    0xFF, 0xFF, 0xFF, 0xFF,

    0x00, 0x11, 0x11, 0xBB,
    0x00, 0x11, 0x11, 0x11,
    0x00, 0x01, 0x11, 0x11,
    0x00, 0x00, 0x01, 0x11,
    0x00, 0x00, 0x01, 0x11,
    0x00, 0x00, 0x00, 0x11,
    0x00, 0x00, 0x00, 0x00,
    0x00, 0x00, 0x00, 0x00,

    0xFF, 0x00, 0x00, 0x00,
    0xFF, 0x00, 0x00, 0x00,
    0xFF, 0xF0, 0x00, 0x00,
    0xFF, 0xFF, 0xF0, 0x00,
    0xFF, 0xFF, 0xF0, 0x00,
    0xFF, 0xFF, 0xFF, 0x00,
    0xFF, 0xFF, 0xFF, 0xFF,
    0xFF, 0xFF, 0xFF, 0xFF,


/* Tile ID 827, isSolid: false */
    0x00, 0x01, 0xD0, 0xD0,
    0x00, 0x0B, 0xD1, 0x1B,
    0x00, 0x00, 0x11, 0x11,
    0x00, 0x00, 0x11, 0x11,
    0x00, 0x00, 0x11, 0x11,
    0x00, 0x00, 0x11, 0x11,
    0x00, 0x00, 0x01, 0x10,
    0x00, 0x00, 0x00, 0x00,

    0xFF, 0xF0, 0x0F, 0x0F,
    0xFF, 0xF0, 0x00, 0x00,
    0xFF, 0xFF, 0x00, 0x00,
    0xFF, 0xFF, 0x00, 0x00,
    0xFF, 0xFF, 0x00, 0x00,
    0xFF, 0xFF, 0x00, 0x00,
    0xFF, 0xFF, 0xF0, 0x0F,
    0xFF, 0xFF, 0xFF, 0xFF,

    0x0D, 0x0D, 0x10, 0x00,
    0xB1, 0x1D, 0xB0, 0x00,
    0x11, 0x11, 0x00, 0x00,
    0x11, 0x11, 0x00, 0x00,
    0x11, 0x11, 0x00, 0x00,
    0x11, 0x11, 0x00, 0x00,
    0x01, 0x10, 0x00, 0x00,
    0x00, 0x00, 0x00, 0x00,

    0xF0, 0xF0, 0x0F, 0xFF,
    0x00, 0x00, 0x0F, 0xFF,
    0x00, 0x00, 0xFF, 0xFF,
    0x00, 0x00, 0xFF, 0xFF,
    0x00, 0x00, 0xFF, 0xFF,
    0x00, 0x00, 0xFF, 0xFF,
    0xF0, 0x0F, 0xFF, 0xFF,
    0xFF, 0xFF, 0xFF, 0xFF,


/* Tile ID 828, isSolid: false */
    0xDB, 0xBB, 0xDD, 0x00,
    0xB1, 0x11, 0x00, 0x00,
    0x11, 0x11, 0x00, 0x00,
    0x11, 0x11, 0x00, 0x00,
    0x11, 0x11, 0x00, 0x00,
    0x00, 0x00, 0x00, 0x00,
    0x00, 0x00, 0x00, 0x00,
    0x00, 0x00, 0x00, 0x00,

    0x00, 0x00, 0x00, 0xFF,
    0x00, 0x00, 0xFF, 0xFF,
    0x00, 0x00, 0xFF, 0xFF,
    0x00, 0x00, 0xFF, 0xFF,
    0x00, 0x00, 0xFF, 0xFF,
    0xFF, 0xFF, 0xFF, 0xFF,
    0xFF, 0xFF, 0xFF, 0xFF,
    0xFF, 0xFF, 0xFF, 0xFF,

    0x00, 0xDD, 0xBB, 0xBD,
    0x00, 0x00, 0x11, 0x1B,
    0x00, 0x00, 0x11, 0x11,
    0x00, 0x00, 0x11, 0x11,
    0x00, 0x00, 0x11, 0x11,
    0x00, 0x00, 0x00, 0x00,
    0x00, 0x00, 0x00, 0x00,
    0x00, 0x00, 0x00, 0x00,

    0xFF, 0x00, 0x00, 0x00,
    0xFF, 0xFF, 0x00, 0x00,
    0xFF, 0xFF, 0x00, 0x00,
    0xFF, 0xFF, 0x00, 0x00,
    0xFF, 0xFF, 0x00, 0x00,
    0xFF, 0xFF, 0xFF, 0xFF,
    0xFF, 0xFF, 0xFF, 0xFF,
    0xFF, 0xFF, 0xFF, 0xFF,


/* Tile ID 829, isSolid: false */
    0x00, 0x0B, 0xD0, 0xD0,
    0x00, 0x01, 0x11, 0x1B,
    0x00, 0x11, 0x11, 0x11,
    0x00, 0x11, 0x11, 0x11,
    0x00, 0x11, 0x11, 0x11,
    0x00, 0x01, 0x10, 0x00,
    0x00, 0x00, 0x00, 0x00,
    0x00, 0x00, 0x00, 0x00,

    0xFF, 0xF0, 0x0F, 0x0F,
    0xFF, 0xF0, 0x00, 0x00,
    0xFF, 0x00, 0x00, 0x00,
    0xFF, 0x00, 0x00, 0x00,
    0xFF, 0x00, 0x00, 0x00,
    0xFF, 0xF0, 0x0F, 0xFF,
    0xFF, 0xFF, 0xFF, 0xFF,
    0xFF, 0xFF, 0xFF, 0xFF,

    0x0D, 0x0D, 0xB0, 0x00,
    0xB1, 0x11, 0x10, 0x00,
    0x11, 0x11, 0x11, 0x00,
    0x11, 0x11, 0x11, 0x00,
    0x11, 0x11, 0x11, 0x00,
    0x00, 0x01, 0x10, 0x00,
    0x00, 0x00, 0x00, 0x00,
    0x00, 0x00, 0x00, 0x00,

    0xF0, 0xF0, 0x0F, 0xFF,
    0x00, 0x00, 0x0F, 0xFF,
    0x00, 0x00, 0x00, 0xFF,
    0x00, 0x00, 0x00, 0xFF,
    0x00, 0x00, 0x00, 0xFF,
    0xFF, 0xF0, 0x0F, 0xFF,
    0xFF, 0xFF, 0xFF, 0xFF,
    0xFF, 0xFF, 0xFF, 0xFF,


/* Tile ID 830, isSolid: false */
    0xD0, 0xDB, 0x66, 0x00,
    0xBB, 0xBD, 0xB6, 0x00,
    0x11, 0x1B, 0xDD, 0x00,
    0x11, 0x10, 0x00, 0x00,
    0x11, 0x10, 0x00, 0x00,
    0x11, 0x00, 0x00, 0x00,
    0x00, 0x00, 0x00, 0x00,
    0x00, 0x00, 0x00, 0x00,

    0x0F, 0x00, 0x00, 0xFF,
    0x00, 0x00, 0x00, 0xFF,
    0x00, 0x00, 0x00, 0xFF,
    0x00, 0x0F, 0xFF, 0xFF,
    0x00, 0x0F, 0xFF, 0xFF,
    0x00, 0xFF, 0xFF, 0xFF,
    0xFF, 0xFF, 0xFF, 0xFF,
    0xFF, 0xFF, 0xFF, 0xFF,

    0x00, 0x66, 0xBD, 0x0D,
    0x00, 0x6B, 0xDB, 0xBB,
    0x00, 0xDD, 0xB1, 0x11,
    0x00, 0x00, 0x01, 0x11,
    0x00, 0x00, 0x01, 0x11,
    0x00, 0x00, 0x00, 0x11,
    0x00, 0x00, 0x00, 0x00,
    0x00, 0x00, 0x00, 0x00,

    0xFF, 0x00, 0x00, 0xF0,
    0xFF, 0x00, 0x00, 0x00,
    0xFF, 0x00, 0x00, 0x00,
    0xFF, 0xFF, 0xF0, 0x00,
    0xFF, 0xFF, 0xF0, 0x00,
    0xFF, 0xFF, 0xFF, 0x00,
    0xFF, 0xFF, 0xFF, 0xFF,
    0xFF, 0xFF, 0xFF, 0xFF,


/* Tile ID 831, isSolid: false */
    0x00, 0x00, 0x0A, 0x02,
    0x02, 0x22, 0x22, 0xEE,
    0x02, 0x22, 0x22, 0x22,
    0x00, 0x00, 0x0E, 0x22,
    0x00, 0x02, 0x22, 0xEE,
    0x00, 0x02, 0x20, 0x00,
    0x00, 0x02, 0x20, 0x00,
    0x00, 0x00, 0x00, 0x00,

    0xFF, 0xFF, 0xF0, 0xF0,
    0xF0, 0x00, 0x00, 0x00,
    0xF0, 0x00, 0x00, 0x00,
    0xFF, 0xFF, 0xF0, 0x00,
    0xFF, 0xF0, 0x00, 0x00,
    0xFF, 0xF0, 0x0F, 0xFF,
    0xFF, 0xF0, 0x0F, 0xFF,
    0xFF, 0xFF, 0xFF, 0xFF,

    0x20, 0xA0, 0x00, 0x00,
    0xEE, 0x22, 0x22, 0x20,
    0x22, 0x22, 0x22, 0x20,
    0x22, 0xE0, 0x00, 0x00,
    0xEE, 0x22, 0x20, 0x00,
    0x00, 0x02, 0x20, 0x00,
    0x00, 0x02, 0x20, 0x00,
    0x00, 0x00, 0x00, 0x00,

    0x0F, 0x0F, 0xFF, 0xFF,
    0x00, 0x00, 0x00, 0x0F,
    0x00, 0x00, 0x00, 0x0F,
    0x00, 0x0F, 0xFF, 0xFF,
    0x00, 0x00, 0x0F, 0xFF,
    0xFF, 0xF0, 0x0F, 0xFF,
    0xFF, 0xF0, 0x0F, 0xFF,
    0xFF, 0xFF, 0xFF, 0xFF,


/* Tile ID 832, isSolid: false */
    0x20, 0xA0, 0x00, 0x00,
    0xEE, 0x22, 0x22, 0x20,
    0x22, 0x22, 0x22, 0x20,
    0x22, 0xE0, 0x00, 0x00,
    0xEE, 0x22, 0x20, 0x00,
    0x00, 0x02, 0x20, 0x00,
    0x00, 0x02, 0x20, 0x00,
    0x00, 0x00, 0x00, 0x00,

    0x0F, 0x0F, 0xFF, 0xFF,
    0x00, 0x00, 0x00, 0x0F,
    0x00, 0x00, 0x00, 0x0F,
    0x00, 0x0F, 0xFF, 0xFF,
    0x00, 0x00, 0x0F, 0xFF,
    0xFF, 0xF0, 0x0F, 0xFF,
    0xFF, 0xF0, 0x0F, 0xFF,
    0xFF, 0xFF, 0xFF, 0xFF,

    0x00, 0x00, 0x0A, 0x02,
    0x02, 0x22, 0x22, 0xEE,
    0x02, 0x22, 0x22, 0x22,
    0x00, 0x00, 0x0E, 0x22,
    0x00, 0x02, 0x22, 0xEE,
    0x00, 0x02, 0x20, 0x00,
    0x00, 0x02, 0x20, 0x00,
    0x00, 0x00, 0x00, 0x00,

    0xFF, 0xFF, 0xF0, 0xF0,
    0xF0, 0x00, 0x00, 0x00,
    0xF0, 0x00, 0x00, 0x00,
    0xFF, 0xFF, 0xF0, 0x00,
    0xFF, 0xF0, 0x00, 0x00,
    0xFF, 0xF0, 0x0F, 0xFF,
    0xFF, 0xF0, 0x0F, 0xFF,
    0xFF, 0xFF, 0xFF, 0xFF,


/* Tile ID 833, isSolid: false */
    0x00, 0x00, 0x00, 0x00,
    0x00, 0x00, 0x00, 0x00,
    0x00, 0x00, 0x00, 0x0E,
    0x00, 0x00, 0x90, 0x9E,
    0x00, 0x09, 0x00, 0x9E,
    0x00, 0x90, 0x00, 0x90,
    0x00, 0x9E, 0xE9, 0x90,
    0x00, 0xEE, 0x99, 0x00,

    0xFF, 0xFF, 0xFF, 0xFF,
    0xFF, 0xFF, 0xFF, 0xFF,
    0xFF, 0xFF, 0xFF, 0xF0,
    0xFF, 0xFF, 0x0F, 0x00,
    0xFF, 0xF0, 0xFF, 0x00,
    0xFF, 0x0F, 0xFF, 0x0F,
    0xFF, 0x00, 0x00, 0x0F,
    0xFF, 0x00, 0x00, 0xFF,

    0x00, 0x00, 0x00, 0x00,
    0x00, 0x00, 0x00, 0x00,
    0xE0, 0x00, 0x00, 0x00,
    0xE9, 0x09, 0x00, 0x00,
    0xE9, 0x00, 0x90, 0x00,
    0x09, 0x00, 0x09, 0x00,
    0x09, 0x9E, 0xE9, 0x00,
    0x00, 0x99, 0xEE, 0x00,

    0xFF, 0xFF, 0xFF, 0xFF,
    0xFF, 0xFF, 0xFF, 0xFF,
    0x0F, 0xFF, 0xFF, 0xFF,
    0x00, 0xF0, 0xFF, 0xFF,
    0x00, 0xFF, 0x0F, 0xFF,
    0xF0, 0xFF, 0xF0, 0xFF,
    0xF0, 0x00, 0x00, 0xFF,
    0xFF, 0x00, 0x00, 0xFF,


/* Tile ID 834, isSolid: false */
    0x00, 0x00, 0x00, 0x00,
    0x00, 0x00, 0x00, 0x00,
    0xE0, 0x00, 0x00, 0x00,
    0xE9, 0x09, 0x00, 0x00,
    0xE9, 0x00, 0x90, 0x00,
    0x09, 0x00, 0x09, 0x00,
    0x09, 0x9E, 0xE9, 0x00,
    0x00, 0x99, 0xEE, 0x00,

    0xFF, 0xFF, 0xFF, 0xFF,
    0xFF, 0xFF, 0xFF, 0xFF,
    0x0F, 0xFF, 0xFF, 0xFF,
    0x00, 0xF0, 0xFF, 0xFF,
    0x00, 0xFF, 0x0F, 0xFF,
    0xF0, 0xFF, 0xF0, 0xFF,
    0xF0, 0x00, 0x00, 0xFF,
    0xFF, 0x00, 0x00, 0xFF,

    0x00, 0x00, 0x00, 0x00,
    0x00, 0x00, 0x00, 0x00,
    0x00, 0x00, 0x00, 0x0E,
    0x00, 0x00, 0x90, 0x9E,
    0x00, 0x09, 0x00, 0x9E,
    0x00, 0x90, 0x00, 0x90,
    0x00, 0x9E, 0xE9, 0x90,
    0x00, 0xEE, 0x99, 0x00,

    0xFF, 0xFF, 0xFF, 0xFF,
    0xFF, 0xFF, 0xFF, 0xFF,
    0xFF, 0xFF, 0xFF, 0xF0,
    0xFF, 0xFF, 0x0F, 0x00,
    0xFF, 0xF0, 0xFF, 0x00,
    0xFF, 0x0F, 0xFF, 0x0F,
    0xFF, 0x00, 0x00, 0x0F,
    0xFF, 0x00, 0x00, 0xFF,


/* Tile ID 835, isSolid: false */
    0x00, 0x00, 0x00, 0x00,
    0x00, 0x00, 0x00, 0x00,
    0x00, 0x00, 0x00, 0xE0,
    0x00, 0x00, 0xEE, 0x00,
    0x00, 0x0E, 0xE0, 0x00,
    0x00, 0x0E, 0xEE, 0x9E,
    0x00, 0x66, 0x69, 0x90,
    0x00, 0xE0, 0x44, 0x00,

    0xFF, 0xFF, 0xFF, 0xFF,
    0xFF, 0xFF, 0xFF, 0xFF,
    0xFF, 0xFF, 0xFF, 0x0F,
    0xFF, 0xFF, 0x00, 0xFF,
    0xFF, 0xF0, 0x0F, 0xFF,
    0xFF, 0xF0, 0x00, 0x00,
    0xFF, 0x00, 0x00, 0x0F,
    0xFF, 0x0F, 0x00, 0xFF,

    0x00, 0x00, 0x00, 0x00,
    0x00, 0x00, 0x00, 0x00,
    0x0E, 0x00, 0x00, 0x00,
    0x00, 0xEE, 0x00, 0x00,
    0x00, 0x0E, 0xE0, 0x00,
    0xE9, 0xEE, 0xE0, 0x00,
    0x09, 0x96, 0x66, 0x00,
    0x00, 0x44, 0x0E, 0x00,

    0xFF, 0xFF, 0xFF, 0xFF,
    0xFF, 0xFF, 0xFF, 0xFF,
    0xF0, 0xFF, 0xFF, 0xFF,
    0xFF, 0x00, 0xFF, 0xFF,
    0xFF, 0xF0, 0x0F, 0xFF,
    0x00, 0x00, 0x0F, 0xFF,
    0xF0, 0x00, 0x00, 0xFF,
    0xFF, 0x00, 0xF0, 0xFF,


/* Tile ID 836, isSolid: false */
    0x00, 0x00, 0x00, 0x00,
    0x00, 0x00, 0x00, 0x00,
    0x00, 0x00, 0x00, 0x00,
    0x9E, 0xE0, 0x00, 0x00,
    0xEE, 0xE9, 0x00, 0x00,
    0xE0, 0xEE, 0x0E, 0x00,
    0x00, 0xE0, 0x0E, 0x00,
    0x00, 0xE9, 0x00, 0xE0,

    0xFF, 0xFF, 0xFF, 0xFF,
    0xFF, 0xFF, 0xFF, 0xFF,
    0xFF, 0xFF, 0xFF, 0xFF,
    0x00, 0x0F, 0xFF, 0xFF,
    0x00, 0x00, 0xFF, 0xFF,
    0x0F, 0x00, 0xF0, 0xFF,
    0xFF, 0x0F, 0xF0, 0xFF,
    0xFF, 0x00, 0xFF, 0x0F,

    0x00, 0x00, 0x00, 0x00,
    0x00, 0x00, 0x00, 0x00,
    0x00, 0x00, 0x00, 0x00,
    0x00, 0x00, 0x0E, 0xE9,
    0x00, 0x00, 0x9E, 0xEE,
    0x00, 0xE0, 0xEE, 0x0E,
    0x00, 0xE0, 0x0E, 0x00,
    0x0E, 0x00, 0x9E, 0x00,

    0xFF, 0xFF, 0xFF, 0xFF,
    0xFF, 0xFF, 0xFF, 0xFF,
    0xFF, 0xFF, 0xFF, 0xFF,
    0xFF, 0xFF, 0xF0, 0x00,
    0xFF, 0xFF, 0x00, 0x00,
    0xFF, 0x0F, 0x00, 0xF0,
    0xFF, 0x0F, 0xF0, 0xFF,
    0xF0, 0xFF, 0x00, 0xFF,


/* Tile ID 837, isSolid: false */
    0x00, 0x00, 0x00, 0x00,
    0x00, 0x00, 0x00, 0x00,
    0x00, 0x00, 0x0E, 0xEE,
    0x00, 0x00, 0xEE, 0x00,
    0x00, 0x06, 0xEE, 0xE0,
    0x00, 0xE0, 0x69, 0x99,
    0x00, 0xE0, 0x04, 0x40,
    0x00, 0xE0, 0x00, 0xE0,

    0xFF, 0xFF, 0xFF, 0xFF,
    0xFF, 0xFF, 0xFF, 0xFF,
    0xFF, 0xFF, 0xF0, 0x00,
    0xFF, 0xFF, 0x00, 0xFF,
    0xFF, 0xF0, 0x00, 0x0F,
    0xFF, 0x0F, 0x00, 0x00,
    0xFF, 0x0F, 0xF0, 0x0F,
    0xFF, 0x0F, 0xFF, 0x0F,

    0x00, 0x00, 0x00, 0x00,
    0x00, 0x00, 0x00, 0x00,
    0xEE, 0xE0, 0x00, 0x00,
    0x00, 0xEE, 0x00, 0x00,
    0x0E, 0xEE, 0x60, 0x00,
    0x99, 0x96, 0x0E, 0x00,
    0x04, 0x40, 0x0E, 0x00,
    0x0E, 0x00, 0x0E, 0x00,

    0xFF, 0xFF, 0xFF, 0xFF,
    0xFF, 0xFF, 0xFF, 0xFF,
    0x00, 0x0F, 0xFF, 0xFF,
    0xFF, 0x00, 0xFF, 0xFF,
    0xF0, 0x00, 0x0F, 0xFF,
    0x00, 0x00, 0xF0, 0xFF,
    0xF0, 0x0F, 0xF0, 0xFF,
    0xF0, 0xFF, 0xF0, 0xFF,


/* Tile ID 838, isSolid: false */
    0x00, 0x00, 0x00, 0x00,
    0x00, 0x00, 0x00, 0x00,
    0xE0, 0x00, 0x00, 0x00,
    0x00, 0x00, 0x00, 0x00,
    0x0E, 0xEE, 0x00, 0x00,
    0xEE, 0xEE, 0x00, 0x00,
    0x00, 0xEE, 0x00, 0x00,
    0x00, 0xE0, 0x0E, 0x00,

    0xFF, 0xFF, 0xFF, 0xFF,
    0xFF, 0xFF, 0xFF, 0xFF,
    0x0F, 0xFF, 0xFF, 0xFF,
    0xFF, 0xFF, 0xFF, 0xFF,
    0xF0, 0x00, 0xFF, 0xFF,
    0x00, 0x00, 0xFF, 0xFF,
    0xFF, 0x00, 0xFF, 0xFF,
    0xFF, 0x0F, 0xF0, 0xFF,

    0x00, 0x00, 0x00, 0x00,
    0x00, 0x00, 0x00, 0x00,
    0x00, 0x00, 0x00, 0x0E,
    0x00, 0x00, 0x00, 0x00,
    0x00, 0x00, 0xEE, 0xE0,
    0x00, 0x00, 0xEE, 0xEE,
    0x00, 0x00, 0xEE, 0x00,
    0x00, 0xE0, 0x0E, 0x00,

    0xFF, 0xFF, 0xFF, 0xFF,
    0xFF, 0xFF, 0xFF, 0xFF,
    0xFF, 0xFF, 0xFF, 0xF0,
    0xFF, 0xFF, 0xFF, 0xFF,
    0xFF, 0xFF, 0x00, 0x0F,
    0xFF, 0xFF, 0x00, 0x00,
    0xFF, 0xFF, 0x00, 0xFF,
    0xFF, 0x0F, 0xF0, 0xFF,


/* Tile ID 839, isSolid: false */
    0x00, 0x00, 0x00, 0x00,
    0x00, 0x00, 0x00, 0x00,
    0x00, 0x00, 0x00, 0x0E,
    0x00, 0x00, 0xE6, 0xEE,
    0x00, 0x0E, 0x00, 0x6E,
    0x00, 0x0E, 0x00, 0x49,
    0x00, 0xE0, 0x00, 0x40,
    0x00, 0x01, 0x19, 0xEE,

    0xFF, 0xFF, 0xFF, 0xFF,
    0xFF, 0xFF, 0xFF, 0xFF,
    0xFF, 0xFF, 0xFF, 0xF0,
    0xFF, 0xFF, 0x00, 0x00,
    0xFF, 0xF0, 0xFF, 0x00,
    0xFF, 0xF0, 0xFF, 0x00,
    0xFF, 0x0F, 0xFF, 0x0F,
    0xFF, 0xF0, 0x00, 0x00,

    0x00, 0x00, 0x00, 0x00,
    0x00, 0x00, 0x00, 0x00,
    0xE0, 0x00, 0x00, 0x00,
    0xEE, 0x6E, 0x00, 0x00,
    0xE6, 0x00, 0xE0, 0x00,
    0x94, 0x00, 0xE0, 0x00,
    0x04, 0x00, 0x0E, 0x00,
    0xEE, 0x91, 0x10, 0x00,

    0xFF, 0xFF, 0xFF, 0xFF,
    0xFF, 0xFF, 0xFF, 0xFF,
    0x0F, 0xFF, 0xFF, 0xFF,
    0x00, 0x00, 0xFF, 0xFF,
    0x00, 0xFF, 0x0F, 0xFF,
    0x00, 0xFF, 0x0F, 0xFF,
    0xF0, 0xFF, 0xF0, 0xFF,
    0x00, 0x00, 0x0F, 0xFF,


/* Tile ID 840, isSolid: false */
    0x00, 0x00, 0x00, 0x00,
    0x00, 0x00, 0x00, 0x00,
    0xEE, 0x00, 0x00, 0x00,
    0x00, 0xE0, 0x00, 0x00,
    0xE0, 0x00, 0x00, 0x00,
    0x99, 0xEE, 0xE0, 0x00,
    0x0E, 0xEE, 0xEE, 0x00,
    0x00, 0x0E, 0xE0, 0x00,

    0xFF, 0xFF, 0xFF, 0xFF,
    0xFF, 0xFF, 0xFF, 0xFF,
    0x00, 0xFF, 0xFF, 0xFF,
    0xFF, 0x0F, 0xFF, 0xFF,
    0x0F, 0xFF, 0xFF, 0xFF,
    0x00, 0x00, 0x0F, 0xFF,
    0xF0, 0x00, 0x00, 0xFF,
    0xFF, 0xF0, 0x0F, 0xFF,

    0x00, 0x00, 0x00, 0x00,
    0x00, 0x00, 0x00, 0x00,
    0x00, 0x00, 0x00, 0xEE,
    0x00, 0x00, 0x0E, 0x00,
    0x00, 0x00, 0x00, 0x0E,
    0x00, 0x0E, 0xEE, 0x99,
    0x00, 0xEE, 0xEE, 0xE0,
    0x00, 0x0E, 0xE0, 0x00,

    0xFF, 0xFF, 0xFF, 0xFF,
    0xFF, 0xFF, 0xFF, 0xFF,
    0xFF, 0xFF, 0xFF, 0x00,
    0xFF, 0xFF, 0xF0, 0xFF,
    0xFF, 0xFF, 0xFF, 0xF0,
    0xFF, 0xF0, 0x00, 0x00,
    0xFF, 0x00, 0x00, 0x0F,
    0xFF, 0xF0, 0x0F, 0xFF,


/* Tile ID 841, isSolid: false */
    0x00, 0x00, 0x00, 0x00,
    0x00, 0x00, 0x00, 0x00,
    0x00, 0x00, 0x0E, 0xE6,
    0x00, 0x00, 0xE0, 0x06,
    0x00, 0x0E, 0x00, 0x04,
    0x00, 0x00, 0x10, 0x04,
    0x00, 0x01, 0x19, 0xEE,
    0x00, 0x11, 0x9E, 0xEE,

    0xFF, 0xFF, 0xFF, 0xFF,
    0xFF, 0xFF, 0xFF, 0xFF,
    0xFF, 0xFF, 0xF0, 0x00,
    0xFF, 0xFF, 0x0F, 0xF0,
    0xFF, 0xF0, 0xFF, 0xF0,
    0xFF, 0xFF, 0x0F, 0xF0,
    0xFF, 0xF0, 0x00, 0x00,
    0xFF, 0x00, 0x00, 0x00,

    0x00, 0x00, 0x00, 0x00,
    0x00, 0x00, 0x00, 0x00,
    0x6E, 0xE0, 0x00, 0x00,
    0x60, 0x0E, 0x00, 0x00,
    0x40, 0x00, 0xE0, 0x00,
    0x40, 0x01, 0x00, 0x00,
    0xEE, 0x91, 0x10, 0x00,
    0xEE, 0xE9, 0x11, 0x00,

    0xFF, 0xFF, 0xFF, 0xFF,
    0xFF, 0xFF, 0xFF, 0xFF,
    0x00, 0x0F, 0xFF, 0xFF,
    0x0F, 0xF0, 0xFF, 0xFF,
    0x0F, 0xFF, 0x0F, 0xFF,
    0x0F, 0xF0, 0xFF, 0xFF,
    0x00, 0x00, 0x0F, 0xFF,
    0x00, 0x00, 0x00, 0xFF,


/* Tile ID 842, isSolid: false */
    0x00, 0x00, 0x00, 0x00,
    0x00, 0x00, 0x00, 0x00,
    0xEE, 0xE0, 0x00, 0x00,
    0xEE, 0x0E, 0x00, 0x00,
    0x9E, 0x00, 0xE0, 0x00,
    0x99, 0x00, 0x00, 0x00,
    0x0E, 0xEE, 0x90, 0x00,
    0x00, 0x0E, 0xEE, 0x00,

    0xFF, 0xFF, 0xFF, 0xFF,
    0xFF, 0xFF, 0xFF, 0xFF,
    0x00, 0x0F, 0xFF, 0xFF,
    0x00, 0xF0, 0xFF, 0xFF,
    0x00, 0xFF, 0x0F, 0xFF,
    0x00, 0xFF, 0xFF, 0xFF,
    0xF0, 0x00, 0x0F, 0xFF,
    0xFF, 0xF0, 0x00, 0xFF,

    0x00, 0x00, 0x00, 0x00,
    0x00, 0x00, 0x00, 0x00,
    0x00, 0x00, 0x0E, 0xEE,
    0x00, 0x00, 0xE0, 0xEE,
    0x00, 0x0E, 0x00, 0xE9,
    0x00, 0x00, 0x00, 0x99,
    0x00, 0x09, 0xEE, 0xE0,
    0x00, 0xEE, 0xE0, 0x00,

    0xFF, 0xFF, 0xFF, 0xFF,
    0xFF, 0xFF, 0xFF, 0xFF,
    0xFF, 0xFF, 0xF0, 0x00,
    0xFF, 0xFF, 0x0F, 0x00,
    0xFF, 0xF0, 0xFF, 0x00,
    0xFF, 0xFF, 0xFF, 0x00,
    0xFF, 0xF0, 0x00, 0x0F,
    0xFF, 0x00, 0x0F, 0xFF,


/* Tile ID 843, isSolid: false */
    0x00, 0x00, 0x00, 0x00,
    0x00, 0x00, 0x00, 0x00,
    0x00, 0x00, 0x00, 0x91,
    0x00, 0x00, 0x00, 0x19,
    0x00, 0x0D, 0xB0, 0x09,
    0x00, 0x0B, 0xDB, 0x04,
    0x00, 0x00, 0xBD, 0xB0,
    0x00, 0x00, 0x0B, 0x20,

    0xFF, 0xFF, 0xFF, 0xFF,
    0xFF, 0xFF, 0xFF, 0xFF,
    0xFF, 0xFF, 0xFF, 0x00,
    0xFF, 0xFF, 0xFF, 0x00,
    0xFF, 0xF0, 0x0F, 0xF0,
    0xFF, 0xF0, 0x00, 0xF0,
    0xFF, 0xFF, 0x00, 0x0F,
    0xFF, 0xFF, 0xF0, 0x0F,

    0x00, 0x00, 0x00, 0x00,
    0x00, 0x00, 0x00, 0x00,
    0x19, 0x00, 0x00, 0x00,
    0x91, 0x00, 0x00, 0x00,
    0x90, 0x0B, 0xD0, 0x00,
    0x40, 0xBD, 0xB0, 0x00,
    0x0B, 0xDB, 0x00, 0x00,
    0x02, 0xB0, 0x00, 0x00,

    0xFF, 0xFF, 0xFF, 0xFF,
    0xFF, 0xFF, 0xFF, 0xFF,
    0x00, 0xFF, 0xFF, 0xFF,
    0x00, 0xFF, 0xFF, 0xFF,
    0x0F, 0xF0, 0x0F, 0xFF,
    0x0F, 0x00, 0x0F, 0xFF,
    0xF0, 0x00, 0xFF, 0xFF,
    0xF0, 0x0F, 0xFF, 0xFF,


/* Tile ID 844, isSolid: false */
    0x00, 0x00, 0x00, 0x00,
    0x00, 0x00, 0x00, 0x00,
    0x01, 0x90, 0x00, 0x00,
    0x09, 0x10, 0x00, 0x00,
    0x09, 0x00, 0xBD, 0x00,
    0x64, 0x0B, 0xDB, 0x00,
    0x60, 0xBD, 0xB0, 0x00,
    0x60, 0x2B, 0x00, 0x00,

    0xFF, 0xFF, 0xFF, 0xFF,
    0xFF, 0xFF, 0xFF, 0xFF,
    0xF0, 0x0F, 0xFF, 0xFF,
    0xF0, 0x0F, 0xFF, 0xFF,
    0xF0, 0xFF, 0x00, 0xFF,
    0x00, 0xF0, 0x00, 0xFF,
    0x0F, 0x00, 0x0F, 0xFF,
    0x0F, 0x00, 0xFF, 0xFF,

    0x00, 0x00, 0x00, 0x00,
    0x00, 0x00, 0x00, 0x00,
    0x00, 0x00, 0x09, 0x10,
    0x00, 0x00, 0x01, 0x90,
    0x00, 0xDB, 0x00, 0x90,
    0x00, 0xBD, 0xB0, 0x46,
    0x00, 0x0B, 0xDB, 0x06,
    0x00, 0x00, 0xB2, 0x06,

    0xFF, 0xFF, 0xFF, 0xFF,
    0xFF, 0xFF, 0xFF, 0xFF,
    0xFF, 0xFF, 0xF0, 0x0F,
    0xFF, 0xFF, 0xF0, 0x0F,
    0xFF, 0x00, 0xFF, 0x0F,
    0xFF, 0x00, 0x0F, 0x00,
    0xFF, 0xF0, 0x00, 0xF0,
    0xFF, 0xFF, 0x00, 0xF0,


/* Tile ID 845, isSolid: false */
    0x00, 0x00, 0x00, 0x00,
    0x00, 0x00, 0x00, 0x00,
    0x00, 0x00, 0x00, 0x00,
    0x00, 0x00, 0xBB, 0x00,
    0x00, 0x00, 0xBD, 0x00,
    0x00, 0x00, 0x0D, 0xB0,
    0x00, 0x00, 0x0B, 0xB0,
    0x00, 0x01, 0x11, 0x46,

    0xFF, 0xFF, 0xFF, 0xFF,
    0xFF, 0xFF, 0xFF, 0xFF,
    0xFF, 0xFF, 0xFF, 0xFF,
    0xFF, 0xFF, 0x00, 0xFF,
    0xFF, 0xFF, 0x00, 0xFF,
    0xFF, 0xFF, 0xF0, 0x0F,
    0xFF, 0xFF, 0xF0, 0x0F,
    0xFF, 0xF0, 0x00, 0x00,

    0x00, 0x00, 0x00, 0x00,
    0x00, 0x00, 0x00, 0x00,
    0x00, 0x00, 0x00, 0x00,
    0x00, 0xBB, 0x00, 0x00,
    0x00, 0xDB, 0x00, 0x00,
    0x0B, 0xD0, 0x00, 0x00,
    0x0B, 0xB0, 0x00, 0x00,
    0x64, 0x11, 0x10, 0x00,

    0xFF, 0xFF, 0xFF, 0xFF,
    0xFF, 0xFF, 0xFF, 0xFF,
    0xFF, 0xFF, 0xFF, 0xFF,
    0xFF, 0x00, 0xFF, 0xFF,
    0xFF, 0x00, 0xFF, 0xFF,
    0xF0, 0x0F, 0xFF, 0xFF,
    0xF0, 0x0F, 0xFF, 0xFF,
    0x00, 0x00, 0x0F, 0xFF,


/* Tile ID 846, isSolid: false */
    0x00, 0x00, 0x00, 0x00,
    0x00, 0x00, 0x00, 0x00,
    0xE0, 0x00, 0x00, 0x00,
    0xE0, 0x0E, 0x00, 0x00,
    0xE0, 0xEE, 0x00, 0x00,
    0x60, 0xE0, 0x00, 0x00,
    0x66, 0x00, 0xBD, 0x00,
    0x60, 0xBD, 0xDD, 0x00,

    0xFF, 0xFF, 0xFF, 0xFF,
    0xFF, 0xFF, 0xFF, 0xFF,
    0x0F, 0xFF, 0xFF, 0xFF,
    0x0F, 0xF0, 0xFF, 0xFF,
    0x0F, 0x00, 0xFF, 0xFF,
    0x0F, 0x0F, 0xFF, 0xFF,
    0x00, 0xFF, 0x00, 0xFF,
    0x0F, 0x00, 0x00, 0xFF,

    0x00, 0x00, 0x00, 0x00,
    0x00, 0x00, 0x00, 0x00,
    0x00, 0x00, 0x00, 0x0E,
    0x00, 0x00, 0xE0, 0x0E,
    0x00, 0x00, 0xEE, 0x0E,
    0x00, 0x00, 0x0E, 0x06,
    0x00, 0xDB, 0x00, 0x66,
    0x00, 0xDD, 0xDB, 0x06,

    0xFF, 0xFF, 0xFF, 0xFF,
    0xFF, 0xFF, 0xFF, 0xFF,
    0xFF, 0xFF, 0xFF, 0xF0,
    0xFF, 0xFF, 0x0F, 0xF0,
    0xFF, 0xFF, 0x00, 0xF0,
    0xFF, 0xFF, 0xF0, 0xF0,
    0xFF, 0x00, 0xFF, 0x00,
    0xFF, 0x00, 0x00, 0xF0,


/* Tile ID 847, isSolid: false */
    0x00, 0x00, 0x00, 0x00,
    0x00, 0x00, 0x00, 0x00,
    0x00, 0x00, 0x00, 0xDD,
    0x00, 0x00, 0x00, 0xBD,
    0x00, 0x00, 0x00, 0xBD,
    0x00, 0x01, 0x10, 0xBB,
    0x00, 0x01, 0x11, 0x14,
    0x00, 0x00, 0x00, 0x16,

    0xFF, 0xFF, 0xFF, 0xFF,
    0xFF, 0xFF, 0xFF, 0xFF,
    0xFF, 0xFF, 0xFF, 0x00,
    0xFF, 0xFF, 0xFF, 0x00,
    0xFF, 0xFF, 0xFF, 0x00,
    0xFF, 0xF0, 0x0F, 0x00,
    0xFF, 0xF0, 0x00, 0x00,
    0xFF, 0xFF, 0xFF, 0x00,

    0x00, 0x00, 0x00, 0x00,
    0x00, 0x00, 0x00, 0x00,
    0xDD, 0x00, 0x00, 0x00,
    0xDB, 0x00, 0x00, 0x00,
    0xDB, 0x00, 0x00, 0x00,
    0xBB, 0x01, 0x10, 0x00,
    0x41, 0x11, 0x10, 0x00,
    0x61, 0x00, 0x00, 0x00,

    0xFF, 0xFF, 0xFF, 0xFF,
    0xFF, 0xFF, 0xFF, 0xFF,
    0x00, 0xFF, 0xFF, 0xFF,
    0x00, 0xFF, 0xFF, 0xFF,
    0x00, 0xFF, 0xFF, 0xFF,
    0x00, 0xF0, 0x0F, 0xFF,
    0x00, 0x00, 0x0F, 0xFF,
    0x00, 0xFF, 0xFF, 0xFF,


/* Tile ID 848, isSolid: false */
    0x00, 0x00, 0x00, 0x00,
    0x00, 0x00, 0x00, 0x00,
    0x00, 0xE0, 0x00, 0x00,
    0x00, 0xE1, 0x00, 0x00,
    0x00, 0xE0, 0x00, 0x00,
    0x06, 0x00, 0xEE, 0x00,
    0x06, 0x6E, 0x00, 0x00,
    0x66, 0x00, 0x00, 0x00,

    0xFF, 0xFF, 0xFF, 0xFF,
    0xFF, 0xFF, 0xFF, 0xFF,
    0xFF, 0x0F, 0xFF, 0xFF,
    0xFF, 0x00, 0xFF, 0xFF,
    0xFF, 0x0F, 0xFF, 0xFF,
    0xF0, 0xFF, 0x00, 0xFF,
    0xF0, 0x00, 0xFF, 0xFF,
    0x00, 0xFF, 0xFF, 0xFF,

    0x00, 0x00, 0x00, 0x00,
    0x00, 0x00, 0x00, 0x00,
    0x00, 0x00, 0x0E, 0x00,
    0x00, 0x00, 0x1E, 0x00,
    0x00, 0x00, 0x0E, 0x00,
    0x00, 0xEE, 0x00, 0x60,
    0x00, 0x00, 0xE6, 0x60,
    0x00, 0x00, 0x00, 0x66,

    0xFF, 0xFF, 0xFF, 0xFF,
    0xFF, 0xFF, 0xFF, 0xFF,
    0xFF, 0xFF, 0xF0, 0xFF,
    0xFF, 0xFF, 0x00, 0xFF,
    0xFF, 0xFF, 0xF0, 0xFF,
    0xFF, 0x00, 0xFF, 0x0F,
    0xFF, 0xFF, 0x00, 0x0F,
    0xFF, 0xFF, 0xFF, 0x00,


/* Tile ID 849, isSolid: false */
    0x00, 0x00, 0x00, 0x00,
    0x00, 0x00, 0x00, 0x00,
    0x00, 0x00, 0x00, 0x00,
    0x00, 0x00, 0x00, 0x0B,
    0x00, 0x01, 0x11, 0x0D,
    0x00, 0x00, 0x11, 0x1B,
    0x00, 0x00, 0x00, 0x10,
    0x00, 0x0C, 0xC0, 0x66,

    0xFF, 0xFF, 0xFF, 0xFF,
    0xFF, 0xFF, 0xFF, 0xFF,
    0xFF, 0xFF, 0xFF, 0xFF,
    0xFF, 0xFF, 0xFF, 0xF0,
    0xFF, 0xF0, 0x00, 0xF0,
    0xFF, 0xFF, 0x00, 0x00,
    0xFF, 0xFF, 0xFF, 0x0F,
    0xFF, 0xF0, 0x0F, 0x00,

    0x00, 0x00, 0x00, 0x00,
    0x00, 0x00, 0x00, 0x00,
    0x00, 0x00, 0x00, 0x00,
    0xB0, 0x00, 0x00, 0x00,
    0xD0, 0x11, 0x10, 0x00,
    0xB1, 0x11, 0x00, 0x00,
    0x01, 0x00, 0x00, 0x00,
    0x66, 0x0C, 0xC0, 0x00,

    0xFF, 0xFF, 0xFF, 0xFF,
    0xFF, 0xFF, 0xFF, 0xFF,
    0xFF, 0xFF, 0xFF, 0xFF,
    0x0F, 0xFF, 0xFF, 0xFF,
    0x0F, 0x00, 0x0F, 0xFF,
    0x00, 0x00, 0xFF, 0xFF,
    0xF0, 0xFF, 0xFF, 0xFF,
    0x00, 0xF0, 0x0F, 0xFF,


/* Tile ID 850, isSolid: false */
    0x00, 0x00, 0x00, 0x00,
    0x00, 0x00, 0x00, 0x00,
    0xDD, 0x00, 0x00, 0x00,
    0xDB, 0x00, 0x00, 0x00,
    0xD0, 0x0E, 0xE0, 0x00,
    0xB0, 0xEE, 0x00, 0x00,
    0x06, 0x00, 0x00, 0x00,
    0x66, 0x6E, 0xEE, 0x00,

    0xFF, 0xFF, 0xFF, 0xFF,
    0xFF, 0xFF, 0xFF, 0xFF,
    0x00, 0xFF, 0xFF, 0xFF,
    0x00, 0xFF, 0xFF, 0xFF,
    0x0F, 0xF0, 0x0F, 0xFF,
    0x0F, 0x00, 0xFF, 0xFF,
    0xF0, 0xFF, 0xFF, 0xFF,
    0x00, 0x00, 0x00, 0xFF,

    0x00, 0x00, 0x00, 0x00,
    0x00, 0x00, 0x00, 0x00,
    0x00, 0x00, 0x00, 0xDD,
    0x00, 0x00, 0x00, 0xBD,
    0x00, 0x0E, 0xE0, 0x0D,
    0x00, 0x00, 0xEE, 0x0B,
    0x00, 0x00, 0x00, 0x60,
    0x00, 0xEE, 0xE6, 0x66,

    0xFF, 0xFF, 0xFF, 0xFF,
    0xFF, 0xFF, 0xFF, 0xFF,
    0xFF, 0xFF, 0xFF, 0x00,
    0xFF, 0xFF, 0xFF, 0x00,
    0xFF, 0xF0, 0x0F, 0xF0,
    0xFF, 0xFF, 0x00, 0xF0,
    0xFF, 0xFF, 0xFF, 0x0F,
    0xFF, 0x00, 0x00, 0x00,


/* Tile ID 851, isSolid: false */
    0x00, 0x00, 0x00, 0x00,
    0x00, 0x00, 0x00, 0x00,
    0x00, 0x00, 0x01, 0x10,
    0x00, 0x00, 0x01, 0x11,
    0x00, 0x00, 0x00, 0x11,
    0x00, 0x0C, 0xCB, 0x01,
    0x00, 0x00, 0xBC, 0x06,
    0x00, 0x00, 0x00, 0x66,

    0xFF, 0xFF, 0xFF, 0xFF,
    0xFF, 0xFF, 0xFF, 0xFF,
    0xFF, 0xFF, 0xF0, 0x0F,
    0xFF, 0xFF, 0xF0, 0x00,
    0xFF, 0xFF, 0xFF, 0x00,
    0xFF, 0xF0, 0x00, 0xF0,
    0xFF, 0xFF, 0x00, 0xF0,
    0xFF, 0xFF, 0xFF, 0x00,

    0x00, 0x00, 0x00, 0x00,
    0x00, 0x00, 0x00, 0x00,
    0x01, 0x10, 0x00, 0x00,
    0x11, 0x10, 0x00, 0x00,
    0x11, 0x00, 0x00, 0x00,
    0x10, 0xBC, 0xC0, 0x00,
    0x60, 0xCB, 0x00, 0x00,
    0x66, 0x00, 0x00, 0x00,

    0xFF, 0xFF, 0xFF, 0xFF,
    0xFF, 0xFF, 0xFF, 0xFF,
    0xF0, 0x0F, 0xFF, 0xFF,
    0x00, 0x0F, 0xFF, 0xFF,
    0x00, 0xFF, 0xFF, 0xFF,
    0x0F, 0x00, 0x0F, 0xFF,
    0x0F, 0x00, 0xFF, 0xFF,
    0x00, 0xFF, 0xFF, 0xFF,


/* Tile ID 852, isSolid: false */
    0x00, 0x00, 0x00, 0x00,
    0x00, 0x00, 0x00, 0x00,
    0x00, 0xBD, 0x00, 0x00,
    0x0B, 0xDB, 0x00, 0x00,
    0xBD, 0xB0, 0x00, 0x00,
    0x4B, 0x00, 0x1E, 0x00,
    0x00, 0x6E, 0xE1, 0x00,
    0x66, 0x60, 0x00, 0x00,

    0xFF, 0xFF, 0xFF, 0xFF,
    0xFF, 0xFF, 0xFF, 0xFF,
    0xFF, 0x00, 0xFF, 0xFF,
    0xF0, 0x00, 0xFF, 0xFF,
    0x00, 0x0F, 0xFF, 0xFF,
    0x00, 0xFF, 0x00, 0xFF,
    0xFF, 0x00, 0x00, 0xFF,
    0x00, 0x0F, 0xFF, 0xFF,

    0x00, 0x00, 0x00, 0x00,
    0x00, 0x00, 0x00, 0x00,
    0x00, 0x00, 0xDB, 0x00,
    0x00, 0x00, 0xBD, 0xB0,
    0x00, 0x00, 0x0B, 0xDB,
    0x00, 0xE1, 0x00, 0xB4,
    0x00, 0x1E, 0xE6, 0x00,
    0x00, 0x00, 0x06, 0x66,

    0xFF, 0xFF, 0xFF, 0xFF,
    0xFF, 0xFF, 0xFF, 0xFF,
    0xFF, 0xFF, 0x00, 0xFF,
    0xFF, 0xFF, 0x00, 0x0F,
    0xFF, 0xFF, 0xF0, 0x00,
    0xFF, 0x00, 0xFF, 0x00,
    0xFF, 0x00, 0x00, 0xFF,
    0xFF, 0xFF, 0xF0, 0x00,


/* Tile ID 853, isSolid: false */
    0x00, 0x00, 0x00, 0x00,
    0x00, 0x00, 0x00, 0x00,
    0x00, 0x00, 0x04, 0x44,
    0x00, 0x00, 0x04, 0x66,
    0x00, 0x00, 0x04, 0x60,
    0x00, 0x00, 0x46, 0x60,
    0x00, 0x04, 0x66, 0x00,
    0x00, 0x46, 0x66, 0x66,

    0xFF, 0xFF, 0xFF, 0xFF,
    0xFF, 0xFF, 0xFF, 0xFF,
    0xFF, 0xFF, 0xF0, 0x00,
    0xFF, 0xFF, 0xF0, 0x00,
    0xFF, 0xFF, 0xF0, 0x0F,
    0xFF, 0xFF, 0x00, 0x0F,
    0xFF, 0xF0, 0x00, 0xFF,
    0xFF, 0x00, 0x00, 0x00,

    0x00, 0x00, 0x00, 0x00,
    0x00, 0x00, 0x00, 0x00,
    0x44, 0x40, 0x00, 0x00,
    0x66, 0x40, 0x00, 0x00,
    0x06, 0x40, 0x00, 0x00,
    0x06, 0x64, 0x00, 0x00,
    0x00, 0x66, 0x40, 0x00,
    0x66, 0x66, 0x64, 0x00,

    0xFF, 0xFF, 0xFF, 0xFF,
    0xFF, 0xFF, 0xFF, 0xFF,
    0x00, 0x0F, 0xFF, 0xFF,
    0x00, 0x0F, 0xFF, 0xFF,
    0xF0, 0x0F, 0xFF, 0xFF,
    0xF0, 0x00, 0xFF, 0xFF,
    0xFF, 0x00, 0x0F, 0xFF,
    0x00, 0x00, 0x00, 0xFF,


/* Tile ID 854, isSolid: false */
    0x00, 0x00, 0x00, 0x00,
    0x00, 0x00, 0x00, 0x00,
    0x46, 0x40, 0x00, 0x00,
    0x64, 0x40, 0x00, 0x00,
    0x06, 0x40, 0x00, 0x00,
    0x06, 0x64, 0x00, 0x00,
    0x00, 0x66, 0x40, 0x00,
    0x66, 0x66, 0x64, 0x00,

    0xFF, 0xFF, 0xFF, 0xFF,
    0xFF, 0xFF, 0xFF, 0xFF,
    0x00, 0x0F, 0xFF, 0xFF,
    0x00, 0x0F, 0xFF, 0xFF,
    0xF0, 0x0F, 0xFF, 0xFF,
    0xF0, 0x00, 0xFF, 0xFF,
    0xFF, 0x00, 0x0F, 0xFF,
    0x00, 0x00, 0x00, 0xFF,

    0x00, 0x00, 0x00, 0x00,
    0x00, 0x00, 0x00, 0x00,
    0x00, 0x00, 0x04, 0x64,
    0x00, 0x00, 0x04, 0x46,
    0x00, 0x00, 0x04, 0x60,
    0x00, 0x00, 0x46, 0x60,
    0x00, 0x04, 0x66, 0x00,
    0x00, 0x46, 0x66, 0x66,

    0xFF, 0xFF, 0xFF, 0xFF,
    0xFF, 0xFF, 0xFF, 0xFF,
    0xFF, 0xFF, 0xF0, 0x00,
    0xFF, 0xFF, 0xF0, 0x00,
    0xFF, 0xFF, 0xF0, 0x0F,
    0xFF, 0xFF, 0x00, 0x0F,
    0xFF, 0xF0, 0x00, 0xFF,
    0xFF, 0x00, 0x00, 0x00,


/* Tile ID 855, isSolid: false */
    0x00, 0x00, 0x00, 0x00,
    0x00, 0x00, 0x00, 0x00,
    0x00, 0x00, 0x00, 0x00,
    0x00, 0x00, 0x00, 0x06,
    0x00, 0x00, 0x06, 0x66,
    0x00, 0x06, 0x66, 0x66,
    0x00, 0x00, 0x66, 0x60,
    0x00, 0x00, 0x06, 0x66,

    0xFF, 0xFF, 0xFF, 0xFF,
    0xFF, 0xFF, 0xFF, 0xFF,
    0xFF, 0xFF, 0xFF, 0xFF,
    0xFF, 0xFF, 0xFF, 0xF0,
    0xFF, 0xFF, 0xF0, 0x00,
    0xFF, 0xF0, 0x00, 0x00,
    0xFF, 0xFF, 0x00, 0x0F,
    0xFF, 0xFF, 0xF0, 0x00,

    0x00, 0x00, 0x00, 0x00,
    0x00, 0x00, 0x00, 0x00,
    0x00, 0x00, 0x00, 0x00,
    0x60, 0x00, 0x00, 0x00,
    0x66, 0x60, 0x00, 0x00,
    0x66, 0x66, 0x60, 0x00,
    0x06, 0x66, 0x00, 0x00,
    0x66, 0x60, 0x00, 0x00,

    0xFF, 0xFF, 0xFF, 0xFF,
    0xFF, 0xFF, 0xFF, 0xFF,
    0xFF, 0xFF, 0xFF, 0xFF,
    0x0F, 0xFF, 0xFF, 0xFF,
    0x00, 0x0F, 0xFF, 0xFF,
    0x00, 0x00, 0x0F, 0xFF,
    0xF0, 0x00, 0xFF, 0xFF,
    0x00, 0x0F, 0xFF, 0xFF,


/* Tile ID 856, isSolid: false */
    0x00, 0x00, 0x00, 0x00,
    0x00, 0x00, 0x00, 0x00,
    0x66, 0x00, 0x00, 0x00,
    0x66, 0x66, 0x60, 0x00,
    0x66, 0x66, 0x60, 0x00,
    0x00, 0x06, 0x60, 0x00,
    0x00, 0x06, 0x60, 0x00,
    0x60, 0x06, 0x60, 0x00,

    0xFF, 0xFF, 0xFF, 0xFF,
    0xFF, 0xFF, 0xFF, 0xFF,
    0x00, 0xFF, 0xFF, 0xFF,
    0x00, 0x00, 0x0F, 0xFF,
    0x00, 0x00, 0x0F, 0xFF,
    0xFF, 0xF0, 0x0F, 0xFF,
    0xFF, 0xF0, 0x0F, 0xFF,
    0x0F, 0xF0, 0x0F, 0xFF,

    0x00, 0x00, 0x00, 0x00,
    0x00, 0x00, 0x00, 0x00,
    0x00, 0x00, 0x00, 0x66,
    0x00, 0x06, 0x66, 0x66,
    0x00, 0x06, 0x66, 0x66,
    0x00, 0x06, 0x60, 0x00,
    0x00, 0x06, 0x60, 0x00,
    0x00, 0x06, 0x60, 0x06,

    0xFF, 0xFF, 0xFF, 0xFF,
    0xFF, 0xFF, 0xFF, 0xFF,
    0xFF, 0xFF, 0xFF, 0x00,
    0xFF, 0xF0, 0x00, 0x00,
    0xFF, 0xF0, 0x00, 0x00,
    0xFF, 0xF0, 0x0F, 0xFF,
    0xFF, 0xF0, 0x0F, 0xFF,
    0xFF, 0xF0, 0x0F, 0xF0,


/* Tile ID 857, isSolid: false */
    0x00, 0x00, 0x00, 0x00,
    0x00, 0x00, 0x00, 0x00,
    0x00, 0x00, 0x00, 0x00,
    0x00, 0x00, 0x66, 0x66,
    0x00, 0x00, 0x06, 0x66,
    0x00, 0x00, 0x06, 0x66,
    0x00, 0x00, 0x66, 0x66,
    0x00, 0x66, 0x66, 0x66,

    0xFF, 0xFF, 0xFF, 0xFF,
    0xFF, 0xFF, 0xFF, 0xFF,
    0xFF, 0xFF, 0xFF, 0xFF,
    0xFF, 0xFF, 0x00, 0x00,
    0xFF, 0xFF, 0xF0, 0x00,
    0xFF, 0xFF, 0xF0, 0x00,
    0xFF, 0xFF, 0x00, 0x00,
    0xFF, 0x00, 0x00, 0x00,

    0x00, 0x00, 0x00, 0x00,
    0x00, 0x00, 0x00, 0x00,
    0x00, 0x00, 0x00, 0x00,
    0x66, 0x66, 0x00, 0x00,
    0x66, 0x60, 0x00, 0x00,
    0x66, 0x60, 0x00, 0x00,
    0x66, 0x66, 0x00, 0x00,
    0x66, 0x66, 0x66, 0x00,

    0xFF, 0xFF, 0xFF, 0xFF,
    0xFF, 0xFF, 0xFF, 0xFF,
    0xFF, 0xFF, 0xFF, 0xFF,
    0x00, 0x00, 0xFF, 0xFF,
    0x00, 0x0F, 0xFF, 0xFF,
    0x00, 0x0F, 0xFF, 0xFF,
    0x00, 0x00, 0xFF, 0xFF,
    0x00, 0x00, 0x00, 0xFF,


/* Tile ID 858, isSolid: false */
    0x00, 0x00, 0x00, 0x00,
    0x00, 0x00, 0x00, 0x00,
    0x06, 0x60, 0x00, 0x00,
    0x66, 0x66, 0x00, 0x00,
    0x66, 0x66, 0x60, 0x00,
    0x00, 0x06, 0x66, 0x00,
    0x00, 0x06, 0x66, 0x00,
    0x60, 0x06, 0x60, 0x00,

    0xFF, 0xFF, 0xFF, 0xFF,
    0xFF, 0xFF, 0xFF, 0xFF,
    0xF0, 0x0F, 0xFF, 0xFF,
    0x00, 0x00, 0xFF, 0xFF,
    0x00, 0x00, 0x0F, 0xFF,
    0xFF, 0xF0, 0x00, 0xFF,
    0xFF, 0xF0, 0x00, 0xFF,
    0x0F, 0xF0, 0x0F, 0xFF,

    0x00, 0x00, 0x00, 0x00,
    0x00, 0x00, 0x00, 0x00,
    0x00, 0x00, 0x06, 0x60,
    0x00, 0x00, 0x66, 0x66,
    0x00, 0x06, 0x66, 0x66,
    0x00, 0x66, 0x60, 0x00,
    0x00, 0x66, 0x60, 0x00,
    0x00, 0x06, 0x60, 0x06,

    0xFF, 0xFF, 0xFF, 0xFF,
    0xFF, 0xFF, 0xFF, 0xFF,
    0xFF, 0xFF, 0xF0, 0x0F,
    0xFF, 0xFF, 0x00, 0x00,
    0xFF, 0xF0, 0x00, 0x00,
    0xFF, 0x00, 0x0F, 0xFF,
    0xFF, 0x00, 0x0F, 0xFF,
    0xFF, 0xF0, 0x0F, 0xF0,


/* Tile ID 859, isSolid: false */
    0x00, 0x00, 0x00, 0x00,
    0x00, 0x00, 0x00, 0x00,
    0x00, 0x00, 0x00, 0x00,
    0x00, 0x00, 0x00, 0x66,
    0x00, 0x00, 0x00, 0x66,
    0x00, 0x00, 0x00, 0x66,
    0x06, 0x66, 0x66, 0x66,
    0x0D, 0x66, 0x66, 0x66,

    0xFF, 0xFF, 0xFF, 0xFF,
    0xFF, 0xFF, 0xFF, 0xFF,
    0xFF, 0xFF, 0xFF, 0xFF,
    0xFF, 0xFF, 0xFF, 0x00,
    0xFF, 0xFF, 0xFF, 0x00,
    0xFF, 0xFF, 0xFF, 0x00,
    0xF0, 0x00, 0x00, 0x00,
    0xF0, 0x00, 0x00, 0x00,

    0x00, 0x00, 0x00, 0x00,
    0x00, 0x00, 0x00, 0x00,
    0x00, 0x00, 0x00, 0x00,
    0x66, 0x00, 0x00, 0x00,
    0x66, 0x00, 0x00, 0x00,
    0x66, 0x00, 0x00, 0x00,
    0x66, 0x66, 0x66, 0x60,
    0x66, 0x66, 0x66, 0xD0,

    0xFF, 0xFF, 0xFF, 0xFF,
    0xFF, 0xFF, 0xFF, 0xFF,
    0xFF, 0xFF, 0xFF, 0xFF,
    0x00, 0xFF, 0xFF, 0xFF,
    0x00, 0xFF, 0xFF, 0xFF,
    0x00, 0xFF, 0xFF, 0xFF,
    0x00, 0x00, 0x00, 0x0F,
    0x00, 0x00, 0x00, 0x0F,


/* Tile ID 860, isSolid: false */
    0x00, 0x00, 0x00, 0x00,
    0x00, 0x00, 0x00, 0x00,
    0x00, 0x00, 0x00, 0x00,
    0x00, 0x00, 0x00, 0x00,
    0x66, 0x66, 0x00, 0x00,
    0x66, 0x66, 0x60, 0x00,
    0x06, 0x66, 0x60, 0x00,
    0x00, 0x06, 0x66, 0x00,

    0xFF, 0xFF, 0xFF, 0xFF,
    0xFF, 0xFF, 0xFF, 0xFF,
    0xFF, 0xFF, 0xFF, 0xFF,
    0xFF, 0xFF, 0xFF, 0xFF,
    0x00, 0x00, 0xFF, 0xFF,
    0x00, 0x00, 0x0F, 0xFF,
    0xF0, 0x00, 0x0F, 0xFF,
    0xFF, 0xF0, 0x00, 0xFF,

    0x00, 0x00, 0x00, 0x00,
    0x00, 0x00, 0x00, 0x00,
    0x00, 0x00, 0x00, 0x00,
    0x00, 0x00, 0x00, 0x00,
    0x00, 0x00, 0x66, 0x66,
    0x00, 0x06, 0x66, 0x66,
    0x00, 0x06, 0x66, 0x60,
    0x00, 0x66, 0x60, 0x00,

    0xFF, 0xFF, 0xFF, 0xFF,
    0xFF, 0xFF, 0xFF, 0xFF,
    0xFF, 0xFF, 0xFF, 0xFF,
    0xFF, 0xFF, 0xFF, 0xFF,
    0xFF, 0xFF, 0x00, 0x00,
    0xFF, 0xF0, 0x00, 0x00,
    0xFF, 0xF0, 0x00, 0x0F,
    0xFF, 0x00, 0x0F, 0xFF,


/* Tile ID 861, isSolid: false */
    0x00, 0x00, 0x00, 0x00,
    0x00, 0x00, 0x00, 0x00,
    0x00, 0x00, 0x00, 0x00,
    0x00, 0x06, 0x60, 0x00,
    0x00, 0xD6, 0x66, 0x66,
    0x00, 0xD6, 0x66, 0x66,
    0x00, 0xD6, 0x66, 0x66,
    0x00, 0xD6, 0x66, 0x66,

    0xFF, 0xFF, 0xFF, 0xFF,
    0xFF, 0xFF, 0xFF, 0xFF,
    0xFF, 0xFF, 0xFF, 0xFF,
    0xFF, 0xF0, 0x0F, 0xFF,
    0xFF, 0x00, 0x00, 0x00,
    0xFF, 0x00, 0x00, 0x00,
    0xFF, 0x00, 0x00, 0x00,
    0xFF, 0x00, 0x00, 0x00,

    0x00, 0x00, 0x00, 0x00,
    0x00, 0x00, 0x00, 0x00,
    0x00, 0x00, 0x00, 0x00,
    0x00, 0x06, 0x60, 0x00,
    0x66, 0x66, 0x6D, 0x00,
    0x66, 0x66, 0x6D, 0x00,
    0x66, 0x66, 0x6D, 0x00,
    0x66, 0x66, 0x6D, 0x00,

    0xFF, 0xFF, 0xFF, 0xFF,
    0xFF, 0xFF, 0xFF, 0xFF,
    0xFF, 0xFF, 0xFF, 0xFF,
    0xFF, 0xF0, 0x0F, 0xFF,
    0x00, 0x00, 0x00, 0xFF,
    0x00, 0x00, 0x00, 0xFF,
    0x00, 0x00, 0x00, 0xFF,
    0x00, 0x00, 0x00, 0xFF,


/* Tile ID 862, isSolid: false */
    0x00, 0x00, 0x00, 0x00,
    0x00, 0x00, 0x00, 0x00,
    0x60, 0x00, 0x00, 0x00,
    0x66, 0x00, 0x00, 0x00,
    0x66, 0x60, 0x00, 0x00,
    0x66, 0x66, 0x66, 0x00,
    0x60, 0x66, 0x66, 0x00,
    0x60, 0x00, 0x66, 0x00,

    0xFF, 0xFF, 0xFF, 0xFF,
    0xFF, 0xFF, 0xFF, 0xFF,
    0x0F, 0xFF, 0xFF, 0xFF,
    0x00, 0xFF, 0xFF, 0xFF,
    0x00, 0x0F, 0xFF, 0xFF,
    0x00, 0x00, 0x00, 0xFF,
    0x0F, 0x00, 0x00, 0xFF,
    0x0F, 0xFF, 0x00, 0xFF,

    0x00, 0x00, 0x00, 0x00,
    0x00, 0x00, 0x00, 0x00,
    0x00, 0x00, 0x00, 0x06,
    0x00, 0x00, 0x00, 0x66,
    0x00, 0x00, 0x06, 0x66,
    0x00, 0x66, 0x66, 0x66,
    0x00, 0x66, 0x66, 0x06,
    0x00, 0x66, 0x00, 0x06,

    0xFF, 0xFF, 0xFF, 0xFF,
    0xFF, 0xFF, 0xFF, 0xFF,
    0xFF, 0xFF, 0xFF, 0xF0,
    0xFF, 0xFF, 0xFF, 0x00,
    0xFF, 0xFF, 0xF0, 0x00,
    0xFF, 0x00, 0x00, 0x00,
    0xFF, 0x00, 0x00, 0xF0,
    0xFF, 0x00, 0xFF, 0xF0,


/* Tile ID 863, isSolid: false */
    0x00, 0x00, 0x00, 0x00,
    0x00, 0x00, 0x00, 0x00,
    0x00, 0x00, 0x00, 0x00,
    0x00, 0x00, 0x00, 0x00,
    0x00, 0x00, 0x00, 0x00,
    0x00, 0x00, 0x00, 0x00,
    0x00, 0x00, 0x00, 0x00,
    0x00, 0x00, 0x00, 0x00,

    0xFF, 0xFF, 0xFF, 0xFF,
    0xFF, 0xFF, 0xFF, 0xFF,
    0xFF, 0xFF, 0xFF, 0xFF,
    0xFF, 0xFF, 0xFF, 0xFF,
    0xFF, 0xFF, 0xFF, 0xFF,
    0xFF, 0xFF, 0xFF, 0xFF,
    0xFF, 0xFF, 0xFF, 0xFF,
    0xFF, 0xFF, 0xFF, 0xFF,

    0x00, 0x00, 0x00, 0x00,
    0x00, 0x00, 0x00, 0x00,
    0x00, 0x00, 0x00, 0x00,
    0x00, 0x00, 0x00, 0x00,
    0x00, 0x00, 0x00, 0x00,
    0x00, 0x00, 0x00, 0x00,
    0x00, 0x00, 0x00, 0x00,
    0x00, 0x00, 0x00, 0x00,

    0xFF, 0xFF, 0xFF, 0xFF,
    0xFF, 0xFF, 0xFF, 0xFF,
    0xFF, 0xFF, 0xFF, 0xFF,
    0xFF, 0xFF, 0xFF, 0xFF,
    0xFF, 0xFF, 0xFF, 0xFF,
    0xFF, 0xFF, 0xFF, 0xFF,
    0xFF, 0xFF, 0xFF, 0xFF,
    0xFF, 0xFF, 0xFF, 0xFF,


/* Tile ID 864, isSolid: false */
    0x00, 0x00, 0x00, 0x00,
    0x00, 0x00, 0x00, 0x00,
    0x00, 0x00, 0x00, 0x00,
    0x00, 0x00, 0x00, 0x00,
    0x00, 0x00, 0x00, 0x00,
    0x00, 0x00, 0x00, 0x00,
    0x00, 0x00, 0x00, 0x00,
    0x00, 0x00, 0x00, 0x00,

    0xFF, 0xFF, 0xFF, 0xFF,
    0xFF, 0xFF, 0xFF, 0xFF,
    0xFF, 0xFF, 0xFF, 0xFF,
    0xFF, 0xFF, 0xFF, 0xFF,
    0xFF, 0xFF, 0xFF, 0xFF,
    0xFF, 0xFF, 0xFF, 0xFF,
    0xFF, 0xFF, 0xFF, 0xFF,
    0xFF, 0xFF, 0xFF, 0xFF,

    0x00, 0x00, 0x00, 0x00,
    0x00, 0x00, 0x00, 0x00,
    0x00, 0x00, 0x00, 0x00,
    0x00, 0x00, 0x00, 0x00,
    0x00, 0x00, 0x00, 0x00,
    0x00, 0x00, 0x00, 0x00,
    0x00, 0x00, 0x00, 0x00,
    0x00, 0x00, 0x00, 0x00,

    0xFF, 0xFF, 0xFF, 0xFF,
    0xFF, 0xFF, 0xFF, 0xFF,
    0xFF, 0xFF, 0xFF, 0xFF,
    0xFF, 0xFF, 0xFF, 0xFF,
    0xFF, 0xFF, 0xFF, 0xFF,
    0xFF, 0xFF, 0xFF, 0xFF,
    0xFF, 0xFF, 0xFF, 0xFF,
    0xFF, 0xFF, 0xFF, 0xFF,


/* Tile ID 865, isSolid: false */
    0x00, 0x66, 0x44, 0x9E,
    0x00, 0x90, 0x00, 0x9E,
    0x00, 0x90, 0x00, 0x9E,
    0x00, 0x09, 0x01, 0x19,
    0x00, 0x00, 0x90, 0x11,
    0x00, 0x00, 0x00, 0x01,
    0x00, 0x00, 0x00, 0x00,
    0x00, 0x00, 0x00, 0x00,

    0xFF, 0x00, 0x00, 0x00,
    0xFF, 0x0F, 0xFF, 0x00,
    0xFF, 0x0F, 0xFF, 0x00,
    0xFF, 0xF0, 0xF0, 0x00,
    0xFF, 0xFF, 0x0F, 0x00,
    0xFF, 0xFF, 0xFF, 0xF0,
    0xFF, 0xFF, 0xFF, 0xFF,
    0xFF, 0xFF, 0xFF, 0xFF,

    0xE9, 0x44, 0x66, 0x00,
    0xE9, 0x00, 0x09, 0x00,
    0xE9, 0x00, 0x09, 0x00,
    0x91, 0x10, 0x90, 0x00,
    0x11, 0x09, 0x00, 0x00,
    0x10, 0x00, 0x00, 0x00,
    0x00, 0x00, 0x00, 0x00,
    0x00, 0x00, 0x00, 0x00,

    0x00, 0x00, 0x00, 0xFF,
    0x00, 0xFF, 0xF0, 0xFF,
    0x00, 0xFF, 0xF0, 0xFF,
    0x00, 0x0F, 0x0F, 0xFF,
    0x00, 0xF0, 0xFF, 0xFF,
    0x0F, 0xFF, 0xFF, 0xFF,
    0xFF, 0xFF, 0xFF, 0xFF,
    0xFF, 0xFF, 0xFF, 0xFF,


/* Tile ID 866, isSolid: false */
    0xE9, 0x44, 0x66, 0x00,
    0xE9, 0x00, 0x09, 0x00,
    0xE9, 0x00, 0x09, 0x00,
    0x91, 0x10, 0x90, 0x00,
    0x11, 0x09, 0x00, 0x00,
    0x10, 0x00, 0x00, 0x00,
    0x00, 0x00, 0x00, 0x00,
    0x00, 0x00, 0x00, 0x00,

    0x00, 0x00, 0x00, 0xFF,
    0x00, 0xFF, 0xF0, 0xFF,
    0x00, 0xFF, 0xF0, 0xFF,
    0x00, 0x0F, 0x0F, 0xFF,
    0x00, 0xF0, 0xFF, 0xFF,
    0x0F, 0xFF, 0xFF, 0xFF,
    0xFF, 0xFF, 0xFF, 0xFF,
    0xFF, 0xFF, 0xFF, 0xFF,

    0x00, 0x66, 0x44, 0x9E,
    0x00, 0x90, 0x00, 0x9E,
    0x00, 0x90, 0x00, 0x9E,
    0x00, 0x09, 0x01, 0x19,
    0x00, 0x00, 0x90, 0x11,
    0x00, 0x00, 0x00, 0x01,
    0x00, 0x00, 0x00, 0x00,
    0x00, 0x00, 0x00, 0x00,

    0xFF, 0x00, 0x00, 0x00,
    0xFF, 0x0F, 0xFF, 0x00,
    0xFF, 0x0F, 0xFF, 0x00,
    0xFF, 0xF0, 0xF0, 0x00,
    0xFF, 0xFF, 0x0F, 0x00,
    0xFF, 0xFF, 0xFF, 0xF0,
    0xFF, 0xFF, 0xFF, 0xFF,
    0xFF, 0xFF, 0xFF, 0xFF,


/* Tile ID 867, isSolid: false */
    0x00, 0xE0, 0x00, 0xEE,
    0x00, 0xE0, 0x00, 0xEE,
    0x00, 0x0E, 0x11, 0xEE,
    0x00, 0x00, 0x11, 0x19,
    0x00, 0x00, 0x01, 0x11,
    0x00, 0x00, 0x00, 0x11,
    0x00, 0x00, 0x00, 0x00,
    0x00, 0x00, 0x00, 0x00,

    0xFF, 0x0F, 0xFF, 0x00,
    0xFF, 0x0F, 0xFF, 0x00,
    0xFF, 0xF0, 0x00, 0x00,
    0xFF, 0xFF, 0x00, 0x00,
    0xFF, 0xFF, 0xF0, 0x00,
    0xFF, 0xFF, 0xFF, 0x00,
    0xFF, 0xFF, 0xFF, 0xFF,
    0xFF, 0xFF, 0xFF, 0xFF,

    0xEE, 0x00, 0x0E, 0x00,
    0xEE, 0x00, 0x0E, 0x00,
    0xEE, 0x11, 0xE0, 0x00,
    0x91, 0x11, 0x00, 0x00,
    0x11, 0x10, 0x00, 0x00,
    0x11, 0x00, 0x00, 0x00,
    0x00, 0x00, 0x00, 0x00,
    0x00, 0x00, 0x00, 0x00,

    0x00, 0xFF, 0xF0, 0xFF,
    0x00, 0xFF, 0xF0, 0xFF,
    0x00, 0x00, 0x0F, 0xFF,
    0x00, 0x00, 0xFF, 0xFF,
    0x00, 0x0F, 0xFF, 0xFF,
    0x00, 0xFF, 0xFF, 0xFF,
    0xFF, 0xFF, 0xFF, 0xFF,
    0xFF, 0xFF, 0xFF, 0xFF,


/* Tile ID 868, isSolid: false */
    0xE0, 0x09, 0xEE, 0xE0,
    0xEE, 0x44, 0xEE, 0x00,
    0xE0, 0x04, 0x66, 0x00,
    0x10, 0x00, 0xE0, 0x00,
    0x11, 0x0E, 0xE0, 0x00,
    0x0E, 0xEE, 0x00, 0x00,
    0x00, 0x00, 0x00, 0x00,
    0x00, 0x00, 0x00, 0x00,

    0x0F, 0xF0, 0x00, 0x0F,
    0x00, 0x00, 0x00, 0xFF,
    0x0F, 0xF0, 0x00, 0xFF,
    0x0F, 0xFF, 0x0F, 0xFF,
    0x00, 0xF0, 0x0F, 0xFF,
    0xF0, 0x00, 0xFF, 0xFF,
    0xFF, 0xFF, 0xFF, 0xFF,
    0xFF, 0xFF, 0xFF, 0xFF,

    0x0E, 0xEE, 0x90, 0x0E,
    0x00, 0xEE, 0x44, 0xEE,
    0x00, 0x66, 0x40, 0x0E,
    0x00, 0x0E, 0x00, 0x01,
    0x00, 0x0E, 0xE0, 0x11,
    0x00, 0x00, 0xEE, 0xE0,
    0x00, 0x00, 0x00, 0x00,
    0x00, 0x00, 0x00, 0x00,

    0xF0, 0x00, 0x0F, 0xF0,
    0xFF, 0x00, 0x00, 0x00,
    0xFF, 0x00, 0x0F, 0xF0,
    0xFF, 0xF0, 0xFF, 0xF0,
    0xFF, 0xF0, 0x0F, 0x00,
    0xFF, 0xFF, 0x00, 0x0F,
    0xFF, 0xFF, 0xFF, 0xFF,
    0xFF, 0xFF, 0xFF, 0xFF,


/* Tile ID 869, isSolid: false */
    0x00, 0xE1, 0x0E, 0xEE,
    0x00, 0x01, 0x1E, 0xEE,
    0x00, 0x01, 0x19, 0xEE,
    0x00, 0x01, 0x11, 0x11,
    0x00, 0x00, 0x11, 0x11,
    0x00, 0x00, 0x00, 0x0E,
    0x00, 0x00, 0x00, 0x00,
    0x00, 0x00, 0x00, 0x00,

    0xFF, 0x00, 0xF0, 0x00,
    0xFF, 0xF0, 0x00, 0x00,
    0xFF, 0xF0, 0x00, 0x00,
    0xFF, 0xF0, 0x00, 0x00,
    0xFF, 0xFF, 0x00, 0x00,
    0xFF, 0xFF, 0xFF, 0xF0,
    0xFF, 0xFF, 0xFF, 0xFF,
    0xFF, 0xFF, 0xFF, 0xFF,

    0xEE, 0xE0, 0x1E, 0x00,
    0xEE, 0xE1, 0x10, 0x00,
    0xEE, 0x91, 0x10, 0x00,
    0x11, 0x11, 0x10, 0x00,
    0x11, 0x11, 0x00, 0x00,
    0xE0, 0x00, 0x00, 0x00,
    0x00, 0x00, 0x00, 0x00,
    0x00, 0x00, 0x00, 0x00,

    0x00, 0x0F, 0x00, 0xFF,
    0x00, 0x00, 0x0F, 0xFF,
    0x00, 0x00, 0x0F, 0xFF,
    0x00, 0x00, 0x0F, 0xFF,
    0x00, 0x00, 0xFF, 0xFF,
    0x0F, 0xFF, 0xFF, 0xFF,
    0xFF, 0xFF, 0xFF, 0xFF,
    0xFF, 0xFF, 0xFF, 0xFF,


/* Tile ID 870, isSolid: false */
    0x00, 0x90, 0x0E, 0x00,
    0xE0, 0x9E, 0x0E, 0x00,
    0x04, 0x9E, 0xEE, 0x00,
    0x00, 0x6E, 0xE0, 0x00,
    0x00, 0x06, 0x00, 0x00,
    0xEE, 0xE0, 0x00, 0x00,
    0x00, 0x00, 0x00, 0x00,
    0x00, 0x00, 0x00, 0x00,

    0xFF, 0x0F, 0xF0, 0xFF,
    0x0F, 0x00, 0xF0, 0xFF,
    0xF0, 0x00, 0x00, 0xFF,
    0xFF, 0x00, 0x0F, 0xFF,
    0xFF, 0xF0, 0xFF, 0xFF,
    0x00, 0x0F, 0xFF, 0xFF,
    0xFF, 0xFF, 0xFF, 0xFF,
    0xFF, 0xFF, 0xFF, 0xFF,

    0x00, 0xE0, 0x09, 0x00,
    0x00, 0xE0, 0xE9, 0x0E,
    0x00, 0xEE, 0xE9, 0x40,
    0x00, 0x0E, 0xE6, 0x00,
    0x00, 0x00, 0x60, 0x00,
    0x00, 0x00, 0x0E, 0xEE,
    0x00, 0x00, 0x00, 0x00,
    0x00, 0x00, 0x00, 0x00,

    0xFF, 0x0F, 0xF0, 0xFF,
    0xFF, 0x0F, 0x00, 0xF0,
    0xFF, 0x00, 0x00, 0x0F,
    0xFF, 0xF0, 0x00, 0xFF,
    0xFF, 0xFF, 0x0F, 0xFF,
    0xFF, 0xFF, 0xF0, 0x00,
    0xFF, 0xFF, 0xFF, 0xFF,
    0xFF, 0xFF, 0xFF, 0xFF,


/* Tile ID 871, isSolid: false */
    0x00, 0x01, 0x1E, 0xEE,
    0x00, 0x01, 0x9E, 0xEE,
    0x00, 0x01, 0x11, 0x9E,
    0x00, 0x00, 0x11, 0x00,
    0x00, 0x00, 0x00, 0x00,
    0x00, 0x00, 0x0E, 0xE0,
    0x00, 0x00, 0x00, 0x0E,
    0x00, 0x00, 0x00, 0x00,

    0xFF, 0xF0, 0x00, 0x00,
    0xFF, 0xF0, 0x00, 0x00,
    0xFF, 0xF0, 0x00, 0x00,
    0xFF, 0xFF, 0x00, 0xFF,
    0xFF, 0xFF, 0xFF, 0xFF,
    0xFF, 0xFF, 0xF0, 0x0F,
    0xFF, 0xFF, 0xFF, 0xF0,
    0xFF, 0xFF, 0xFF, 0xFF,

    0xEE, 0xE1, 0x10, 0x00,
    0xEE, 0xE9, 0x10, 0x00,
    0xE9, 0x11, 0x10, 0x00,
    0x00, 0x11, 0x00, 0x00,
    0x00, 0x00, 0x00, 0x00,
    0x0E, 0xE0, 0x00, 0x00,
    0xE0, 0x00, 0x00, 0x00,
    0x00, 0x00, 0x00, 0x00,

    0x00, 0x00, 0x0F, 0xFF,
    0x00, 0x00, 0x0F, 0xFF,
    0x00, 0x00, 0x0F, 0xFF,
    0xFF, 0x00, 0xFF, 0xFF,
    0xFF, 0xFF, 0xFF, 0xFF,
    0xF0, 0x0F, 0xFF, 0xFF,
    0x0F, 0xFF, 0xFF, 0xFF,
    0xFF, 0xFF, 0xFF, 0xFF,


/* Tile ID 872, isSolid: false */
    0x00, 0xEE, 0xE0, 0x00,
    0xE0, 0xE0, 0x0E, 0x00,
    0x99, 0x90, 0x0E, 0x00,
    0x49, 0xEE, 0x0E, 0x00,
    0x06, 0xEE, 0xE0, 0x00,
    0x06, 0x60, 0x00, 0x00,
    0xE0, 0x00, 0x00, 0x00,
    0x00, 0x00, 0x00, 0x00,

    0xFF, 0x00, 0x0F, 0xFF,
    0x0F, 0x0F, 0xF0, 0xFF,
    0x00, 0x0F, 0xF0, 0xFF,
    0x00, 0x00, 0xF0, 0xFF,
    0xF0, 0x00, 0x0F, 0xFF,
    0xF0, 0x0F, 0xFF, 0xFF,
    0x0F, 0xFF, 0xFF, 0xFF,
    0xFF, 0xFF, 0xFF, 0xFF,

    0x00, 0x0E, 0xEE, 0x00,
    0x00, 0xE0, 0x0E, 0x0E,
    0x00, 0xE0, 0x09, 0x99,
    0x00, 0xE0, 0xEE, 0x94,
    0x00, 0x0E, 0xEE, 0x60,
    0x00, 0x00, 0x06, 0x60,
    0x00, 0x00, 0x00, 0x0E,
    0x00, 0x00, 0x00, 0x00,

    0xFF, 0xF0, 0x00, 0xFF,
    0xFF, 0x0F, 0xF0, 0xF0,
    0xFF, 0x0F, 0xF0, 0x00,
    0xFF, 0x0F, 0x00, 0x00,
    0xFF, 0xF0, 0x00, 0x0F,
    0xFF, 0xFF, 0xF0, 0x0F,
    0xFF, 0xFF, 0xFF, 0xF0,
    0xFF, 0xFF, 0xFF, 0xFF,


/* Tile ID 873, isSolid: false */
    0x00, 0x11, 0x9E, 0xEE,
    0x00, 0x01, 0x19, 0xEE,
    0x00, 0x00, 0x10, 0x04,
    0x00, 0x0E, 0x00, 0x04,
    0x00, 0x00, 0xE0, 0x06,
    0x00, 0x00, 0x0E, 0xE6,
    0x00, 0x00, 0x00, 0x00,
    0x00, 0x00, 0x00, 0x00,

    0xFF, 0x00, 0x00, 0x00,
    0xFF, 0xF0, 0x00, 0x00,
    0xFF, 0xFF, 0x0F, 0xF0,
    0xFF, 0xF0, 0xFF, 0xF0,
    0xFF, 0xFF, 0x0F, 0xF0,
    0xFF, 0xFF, 0xF0, 0x00,
    0xFF, 0xFF, 0xFF, 0xFF,
    0xFF, 0xFF, 0xFF, 0xFF,

    0xEE, 0xE9, 0x11, 0x00,
    0xEE, 0x91, 0x10, 0x00,
    0x40, 0x01, 0x00, 0x00,
    0x40, 0x00, 0xE0, 0x00,
    0x60, 0x0E, 0x00, 0x00,
    0x6E, 0xE0, 0x00, 0x00,
    0x00, 0x00, 0x00, 0x00,
    0x00, 0x00, 0x00, 0x00,

    0x00, 0x00, 0x00, 0xFF,
    0x00, 0x00, 0x0F, 0xFF,
    0x0F, 0xF0, 0xFF, 0xFF,
    0x0F, 0xFF, 0x0F, 0xFF,
    0x0F, 0xF0, 0xFF, 0xFF,
    0x00, 0x0F, 0xFF, 0xFF,
    0xFF, 0xFF, 0xFF, 0xFF,
    0xFF, 0xFF, 0xFF, 0xFF,


/* Tile ID 874, isSolid: false */
    0x00, 0x0E, 0xEE, 0x00,
    0x0E, 0xEE, 0x90, 0x00,
    0x99, 0x00, 0x00, 0x00,
    0x9E, 0x00, 0xE0, 0x00,
    0xEE, 0x0E, 0x00, 0x00,
    0xEE, 0xE0, 0x00, 0x00,
    0x00, 0x00, 0x00, 0x00,
    0x00, 0x00, 0x00, 0x00,

    0xFF, 0xF0, 0x00, 0xFF,
    0xF0, 0x00, 0x0F, 0xFF,
    0x00, 0xFF, 0xFF, 0xFF,
    0x00, 0xFF, 0x0F, 0xFF,
    0x00, 0xF0, 0xFF, 0xFF,
    0x00, 0x0F, 0xFF, 0xFF,
    0xFF, 0xFF, 0xFF, 0xFF,
    0xFF, 0xFF, 0xFF, 0xFF,

    0x00, 0xEE, 0xE0, 0x00,
    0x00, 0x09, 0xEE, 0xE0,
    0x00, 0x00, 0x00, 0x99,
    0x00, 0x0E, 0x00, 0xE9,
    0x00, 0x00, 0xE0, 0xEE,
    0x00, 0x00, 0x0E, 0xEE,
    0x00, 0x00, 0x00, 0x00,
    0x00, 0x00, 0x00, 0x00,

    0xFF, 0x00, 0x0F, 0xFF,
    0xFF, 0xF0, 0x00, 0x0F,
    0xFF, 0xFF, 0xFF, 0x00,
    0xFF, 0xF0, 0xFF, 0x00,
    0xFF, 0xFF, 0x0F, 0x00,
    0xFF, 0xFF, 0xF0, 0x00,
    0xFF, 0xFF, 0xFF, 0xFF,
    0xFF, 0xFF, 0xFF, 0xFF,


/* Tile ID 875, isSolid: false */
    0x00, 0x00, 0x11, 0x14,
    0x00, 0x01, 0x11, 0x00,
    0x00, 0x01, 0x10, 0x8C,
    0x00, 0x00, 0x00, 0xC8,
    0x00, 0x00, 0x00, 0xC0,
    0x00, 0x00, 0x00, 0x00,
    0x00, 0x00, 0x00, 0x00,
    0x00, 0x00, 0x00, 0x00,

    0xFF, 0xFF, 0x00, 0x00,
    0xFF, 0xF0, 0x00, 0xFF,
    0xFF, 0xF0, 0x0F, 0x00,
    0xFF, 0xFF, 0xFF, 0x00,
    0xFF, 0xFF, 0xFF, 0x0F,
    0xFF, 0xFF, 0xFF, 0xFF,
    0xFF, 0xFF, 0xFF, 0xFF,
    0xFF, 0xFF, 0xFF, 0xFF,

    0x41, 0x11, 0x00, 0x00,
    0x00, 0x11, 0x10, 0x00,
    0xC8, 0x01, 0x10, 0x00,
    0x8C, 0x00, 0x00, 0x00,
    0x0C, 0x00, 0x00, 0x00,
    0x00, 0x00, 0x00, 0x00,
    0x00, 0x00, 0x00, 0x00,
    0x00, 0x00, 0x00, 0x00,

    0x00, 0x00, 0xFF, 0xFF,
    0xFF, 0x00, 0x0F, 0xFF,
    0x00, 0xF0, 0x0F, 0xFF,
    0x00, 0xFF, 0xFF, 0xFF,
    0xF0, 0xFF, 0xFF, 0xFF,
    0xFF, 0xFF, 0xFF, 0xFF,
    0xFF, 0xFF, 0xFF, 0xFF,
    0xFF, 0xFF, 0xFF, 0xFF,


/* Tile ID 876, isSolid: false */
    0x64, 0x11, 0x10, 0x00,
    0x60, 0x01, 0x11, 0x00,
    0x0C, 0x80, 0x11, 0x00,
    0x08, 0xC0, 0x00, 0x00,
    0x00, 0xC0, 0x00, 0x00,
    0x00, 0x00, 0x00, 0x00,
    0x00, 0x00, 0x00, 0x00,
    0x00, 0x00, 0x00, 0x00,

    0x00, 0x00, 0x0F, 0xFF,
    0x0F, 0xF0, 0x00, 0xFF,
    0xF0, 0x0F, 0x00, 0xFF,
    0xF0, 0x0F, 0xFF, 0xFF,
    0xFF, 0x0F, 0xFF, 0xFF,
    0xFF, 0xFF, 0xFF, 0xFF,
    0xFF, 0xFF, 0xFF, 0xFF,
    0xFF, 0xFF, 0xFF, 0xFF,

    0x00, 0x01, 0x11, 0x46,
    0x00, 0x11, 0x10, 0x06,
    0x00, 0x11, 0x08, 0xC0,
    0x00, 0x00, 0x0C, 0x80,
    0x00, 0x00, 0x0C, 0x00,
    0x00, 0x00, 0x00, 0x00,
    0x00, 0x00, 0x00, 0x00,
    0x00, 0x00, 0x00, 0x00,

    0xFF, 0xF0, 0x00, 0x00,
    0xFF, 0x00, 0x0F, 0xF0,
    0xFF, 0x00, 0xF0, 0x0F,
    0xFF, 0xFF, 0xF0, 0x0F,
    0xFF, 0xFF, 0xF0, 0xFF,
    0xFF, 0xFF, 0xFF, 0xFF,
    0xFF, 0xFF, 0xFF, 0xFF,
    0xFF, 0xFF, 0xFF, 0xFF,


/* Tile ID 877, isSolid: false */
    0x00, 0x11, 0x11, 0x66,
    0x00, 0x00, 0x00, 0x06,
    0x00, 0x00, 0xCC, 0x00,
    0x00, 0x00, 0xC0, 0x0B,
    0x00, 0x00, 0x00, 0x00,
    0x00, 0x00, 0x00, 0x00,
    0x00, 0x00, 0x00, 0x00,
    0x00, 0x00, 0x00, 0x00,

    0xFF, 0x00, 0x00, 0x00,
    0xFF, 0xFF, 0xFF, 0xF0,
    0xFF, 0xFF, 0x00, 0xFF,
    0xFF, 0xFF, 0x0F, 0xF0,
    0xFF, 0xFF, 0xFF, 0xFF,
    0xFF, 0xFF, 0xFF, 0xFF,
    0xFF, 0xFF, 0xFF, 0xFF,
    0xFF, 0xFF, 0xFF, 0xFF,

    0x66, 0x11, 0x11, 0x00,
    0x60, 0x00, 0x00, 0x00,
    0x00, 0xCC, 0x00, 0x00,
    0xB0, 0x0C, 0x00, 0x00,
    0x00, 0x00, 0x00, 0x00,
    0x00, 0x00, 0x00, 0x00,
    0x00, 0x00, 0x00, 0x00,
    0x00, 0x00, 0x00, 0x00,

    0x00, 0x00, 0x00, 0xFF,
    0x0F, 0xFF, 0xFF, 0xFF,
    0xFF, 0x00, 0xFF, 0xFF,
    0x0F, 0xF0, 0xFF, 0xFF,
    0xFF, 0xFF, 0xFF, 0xFF,
    0xFF, 0xFF, 0xFF, 0xFF,
    0xFF, 0xFF, 0xFF, 0xFF,
    0xFF, 0xFF, 0xFF, 0xFF,


/* Tile ID 878, isSolid: false */
    0x64, 0xBB, 0xB0, 0x00,
    0x61, 0x10, 0x00, 0x00,
    0x00, 0x11, 0x00, 0x00,
    0xC0, 0x11, 0x00, 0x00,
    0xC0, 0x01, 0x00, 0x00,
    0x00, 0x00, 0x00, 0x00,
    0x00, 0x00, 0x00, 0x00,
    0x00, 0x00, 0x00, 0x00,

    0x00, 0x00, 0x0F, 0xFF,
    0x00, 0x0F, 0xFF, 0xFF,
    0xFF, 0x00, 0xFF, 0xFF,
    0x0F, 0x00, 0xFF, 0xFF,
    0x0F, 0xF0, 0xFF, 0xFF,
    0xFF, 0xFF, 0xFF, 0xFF,
    0xFF, 0xFF, 0xFF, 0xFF,
    0xFF, 0xFF, 0xFF, 0xFF,

    0x00, 0x0B, 0xBB, 0x46,
    0x00, 0x00, 0x01, 0x16,
    0x00, 0x00, 0x11, 0x00,
    0x00, 0x00, 0x11, 0x0C,
    0x00, 0x00, 0x10, 0x0C,
    0x00, 0x00, 0x00, 0x00,
    0x00, 0x00, 0x00, 0x00,
    0x00, 0x00, 0x00, 0x00,

    0xFF, 0xF0, 0x00, 0x00,
    0xFF, 0xFF, 0xF0, 0x00,
    0xFF, 0xFF, 0x00, 0xFF,
    0xFF, 0xFF, 0x00, 0xF0,
    0xFF, 0xFF, 0x0F, 0xF0,
    0xFF, 0xFF, 0xFF, 0xFF,
    0xFF, 0xFF, 0xFF, 0xFF,
    0xFF, 0xFF, 0xFF, 0xFF,


/* Tile ID 879, isSolid: false */
    0x00, 0x00, 0xBB, 0x06,
    0x00, 0x0C, 0xCC, 0x06,
    0x00, 0x00, 0x00, 0x0C,
    0x00, 0x00, 0x00, 0xBC,
    0x00, 0x00, 0x00, 0xC0,
    0x00, 0x00, 0x00, 0x00,
    0x00, 0x00, 0x00, 0x00,
    0x00, 0x00, 0x00, 0x00,

    0xFF, 0xFF, 0x00, 0xF0,
    0xFF, 0xF0, 0x00, 0xF0,
    0xFF, 0xFF, 0xFF, 0xF0,
    0xFF, 0xFF, 0xFF, 0x00,
    0xFF, 0xFF, 0xFF, 0x0F,
    0xFF, 0xFF, 0xFF, 0xFF,
    0xFF, 0xFF, 0xFF, 0xFF,
    0xFF, 0xFF, 0xFF, 0xFF,

    0x60, 0xBB, 0x00, 0x00,
    0x60, 0xCC, 0xC0, 0x00,
    0xC0, 0x00, 0x00, 0x00,
    0xCB, 0x00, 0x00, 0x00,
    0x0C, 0x00, 0x00, 0x00,
    0x00, 0x00, 0x00, 0x00,
    0x00, 0x00, 0x00, 0x00,
    0x00, 0x00, 0x00, 0x00,

    0x0F, 0x00, 0xFF, 0xFF,
    0x0F, 0x00, 0x0F, 0xFF,
    0x0F, 0xFF, 0xFF, 0xFF,
    0x00, 0xFF, 0xFF, 0xFF,
    0xF0, 0xFF, 0xFF, 0xFF,
    0xFF, 0xFF, 0xFF, 0xFF,
    0xFF, 0xFF, 0xFF, 0xFF,
    0xFF, 0xFF, 0xFF, 0xFF,


/* Tile ID 880, isSolid: false */
    0x60, 0xBB, 0xBB, 0x00,
    0x61, 0xBD, 0xDD, 0x00,
    0x01, 0x10, 0x00, 0x00,
    0x01, 0x10, 0x00, 0x00,
    0x01, 0x10, 0x00, 0x00,
    0x01, 0x00, 0x00, 0x00,
    0x00, 0x00, 0x00, 0x00,
    0x00, 0x00, 0x00, 0x00,

    0x0F, 0x00, 0x00, 0xFF,
    0x00, 0x00, 0x00, 0xFF,
    0xF0, 0x0F, 0xFF, 0xFF,
    0xF0, 0x0F, 0xFF, 0xFF,
    0xF0, 0x0F, 0xFF, 0xFF,
    0xF0, 0xFF, 0xFF, 0xFF,
    0xFF, 0xFF, 0xFF, 0xFF,
    0xFF, 0xFF, 0xFF, 0xFF,

    0x00, 0xBB, 0xBB, 0x06,
    0x00, 0xDD, 0xDB, 0x16,
    0x00, 0x00, 0x01, 0x10,
    0x00, 0x00, 0x01, 0x10,
    0x00, 0x00, 0x01, 0x10,
    0x00, 0x00, 0x00, 0x10,
    0x00, 0x00, 0x00, 0x00,
    0x00, 0x00, 0x00, 0x00,

    0xFF, 0x00, 0x00, 0xF0,
    0xFF, 0x00, 0x00, 0x00,
    0xFF, 0xFF, 0xF0, 0x0F,
    0xFF, 0xFF, 0xF0, 0x0F,
    0xFF, 0xFF, 0xF0, 0x0F,
    0xFF, 0xFF, 0xFF, 0x0F,
    0xFF, 0xFF, 0xFF, 0xFF,
    0xFF, 0xFF, 0xFF, 0xFF,


/* Tile ID 881, isSolid: false */
    0x00, 0x00, 0xB0, 0x66,
    0x00, 0x00, 0x00, 0x06,
    0x00, 0x00, 0x0C, 0x01,
    0x00, 0x00, 0xCC, 0x01,
    0x00, 0x00, 0x00, 0x01,
    0x00, 0x00, 0x00, 0x01,
    0x00, 0x00, 0x00, 0x00,
    0x00, 0x00, 0x00, 0x00,

    0xFF, 0xFF, 0x0F, 0x00,
    0xFF, 0xFF, 0xFF, 0xF0,
    0xFF, 0xFF, 0xF0, 0xF0,
    0xFF, 0xFF, 0x00, 0xF0,
    0xFF, 0xFF, 0xFF, 0xF0,
    0xFF, 0xFF, 0xFF, 0xF0,
    0xFF, 0xFF, 0xFF, 0xFF,
    0xFF, 0xFF, 0xFF, 0xFF,

    0x66, 0x0B, 0x00, 0x00,
    0x60, 0x00, 0x00, 0x00,
    0x10, 0xC0, 0x00, 0x00,
    0x10, 0xCC, 0x00, 0x00,
    0x10, 0x00, 0x00, 0x00,
    0x10, 0x00, 0x00, 0x00,
    0x00, 0x00, 0x00, 0x00,
    0x00, 0x00, 0x00, 0x00,

    0x00, 0xF0, 0xFF, 0xFF,
    0x0F, 0xFF, 0xFF, 0xFF,
    0x0F, 0x0F, 0xFF, 0xFF,
    0x0F, 0x00, 0xFF, 0xFF,
    0x0F, 0xFF, 0xFF, 0xFF,
    0x0F, 0xFF, 0xFF, 0xFF,
    0xFF, 0xFF, 0xFF, 0xFF,
    0xFF, 0xFF, 0xFF, 0xFF,


/* Tile ID 882, isSolid: false */
    0x00, 0x00, 0x00, 0x00,
    0x4B, 0xB0, 0x00, 0x00,
    0x1B, 0xDD, 0xD0, 0x00,
    0x10, 0x0B, 0xB0, 0x00,
    0x10, 0x00, 0x00, 0x00,
    0x00, 0x00, 0x00, 0x00,
    0x00, 0x00, 0x00, 0x00,
    0x00, 0x00, 0x00, 0x00,

    0xFF, 0xFF, 0xFF, 0xFF,
    0x00, 0x0F, 0xFF, 0xFF,
    0x00, 0x00, 0x0F, 0xFF,
    0x0F, 0xF0, 0x0F, 0xFF,
    0x0F, 0xFF, 0xFF, 0xFF,
    0xFF, 0xFF, 0xFF, 0xFF,
    0xFF, 0xFF, 0xFF, 0xFF,
    0xFF, 0xFF, 0xFF, 0xFF,

    0x00, 0x00, 0x00, 0x00,
    0x00, 0x00, 0x0B, 0xB4,
    0x00, 0x0D, 0xDD, 0xB1,
    0x00, 0x0B, 0xB0, 0x01,
    0x00, 0x00, 0x00, 0x01,
    0x00, 0x00, 0x00, 0x00,
    0x00, 0x00, 0x00, 0x00,
    0x00, 0x00, 0x00, 0x00,

    0xFF, 0xFF, 0xFF, 0xFF,
    0xFF, 0xFF, 0xF0, 0x00,
    0xFF, 0xF0, 0x00, 0x00,
    0xFF, 0xF0, 0x0F, 0xF0,
    0xFF, 0xFF, 0xFF, 0xF0,
    0xFF, 0xFF, 0xFF, 0xFF,
    0xFF, 0xFF, 0xFF, 0xFF,
    0xFF, 0xFF, 0xFF, 0xFF,


/* Tile ID 883, isSolid: false */
    0x00, 0x00, 0xBC, 0x06,
    0x00, 0x0C, 0xCB, 0x01,
    0x00, 0x00, 0x00, 0x11,
    0x00, 0x00, 0x01, 0x11,
    0x00, 0x00, 0x01, 0x10,
    0x00, 0x00, 0x00, 0x00,
    0x00, 0x00, 0x00, 0x00,
    0x00, 0x00, 0x00, 0x00,

    0xFF, 0xFF, 0x00, 0xF0,
    0xFF, 0xF0, 0x00, 0xF0,
    0xFF, 0xFF, 0xFF, 0x00,
    0xFF, 0xFF, 0xF0, 0x00,
    0xFF, 0xFF, 0xF0, 0x0F,
    0xFF, 0xFF, 0xFF, 0xFF,
    0xFF, 0xFF, 0xFF, 0xFF,
    0xFF, 0xFF, 0xFF, 0xFF,

    0x60, 0xCB, 0x00, 0x00,
    0x10, 0xBC, 0xC0, 0x00,
    0x11, 0x00, 0x00, 0x00,
    0x11, 0x10, 0x00, 0x00,
    0x01, 0x10, 0x00, 0x00,
    0x00, 0x00, 0x00, 0x00,
    0x00, 0x00, 0x00, 0x00,
    0x00, 0x00, 0x00, 0x00,

    0x0F, 0x00, 0xFF, 0xFF,
    0x0F, 0x00, 0x0F, 0xFF,
    0x00, 0xFF, 0xFF, 0xFF,
    0x00, 0x0F, 0xFF, 0xFF,
    0xF0, 0x0F, 0xFF, 0xFF,
    0xFF, 0xFF, 0xFF, 0xFF,
    0xFF, 0xFF, 0xFF, 0xFF,
    0xFF, 0xFF, 0xFF, 0xFF,


/* Tile ID 884, isSolid: false */
    0x00, 0x6E, 0xE1, 0x00,
    0x4B, 0x00, 0x1E, 0x00,
    0xBD, 0xB0, 0x00, 0x00,
    0x0B, 0xDB, 0x00, 0x00,
    0x00, 0xBD, 0x00, 0x00,
    0x00, 0x00, 0x00, 0x00,
    0x00, 0x00, 0x00, 0x00,
    0x00, 0x00, 0x00, 0x00,

    0xFF, 0x00, 0x00, 0xFF,
    0x00, 0xFF, 0x00, 0xFF,
    0x00, 0x0F, 0xFF, 0xFF,
    0xF0, 0x00, 0xFF, 0xFF,
    0xFF, 0x00, 0xFF, 0xFF,
    0xFF, 0xFF, 0xFF, 0xFF,
    0xFF, 0xFF, 0xFF, 0xFF,
    0xFF, 0xFF, 0xFF, 0xFF,

    0x00, 0x1E, 0xE6, 0x00,
    0x00, 0xE1, 0x00, 0xB4,
    0x00, 0x00, 0x0B, 0xDB,
    0x00, 0x00, 0xBD, 0xB0,
    0x00, 0x00, 0xDB, 0x00,
    0x00, 0x00, 0x00, 0x00,
    0x00, 0x00, 0x00, 0x00,
    0x00, 0x00, 0x00, 0x00,

    0xFF, 0x00, 0x00, 0xFF,
    0xFF, 0x00, 0xFF, 0x00,
    0xFF, 0xFF, 0xF0, 0x00,
    0xFF, 0xFF, 0x00, 0x0F,
    0xFF, 0xFF, 0x00, 0xFF,
    0xFF, 0xFF, 0xFF, 0xFF,
    0xFF, 0xFF, 0xFF, 0xFF,
    0xFF, 0xFF, 0xFF, 0xFF,


/* Tile ID 885, isSolid: false */
    0x00, 0x00, 0x44, 0x44,
    0x00, 0x00, 0x22, 0x22,
    0x00, 0x00, 0x44, 0x44,
    0x00, 0x04, 0x66, 0x66,
    0x00, 0x04, 0x66, 0x66,
    0x00, 0x00, 0xDD, 0xDD,
    0x00, 0x00, 0x00, 0x00,
    0x00, 0x00, 0x00, 0x00,

    0xFF, 0xFF, 0x00, 0x00,
    0xFF, 0xFF, 0x00, 0x00,
    0xFF, 0xFF, 0x00, 0x00,
    0xFF, 0xF0, 0x00, 0x00,
    0xFF, 0xF0, 0x00, 0x00,
    0xFF, 0xFF, 0x00, 0x00,
    0xFF, 0xFF, 0xFF, 0xFF,
    0xFF, 0xFF, 0xFF, 0xFF,

    0x44, 0x44, 0x00, 0x00,
    0x22, 0x22, 0x00, 0x00,
    0x44, 0x44, 0x00, 0x00,
    0x66, 0x66, 0x40, 0x00,
    0x66, 0x66, 0x40, 0x00,
    0xDD, 0xDD, 0x00, 0x00,
    0x00, 0x00, 0x00, 0x00,
    0x00, 0x00, 0x00, 0x00,

    0x00, 0x00, 0xFF, 0xFF,
    0x00, 0x00, 0xFF, 0xFF,
    0x00, 0x00, 0xFF, 0xFF,
    0x00, 0x00, 0x0F, 0xFF,
    0x00, 0x00, 0x0F, 0xFF,
    0x00, 0x00, 0xFF, 0xFF,
    0xFF, 0xFF, 0xFF, 0xFF,
    0xFF, 0xFF, 0xFF, 0xFF,


/* Tile ID 886, isSolid: false */
    0x44, 0x44, 0x00, 0x00,
    0x22, 0x22, 0x00, 0x00,
    0x44, 0x44, 0x00, 0x00,
    0x66, 0x66, 0x40, 0x00,
    0x66, 0x66, 0x40, 0x00,
    0xDD, 0xDD, 0x00, 0x00,
    0x00, 0x00, 0x00, 0x00,
    0x00, 0x00, 0x00, 0x00,

    0x00, 0x00, 0xFF, 0xFF,
    0x00, 0x00, 0xFF, 0xFF,
    0x00, 0x00, 0xFF, 0xFF,
    0x00, 0x00, 0x0F, 0xFF,
    0x00, 0x00, 0x0F, 0xFF,
    0x00, 0x00, 0xFF, 0xFF,
    0xFF, 0xFF, 0xFF, 0xFF,
    0xFF, 0xFF, 0xFF, 0xFF,

    0x00, 0x00, 0x44, 0x44,
    0x00, 0x00, 0x22, 0x22,
    0x00, 0x00, 0x44, 0x44,
    0x00, 0x04, 0x66, 0x66,
    0x00, 0x04, 0x66, 0x66,
    0x00, 0x00, 0xDD, 0xDD,
    0x00, 0x00, 0x00, 0x00,
    0x00, 0x00, 0x00, 0x00,

    0xFF, 0xFF, 0x00, 0x00,
    0xFF, 0xFF, 0x00, 0x00,
    0xFF, 0xFF, 0x00, 0x00,
    0xFF, 0xF0, 0x00, 0x00,
    0xFF, 0xF0, 0x00, 0x00,
    0xFF, 0xFF, 0x00, 0x00,
    0xFF, 0xFF, 0xFF, 0xFF,
    0xFF, 0xFF, 0xFF, 0xFF,


/* Tile ID 887, isSolid: false */
    0x00, 0x00, 0x66, 0x66,
    0x00, 0x06, 0x66, 0x66,
    0x00, 0x66, 0x66, 0x66,
    0x00, 0x06, 0x66, 0x66,
    0x00, 0x0D, 0xDD, 0x66,
    0x00, 0x00, 0x0D, 0xDD,
    0x00, 0x00, 0x00, 0x00,
    0x00, 0x00, 0x00, 0x00,

    0xFF, 0xFF, 0x00, 0x00,
    0xFF, 0xF0, 0x00, 0x00,
    0xFF, 0x00, 0x00, 0x00,
    0xFF, 0xF0, 0x00, 0x00,
    0xFF, 0xF0, 0x00, 0x00,
    0xFF, 0xFF, 0xF0, 0x00,
    0xFF, 0xFF, 0xFF, 0xFF,
    0xFF, 0xFF, 0xFF, 0xFF,

    0x66, 0x66, 0x00, 0x00,
    0x66, 0x66, 0x60, 0x00,
    0x66, 0x66, 0x66, 0x00,
    0x66, 0x66, 0x60, 0x00,
    0x66, 0xDD, 0xD0, 0x00,
    0xDD, 0xD0, 0x00, 0x00,
    0x00, 0x00, 0x00, 0x00,
    0x00, 0x00, 0x00, 0x00,

    0x00, 0x00, 0xFF, 0xFF,
    0x00, 0x00, 0x0F, 0xFF,
    0x00, 0x00, 0x00, 0xFF,
    0x00, 0x00, 0x0F, 0xFF,
    0x00, 0x00, 0x0F, 0xFF,
    0x00, 0x0F, 0xFF, 0xFF,
    0xFF, 0xFF, 0xFF, 0xFF,
    0xFF, 0xFF, 0xFF, 0xFF,


/* Tile ID 888, isSolid: false */
    0x66, 0x66, 0x66, 0x00,
    0x66, 0x66, 0x66, 0x00,
    0x66, 0x66, 0x00, 0x00,
    0x66, 0x60, 0x00, 0x00,
    0x66, 0x66, 0x00, 0x00,
    0x66, 0x66, 0x00, 0x00,
    0xDD, 0x00, 0x00, 0x00,
    0x00, 0x00, 0x00, 0x00,

    0x00, 0x00, 0x00, 0xFF,
    0x00, 0x00, 0x00, 0xFF,
    0x00, 0x00, 0xFF, 0xFF,
    0x00, 0x0F, 0xFF, 0xFF,
    0x00, 0x00, 0xFF, 0xFF,
    0x00, 0x00, 0xFF, 0xFF,
    0x00, 0xFF, 0xFF, 0xFF,
    0xFF, 0xFF, 0xFF, 0xFF,

    0x00, 0x66, 0x66, 0x66,
    0x00, 0x66, 0x66, 0x66,
    0x00, 0x00, 0x66, 0x66,
    0x00, 0x00, 0x06, 0x66,
    0x00, 0x00, 0x66, 0x66,
    0x00, 0x00, 0x66, 0x66,
    0x00, 0x00, 0x00, 0xDD,
    0x00, 0x00, 0x00, 0x00,

    0xFF, 0x00, 0x00, 0x00,
    0xFF, 0x00, 0x00, 0x00,
    0xFF, 0xFF, 0x00, 0x00,
    0xFF, 0xFF, 0xF0, 0x00,
    0xFF, 0xFF, 0x00, 0x00,
    0xFF, 0xFF, 0x00, 0x00,
    0xFF, 0xFF, 0xFF, 0x00,
    0xFF, 0xFF, 0xFF, 0xFF,


/* Tile ID 889, isSolid: false */
    0x00, 0x66, 0x66, 0x66,
    0x0D, 0xD6, 0x66, 0x66,
    0x00, 0xDD, 0x66, 0x66,
    0x00, 0x0D, 0xD6, 0x66,
    0x00, 0x00, 0xDD, 0x66,
    0x00, 0x00, 0x0D, 0xD6,
    0x00, 0x00, 0x00, 0xD0,
    0x00, 0x00, 0x00, 0x00,

    0xFF, 0x00, 0x00, 0x00,
    0xF0, 0x00, 0x00, 0x00,
    0xFF, 0x00, 0x00, 0x00,
    0xFF, 0xF0, 0x00, 0x00,
    0xFF, 0xFF, 0x00, 0x00,
    0xFF, 0xFF, 0xF0, 0x00,
    0xFF, 0xFF, 0xFF, 0x0F,
    0xFF, 0xFF, 0xFF, 0xFF,

    0x66, 0x66, 0x66, 0x00,
    0x66, 0x66, 0x6D, 0xD0,
    0x66, 0x66, 0xDD, 0x00,
    0x66, 0x6D, 0xD0, 0x00,
    0x66, 0xDD, 0x00, 0x00,
    0x6D, 0xD0, 0x00, 0x00,
    0x0D, 0x00, 0x00, 0x00,
    0x00, 0x00, 0x00, 0x00,

    0x00, 0x00, 0x00, 0xFF,
    0x00, 0x00, 0x00, 0x0F,
    0x00, 0x00, 0x00, 0xFF,
    0x00, 0x00, 0x0F, 0xFF,
    0x00, 0x00, 0xFF, 0xFF,
    0x00, 0x0F, 0xFF, 0xFF,
    0xF0, 0xFF, 0xFF, 0xFF,
    0xFF, 0xFF, 0xFF, 0xFF,


/* Tile ID 890, isSolid: false */
    0x66, 0x66, 0x60, 0x00,
    0x66, 0x66, 0x60, 0x00,
    0x66, 0x66, 0x60, 0x00,
    0x66, 0x00, 0x60, 0x00,
    0x60, 0x00, 0x00, 0x00,
    0x60, 0x00, 0x00, 0x00,
    0x00, 0x00, 0x00, 0x00,
    0x00, 0x00, 0x00, 0x00,

    0x00, 0x00, 0x0F, 0xFF,
    0x00, 0x00, 0x0F, 0xFF,
    0x00, 0x00, 0x0F, 0xFF,
    0x00, 0xFF, 0x0F, 0xFF,
    0x0F, 0xFF, 0xFF, 0xFF,
    0x0F, 0xFF, 0xFF, 0xFF,
    0xFF, 0xFF, 0xFF, 0xFF,
    0xFF, 0xFF, 0xFF, 0xFF,

    0x00, 0x06, 0x66, 0x66,
    0x00, 0x06, 0x66, 0x66,
    0x00, 0x06, 0x66, 0x66,
    0x00, 0x06, 0x00, 0x66,
    0x00, 0x00, 0x00, 0x06,
    0x00, 0x00, 0x00, 0x06,
    0x00, 0x00, 0x00, 0x00,
    0x00, 0x00, 0x00, 0x00,

    0xFF, 0xF0, 0x00, 0x00,
    0xFF, 0xF0, 0x00, 0x00,
    0xFF, 0xF0, 0x00, 0x00,
    0xFF, 0xF0, 0xFF, 0x00,
    0xFF, 0xFF, 0xFF, 0xF0,
    0xFF, 0xFF, 0xFF, 0xF0,
    0xFF, 0xFF, 0xFF, 0xFF,
    0xFF, 0xFF, 0xFF, 0xFF,


/* Tile ID 891, isSolid: false */
    0x0D, 0x66, 0x66, 0x66,
    0x00, 0xD6, 0x66, 0x66,
    0x00, 0xD6, 0x66, 0x66,
    0x00, 0xD6, 0x66, 0x66,
    0x00, 0x0D, 0x66, 0x66,
    0x00, 0x0D, 0x66, 0x60,
    0x00, 0x00, 0x06, 0x00,
    0x00, 0x00, 0x00, 0x00,

    0xF0, 0x00, 0x00, 0x00,
    0xFF, 0x00, 0x00, 0x00,
    0xFF, 0x00, 0x00, 0x00,
    0xFF, 0x00, 0x00, 0x00,
    0xFF, 0xF0, 0x00, 0x00,
    0xFF, 0xF0, 0x00, 0x0F,
    0xFF, 0xFF, 0xF0, 0xFF,
    0xFF, 0xFF, 0xFF, 0xFF,

    0x66, 0x66, 0x66, 0xD0,
    0x66, 0x66, 0x6D, 0x00,
    0x66, 0x66, 0x6D, 0x00,
    0x66, 0x66, 0x6D, 0x00,
    0x66, 0x66, 0xD0, 0x00,
    0x06, 0x66, 0xD0, 0x00,
    0x00, 0x60, 0x00, 0x00,
    0x00, 0x00, 0x00, 0x00,

    0x00, 0x00, 0x00, 0x0F,
    0x00, 0x00, 0x00, 0xFF,
    0x00, 0x00, 0x00, 0xFF,
    0x00, 0x00, 0x00, 0xFF,
    0x00, 0x00, 0x0F, 0xFF,
    0xF0, 0x00, 0x0F, 0xFF,
    0xFF, 0x0F, 0xFF, 0xFF,
    0xFF, 0xFF, 0xFF, 0xFF,


/* Tile ID 892, isSolid: false */
    0x60, 0x06, 0x66, 0x00,
    0x60, 0x66, 0x60, 0x00,
    0x66, 0x66, 0x00, 0x00,
    0x66, 0x66, 0x00, 0x00,
    0x66, 0x60, 0x00, 0x00,
    0x00, 0x60, 0x00, 0x00,
    0x00, 0x00, 0x00, 0x00,
    0x00, 0x00, 0x00, 0x00,

    0x0F, 0xF0, 0x00, 0xFF,
    0x0F, 0x00, 0x0F, 0xFF,
    0x00, 0x00, 0xFF, 0xFF,
    0x00, 0x00, 0xFF, 0xFF,
    0x00, 0x0F, 0xFF, 0xFF,
    0xFF, 0x0F, 0xFF, 0xFF,
    0xFF, 0xFF, 0xFF, 0xFF,
    0xFF, 0xFF, 0xFF, 0xFF,

    0x00, 0x66, 0x60, 0x06,
    0x00, 0x06, 0x66, 0x06,
    0x00, 0x00, 0x66, 0x66,
    0x00, 0x00, 0x66, 0x66,
    0x00, 0x00, 0x06, 0x66,
    0x00, 0x00, 0x06, 0x00,
    0x00, 0x00, 0x00, 0x00,
    0x00, 0x00, 0x00, 0x00,

    0xFF, 0x00, 0x0F, 0xF0,
    0xFF, 0xF0, 0x00, 0xF0,
    0xFF, 0xFF, 0x00, 0x00,
    0xFF, 0xFF, 0x00, 0x00,
    0xFF, 0xFF, 0xF0, 0x00,
    0xFF, 0xFF, 0xF0, 0xFF,
    0xFF, 0xFF, 0xFF, 0xFF,
    0xFF, 0xFF, 0xFF, 0xFF,


/* Tile ID 893, isSolid: false */
    0x00, 0xD6, 0x66, 0x66,
    0x00, 0xD6, 0x66, 0x66,
    0x00, 0xD6, 0x66, 0x66,
    0x00, 0xD6, 0x66, 0x66,
    0x00, 0x06, 0x60, 0x00,
    0x00, 0x00, 0x00, 0x00,
    0x00, 0x00, 0x00, 0x00,
    0x00, 0x00, 0x00, 0x00,

    0xFF, 0x00, 0x00, 0x00,
    0xFF, 0x00, 0x00, 0x00,
    0xFF, 0x00, 0x00, 0x00,
    0xFF, 0x00, 0x00, 0x00,
    0xFF, 0xF0, 0x0F, 0xFF,
    0xFF, 0xFF, 0xFF, 0xFF,
    0xFF, 0xFF, 0xFF, 0xFF,
    0xFF, 0xFF, 0xFF, 0xFF,

    0x66, 0x66, 0x6D, 0x00,
    0x66, 0x66, 0x6D, 0x00,
    0x66, 0x66, 0x6D, 0x00,
    0x66, 0x66, 0x6D, 0x00,
    0x00, 0x06, 0x60, 0x00,
    0x00, 0x00, 0x00, 0x00,
    0x00, 0x00, 0x00, 0x00,
    0x00, 0x00, 0x00, 0x00,

    0x00, 0x00, 0x00, 0xFF,
    0x00, 0x00, 0x00, 0xFF,
    0x00, 0x00, 0x00, 0xFF,
    0x00, 0x00, 0x00, 0xFF,
    0xFF, 0xF0, 0x0F, 0xFF,
    0xFF, 0xFF, 0xFF, 0xFF,
    0xFF, 0xFF, 0xFF, 0xFF,
    0xFF, 0xFF, 0xFF, 0xFF,


/* Tile ID 894, isSolid: false */
    0x60, 0x00, 0x66, 0x00,
    0x60, 0x66, 0x66, 0x00,
    0x66, 0x66, 0x66, 0x00,
    0x66, 0x60, 0x00, 0x00,
    0x66, 0x00, 0x00, 0x00,
    0x60, 0x00, 0x00, 0x00,
    0x00, 0x00, 0x00, 0x00,
    0x00, 0x00, 0x00, 0x00,

    0x0F, 0xFF, 0x00, 0xFF,
    0x0F, 0x00, 0x00, 0xFF,
    0x00, 0x00, 0x00, 0xFF,
    0x00, 0x0F, 0xFF, 0xFF,
    0x00, 0xFF, 0xFF, 0xFF,
    0x0F, 0xFF, 0xFF, 0xFF,
    0xFF, 0xFF, 0xFF, 0xFF,
    0xFF, 0xFF, 0xFF, 0xFF,

    0x00, 0x66, 0x00, 0x06,
    0x00, 0x66, 0x66, 0x06,
    0x00, 0x66, 0x66, 0x66,
    0x00, 0x00, 0x06, 0x66,
    0x00, 0x00, 0x00, 0x66,
    0x00, 0x00, 0x00, 0x06,
    0x00, 0x00, 0x00, 0x00,
    0x00, 0x00, 0x00, 0x00,

    0xFF, 0x00, 0xFF, 0xF0,
    0xFF, 0x00, 0x00, 0xF0,
    0xFF, 0x00, 0x00, 0x00,
    0xFF, 0xFF, 0xF0, 0x00,
    0xFF, 0xFF, 0xFF, 0x00,
    0xFF, 0xFF, 0xFF, 0xF0,
    0xFF, 0xFF, 0xFF, 0xFF,
    0xFF, 0xFF, 0xFF, 0xFF,


/* Tile ID 895, isSolid: false */
    0x00, 0x00, 0x00, 0x00,
    0x00, 0x00, 0x00, 0x00,
    0x00, 0x00, 0x00, 0x00,
    0x00, 0x00, 0x00, 0x00,
    0x00, 0x00, 0x00, 0x00,
    0x00, 0x00, 0x00, 0x00,
    0x00, 0x00, 0x00, 0x00,
    0x00, 0x00, 0x00, 0x00,

    0xFF, 0xFF, 0xFF, 0xFF,
    0xFF, 0xFF, 0xFF, 0xFF,
    0xFF, 0xFF, 0xFF, 0xFF,
    0xFF, 0xFF, 0xFF, 0xFF,
    0xFF, 0xFF, 0xFF, 0xFF,
    0xFF, 0xFF, 0xFF, 0xFF,
    0xFF, 0xFF, 0xFF, 0xFF,
    0xFF, 0xFF, 0xFF, 0xFF,

    0x00, 0x00, 0x00, 0x00,
    0x00, 0x00, 0x00, 0x00,
    0x00, 0x00, 0x00, 0x00,
    0x00, 0x00, 0x00, 0x00,
    0x00, 0x00, 0x00, 0x00,
    0x00, 0x00, 0x00, 0x00,
    0x00, 0x00, 0x00, 0x00,
    0x00, 0x00, 0x00, 0x00,

    0xFF, 0xFF, 0xFF, 0xFF,
    0xFF, 0xFF, 0xFF, 0xFF,
    0xFF, 0xFF, 0xFF, 0xFF,
    0xFF, 0xFF, 0xFF, 0xFF,
    0xFF, 0xFF, 0xFF, 0xFF,
    0xFF, 0xFF, 0xFF, 0xFF,
    0xFF, 0xFF, 0xFF, 0xFF,
    0xFF, 0xFF, 0xFF, 0xFF,


/* Tile ID 896, isSolid: false */
    0x00, 0x00, 0x00, 0x00,
    0x00, 0x00, 0x00, 0x00,
    0x00, 0x00, 0x00, 0x00,
    0x00, 0x00, 0x00, 0x00,
    0x00, 0x00, 0x00, 0x00,
    0x00, 0x00, 0x00, 0x00,
    0x00, 0x00, 0x00, 0x00,
    0x00, 0x00, 0x00, 0x00,

    0xFF, 0xFF, 0xFF, 0xFF,
    0xFF, 0xFF, 0xFF, 0xFF,
    0xFF, 0xFF, 0xFF, 0xFF,
    0xFF, 0xFF, 0xFF, 0xFF,
    0xFF, 0xFF, 0xFF, 0xFF,
    0xFF, 0xFF, 0xFF, 0xFF,
    0xFF, 0xFF, 0xFF, 0xFF,
    0xFF, 0xFF, 0xFF, 0xFF,

    0x00, 0x00, 0x00, 0x00,
    0x00, 0x00, 0x00, 0x00,
    0x00, 0x00, 0x00, 0x00,
    0x00, 0x00, 0x00, 0x00,
    0x00, 0x00, 0x00, 0x00,
    0x00, 0x00, 0x00, 0x00,
    0x00, 0x00, 0x00, 0x00,
    0x00, 0x00, 0x00, 0x00,

    0xFF, 0xFF, 0xFF, 0xFF,
    0xFF, 0xFF, 0xFF, 0xFF,
    0xFF, 0xFF, 0xFF, 0xFF,
    0xFF, 0xFF, 0xFF, 0xFF,
    0xFF, 0xFF, 0xFF, 0xFF,
    0xFF, 0xFF, 0xFF, 0xFF,
    0xFF, 0xFF, 0xFF, 0xFF,
    0xFF, 0xFF, 0xFF, 0xFF,


/* Tile ID 897, isSolid: false */
    0x00, 0x00, 0x00, 0x00,
    0x00, 0x00, 0x00, 0x00,
    0x00, 0x00, 0xAA, 0x00,
    0x00, 0x0A, 0xAA, 0xA0,
    0x00, 0xAA, 0xA0, 0xA0,
    0x00, 0xAA, 0x00, 0xA0,
    0x0A, 0xAA, 0xAA, 0xA0,
    0x0A, 0xAA, 0xAA, 0xAA,

    0xFF, 0xFF, 0xFF, 0xFF,
    0xFF, 0xFF, 0xFF, 0xFF,
    0xFF, 0xFF, 0x00, 0xFF,
    0xFF, 0xF0, 0x00, 0x0F,
    0xFF, 0x00, 0x0F, 0x0F,
    0xFF, 0x00, 0xFF, 0x0F,
    0xF0, 0x00, 0x00, 0x0F,
    0xF0, 0x00, 0x00, 0x00,

    0x00, 0x00, 0x00, 0x00,
    0x00, 0x00, 0x00, 0x00,
    0x00, 0xAA, 0x00, 0x00,
    0x0A, 0xAA, 0xA0, 0x00,
    0x0A, 0x0A, 0xAA, 0x00,
    0x0A, 0x00, 0xAA, 0x00,
    0x0A, 0xAA, 0xAA, 0xA0,
    0xAA, 0xAA, 0xAA, 0xA0,

    0xFF, 0xFF, 0xFF, 0xFF,
    0xFF, 0xFF, 0xFF, 0xFF,
    0xFF, 0x00, 0xFF, 0xFF,
    0xF0, 0x00, 0x0F, 0xFF,
    0xF0, 0xF0, 0x00, 0xFF,
    0xF0, 0xFF, 0x00, 0xFF,
    0xF0, 0x00, 0x00, 0x0F,
    0x00, 0x00, 0x00, 0x0F,


/* Tile ID 898, isSolid: false */
    0x00, 0x00, 0x00, 0x00,
    0x00, 0x00, 0x00, 0x00,
    0x0A, 0xA0, 0x00, 0x00,
    0xAA, 0xAA, 0x00, 0x00,
    0xA0, 0xAA, 0xA0, 0x00,
    0xA0, 0x0A, 0xA0, 0x00,
    0xAA, 0xAA, 0xAA, 0x00,
    0xAA, 0xAA, 0xAA, 0x00,

    0xFF, 0xFF, 0xFF, 0xFF,
    0xFF, 0xFF, 0xFF, 0xFF,
    0xF0, 0x0F, 0xFF, 0xFF,
    0x00, 0x00, 0xFF, 0xFF,
    0x0F, 0x00, 0x0F, 0xFF,
    0x0F, 0xF0, 0x0F, 0xFF,
    0x00, 0x00, 0x00, 0xFF,
    0x00, 0x00, 0x00, 0xFF,

    0x00, 0x00, 0x00, 0x00,
    0x00, 0x00, 0x00, 0x00,
    0x00, 0x00, 0x0A, 0xA0,
    0x00, 0x00, 0xAA, 0xAA,
    0x00, 0x0A, 0xAA, 0x0A,
    0x00, 0x0A, 0xA0, 0x0A,
    0x00, 0xAA, 0xAA, 0xAA,
    0x00, 0xAA, 0xAA, 0xAA,

    0xFF, 0xFF, 0xFF, 0xFF,
    0xFF, 0xFF, 0xFF, 0xFF,
    0xFF, 0xFF, 0xF0, 0x0F,
    0xFF, 0xFF, 0x00, 0x00,
    0xFF, 0xF0, 0x00, 0xF0,
    0xFF, 0xF0, 0x0F, 0xF0,
    0xFF, 0x00, 0x00, 0x00,
    0xFF, 0x00, 0x00, 0x00,


/* Tile ID 899, isSolid: false */
    0x00, 0x00, 0x00, 0x00,
    0x00, 0x00, 0x00, 0x00,
    0x00, 0x00, 0x0A, 0xAA,
    0x00, 0x00, 0xAA, 0xAA,
    0x00, 0x0A, 0xAA, 0x00,
    0x00, 0xAA, 0xAA, 0xAA,
    0x00, 0xAA, 0xAA, 0xAA,
    0x0A, 0xAA, 0xAA, 0xAA,

    0xFF, 0xFF, 0xFF, 0xFF,
    0xFF, 0xFF, 0xFF, 0xFF,
    0xFF, 0xFF, 0xF0, 0x00,
    0xFF, 0xFF, 0x00, 0x00,
    0xFF, 0xF0, 0x00, 0xFF,
    0xFF, 0x00, 0x00, 0x00,
    0xFF, 0x00, 0x00, 0x00,
    0xF0, 0x00, 0x00, 0x00,

    0x00, 0x00, 0x00, 0x00,
    0x00, 0x00, 0x00, 0x00,
    0xAA, 0xA0, 0x00, 0x00,
    0xAA, 0xAA, 0x00, 0x00,
    0x00, 0xAA, 0xA0, 0x00,
    0xAA, 0xAA, 0xAA, 0x00,
    0xAA, 0xAA, 0xAA, 0x00,
    0xAA, 0xAA, 0xAA, 0xA0,

    0xFF, 0xFF, 0xFF, 0xFF,
    0xFF, 0xFF, 0xFF, 0xFF,
    0x00, 0x0F, 0xFF, 0xFF,
    0x00, 0x00, 0xFF, 0xFF,
    0xFF, 0x00, 0x0F, 0xFF,
    0x00, 0x00, 0x00, 0xFF,
    0x00, 0x00, 0x00, 0xFF,
    0x00, 0x00, 0x00, 0x0F,


/* Tile ID 900, isSolid: false */
    0x00, 0x00, 0x00, 0x00,
    0x00, 0x00, 0x00, 0x00,
    0xA0, 0x00, 0x00, 0x00,
    0xA0, 0x00, 0x00, 0x00,
    0xA0, 0xAA, 0xAA, 0x00,
    0xA0, 0xA0, 0xAA, 0x00,
    0x0A, 0xA0, 0xAA, 0x00,
    0xAA, 0xAA, 0xAA, 0x00,

    0xFF, 0xFF, 0xFF, 0xFF,
    0xFF, 0xFF, 0xFF, 0xFF,
    0x0F, 0xFF, 0xFF, 0xFF,
    0x0F, 0xFF, 0xFF, 0xFF,
    0x0F, 0x00, 0x00, 0xFF,
    0x0F, 0x0F, 0x00, 0xFF,
    0xF0, 0x0F, 0x00, 0xFF,
    0x00, 0x00, 0x00, 0xFF,

    0x00, 0x00, 0x00, 0x00,
    0x00, 0x00, 0x00, 0x00,
    0x00, 0x00, 0x00, 0x0A,
    0x00, 0x00, 0x00, 0x0A,
    0x00, 0xAA, 0xAA, 0x0A,
    0x00, 0xAA, 0x0A, 0x0A,
    0x00, 0xAA, 0x0A, 0xA0,
    0x00, 0xAA, 0xAA, 0xAA,

    0xFF, 0xFF, 0xFF, 0xFF,
    0xFF, 0xFF, 0xFF, 0xFF,
    0xFF, 0xFF, 0xFF, 0xF0,
    0xFF, 0xFF, 0xFF, 0xF0,
    0xFF, 0x00, 0x00, 0xF0,
    0xFF, 0x00, 0xF0, 0xF0,
    0xFF, 0x00, 0xF0, 0x0F,
    0xFF, 0x00, 0x00, 0x00,


/* Tile ID 901, isSolid: false */
    0x00, 0x00, 0x00, 0x00,
    0x00, 0x00, 0x00, 0x0A,
    0x00, 0x00, 0xAA, 0xAA,
    0x00, 0x0A, 0xAA, 0xAA,
    0x00, 0x6A, 0xAA, 0xAA,
    0x00, 0x6A, 0xAA, 0xAA,
    0x00, 0x6A, 0xAA, 0xAA,
    0x00, 0x6A, 0xAA, 0xAA,

    0xFF, 0xFF, 0xFF, 0xFF,
    0xFF, 0xFF, 0xFF, 0xF0,
    0xFF, 0xFF, 0x00, 0x00,
    0xFF, 0xF0, 0x00, 0x00,
    0xFF, 0x00, 0x00, 0x00,
    0xFF, 0x00, 0x00, 0x00,
    0xFF, 0x00, 0x00, 0x00,
    0xFF, 0x00, 0x00, 0x00,

    0x00, 0x00, 0x00, 0x00,
    0xA0, 0x00, 0x00, 0x00,
    0xAA, 0xAA, 0x00, 0x00,
    0xAA, 0xAA, 0xA0, 0x00,
    0xAA, 0xAA, 0xA6, 0x00,
    0xAA, 0xAA, 0xA6, 0x00,
    0xAA, 0xAA, 0xA6, 0x00,
    0xAA, 0xAA, 0xA6, 0x00,

    0xFF, 0xFF, 0xFF, 0xFF,
    0x0F, 0xFF, 0xFF, 0xFF,
    0x00, 0x00, 0xFF, 0xFF,
    0x00, 0x00, 0x0F, 0xFF,
    0x00, 0x00, 0x00, 0xFF,
    0x00, 0x00, 0x00, 0xFF,
    0x00, 0x00, 0x00, 0xFF,
    0x00, 0x00, 0x00, 0xFF,


/* Tile ID 902, isSolid: false */
    0x00, 0x00, 0x00, 0x00,
    0xAA, 0xA0, 0x00, 0x00,
    0xAA, 0xA0, 0x00, 0x00,
    0x00, 0xA0, 0x00, 0x00,
    0xAA, 0xA0, 0x00, 0x00,
    0xAA, 0x0A, 0xAA, 0xA0,
    0xA0, 0xAA, 0x0A, 0xA0,
    0xAA, 0xAA, 0x0A, 0xA0,

    0xFF, 0xFF, 0xFF, 0xFF,
    0x00, 0x0F, 0xFF, 0xFF,
    0x00, 0x0F, 0xFF, 0xFF,
    0xFF, 0x0F, 0xFF, 0xFF,
    0x00, 0x0F, 0xFF, 0xFF,
    0x00, 0xF0, 0x00, 0x0F,
    0x0F, 0x00, 0xF0, 0x0F,
    0x00, 0x00, 0xF0, 0x0F,

    0x00, 0x00, 0x00, 0x00,
    0x00, 0x00, 0x0A, 0xAA,
    0x00, 0x00, 0x0A, 0xAA,
    0x00, 0x00, 0x0A, 0x00,
    0x00, 0x00, 0x0A, 0xAA,
    0x0A, 0xAA, 0xA0, 0xAA,
    0x0A, 0xA0, 0xAA, 0x0A,
    0x0A, 0xA0, 0xAA, 0xAA,

    0xFF, 0xFF, 0xFF, 0xFF,
    0xFF, 0xFF, 0xF0, 0x00,
    0xFF, 0xFF, 0xF0, 0x00,
    0xFF, 0xFF, 0xF0, 0xFF,
    0xFF, 0xFF, 0xF0, 0x00,
    0xF0, 0x00, 0x0F, 0x00,
    0xF0, 0x0F, 0x00, 0xF0,
    0xF0, 0x0F, 0x00, 0x00,


/* Tile ID 903, isSolid: false */
    0x00, 0x00, 0x00, 0x00,
    0x00, 0x00, 0x00, 0x00,
    0x00, 0x00, 0xAA, 0xAA,
    0x00, 0x06, 0xAA, 0xAA,
    0x00, 0x6A, 0xAA, 0xAA,
    0x00, 0x6A, 0xAA, 0xAA,
    0x00, 0x6A, 0xAA, 0xAA,
    0x00, 0x06, 0x6A, 0xAA,

    0xFF, 0xFF, 0xFF, 0xFF,
    0xFF, 0xFF, 0xFF, 0xFF,
    0xFF, 0xFF, 0x00, 0x00,
    0xFF, 0xF0, 0x00, 0x00,
    0xFF, 0x00, 0x00, 0x00,
    0xFF, 0x00, 0x00, 0x00,
    0xFF, 0x00, 0x00, 0x00,
    0xFF, 0xF0, 0x00, 0x00,

    0x00, 0x00, 0x00, 0x00,
    0x00, 0x00, 0x00, 0x00,
    0xAA, 0xAA, 0x00, 0x00,
    0xAA, 0xAA, 0x60, 0x00,
    0xAA, 0xAA, 0xA6, 0x00,
    0xAA, 0xAA, 0xA6, 0x00,
    0xAA, 0xAA, 0xA6, 0x00,
    0xAA, 0xA6, 0x60, 0x00,

    0xFF, 0xFF, 0xFF, 0xFF,
    0xFF, 0xFF, 0xFF, 0xFF,
    0x00, 0x00, 0xFF, 0xFF,
    0x00, 0x00, 0x0F, 0xFF,
    0x00, 0x00, 0x00, 0xFF,
    0x00, 0x00, 0x00, 0xFF,
    0x00, 0x00, 0x00, 0xFF,
    0x00, 0x00, 0x0F, 0xFF,


/* Tile ID 904, isSolid: false */
    0x00, 0x00, 0x00, 0x00,
    0x00, 0x00, 0x00, 0x00,
    0xAA, 0xAA, 0x00, 0x00,
    0xAA, 0xAA, 0x00, 0x00,
    0xA0, 0x0A, 0x00, 0x00,
    0xAA, 0xAA, 0x00, 0x00,
    0xAA, 0x00, 0x00, 0x00,
    0xA0, 0xAA, 0xAA, 0x00,

    0xFF, 0xFF, 0xFF, 0xFF,
    0xFF, 0xFF, 0xFF, 0xFF,
    0x00, 0x00, 0xFF, 0xFF,
    0x00, 0x00, 0xFF, 0xFF,
    0x0F, 0xF0, 0xFF, 0xFF,
    0x00, 0x00, 0xFF, 0xFF,
    0x00, 0xFF, 0xFF, 0xFF,
    0x0F, 0x00, 0x00, 0xFF,

    0x00, 0x00, 0x00, 0x00,
    0x00, 0x00, 0x00, 0x00,
    0x00, 0x00, 0xAA, 0xAA,
    0x00, 0x00, 0xAA, 0xAA,
    0x00, 0x00, 0xA0, 0x0A,
    0x00, 0x00, 0xAA, 0xAA,
    0x00, 0x00, 0x00, 0xAA,
    0x00, 0xAA, 0xAA, 0x0A,

    0xFF, 0xFF, 0xFF, 0xFF,
    0xFF, 0xFF, 0xFF, 0xFF,
    0xFF, 0xFF, 0x00, 0x00,
    0xFF, 0xFF, 0x00, 0x00,
    0xFF, 0xFF, 0x0F, 0xF0,
    0xFF, 0xFF, 0x00, 0x00,
    0xFF, 0xFF, 0xFF, 0x00,
    0xFF, 0x00, 0x00, 0xF0,


/* Tile ID 905, isSolid: false */
    0x00, 0x00, 0x00, 0x00,
    0x00, 0x00, 0x06, 0xAA,
    0x00, 0x00, 0x6A, 0xAA,
    0x00, 0x06, 0xAA, 0xAA,
    0x00, 0x06, 0xAA, 0xAA,
    0x00, 0x00, 0x6A, 0xAA,
    0x00, 0x00, 0x06, 0xAA,
    0x00, 0x00, 0x00, 0x6A,

    0xFF, 0xFF, 0xFF, 0xFF,
    0xFF, 0xFF, 0xF0, 0x00,
    0xFF, 0xFF, 0x00, 0x00,
    0xFF, 0xF0, 0x00, 0x00,
    0xFF, 0xF0, 0x00, 0x00,
    0xFF, 0xFF, 0x00, 0x00,
    0xFF, 0xFF, 0xF0, 0x00,
    0xFF, 0xFF, 0xFF, 0x00,

    0x00, 0x00, 0x00, 0x00,
    0xAA, 0x60, 0x00, 0x00,
    0xAA, 0xA6, 0x00, 0x00,
    0xAA, 0xAA, 0x60, 0x00,
    0xAA, 0xAA, 0x60, 0x00,
    0xAA, 0xA6, 0x00, 0x00,
    0xAA, 0x60, 0x00, 0x00,
    0xA6, 0x00, 0x00, 0x00,

    0xFF, 0xFF, 0xFF, 0xFF,
    0x00, 0x0F, 0xFF, 0xFF,
    0x00, 0x00, 0xFF, 0xFF,
    0x00, 0x00, 0x0F, 0xFF,
    0x00, 0x00, 0x0F, 0xFF,
    0x00, 0x00, 0xFF, 0xFF,
    0x00, 0x0F, 0xFF, 0xFF,
    0x00, 0xFF, 0xFF, 0xFF,


/* Tile ID 906, isSolid: false */
    0x00, 0x00, 0x00, 0x00,
    0xAA, 0x00, 0x00, 0x00,
    0xAA, 0xAA, 0x00, 0x00,
    0xAA, 0xAA, 0xA0, 0x00,
    0xAA, 0x0A, 0xAA, 0x00,
    0xAA, 0x00, 0xAA, 0x00,
    0xAA, 0xAA, 0xA0, 0x00,
    0xA0, 0x00, 0x00, 0x00,

    0xFF, 0xFF, 0xFF, 0xFF,
    0x00, 0xFF, 0xFF, 0xFF,
    0x00, 0x00, 0xFF, 0xFF,
    0x00, 0x00, 0x0F, 0xFF,
    0x00, 0xF0, 0x00, 0xFF,
    0x00, 0xFF, 0x00, 0xFF,
    0x00, 0x00, 0x0F, 0xFF,
    0x0F, 0xFF, 0xFF, 0xFF,

    0x00, 0x00, 0x00, 0x00,
    0x00, 0x00, 0x00, 0xAA,
    0x00, 0x00, 0xAA, 0xAA,
    0x00, 0x0A, 0xAA, 0xAA,
    0x00, 0xAA, 0xA0, 0xAA,
    0x00, 0xAA, 0x00, 0xAA,
    0x00, 0x0A, 0xAA, 0xAA,
    0x00, 0x00, 0x00, 0x0A,

    0xFF, 0xFF, 0xFF, 0xFF,
    0xFF, 0xFF, 0xFF, 0x00,
    0xFF, 0xFF, 0x00, 0x00,
    0xFF, 0xF0, 0x00, 0x00,
    0xFF, 0x00, 0x0F, 0x00,
    0xFF, 0x00, 0xFF, 0x00,
    0xFF, 0xF0, 0x00, 0x00,
    0xFF, 0xFF, 0xFF, 0xF0,


/* Tile ID 907, isSolid: false */
    0x00, 0x00, 0x00, 0x00,
    0x00, 0x00, 0x00, 0x08,
    0x00, 0x00, 0x00, 0x8C,
    0x00, 0x00, 0x08, 0xC0,
    0x00, 0x00, 0x8C, 0x00,
    0x00, 0x08, 0xCC, 0x00,
    0x00, 0x88, 0x88, 0xCC,
    0x00, 0x00, 0x00, 0x8C,

    0xFF, 0xFF, 0xFF, 0xFF,
    0xFF, 0xFF, 0xFF, 0xF0,
    0xFF, 0xFF, 0xFF, 0x00,
    0xFF, 0xFF, 0xF0, 0x0F,
    0xFF, 0xFF, 0x00, 0xFF,
    0xFF, 0xF0, 0x00, 0xFF,
    0xFF, 0x00, 0x00, 0x00,
    0xFF, 0xFF, 0xFF, 0x00,

    0x00, 0x00, 0x00, 0x00,
    0x80, 0x00, 0x00, 0x00,
    0xC8, 0x00, 0x00, 0x00,
    0x0C, 0x80, 0x00, 0x00,
    0x00, 0xC8, 0x00, 0x00,
    0x00, 0xCC, 0x80, 0x00,
    0xCC, 0x88, 0x88, 0x00,
    0xC8, 0x00, 0x00, 0x00,

    0xFF, 0xFF, 0xFF, 0xFF,
    0x0F, 0xFF, 0xFF, 0xFF,
    0x00, 0xFF, 0xFF, 0xFF,
    0xF0, 0x0F, 0xFF, 0xFF,
    0xFF, 0x00, 0xFF, 0xFF,
    0xFF, 0x00, 0x0F, 0xFF,
    0x00, 0x00, 0x00, 0xFF,
    0x00, 0xFF, 0xFF, 0xFF,


/* Tile ID 908, isSolid: false */
    0x00, 0x00, 0x00, 0x00,
    0x00, 0x00, 0x00, 0x00,
    0x80, 0x00, 0x00, 0x00,
    0xC8, 0x00, 0x00, 0x00,
    0x0C, 0x80, 0x00, 0x00,
    0x0C, 0xC8, 0x00, 0x00,
    0xC8, 0x88, 0x80, 0x00,
    0x80, 0x00, 0x00, 0x00,

    0xFF, 0xFF, 0xFF, 0xFF,
    0xFF, 0xFF, 0xFF, 0xFF,
    0x0F, 0xFF, 0xFF, 0xFF,
    0x00, 0xFF, 0xFF, 0xFF,
    0xF0, 0x0F, 0xFF, 0xFF,
    0xF0, 0x00, 0xFF, 0xFF,
    0x00, 0x00, 0x0F, 0xFF,
    0x0F, 0xFF, 0xFF, 0xFF,

    0x00, 0x00, 0x00, 0x00,
    0x00, 0x00, 0x00, 0x00,
    0x00, 0x00, 0x00, 0x08,
    0x00, 0x00, 0x00, 0x8C,
    0x00, 0x00, 0x08, 0xC0,
    0x00, 0x00, 0x8C, 0xC0,
    0x00, 0x08, 0x88, 0x8C,
    0x00, 0x00, 0x00, 0x08,

    0xFF, 0xFF, 0xFF, 0xFF,
    0xFF, 0xFF, 0xFF, 0xFF,
    0xFF, 0xFF, 0xFF, 0xF0,
    0xFF, 0xFF, 0xFF, 0x00,
    0xFF, 0xFF, 0xF0, 0x0F,
    0xFF, 0xFF, 0x00, 0x0F,
    0xFF, 0xF0, 0x00, 0x00,
    0xFF, 0xFF, 0xFF, 0xF0,


/* Tile ID 909, isSolid: false */
    0x00, 0x00, 0x00, 0x00,
    0x00, 0x00, 0x00, 0x00,
    0x00, 0x00, 0x00, 0x88,
    0x00, 0x00, 0x88, 0xCC,
    0x00, 0x08, 0x8C, 0xC0,
    0x00, 0x00, 0x08, 0xC0,
    0x00, 0x00, 0x00, 0x8C,
    0x00, 0x08, 0x88, 0xCC,

    0xFF, 0xFF, 0xFF, 0xFF,
    0xFF, 0xFF, 0xFF, 0xFF,
    0xFF, 0xFF, 0xFF, 0x00,
    0xFF, 0xFF, 0x00, 0x00,
    0xFF, 0xF0, 0x00, 0x0F,
    0xFF, 0xFF, 0xF0, 0x0F,
    0xFF, 0xFF, 0xFF, 0x00,
    0xFF, 0xF0, 0x00, 0x00,

    0x00, 0x00, 0x00, 0x00,
    0x00, 0x00, 0x00, 0x00,
    0x88, 0x00, 0x00, 0x00,
    0xCC, 0x88, 0x00, 0x00,
    0x0C, 0xC8, 0x80, 0x00,
    0x0C, 0x80, 0x00, 0x00,
    0xC8, 0x00, 0x00, 0x00,
    0xCC, 0x88, 0x80, 0x00,

    0xFF, 0xFF, 0xFF, 0xFF,
    0xFF, 0xFF, 0xFF, 0xFF,
    0x00, 0xFF, 0xFF, 0xFF,
    0x00, 0x00, 0xFF, 0xFF,
    0xF0, 0x00, 0x0F, 0xFF,
    0xF0, 0x0F, 0xFF, 0xFF,
    0x00, 0xFF, 0xFF, 0xFF,
    0x00, 0x00, 0x0F, 0xFF,


/* Tile ID 910, isSolid: false */
    0x00, 0x00, 0x00, 0x00,
    0x88, 0x00, 0x00, 0x00,
    0x8C, 0x80, 0x00, 0x00,
    0x0C, 0x80, 0x00, 0x00,
    0x00, 0xC0, 0x00, 0x00,
    0x00, 0xC8, 0x00, 0x00,
    0xCC, 0xC8, 0x00, 0x00,
    0x80, 0x88, 0x80, 0x00,

    0xFF, 0xFF, 0xFF, 0xFF,
    0x00, 0xFF, 0xFF, 0xFF,
    0x00, 0x0F, 0xFF, 0xFF,
    0xF0, 0x0F, 0xFF, 0xFF,
    0xFF, 0x0F, 0xFF, 0xFF,
    0xFF, 0x00, 0xFF, 0xFF,
    0x00, 0x00, 0xFF, 0xFF,
    0x0F, 0x00, 0x0F, 0xFF,

    0x00, 0x00, 0x00, 0x00,
    0x00, 0x00, 0x00, 0x88,
    0x00, 0x00, 0x08, 0xC8,
    0x00, 0x00, 0x08, 0xC0,
    0x00, 0x00, 0x0C, 0x00,
    0x00, 0x00, 0x8C, 0x00,
    0x00, 0x00, 0x8C, 0xCC,
    0x00, 0x08, 0x88, 0x08,

    0xFF, 0xFF, 0xFF, 0xFF,
    0xFF, 0xFF, 0xFF, 0x00,
    0xFF, 0xFF, 0xF0, 0x00,
    0xFF, 0xFF, 0xF0, 0x0F,
    0xFF, 0xFF, 0xF0, 0xFF,
    0xFF, 0xFF, 0x00, 0xFF,
    0xFF, 0xFF, 0x00, 0x00,
    0xFF, 0xF0, 0x00, 0xF0,


/* Tile ID 911, isSolid: false */
    0x00, 0x00, 0x00, 0x00,
    0x00, 0x00, 0x00, 0x00,
    0x00, 0x00, 0x88, 0x88,
    0x00, 0x00, 0x88, 0xCC,
    0x00, 0x00, 0x08, 0xCC,
    0x00, 0x00, 0x00, 0x8C,
    0x00, 0x88, 0x88, 0x8C,
    0x00, 0x8C, 0xCC, 0xC8,

    0xFF, 0xFF, 0xFF, 0xFF,
    0xFF, 0xFF, 0xFF, 0xFF,
    0xFF, 0xFF, 0x00, 0x00,
    0xFF, 0xFF, 0x00, 0x00,
    0xFF, 0xFF, 0xF0, 0x00,
    0xFF, 0xFF, 0xFF, 0x00,
    0xFF, 0x00, 0x00, 0x00,
    0xFF, 0x00, 0x00, 0x00,

    0x00, 0x00, 0x00, 0x00,
    0x00, 0x00, 0x00, 0x00,
    0x88, 0x88, 0x00, 0x00,
    0xCC, 0x88, 0x00, 0x00,
    0xCC, 0x80, 0x00, 0x00,
    0xC8, 0x00, 0x00, 0x00,
    0xC8, 0x88, 0x88, 0x00,
    0x8C, 0xCC, 0xC8, 0x00,

    0xFF, 0xFF, 0xFF, 0xFF,
    0xFF, 0xFF, 0xFF, 0xFF,
    0x00, 0x00, 0xFF, 0xFF,
    0x00, 0x00, 0xFF, 0xFF,
    0x00, 0x0F, 0xFF, 0xFF,
    0x00, 0xFF, 0xFF, 0xFF,
    0x00, 0x00, 0x00, 0xFF,
    0x00, 0x00, 0x00, 0xFF,


/* Tile ID 912, isSolid: false */
    0x00, 0x00, 0x00, 0x00,
    0x00, 0x00, 0x00, 0x00,
    0x88, 0x88, 0x00, 0x00,
    0xCC, 0xC8, 0x00, 0x00,
    0x00, 0xC8, 0x00, 0x00,
    0x00, 0xC8, 0x00, 0x00,
    0xCC, 0xC8, 0x00, 0x00,
    0x88, 0xC8, 0x00, 0x00,

    0xFF, 0xFF, 0xFF, 0xFF,
    0xFF, 0xFF, 0xFF, 0xFF,
    0x00, 0x00, 0xFF, 0xFF,
    0x00, 0x00, 0xFF, 0xFF,
    0xFF, 0x00, 0xFF, 0xFF,
    0xFF, 0x00, 0xFF, 0xFF,
    0x00, 0x00, 0xFF, 0xFF,
    0x00, 0x00, 0xFF, 0xFF,

    0x00, 0x00, 0x00, 0x00,
    0x00, 0x00, 0x00, 0x00,
    0x00, 0x00, 0x88, 0x88,
    0x00, 0x00, 0x8C, 0xCC,
    0x00, 0x00, 0x8C, 0x00,
    0x00, 0x00, 0x8C, 0x00,
    0x00, 0x00, 0x8C, 0xCC,
    0x00, 0x00, 0x8C, 0x88,

    0xFF, 0xFF, 0xFF, 0xFF,
    0xFF, 0xFF, 0xFF, 0xFF,
    0xFF, 0xFF, 0x00, 0x00,
    0xFF, 0xFF, 0x00, 0x00,
    0xFF, 0xFF, 0x00, 0xFF,
    0xFF, 0xFF, 0x00, 0xFF,
    0xFF, 0xFF, 0x00, 0x00,
    0xFF, 0xFF, 0x00, 0x00,


/* Tile ID 913, isSolid: false */
    0x00, 0x00, 0x00, 0x00,
    0x00, 0x00, 0x00, 0x00,
    0x00, 0x00, 0x00, 0x88,
    0x00, 0x00, 0x00, 0x08,
    0x00, 0x08, 0x00, 0x08,
    0x00, 0x0C, 0x88, 0x08,
    0x00, 0x88, 0xCC, 0x88,
    0x00, 0xA8, 0xCC, 0xCC,

    0xFF, 0xFF, 0xFF, 0xFF,
    0xFF, 0xFF, 0xFF, 0xFF,
    0xFF, 0xFF, 0xFF, 0x00,
    0xFF, 0xFF, 0xFF, 0xF0,
    0xFF, 0xF0, 0xFF, 0xF0,
    0xFF, 0xF0, 0x00, 0xF0,
    0xFF, 0x00, 0x00, 0x00,
    0xFF, 0x00, 0x00, 0x00,

    0x00, 0x00, 0x00, 0x00,
    0x00, 0x00, 0x00, 0x00,
    0x88, 0x00, 0x00, 0x00,
    0x80, 0x00, 0x00, 0x00,
    0x80, 0x00, 0x80, 0x00,
    0x80, 0x88, 0xC0, 0x00,
    0x88, 0xCC, 0x88, 0x00,
    0xCC, 0xCC, 0x8A, 0x00,

    0xFF, 0xFF, 0xFF, 0xFF,
    0xFF, 0xFF, 0xFF, 0xFF,
    0x00, 0xFF, 0xFF, 0xFF,
    0x0F, 0xFF, 0xFF, 0xFF,
    0x0F, 0xFF, 0x0F, 0xFF,
    0x0F, 0x00, 0x0F, 0xFF,
    0x00, 0x00, 0x00, 0xFF,
    0x00, 0x00, 0x00, 0xFF,


/* Tile ID 914, isSolid: false */
    0x00, 0x00, 0x00, 0x00,
    0x00, 0x00, 0x00, 0x00,
    0x00, 0x00, 0x00, 0x00,
    0xC8, 0x80, 0x00, 0x00,
    0xCC, 0xC8, 0x80, 0x00,
    0xC0, 0x00, 0xC8, 0x00,
    0xC0, 0x0C, 0x80, 0x00,
    0xCC, 0x0C, 0x80, 0x00,

    0xFF, 0xFF, 0xFF, 0xFF,
    0xFF, 0xFF, 0xFF, 0xFF,
    0xFF, 0xFF, 0xFF, 0xFF,
    0x00, 0x0F, 0xFF, 0xFF,
    0x00, 0x00, 0x0F, 0xFF,
    0x0F, 0xFF, 0x00, 0xFF,
    0x0F, 0xF0, 0x0F, 0xFF,
    0x00, 0xF0, 0x0F, 0xFF,

    0x00, 0x00, 0x00, 0x00,
    0x00, 0x00, 0x00, 0x00,
    0x00, 0x00, 0x00, 0x00,
    0x00, 0x00, 0x08, 0x8C,
    0x00, 0x08, 0x8C, 0xCC,
    0x00, 0x8C, 0x00, 0x0C,
    0x00, 0x08, 0xC0, 0x0C,
    0x00, 0x08, 0xC0, 0xCC,

    0xFF, 0xFF, 0xFF, 0xFF,
    0xFF, 0xFF, 0xFF, 0xFF,
    0xFF, 0xFF, 0xFF, 0xFF,
    0xFF, 0xFF, 0xF0, 0x00,
    0xFF, 0xF0, 0x00, 0x00,
    0xFF, 0x00, 0xFF, 0xF0,
    0xFF, 0xF0, 0x0F, 0xF0,
    0xFF, 0xF0, 0x0F, 0x00,


/* Tile ID 915, isSolid: false */
    0x00, 0x00, 0x00, 0x00,
    0x00, 0x00, 0x00, 0x00,
    0x00, 0x00, 0x00, 0x00,
    0x00, 0x00, 0x80, 0x00,
    0x00, 0x08, 0xC8, 0x00,
    0x00, 0xA8, 0xCC, 0x80,
    0x00, 0xA8, 0xCC, 0xC8,
    0x00, 0xA8, 0xCC, 0xCC,

    0xFF, 0xFF, 0xFF, 0xFF,
    0xFF, 0xFF, 0xFF, 0xFF,
    0xFF, 0xFF, 0xFF, 0xFF,
    0xFF, 0xFF, 0x0F, 0xFF,
    0xFF, 0xF0, 0x00, 0xFF,
    0xFF, 0x00, 0x00, 0x0F,
    0xFF, 0x00, 0x00, 0x00,
    0xFF, 0x00, 0x00, 0x00,

    0x00, 0x00, 0x00, 0x00,
    0x00, 0x00, 0x00, 0x00,
    0x00, 0x00, 0x00, 0x00,
    0x00, 0x08, 0x00, 0x00,
    0x00, 0x8C, 0x80, 0x00,
    0x08, 0xCC, 0x8A, 0x00,
    0x8C, 0xCC, 0x8A, 0x00,
    0xCC, 0xCC, 0x8A, 0x00,

    0xFF, 0xFF, 0xFF, 0xFF,
    0xFF, 0xFF, 0xFF, 0xFF,
    0xFF, 0xFF, 0xFF, 0xFF,
    0xFF, 0xF0, 0xFF, 0xFF,
    0xFF, 0x00, 0x0F, 0xFF,
    0xF0, 0x00, 0x00, 0xFF,
    0x00, 0x00, 0x00, 0xFF,
    0x00, 0x00, 0x00, 0xFF,


/* Tile ID 916, isSolid: false */
    0x00, 0x00, 0x00, 0x00,
    0x00, 0x00, 0x00, 0x00,
    0x80, 0x00, 0x00, 0x00,
    0x88, 0x00, 0x00, 0x00,
    0x8C, 0x80, 0x00, 0x00,
    0x8C, 0xC8, 0x00, 0x00,
    0xC0, 0x0C, 0x80, 0x00,
    0xC0, 0x00, 0xC8, 0x00,

    0xFF, 0xFF, 0xFF, 0xFF,
    0xFF, 0xFF, 0xFF, 0xFF,
    0x0F, 0xFF, 0xFF, 0xFF,
    0x00, 0xFF, 0xFF, 0xFF,
    0x00, 0x0F, 0xFF, 0xFF,
    0x00, 0x00, 0xFF, 0xFF,
    0x0F, 0xF0, 0x0F, 0xFF,
    0x0F, 0xFF, 0x00, 0xFF,

    0x00, 0x00, 0x00, 0x00,
    0x00, 0x00, 0x00, 0x00,
    0x00, 0x00, 0x00, 0x08,
    0x00, 0x00, 0x00, 0x88,
    0x00, 0x00, 0x08, 0xC8,
    0x00, 0x00, 0x8C, 0xC8,
    0x00, 0x08, 0xC0, 0x0C,
    0x00, 0x8C, 0x00, 0x0C,

    0xFF, 0xFF, 0xFF, 0xFF,
    0xFF, 0xFF, 0xFF, 0xFF,
    0xFF, 0xFF, 0xFF, 0xF0,
    0xFF, 0xFF, 0xFF, 0x00,
    0xFF, 0xFF, 0xF0, 0x00,
    0xFF, 0xFF, 0x00, 0x00,
    0xFF, 0xF0, 0x0F, 0xF0,
    0xFF, 0x00, 0xFF, 0xF0,


/* Tile ID 917, isSolid: false */
    0x00, 0x00, 0x00, 0x00,
    0x00, 0x00, 0x00, 0x0B,
    0x00, 0x00, 0x00, 0xBB,
    0x00, 0x00, 0x0B, 0xBD,
    0x00, 0x00, 0x0B, 0xBB,
    0x00, 0x00, 0x0B, 0xBB,
    0x00, 0x00, 0x0B, 0xDD,
    0x00, 0x00, 0xBB, 0xDD,

    0xFF, 0xFF, 0xFF, 0xFF,
    0xFF, 0xFF, 0xFF, 0xF0,
    0xFF, 0xFF, 0xFF, 0x00,
    0xFF, 0xFF, 0xF0, 0x00,
    0xFF, 0xFF, 0xF0, 0x00,
    0xFF, 0xFF, 0xF0, 0x00,
    0xFF, 0xFF, 0xF0, 0x00,
    0xFF, 0xFF, 0x00, 0x00,

    0x00, 0x00, 0x00, 0x00,
    0xB0, 0x00, 0x00, 0x00,
    0xBB, 0x00, 0x00, 0x00,
    0xDB, 0xB0, 0x00, 0x00,
    0xBB, 0xB0, 0x00, 0x00,
    0xBB, 0xB0, 0x00, 0x00,
    0xDD, 0xB0, 0x00, 0x00,
    0xDD, 0xBB, 0x00, 0x00,

    0xFF, 0xFF, 0xFF, 0xFF,
    0x0F, 0xFF, 0xFF, 0xFF,
    0x00, 0xFF, 0xFF, 0xFF,
    0x00, 0x0F, 0xFF, 0xFF,
    0x00, 0x0F, 0xFF, 0xFF,
    0x00, 0x0F, 0xFF, 0xFF,
    0x00, 0x0F, 0xFF, 0xFF,
    0x00, 0x00, 0xFF, 0xFF,


/* Tile ID 918, isSolid: false */
    0x00, 0x00, 0x00, 0x00,
    0xBB, 0x00, 0x00, 0x00,
    0xDB, 0xB0, 0x00, 0x00,
    0xBD, 0xBB, 0x00, 0x00,
    0x0B, 0xBB, 0x00, 0x00,
    0x0B, 0xBB, 0x00, 0x00,
    0xBD, 0xDB, 0x00, 0x00,
    0xDD, 0xDB, 0xB0, 0x00,

    0xFF, 0xFF, 0xFF, 0xFF,
    0x00, 0xFF, 0xFF, 0xFF,
    0x00, 0x0F, 0xFF, 0xFF,
    0x00, 0x00, 0xFF, 0xFF,
    0xF0, 0x00, 0xFF, 0xFF,
    0xF0, 0x00, 0xFF, 0xFF,
    0x00, 0x00, 0xFF, 0xFF,
    0x00, 0x00, 0x0F, 0xFF,

    0x00, 0x00, 0x00, 0x00,
    0x00, 0x00, 0x00, 0xBB,
    0x00, 0x00, 0x0B, 0xBD,
    0x00, 0x00, 0xBB, 0xDB,
    0x00, 0x00, 0xBB, 0xB0,
    0x00, 0x00, 0xBB, 0xB0,
    0x00, 0x00, 0xBD, 0xDB,
    0x00, 0x0B, 0xBD, 0xDD,

    0xFF, 0xFF, 0xFF, 0xFF,
    0xFF, 0xFF, 0xFF, 0x00,
    0xFF, 0xFF, 0xF0, 0x00,
    0xFF, 0xFF, 0x00, 0x00,
    0xFF, 0xFF, 0x00, 0x0F,
    0xFF, 0xFF, 0x00, 0x0F,
    0xFF, 0xFF, 0x00, 0x00,
    0xFF, 0xF0, 0x00, 0x00,


/* Tile ID 919, isSolid: false */
    0x00, 0x00, 0x00, 0x00,
    0x00, 0x00, 0x00, 0x00,
    0x00, 0x00, 0x00, 0x0B,
    0x00, 0x00, 0x00, 0xBB,
    0x00, 0x00, 0x00, 0xBB,
    0x00, 0x00, 0x0B, 0xBD,
    0x00, 0x00, 0xBB, 0xDD,
    0x00, 0x0B, 0xBB, 0xDD,

    0xFF, 0xFF, 0xFF, 0xFF,
    0xFF, 0xFF, 0xFF, 0xFF,
    0xFF, 0xFF, 0xFF, 0xF0,
    0xFF, 0xFF, 0xFF, 0x00,
    0xFF, 0xFF, 0xFF, 0x00,
    0xFF, 0xFF, 0xF0, 0x00,
    0xFF, 0xFF, 0x00, 0x00,
    0xFF, 0xF0, 0x00, 0x00,

    0x00, 0x00, 0x00, 0x00,
    0x00, 0x00, 0x00, 0x00,
    0xB0, 0x00, 0x00, 0x00,
    0xBB, 0x00, 0x00, 0x00,
    0xBB, 0x00, 0x00, 0x00,
    0xDB, 0xB0, 0x00, 0x00,
    0xDD, 0xBB, 0x00, 0x00,
    0xDD, 0xBB, 0xB0, 0x00,

    0xFF, 0xFF, 0xFF, 0xFF,
    0xFF, 0xFF, 0xFF, 0xFF,
    0x0F, 0xFF, 0xFF, 0xFF,
    0x00, 0xFF, 0xFF, 0xFF,
    0x00, 0xFF, 0xFF, 0xFF,
    0x00, 0x0F, 0xFF, 0xFF,
    0x00, 0x00, 0xFF, 0xFF,
    0x00, 0x00, 0x0F, 0xFF,


/* Tile ID 920, isSolid: false */
    0x00, 0x00, 0x00, 0x00,
    0x0B, 0xB0, 0x00, 0x00,
    0xBB, 0xDB, 0x00, 0x00,
    0xDB, 0xDB, 0x00, 0x00,
    0xB0, 0xBB, 0xB0, 0x00,
    0xB0, 0xBB, 0xB0, 0x00,
    0xBB, 0xBB, 0xB0, 0x00,
    0xDD, 0xDB, 0x00, 0x00,

    0xFF, 0xFF, 0xFF, 0xFF,
    0xF0, 0x0F, 0xFF, 0xFF,
    0x00, 0x00, 0xFF, 0xFF,
    0x00, 0x00, 0xFF, 0xFF,
    0x0F, 0x00, 0x0F, 0xFF,
    0x0F, 0x00, 0x0F, 0xFF,
    0x00, 0x00, 0x0F, 0xFF,
    0x00, 0x00, 0xFF, 0xFF,

    0x00, 0x00, 0x00, 0x00,
    0x00, 0x00, 0x0B, 0xB0,
    0x00, 0x00, 0xBD, 0xBB,
    0x00, 0x00, 0xBD, 0xBD,
    0x00, 0x0B, 0xBB, 0x0B,
    0x00, 0x0B, 0xBB, 0x0B,
    0x00, 0x0B, 0xBB, 0xBB,
    0x00, 0x00, 0xBD, 0xDD,

    0xFF, 0xFF, 0xFF, 0xFF,
    0xFF, 0xFF, 0xF0, 0x0F,
    0xFF, 0xFF, 0x00, 0x00,
    0xFF, 0xFF, 0x00, 0x00,
    0xFF, 0xF0, 0x00, 0xF0,
    0xFF, 0xF0, 0x00, 0xF0,
    0xFF, 0xF0, 0x00, 0x00,
    0xFF, 0xFF, 0x00, 0x00,


/* Tile ID 921, isSolid: false */
    0x00, 0x00, 0x00, 0x00,
    0x00, 0x00, 0x00, 0x00,
    0x00, 0x00, 0x00, 0x00,
    0x00, 0x00, 0x00, 0xBB,
    0x00, 0x00, 0xBB, 0xBD,
    0x0B, 0xBB, 0xBB, 0xDD,
    0x00, 0xBB, 0xDD, 0xDD,
    0x00, 0xBB, 0xBB, 0xBB,

    0xFF, 0xFF, 0xFF, 0xFF,
    0xFF, 0xFF, 0xFF, 0xFF,
    0xFF, 0xFF, 0xFF, 0xFF,
    0xFF, 0xFF, 0xFF, 0x00,
    0xFF, 0xFF, 0x00, 0x00,
    0xF0, 0x00, 0x00, 0x00,
    0xFF, 0x00, 0x00, 0x00,
    0xFF, 0x00, 0x00, 0x00,

    0x00, 0x00, 0x00, 0x00,
    0x00, 0x00, 0x00, 0x00,
    0x00, 0x00, 0x00, 0x00,
    0xBB, 0x00, 0x00, 0x00,
    0xDB, 0xBB, 0x00, 0x00,
    0xDD, 0xBB, 0xBB, 0xB0,
    0xDD, 0xDD, 0xBB, 0x00,
    0xBB, 0xBB, 0xBB, 0x00,

    0xFF, 0xFF, 0xFF, 0xFF,
    0xFF, 0xFF, 0xFF, 0xFF,
    0xFF, 0xFF, 0xFF, 0xFF,
    0x00, 0xFF, 0xFF, 0xFF,
    0x00, 0x00, 0xFF, 0xFF,
    0x00, 0x00, 0x00, 0x0F,
    0x00, 0x00, 0x00, 0xFF,
    0x00, 0x00, 0x00, 0xFF,


/* Tile ID 922, isSolid: false */
    0x00, 0x00, 0x00, 0x00,
    0x0B, 0xBB, 0xB0, 0x00,
    0xBB, 0xBD, 0xDB, 0x00,
    0xBB, 0xBB, 0xDB, 0x00,
    0xDB, 0x0B, 0xDB, 0x00,
    0xDB, 0xBB, 0xBB, 0x00,
    0xDD, 0xDB, 0xBB, 0x00,
    0xDD, 0xDB, 0xB0, 0x00,

    0xFF, 0xFF, 0xFF, 0xFF,
    0xF0, 0x00, 0x0F, 0xFF,
    0x00, 0x00, 0x00, 0xFF,
    0x00, 0x00, 0x00, 0xFF,
    0x00, 0xF0, 0x00, 0xFF,
    0x00, 0x00, 0x00, 0xFF,
    0x00, 0x00, 0x00, 0xFF,
    0x00, 0x00, 0x0F, 0xFF,

    0x00, 0x00, 0x00, 0x00,
    0x00, 0x0B, 0xBB, 0xB0,
    0x00, 0xBD, 0xDB, 0xBB,
    0x00, 0xBD, 0xBB, 0xBB,
    0x00, 0xBD, 0xB0, 0xBD,
    0x00, 0xBB, 0xBB, 0xBD,
    0x00, 0xBB, 0xBD, 0xDD,
    0x00, 0x0B, 0xBD, 0xDD,

    0xFF, 0xFF, 0xFF, 0xFF,
    0xFF, 0xF0, 0x00, 0x0F,
    0xFF, 0x00, 0x00, 0x00,
    0xFF, 0x00, 0x00, 0x00,
    0xFF, 0x00, 0x0F, 0x00,
    0xFF, 0x00, 0x00, 0x00,
    0xFF, 0x00, 0x00, 0x00,
    0xFF, 0xF0, 0x00, 0x00,


/* Tile ID 923, isSolid: false */
    0x00, 0x00, 0x00, 0x00,
    0x00, 0x00, 0x00, 0x00,
    0x00, 0xB0, 0x00, 0x00,
    0x00, 0xBB, 0xBB, 0xBB,
    0x00, 0xBB, 0xBB, 0xBD,
    0x00, 0xBB, 0xDD, 0xDD,
    0x00, 0x0B, 0xBB, 0xDD,
    0x00, 0x01, 0x11, 0xBD,

    0xFF, 0xFF, 0xFF, 0xFF,
    0xFF, 0xFF, 0xFF, 0xFF,
    0xFF, 0x0F, 0xFF, 0xFF,
    0xFF, 0x00, 0x00, 0x00,
    0xFF, 0x00, 0x00, 0x00,
    0xFF, 0x00, 0x00, 0x00,
    0xFF, 0xF0, 0x00, 0x00,
    0xFF, 0xF0, 0x00, 0x00,

    0x00, 0x00, 0x00, 0x00,
    0x00, 0x00, 0x00, 0x00,
    0x00, 0x00, 0x0B, 0x00,
    0xBB, 0xBB, 0xBB, 0x00,
    0xDB, 0xBB, 0xBB, 0x00,
    0xDD, 0xDD, 0xBB, 0x00,
    0xDD, 0xBB, 0xB0, 0x00,
    0xDB, 0x11, 0x10, 0x00,

    0xFF, 0xFF, 0xFF, 0xFF,
    0xFF, 0xFF, 0xFF, 0xFF,
    0xFF, 0xFF, 0xF0, 0xFF,
    0x00, 0x00, 0x00, 0xFF,
    0x00, 0x00, 0x00, 0xFF,
    0x00, 0x00, 0x00, 0xFF,
    0x00, 0x00, 0x0F, 0xFF,
    0x00, 0x00, 0x0F, 0xFF,


/* Tile ID 924, isSolid: false */
    0x00, 0x00, 0x00, 0x00,
    0x00, 0x00, 0x00, 0x00,
    0x0B, 0xBB, 0x00, 0x00,
    0xBB, 0xBB, 0xBB, 0x00,
    0xDB, 0xBB, 0xDD, 0xB0,
    0xDB, 0x00, 0xBB, 0xB0,
    0xDB, 0xBB, 0xDB, 0x00,
    0xDD, 0xDB, 0xBB, 0x00,

    0xFF, 0xFF, 0xFF, 0xFF,
    0xFF, 0xFF, 0xFF, 0xFF,
    0xF0, 0x00, 0xFF, 0xFF,
    0x00, 0x00, 0x00, 0xFF,
    0x00, 0x00, 0x00, 0x0F,
    0x00, 0xFF, 0x00, 0x0F,
    0x00, 0x00, 0x00, 0xFF,
    0x00, 0x00, 0x00, 0xFF,

    0x00, 0x00, 0x00, 0x00,
    0x00, 0x00, 0x00, 0x00,
    0x00, 0x00, 0xBB, 0xB0,
    0x00, 0xBB, 0xBB, 0xBB,
    0x0B, 0xDD, 0xBB, 0xBD,
    0x0B, 0xBB, 0x00, 0xBD,
    0x00, 0xBD, 0xBB, 0xBD,
    0x00, 0xBB, 0xBD, 0xDD,

    0xFF, 0xFF, 0xFF, 0xFF,
    0xFF, 0xFF, 0xFF, 0xFF,
    0xFF, 0xFF, 0x00, 0x0F,
    0xFF, 0x00, 0x00, 0x00,
    0xF0, 0x00, 0x00, 0x00,
    0xF0, 0x00, 0xFF, 0x00,
    0xFF, 0x00, 0x00, 0x00,
    0xFF, 0x00, 0x00, 0x00,


/* Tile ID 925, isSolid: false */
    0x00, 0x00, 0x00, 0x00,
    0x00, 0x0B, 0x00, 0x00,
    0x00, 0xBB, 0xB0, 0x00,
    0x00, 0xBB, 0xBB, 0xBB,
    0x00, 0xBB, 0xDB, 0xBB,
    0x00, 0xBB, 0xDD, 0xDD,
    0x00, 0x11, 0xBD, 0xDD,
    0x00, 0x11, 0x1B, 0xDD,

    0xFF, 0xFF, 0xFF, 0xFF,
    0xFF, 0xF0, 0xFF, 0xFF,
    0xFF, 0x00, 0x0F, 0xFF,
    0xFF, 0x00, 0x00, 0x00,
    0xFF, 0x00, 0x00, 0x00,
    0xFF, 0x00, 0x00, 0x00,
    0xFF, 0x00, 0x00, 0x00,
    0xFF, 0x00, 0x00, 0x00,

    0x00, 0x00, 0x00, 0x00,
    0x00, 0x00, 0xB0, 0x00,
    0x00, 0x0B, 0xBB, 0x00,
    0xBB, 0xBB, 0xBB, 0x00,
    0xBB, 0xBD, 0xBB, 0x00,
    0xDD, 0xDD, 0xBB, 0x00,
    0xDD, 0xDB, 0x11, 0x00,
    0xDD, 0xB1, 0x11, 0x00,

    0xFF, 0xFF, 0xFF, 0xFF,
    0xFF, 0xFF, 0x0F, 0xFF,
    0xFF, 0xF0, 0x00, 0xFF,
    0x00, 0x00, 0x00, 0xFF,
    0x00, 0x00, 0x00, 0xFF,
    0x00, 0x00, 0x00, 0xFF,
    0x00, 0x00, 0x00, 0xFF,
    0x00, 0x00, 0x00, 0xFF,


/* Tile ID 926, isSolid: false */
    0x00, 0x00, 0x00, 0x00,
    0x00, 0x00, 0x00, 0x00,
    0x00, 0x00, 0x00, 0x00,
    0x00, 0x00, 0x00, 0x00,
    0xBB, 0xBB, 0x00, 0x00,
    0xDB, 0xBB, 0xB0, 0x00,
    0xDB, 0xBD, 0xBB, 0x00,
    0xB0, 0x0B, 0xDB, 0x00,

    0xFF, 0xFF, 0xFF, 0xFF,
    0xFF, 0xFF, 0xFF, 0xFF,
    0xFF, 0xFF, 0xFF, 0xFF,
    0xFF, 0xFF, 0xFF, 0xFF,
    0x00, 0x00, 0xFF, 0xFF,
    0x00, 0x00, 0x0F, 0xFF,
    0x00, 0x00, 0x00, 0xFF,
    0x0F, 0xF0, 0x00, 0xFF,

    0x00, 0x00, 0x00, 0x00,
    0x00, 0x00, 0x00, 0x00,
    0x00, 0x00, 0x00, 0x00,
    0x00, 0x00, 0x00, 0x00,
    0x00, 0x00, 0xBB, 0xBB,
    0x00, 0x0B, 0xBB, 0xBD,
    0x00, 0xBB, 0xDB, 0xBD,
    0x00, 0xBD, 0xB0, 0x0B,

    0xFF, 0xFF, 0xFF, 0xFF,
    0xFF, 0xFF, 0xFF, 0xFF,
    0xFF, 0xFF, 0xFF, 0xFF,
    0xFF, 0xFF, 0xFF, 0xFF,
    0xFF, 0xFF, 0x00, 0x00,
    0xFF, 0xF0, 0x00, 0x00,
    0xFF, 0x00, 0x00, 0x00,
    0xFF, 0x00, 0x0F, 0xF0,


/* Tile ID 927, isSolid: false */
    0x00, 0x00, 0x00, 0x00,
    0x00, 0x00, 0x00, 0x00,
    0x00, 0x00, 0x00, 0x00,
    0x00, 0x00, 0x00, 0x00,
    0x00, 0x00, 0x00, 0x00,
    0x00, 0x00, 0x00, 0x00,
    0x00, 0x00, 0x00, 0x00,
    0x00, 0x00, 0x00, 0x00,

    0xFF, 0xFF, 0xFF, 0xFF,
    0xFF, 0xFF, 0xFF, 0xFF,
    0xFF, 0xFF, 0xFF, 0xFF,
    0xFF, 0xFF, 0xFF, 0xFF,
    0xFF, 0xFF, 0xFF, 0xFF,
    0xFF, 0xFF, 0xFF, 0xFF,
    0xFF, 0xFF, 0xFF, 0xFF,
    0xFF, 0xFF, 0xFF, 0xFF,

    0x00, 0x00, 0x00, 0x00,
    0x00, 0x00, 0x00, 0x00,
    0x00, 0x00, 0x00, 0x00,
    0x00, 0x00, 0x00, 0x00,
    0x00, 0x00, 0x00, 0x00,
    0x00, 0x00, 0x00, 0x00,
    0x00, 0x00, 0x00, 0x00,
    0x00, 0x00, 0x00, 0x00,

    0xFF, 0xFF, 0xFF, 0xFF,
    0xFF, 0xFF, 0xFF, 0xFF,
    0xFF, 0xFF, 0xFF, 0xFF,
    0xFF, 0xFF, 0xFF, 0xFF,
    0xFF, 0xFF, 0xFF, 0xFF,
    0xFF, 0xFF, 0xFF, 0xFF,
    0xFF, 0xFF, 0xFF, 0xFF,
    0xFF, 0xFF, 0xFF, 0xFF,


/* Tile ID 928, isSolid: false */
    0x00, 0x00, 0x00, 0x00,
    0x00, 0x00, 0x00, 0x00,
    0x00, 0x00, 0x00, 0x00,
    0x00, 0x00, 0x00, 0x00,
    0x00, 0x00, 0x00, 0x00,
    0x00, 0x00, 0x00, 0x00,
    0x00, 0x00, 0x00, 0x00,
    0x00, 0x00, 0x00, 0x00,

    0xFF, 0xFF, 0xFF, 0xFF,
    0xFF, 0xFF, 0xFF, 0xFF,
    0xFF, 0xFF, 0xFF, 0xFF,
    0xFF, 0xFF, 0xFF, 0xFF,
    0xFF, 0xFF, 0xFF, 0xFF,
    0xFF, 0xFF, 0xFF, 0xFF,
    0xFF, 0xFF, 0xFF, 0xFF,
    0xFF, 0xFF, 0xFF, 0xFF,

    0x00, 0x00, 0x00, 0x00,
    0x00, 0x00, 0x00, 0x00,
    0x00, 0x00, 0x00, 0x00,
    0x00, 0x00, 0x00, 0x00,
    0x00, 0x00, 0x00, 0x00,
    0x00, 0x00, 0x00, 0x00,
    0x00, 0x00, 0x00, 0x00,
    0x00, 0x00, 0x00, 0x00,

    0xFF, 0xFF, 0xFF, 0xFF,
    0xFF, 0xFF, 0xFF, 0xFF,
    0xFF, 0xFF, 0xFF, 0xFF,
    0xFF, 0xFF, 0xFF, 0xFF,
    0xFF, 0xFF, 0xFF, 0xFF,
    0xFF, 0xFF, 0xFF, 0xFF,
    0xFF, 0xFF, 0xFF, 0xFF,
    0xFF, 0xFF, 0xFF, 0xFF,


/* Tile ID 929, isSolid: false */
    0x0A, 0xAA, 0xAA, 0xAA,
    0x0A, 0xAA, 0xAA, 0xA6,
    0x06, 0xAA, 0xAA, 0x60,
    0x00, 0x6A, 0xA6, 0x00,
    0x00, 0x06, 0x60, 0x00,
    0x00, 0x00, 0x00, 0x00,
    0x00, 0x00, 0x00, 0x00,
    0x00, 0x00, 0x00, 0x00,

    0xF0, 0x00, 0x00, 0x00,
    0xF0, 0x00, 0x00, 0x00,
    0xF0, 0x00, 0x00, 0x0F,
    0xFF, 0x00, 0x00, 0xFF,
    0xFF, 0xF0, 0x0F, 0xFF,
    0xFF, 0xFF, 0xFF, 0xFF,
    0xFF, 0xFF, 0xFF, 0xFF,
    0xFF, 0xFF, 0xFF, 0xFF,

    0xAA, 0xAA, 0xAA, 0xA0,
    0x6A, 0xAA, 0xAA, 0xA0,
    0x06, 0xAA, 0xAA, 0x60,
    0x00, 0x6A, 0xA6, 0x00,
    0x00, 0x06, 0x60, 0x00,
    0x00, 0x00, 0x00, 0x00,
    0x00, 0x00, 0x00, 0x00,
    0x00, 0x00, 0x00, 0x00,

    0x00, 0x00, 0x00, 0x0F,
    0x00, 0x00, 0x00, 0x0F,
    0xF0, 0x00, 0x00, 0x0F,
    0xFF, 0x00, 0x00, 0xFF,
    0xFF, 0xF0, 0x0F, 0xFF,
    0xFF, 0xFF, 0xFF, 0xFF,
    0xFF, 0xFF, 0xFF, 0xFF,
    0xFF, 0xFF, 0xFF, 0xFF,


/* Tile ID 930, isSolid: false */
    0xAA, 0xAA, 0xAA, 0x00,
    0xAA, 0xAA, 0xAA, 0x00,
    0x6A, 0xAA, 0xA6, 0x00,
    0x06, 0xAA, 0x60, 0x00,
    0x00, 0x66, 0x00, 0x00,
    0x00, 0x00, 0x00, 0x00,
    0x00, 0x00, 0x00, 0x00,
    0x00, 0x00, 0x00, 0x00,

    0x00, 0x00, 0x00, 0xFF,
    0x00, 0x00, 0x00, 0xFF,
    0x00, 0x00, 0x00, 0xFF,
    0xF0, 0x00, 0x0F, 0xFF,
    0xFF, 0x00, 0xFF, 0xFF,
    0xFF, 0xFF, 0xFF, 0xFF,
    0xFF, 0xFF, 0xFF, 0xFF,
    0xFF, 0xFF, 0xFF, 0xFF,

    0x00, 0xAA, 0xAA, 0xAA,
    0x00, 0xAA, 0xAA, 0xAA,
    0x00, 0x6A, 0xAA, 0xA6,
    0x00, 0x06, 0xAA, 0x60,
    0x00, 0x00, 0x66, 0x00,
    0x00, 0x00, 0x00, 0x00,
    0x00, 0x00, 0x00, 0x00,
    0x00, 0x00, 0x00, 0x00,

    0xFF, 0x00, 0x00, 0x00,
    0xFF, 0x00, 0x00, 0x00,
    0xFF, 0x00, 0x00, 0x00,
    0xFF, 0xF0, 0x00, 0x0F,
    0xFF, 0xFF, 0x00, 0xFF,
    0xFF, 0xFF, 0xFF, 0xFF,
    0xFF, 0xFF, 0xFF, 0xFF,
    0xFF, 0xFF, 0xFF, 0xFF,


/* Tile ID 931, isSolid: false */
    0x06, 0xAA, 0xAA, 0xAA,
    0x00, 0x6A, 0xAA, 0x66,
    0x00, 0x66, 0x66, 0x00,
    0x00, 0x00, 0x00, 0x00,
    0x00, 0x00, 0x00, 0x00,
    0x00, 0x00, 0x00, 0x00,
    0x00, 0x00, 0x00, 0x00,
    0x00, 0x00, 0x00, 0x00,

    0xF0, 0x00, 0x00, 0x00,
    0xFF, 0x00, 0x00, 0x00,
    0xFF, 0x00, 0x00, 0xFF,
    0xFF, 0xFF, 0xFF, 0xFF,
    0xFF, 0xFF, 0xFF, 0xFF,
    0xFF, 0xFF, 0xFF, 0xFF,
    0xFF, 0xFF, 0xFF, 0xFF,
    0xFF, 0xFF, 0xFF, 0xFF,

    0xAA, 0xAA, 0xAA, 0x60,
    0x66, 0xAA, 0xA6, 0x00,
    0x00, 0x66, 0x66, 0x00,
    0x00, 0x00, 0x00, 0x00,
    0x00, 0x00, 0x00, 0x00,
    0x00, 0x00, 0x00, 0x00,
    0x00, 0x00, 0x00, 0x00,
    0x00, 0x00, 0x00, 0x00,

    0x00, 0x00, 0x00, 0x0F,
    0x00, 0x00, 0x00, 0xFF,
    0xFF, 0x00, 0x00, 0xFF,
    0xFF, 0xFF, 0xFF, 0xFF,
    0xFF, 0xFF, 0xFF, 0xFF,
    0xFF, 0xFF, 0xFF, 0xFF,
    0xFF, 0xFF, 0xFF, 0xFF,
    0xFF, 0xFF, 0xFF, 0xFF,


/* Tile ID 932, isSolid: false */
    0xAA, 0xAA, 0xAA, 0x00,
    0xAA, 0xAA, 0xAA, 0x00,
    0xAA, 0xAA, 0xAA, 0x00,
    0x6A, 0xAA, 0xAA, 0x00,
    0x6A, 0xAA, 0x60, 0x00,
    0x06, 0x66, 0x00, 0x00,
    0x00, 0x00, 0x00, 0x00,
    0x00, 0x00, 0x00, 0x00,

    0x00, 0x00, 0x00, 0xFF,
    0x00, 0x00, 0x00, 0xFF,
    0x00, 0x00, 0x00, 0xFF,
    0x00, 0x00, 0x00, 0xFF,
    0x00, 0x00, 0x0F, 0xFF,
    0xF0, 0x00, 0xFF, 0xFF,
    0xFF, 0xFF, 0xFF, 0xFF,
    0xFF, 0xFF, 0xFF, 0xFF,

    0x00, 0xAA, 0xAA, 0xAA,
    0x00, 0xAA, 0xAA, 0xAA,
    0x00, 0xAA, 0xAA, 0xAA,
    0x00, 0xAA, 0xAA, 0xA6,
    0x00, 0x06, 0xAA, 0xA6,
    0x00, 0x00, 0x66, 0x60,
    0x00, 0x00, 0x00, 0x00,
    0x00, 0x00, 0x00, 0x00,

    0xFF, 0x00, 0x00, 0x00,
    0xFF, 0x00, 0x00, 0x00,
    0xFF, 0x00, 0x00, 0x00,
    0xFF, 0x00, 0x00, 0x00,
    0xFF, 0xF0, 0x00, 0x00,
    0xFF, 0xFF, 0x00, 0x0F,
    0xFF, 0xFF, 0xFF, 0xFF,
    0xFF, 0xFF, 0xFF, 0xFF,


/* Tile ID 933, isSolid: false */
    0x00, 0x06, 0x66, 0x66,
    0x00, 0x00, 0x00, 0x06,
    0x00, 0x00, 0x00, 0x06,
    0x00, 0x00, 0x00, 0x06,
    0x00, 0x00, 0x00, 0x06,
    0x00, 0x00, 0x00, 0x00,
    0x00, 0x00, 0x00, 0x00,
    0x00, 0x00, 0x00, 0x00,

    0xFF, 0xF0, 0x00, 0x00,
    0xFF, 0xFF, 0xFF, 0xF0,
    0xFF, 0xFF, 0xFF, 0xF0,
    0xFF, 0xFF, 0xFF, 0xF0,
    0xFF, 0xFF, 0xFF, 0xF0,
    0xFF, 0xFF, 0xFF, 0xFF,
    0xFF, 0xFF, 0xFF, 0xFF,
    0xFF, 0xFF, 0xFF, 0xFF,

    0x66, 0x66, 0x60, 0x00,
    0x60, 0x00, 0x00, 0x00,
    0x60, 0x00, 0x00, 0x00,
    0x60, 0x00, 0x00, 0x00,
    0x60, 0x00, 0x00, 0x00,
    0x00, 0x00, 0x00, 0x00,
    0x00, 0x00, 0x00, 0x00,
    0x00, 0x00, 0x00, 0x00,

    0x00, 0x00, 0x0F, 0xFF,
    0x0F, 0xFF, 0xFF, 0xFF,
    0x0F, 0xFF, 0xFF, 0xFF,
    0x0F, 0xFF, 0xFF, 0xFF,
    0x0F, 0xFF, 0xFF, 0xFF,
    0xFF, 0xFF, 0xFF, 0xFF,
    0xFF, 0xFF, 0xFF, 0xFF,
    0xFF, 0xFF, 0xFF, 0xFF,


/* Tile ID 934, isSolid: false */
    0xAA, 0xAA, 0xAA, 0xA0,
    0xAA, 0xAA, 0xAA, 0x00,
    0xAA, 0xAA, 0xAA, 0x00,
    0xAA, 0xAA, 0xAA, 0x00,
    0xAA, 0xAA, 0xA0, 0x00,
    0x66, 0x66, 0x00, 0x00,
    0x00, 0x00, 0x00, 0x00,
    0x00, 0x00, 0x00, 0x00,

    0x00, 0x00, 0x00, 0x0F,
    0x00, 0x00, 0x00, 0xFF,
    0x00, 0x00, 0x00, 0xFF,
    0x00, 0x00, 0x00, 0xFF,
    0x00, 0x00, 0x0F, 0xFF,
    0x00, 0x00, 0xFF, 0xFF,
    0xFF, 0xFF, 0xFF, 0xFF,
    0xFF, 0xFF, 0xFF, 0xFF,

    0x0A, 0xAA, 0xAA, 0xAA,
    0x00, 0xAA, 0xAA, 0xAA,
    0x00, 0xAA, 0xAA, 0xAA,
    0x00, 0xAA, 0xAA, 0xAA,
    0x00, 0x0A, 0xAA, 0xAA,
    0x00, 0x00, 0x66, 0x66,
    0x00, 0x00, 0x00, 0x00,
    0x00, 0x00, 0x00, 0x00,

    0xF0, 0x00, 0x00, 0x00,
    0xFF, 0x00, 0x00, 0x00,
    0xFF, 0x00, 0x00, 0x00,
    0xFF, 0x00, 0x00, 0x00,
    0xFF, 0xF0, 0x00, 0x00,
    0xFF, 0xFF, 0x00, 0x00,
    0xFF, 0xFF, 0xFF, 0xFF,
    0xFF, 0xFF, 0xFF, 0xFF,


/* Tile ID 935, isSolid: false */
    0x00, 0x00, 0x00, 0x6A,
    0x00, 0x00, 0x00, 0x6A,
    0x00, 0x00, 0x06, 0xAA,
    0x00, 0x00, 0x06, 0xAA,
    0x00, 0x00, 0x06, 0xAA,
    0x00, 0x00, 0x06, 0x6A,
    0x00, 0x00, 0x00, 0x06,
    0x00, 0x00, 0x00, 0x00,

    0xFF, 0xFF, 0xFF, 0x00,
    0xFF, 0xFF, 0xFF, 0x00,
    0xFF, 0xFF, 0xF0, 0x00,
    0xFF, 0xFF, 0xF0, 0x00,
    0xFF, 0xFF, 0xF0, 0x00,
    0xFF, 0xFF, 0xF0, 0x00,
    0xFF, 0xFF, 0xFF, 0xF0,
    0xFF, 0xFF, 0xFF, 0xFF,

    0xA6, 0x00, 0x00, 0x00,
    0xA6, 0x00, 0x00, 0x00,
    0xAA, 0x60, 0x00, 0x00,
    0xAA, 0x60, 0x00, 0x00,
    0xAA, 0x60, 0x00, 0x00,
    0xA6, 0x60, 0x00, 0x00,
    0x60, 0x00, 0x00, 0x00,
    0x00, 0x00, 0x00, 0x00,

    0x00, 0xFF, 0xFF, 0xFF,
    0x00, 0xFF, 0xFF, 0xFF,
    0x00, 0x0F, 0xFF, 0xFF,
    0x00, 0x0F, 0xFF, 0xFF,
    0x00, 0x0F, 0xFF, 0xFF,
    0x00, 0x0F, 0xFF, 0xFF,
    0x0F, 0xFF, 0xFF, 0xFF,
    0xFF, 0xFF, 0xFF, 0xFF,


/* Tile ID 936, isSolid: false */
    0xAA, 0xA0, 0xAA, 0x00,
    0xAA, 0xA0, 0xAA, 0x00,
    0xAA, 0xAA, 0xAA, 0x00,
    0xAA, 0xAA, 0xA0, 0x00,
    0xAA, 0xAA, 0x00, 0x00,
    0xAA, 0xA0, 0x00, 0x00,
    0xA0, 0x00, 0x00, 0x00,
    0x00, 0x00, 0x00, 0x00,

    0x00, 0x0F, 0x00, 0xFF,
    0x00, 0x0F, 0x00, 0xFF,
    0x00, 0x00, 0x00, 0xFF,
    0x00, 0x00, 0x0F, 0xFF,
    0x00, 0x00, 0xFF, 0xFF,
    0x00, 0x0F, 0xFF, 0xFF,
    0x0F, 0xFF, 0xFF, 0xFF,
    0xFF, 0xFF, 0xFF, 0xFF,

    0x00, 0xAA, 0x0A, 0xAA,
    0x00, 0xAA, 0x0A, 0xAA,
    0x00, 0xAA, 0xAA, 0xAA,
    0x00, 0x0A, 0xAA, 0xAA,
    0x00, 0x00, 0xAA, 0xAA,
    0x00, 0x00, 0x0A, 0xAA,
    0x00, 0x00, 0x00, 0x0A,
    0x00, 0x00, 0x00, 0x00,

    0xFF, 0x00, 0xF0, 0x00,
    0xFF, 0x00, 0xF0, 0x00,
    0xFF, 0x00, 0x00, 0x00,
    0xFF, 0xF0, 0x00, 0x00,
    0xFF, 0xFF, 0x00, 0x00,
    0xFF, 0xFF, 0xF0, 0x00,
    0xFF, 0xFF, 0xFF, 0xF0,
    0xFF, 0xFF, 0xFF, 0xFF,


/* Tile ID 937, isSolid: false */
    0x00, 0x00, 0x06, 0xAA,
    0x00, 0x00, 0x6A, 0xAA,
    0x00, 0x06, 0xAA, 0xAA,
    0x00, 0x06, 0xAA, 0xAA,
    0x00, 0x00, 0x6A, 0xAA,
    0x00, 0x00, 0x06, 0xAA,
    0x00, 0x00, 0x00, 0x00,
    0x00, 0x00, 0x00, 0x00,

    0xFF, 0xFF, 0xF0, 0x00,
    0xFF, 0xFF, 0x00, 0x00,
    0xFF, 0xF0, 0x00, 0x00,
    0xFF, 0xF0, 0x00, 0x00,
    0xFF, 0xFF, 0x00, 0x00,
    0xFF, 0xFF, 0xF0, 0x00,
    0xFF, 0xFF, 0xFF, 0xFF,
    0xFF, 0xFF, 0xFF, 0xFF,

    0xAA, 0x60, 0x00, 0x00,
    0xAA, 0xA6, 0x00, 0x00,
    0xAA, 0xAA, 0x60, 0x00,
    0xAA, 0xAA, 0x60, 0x00,
    0xAA, 0xA6, 0x00, 0x00,
    0xAA, 0x60, 0x00, 0x00,
    0x00, 0x00, 0x00, 0x00,
    0x00, 0x00, 0x00, 0x00,

    0x00, 0x0F, 0xFF, 0xFF,
    0x00, 0x00, 0xFF, 0xFF,
    0x00, 0x00, 0x0F, 0xFF,
    0x00, 0x00, 0x0F, 0xFF,
    0x00, 0x00, 0xFF, 0xFF,
    0x00, 0x0F, 0xFF, 0xFF,
    0xFF, 0xFF, 0xFF, 0xFF,
    0xFF, 0xFF, 0xFF, 0xFF,


/* Tile ID 938, isSolid: false */
    0xAA, 0xAA, 0xA0, 0x00,
    0xAA, 0x00, 0xAA, 0x00,
    0xAA, 0x0A, 0xAA, 0x00,
    0xAA, 0xAA, 0xA0, 0x00,
    0xAA, 0xAA, 0x00, 0x00,
    0xAA, 0x00, 0x00, 0x00,
    0x00, 0x00, 0x00, 0x00,
    0x00, 0x00, 0x00, 0x00,

    0x00, 0x00, 0x0F, 0xFF,
    0x00, 0xFF, 0x00, 0xFF,
    0x00, 0xF0, 0x00, 0xFF,
    0x00, 0x00, 0x0F, 0xFF,
    0x00, 0x00, 0xFF, 0xFF,
    0x00, 0xFF, 0xFF, 0xFF,
    0xFF, 0xFF, 0xFF, 0xFF,
    0xFF, 0xFF, 0xFF, 0xFF,

    0x00, 0x0A, 0xAA, 0xAA,
    0x00, 0xAA, 0x00, 0xAA,
    0x00, 0xAA, 0xA0, 0xAA,
    0x00, 0x0A, 0xAA, 0xAA,
    0x00, 0x00, 0xAA, 0xAA,
    0x00, 0x00, 0x00, 0xAA,
    0x00, 0x00, 0x00, 0x00,
    0x00, 0x00, 0x00, 0x00,

    0xFF, 0xF0, 0x00, 0x00,
    0xFF, 0x00, 0xFF, 0x00,
    0xFF, 0x00, 0x0F, 0x00,
    0xFF, 0xF0, 0x00, 0x00,
    0xFF, 0xFF, 0x00, 0x00,
    0xFF, 0xFF, 0xFF, 0x00,
    0xFF, 0xFF, 0xFF, 0xFF,
    0xFF, 0xFF, 0xFF, 0xFF,


/* Tile ID 939, isSolid: false */
    0x00, 0x00, 0x08, 0xCC,
    0x00, 0x00, 0x8C, 0xCC,
    0x00, 0x08, 0xCC, 0xCC,
    0x00, 0x00, 0x88, 0x88,
    0x00, 0x00, 0x0A, 0xAA,
    0x00, 0x00, 0x00, 0x00,
    0x00, 0x00, 0x00, 0x00,
    0x00, 0x00, 0x00, 0x00,

    0xFF, 0xFF, 0xF0, 0x00,
    0xFF, 0xFF, 0x00, 0x00,
    0xFF, 0xF0, 0x00, 0x00,
    0xFF, 0xFF, 0x00, 0x00,
    0xFF, 0xFF, 0xF0, 0x00,
    0xFF, 0xFF, 0xFF, 0xFF,
    0xFF, 0xFF, 0xFF, 0xFF,
    0xFF, 0xFF, 0xFF, 0xFF,

    0xCC, 0x80, 0x00, 0x00,
    0xCC, 0xC8, 0x00, 0x00,
    0xCC, 0xCC, 0x80, 0x00,
    0x88, 0x88, 0x00, 0x00,
    0xAA, 0xA0, 0x00, 0x00,
    0x00, 0x00, 0x00, 0x00,
    0x00, 0x00, 0x00, 0x00,
    0x00, 0x00, 0x00, 0x00,

    0x00, 0x0F, 0xFF, 0xFF,
    0x00, 0x00, 0xFF, 0xFF,
    0x00, 0x00, 0x0F, 0xFF,
    0x00, 0x00, 0xFF, 0xFF,
    0x00, 0x0F, 0xFF, 0xFF,
    0xFF, 0xFF, 0xFF, 0xFF,
    0xFF, 0xFF, 0xFF, 0xFF,
    0xFF, 0xFF, 0xFF, 0xFF,


/* Tile ID 940, isSolid: false */
    0xC8, 0x00, 0x00, 0x00,
    0xCC, 0x80, 0x00, 0x00,
    0xCC, 0xC8, 0x00, 0x00,
    0x88, 0x80, 0x00, 0x00,
    0xAA, 0x00, 0x00, 0x00,
    0x00, 0x00, 0x00, 0x00,
    0x00, 0x00, 0x00, 0x00,
    0x00, 0x00, 0x00, 0x00,

    0x00, 0xFF, 0xFF, 0xFF,
    0x00, 0x0F, 0xFF, 0xFF,
    0x00, 0x00, 0xFF, 0xFF,
    0x00, 0x0F, 0xFF, 0xFF,
    0x00, 0xFF, 0xFF, 0xFF,
    0xFF, 0xFF, 0xFF, 0xFF,
    0xFF, 0xFF, 0xFF, 0xFF,
    0xFF, 0xFF, 0xFF, 0xFF,

    0x00, 0x00, 0x00, 0x8C,
    0x00, 0x00, 0x08, 0xCC,
    0x00, 0x00, 0x8C, 0xCC,
    0x00, 0x00, 0x08, 0x88,
    0x00, 0x00, 0x00, 0xAA,
    0x00, 0x00, 0x00, 0x00,
    0x00, 0x00, 0x00, 0x00,
    0x00, 0x00, 0x00, 0x00,

    0xFF, 0xFF, 0xFF, 0x00,
    0xFF, 0xFF, 0xF0, 0x00,
    0xFF, 0xFF, 0x00, 0x00,
    0xFF, 0xFF, 0xF0, 0x00,
    0xFF, 0xFF, 0xFF, 0x00,
    0xFF, 0xFF, 0xFF, 0xFF,
    0xFF, 0xFF, 0xFF, 0xFF,
    0xFF, 0xFF, 0xFF, 0xFF,


/* Tile ID 941, isSolid: false */
    0x00, 0x8C, 0xCC, 0xCC,
    0x00, 0x08, 0xCC, 0xCC,
    0x00, 0x0A, 0x88, 0xCC,
    0x00, 0x00, 0xAA, 0x88,
    0x00, 0x00, 0x00, 0xAA,
    0x00, 0x00, 0x00, 0x00,
    0x00, 0x00, 0x00, 0x00,
    0x00, 0x00, 0x00, 0x00,

    0xFF, 0x00, 0x00, 0x00,
    0xFF, 0xF0, 0x00, 0x00,
    0xFF, 0xF0, 0x00, 0x00,
    0xFF, 0xFF, 0x00, 0x00,
    0xFF, 0xFF, 0xFF, 0x00,
    0xFF, 0xFF, 0xFF, 0xFF,
    0xFF, 0xFF, 0xFF, 0xFF,
    0xFF, 0xFF, 0xFF, 0xFF,

    0xCC, 0xCC, 0xC8, 0x00,
    0xCC, 0xCC, 0x80, 0x00,
    0xCC, 0x88, 0xA0, 0x00,
    0x88, 0xAA, 0x00, 0x00,
    0xAA, 0x00, 0x00, 0x00,
    0x00, 0x00, 0x00, 0x00,
    0x00, 0x00, 0x00, 0x00,
    0x00, 0x00, 0x00, 0x00,

    0x00, 0x00, 0x00, 0xFF,
    0x00, 0x00, 0x0F, 0xFF,
    0x00, 0x00, 0x0F, 0xFF,
    0x00, 0x00, 0xFF, 0xFF,
    0x00, 0xFF, 0xFF, 0xFF,
    0xFF, 0xFF, 0xFF, 0xFF,
    0xFF, 0xFF, 0xFF, 0xFF,
    0xFF, 0xFF, 0xFF, 0xFF,


/* Tile ID 942, isSolid: false */
    0x80, 0x00, 0x80, 0x00,
    0xC8, 0x00, 0x00, 0x00,
    0xC8, 0x00, 0x00, 0x00,
    0x88, 0x00, 0x00, 0x00,
    0x00, 0x00, 0x00, 0x00,
    0x00, 0x00, 0x00, 0x00,
    0x00, 0x00, 0x00, 0x00,
    0x00, 0x00, 0x00, 0x00,

    0x0F, 0xFF, 0x0F, 0xFF,
    0x00, 0xFF, 0xFF, 0xFF,
    0x00, 0xFF, 0xFF, 0xFF,
    0x00, 0xFF, 0xFF, 0xFF,
    0xFF, 0xFF, 0xFF, 0xFF,
    0xFF, 0xFF, 0xFF, 0xFF,
    0xFF, 0xFF, 0xFF, 0xFF,
    0xFF, 0xFF, 0xFF, 0xFF,

    0x00, 0x08, 0x00, 0x08,
    0x00, 0x00, 0x00, 0x8C,
    0x00, 0x00, 0x00, 0x8C,
    0x00, 0x00, 0x00, 0x88,
    0x00, 0x00, 0x00, 0x00,
    0x00, 0x00, 0x00, 0x00,
    0x00, 0x00, 0x00, 0x00,
    0x00, 0x00, 0x00, 0x00,

    0xFF, 0xF0, 0xFF, 0xF0,
    0xFF, 0xFF, 0xFF, 0x00,
    0xFF, 0xFF, 0xFF, 0x00,
    0xFF, 0xFF, 0xFF, 0x00,
    0xFF, 0xFF, 0xFF, 0xFF,
    0xFF, 0xFF, 0xFF, 0xFF,
    0xFF, 0xFF, 0xFF, 0xFF,
    0xFF, 0xFF, 0xFF, 0xFF,


/* Tile ID 943, isSolid: false */
    0x00, 0x88, 0xCC, 0xC8,
    0x00, 0xA8, 0x8C, 0xC8,
    0x00, 0x0A, 0x88, 0xC8,
    0x00, 0x00, 0xA8, 0x88,
    0x00, 0x00, 0x00, 0x00,
    0x00, 0x00, 0x00, 0x00,
    0x00, 0x00, 0x00, 0x00,
    0x00, 0x00, 0x00, 0x00,

    0xFF, 0x00, 0x00, 0x00,
    0xFF, 0x00, 0x00, 0x00,
    0xFF, 0xF0, 0x00, 0x00,
    0xFF, 0xFF, 0x00, 0x00,
    0xFF, 0xFF, 0xFF, 0xFF,
    0xFF, 0xFF, 0xFF, 0xFF,
    0xFF, 0xFF, 0xFF, 0xFF,
    0xFF, 0xFF, 0xFF, 0xFF,

    0x8C, 0xCC, 0x88, 0x00,
    0x8C, 0xC8, 0x8A, 0x00,
    0x8C, 0x88, 0xA0, 0x00,
    0x88, 0x8A, 0x00, 0x00,
    0x00, 0x00, 0x00, 0x00,
    0x00, 0x00, 0x00, 0x00,
    0x00, 0x00, 0x00, 0x00,
    0x00, 0x00, 0x00, 0x00,

    0x00, 0x00, 0x00, 0xFF,
    0x00, 0x00, 0x00, 0xFF,
    0x00, 0x00, 0x0F, 0xFF,
    0x00, 0x00, 0xFF, 0xFF,
    0xFF, 0xFF, 0xFF, 0xFF,
    0xFF, 0xFF, 0xFF, 0xFF,
    0xFF, 0xFF, 0xFF, 0xFF,
    0xFF, 0xFF, 0xFF, 0xFF,


/* Tile ID 944, isSolid: false */
    0x08, 0x88, 0x00, 0x00,
    0x00, 0x88, 0x00, 0x00,
    0x00, 0x00, 0x00, 0x00,
    0x00, 0x00, 0x00, 0x00,
    0x00, 0x00, 0x00, 0x00,
    0x00, 0x00, 0x00, 0x00,
    0x00, 0x00, 0x00, 0x00,
    0x00, 0x00, 0x00, 0x00,

    0xF0, 0x00, 0xFF, 0xFF,
    0xFF, 0x00, 0xFF, 0xFF,
    0xFF, 0xFF, 0xFF, 0xFF,
    0xFF, 0xFF, 0xFF, 0xFF,
    0xFF, 0xFF, 0xFF, 0xFF,
    0xFF, 0xFF, 0xFF, 0xFF,
    0xFF, 0xFF, 0xFF, 0xFF,
    0xFF, 0xFF, 0xFF, 0xFF,

    0x00, 0x00, 0x88, 0x80,
    0x00, 0x00, 0x88, 0x00,
    0x00, 0x00, 0x00, 0x00,
    0x00, 0x00, 0x00, 0x00,
    0x00, 0x00, 0x00, 0x00,
    0x00, 0x00, 0x00, 0x00,
    0x00, 0x00, 0x00, 0x00,
    0x00, 0x00, 0x00, 0x00,

    0xFF, 0xFF, 0x00, 0x0F,
    0xFF, 0xFF, 0x00, 0xFF,
    0xFF, 0xFF, 0xFF, 0xFF,
    0xFF, 0xFF, 0xFF, 0xFF,
    0xFF, 0xFF, 0xFF, 0xFF,
    0xFF, 0xFF, 0xFF, 0xFF,
    0xFF, 0xFF, 0xFF, 0xFF,
    0xFF, 0xFF, 0xFF, 0xFF,


/* Tile ID 945, isSolid: false */
    0x00, 0xA8, 0xCC, 0xC8,
    0x00, 0x0A, 0x8C, 0xC8,
    0x00, 0x0A, 0x8C, 0xC8,
    0x00, 0x00, 0x88, 0x80,
    0x00, 0x00, 0x00, 0x80,
    0x00, 0x00, 0x00, 0x00,
    0x00, 0x00, 0x00, 0x00,
    0x00, 0x00, 0x00, 0x00,

    0xFF, 0x00, 0x00, 0x00,
    0xFF, 0xF0, 0x00, 0x00,
    0xFF, 0xF0, 0x00, 0x00,
    0xFF, 0xFF, 0x00, 0x0F,
    0xFF, 0xFF, 0xFF, 0x0F,
    0xFF, 0xFF, 0xFF, 0xFF,
    0xFF, 0xFF, 0xFF, 0xFF,
    0xFF, 0xFF, 0xFF, 0xFF,

    0x8C, 0xCC, 0x8A, 0x00,
    0x8C, 0xC8, 0xA0, 0x00,
    0x8C, 0xC8, 0xA0, 0x00,
    0x08, 0x88, 0x00, 0x00,
    0x08, 0x00, 0x00, 0x00,
    0x00, 0x00, 0x00, 0x00,
    0x00, 0x00, 0x00, 0x00,
    0x00, 0x00, 0x00, 0x00,

    0x00, 0x00, 0x00, 0xFF,
    0x00, 0x00, 0x0F, 0xFF,
    0x00, 0x00, 0x0F, 0xFF,
    0xF0, 0x00, 0xFF, 0xFF,
    0xF0, 0xFF, 0xFF, 0xFF,
    0xFF, 0xFF, 0xFF, 0xFF,
    0xFF, 0xFF, 0xFF, 0xFF,
    0xFF, 0xFF, 0xFF, 0xFF,


/* Tile ID 946, isSolid: false */
    0x8C, 0xC8, 0x00, 0x00,
    0x08, 0xC8, 0x00, 0x00,
    0x00, 0x80, 0x00, 0x00,
    0x00, 0x80, 0x00, 0x00,
    0x00, 0x00, 0x00, 0x00,
    0x00, 0x00, 0x00, 0x00,
    0x00, 0x00, 0x00, 0x00,
    0x00, 0x00, 0x00, 0x00,

    0x00, 0x00, 0xFF, 0xFF,
    0xF0, 0x00, 0xFF, 0xFF,
    0xFF, 0x0F, 0xFF, 0xFF,
    0xFF, 0x0F, 0xFF, 0xFF,
    0xFF, 0xFF, 0xFF, 0xFF,
    0xFF, 0xFF, 0xFF, 0xFF,
    0xFF, 0xFF, 0xFF, 0xFF,
    0xFF, 0xFF, 0xFF, 0xFF,

    0x00, 0x00, 0x8C, 0xC8,
    0x00, 0x00, 0x8C, 0x80,
    0x00, 0x00, 0x08, 0x00,
    0x00, 0x00, 0x08, 0x00,
    0x00, 0x00, 0x00, 0x00,
    0x00, 0x00, 0x00, 0x00,
    0x00, 0x00, 0x00, 0x00,
    0x00, 0x00, 0x00, 0x00,

    0xFF, 0xFF, 0x00, 0x00,
    0xFF, 0xFF, 0x00, 0x0F,
    0xFF, 0xFF, 0xF0, 0xFF,
    0xFF, 0xFF, 0xF0, 0xFF,
    0xFF, 0xFF, 0xFF, 0xFF,
    0xFF, 0xFF, 0xFF, 0xFF,
    0xFF, 0xFF, 0xFF, 0xFF,
    0xFF, 0xFF, 0xFF, 0xFF,


/* Tile ID 947, isSolid: false */
    0x00, 0xA8, 0xCC, 0xC8,
    0x00, 0xA8, 0xCC, 0x80,
    0x00, 0x08, 0xC8, 0x00,
    0x00, 0x00, 0x80, 0x00,
    0x00, 0x00, 0x00, 0x00,
    0x00, 0x00, 0x00, 0x00,
    0x00, 0x00, 0x00, 0x00,
    0x00, 0x00, 0x00, 0x00,

    0xFF, 0x00, 0x00, 0x00,
    0xFF, 0x00, 0x00, 0x0F,
    0xFF, 0xF0, 0x00, 0xFF,
    0xFF, 0xFF, 0x0F, 0xFF,
    0xFF, 0xFF, 0xFF, 0xFF,
    0xFF, 0xFF, 0xFF, 0xFF,
    0xFF, 0xFF, 0xFF, 0xFF,
    0xFF, 0xFF, 0xFF, 0xFF,

    0x8C, 0xCC, 0x8A, 0x00,
    0x08, 0xCC, 0x8A, 0x00,
    0x00, 0x8C, 0x80, 0x00,
    0x00, 0x08, 0x00, 0x00,
    0x00, 0x00, 0x00, 0x00,
    0x00, 0x00, 0x00, 0x00,
    0x00, 0x00, 0x00, 0x00,
    0x00, 0x00, 0x00, 0x00,

    0x00, 0x00, 0x00, 0xFF,
    0xF0, 0x00, 0x00, 0xFF,
    0xFF, 0x00, 0x0F, 0xFF,
    0xFF, 0xF0, 0xFF, 0xFF,
    0xFF, 0xFF, 0xFF, 0xFF,
    0xFF, 0xFF, 0xFF, 0xFF,
    0xFF, 0xFF, 0xFF, 0xFF,
    0xFF, 0xFF, 0xFF, 0xFF,


/* Tile ID 948, isSolid: false */
    0xC0, 0x0C, 0x80, 0x00,
    0x8C, 0xC8, 0x00, 0x00,
    0x8C, 0x80, 0x00, 0x00,
    0x88, 0x00, 0x00, 0x00,
    0x80, 0x00, 0x00, 0x00,
    0x00, 0x00, 0x00, 0x00,
    0x00, 0x00, 0x00, 0x00,
    0x00, 0x00, 0x00, 0x00,

    0x0F, 0xF0, 0x0F, 0xFF,
    0x00, 0x00, 0xFF, 0xFF,
    0x00, 0x0F, 0xFF, 0xFF,
    0x00, 0xFF, 0xFF, 0xFF,
    0x0F, 0xFF, 0xFF, 0xFF,
    0xFF, 0xFF, 0xFF, 0xFF,
    0xFF, 0xFF, 0xFF, 0xFF,
    0xFF, 0xFF, 0xFF, 0xFF,

    0x00, 0x08, 0xC0, 0x0C,
    0x00, 0x00, 0x8C, 0xC8,
    0x00, 0x00, 0x08, 0xC8,
    0x00, 0x00, 0x00, 0x88,
    0x00, 0x00, 0x00, 0x08,
    0x00, 0x00, 0x00, 0x00,
    0x00, 0x00, 0x00, 0x00,
    0x00, 0x00, 0x00, 0x00,

    0xFF, 0xF0, 0x0F, 0xF0,
    0xFF, 0xFF, 0x00, 0x00,
    0xFF, 0xFF, 0xF0, 0x00,
    0xFF, 0xFF, 0xFF, 0x00,
    0xFF, 0xFF, 0xFF, 0xF0,
    0xFF, 0xFF, 0xFF, 0xFF,
    0xFF, 0xFF, 0xFF, 0xFF,
    0xFF, 0xFF, 0xFF, 0xFF,


/* Tile ID 949, isSolid: false */
    0x00, 0x00, 0xBB, 0xDD,
    0x00, 0x00, 0xBB, 0xDD,
    0x00, 0x0B, 0xBD, 0xDB,
    0x00, 0xBB, 0xBB, 0xB1,
    0x00, 0x0B, 0xBB, 0xB1,
    0x00, 0x00, 0x00, 0x00,
    0x00, 0x00, 0x00, 0x00,
    0x00, 0x00, 0x00, 0x00,

    0xFF, 0xFF, 0x00, 0x00,
    0xFF, 0xFF, 0x00, 0x00,
    0xFF, 0xF0, 0x00, 0x00,
    0xFF, 0x00, 0x00, 0x00,
    0xFF, 0xF0, 0x00, 0x00,
    0xFF, 0xFF, 0xFF, 0xFF,
    0xFF, 0xFF, 0xFF, 0xFF,
    0xFF, 0xFF, 0xFF, 0xFF,

    0xDD, 0xBB, 0x00, 0x00,
    0xDD, 0xBB, 0x00, 0x00,
    0xBD, 0xDB, 0xB0, 0x00,
    0x1B, 0xBB, 0xBB, 0x00,
    0x1B, 0xBB, 0xB0, 0x00,
    0x00, 0x00, 0x00, 0x00,
    0x00, 0x00, 0x00, 0x00,
    0x00, 0x00, 0x00, 0x00,

    0x00, 0x00, 0xFF, 0xFF,
    0x00, 0x00, 0xFF, 0xFF,
    0x00, 0x00, 0x0F, 0xFF,
    0x00, 0x00, 0x00, 0xFF,
    0x00, 0x00, 0x0F, 0xFF,
    0xFF, 0xFF, 0xFF, 0xFF,
    0xFF, 0xFF, 0xFF, 0xFF,
    0xFF, 0xFF, 0xFF, 0xFF,


/* Tile ID 950, isSolid: false */
    0xDD, 0xDB, 0xB0, 0x00,
    0xBD, 0xDB, 0xB0, 0x00,
    0x1B, 0xDD, 0xBB, 0x00,
    0x11, 0xBB, 0xBB, 0xB0,
    0x11, 0xBB, 0xBB, 0x00,
    0x00, 0x00, 0x00, 0x00,
    0x00, 0x00, 0x00, 0x00,
    0x00, 0x00, 0x00, 0x00,

    0x00, 0x00, 0x0F, 0xFF,
    0x00, 0x00, 0x0F, 0xFF,
    0x00, 0x00, 0x00, 0xFF,
    0x00, 0x00, 0x00, 0x0F,
    0x00, 0x00, 0x00, 0xFF,
    0xFF, 0xFF, 0xFF, 0xFF,
    0xFF, 0xFF, 0xFF, 0xFF,
    0xFF, 0xFF, 0xFF, 0xFF,

    0x00, 0x0B, 0xBD, 0xDD,
    0x00, 0x0B, 0xBD, 0xDB,
    0x00, 0xBB, 0xDD, 0xB1,
    0x0B, 0xBB, 0xBB, 0x11,
    0x00, 0xBB, 0xBB, 0x11,
    0x00, 0x00, 0x00, 0x00,
    0x00, 0x00, 0x00, 0x00,
    0x00, 0x00, 0x00, 0x00,

    0xFF, 0xF0, 0x00, 0x00,
    0xFF, 0xF0, 0x00, 0x00,
    0xFF, 0x00, 0x00, 0x00,
    0xF0, 0x00, 0x00, 0x00,
    0xFF, 0x00, 0x00, 0x00,
    0xFF, 0xFF, 0xFF, 0xFF,
    0xFF, 0xFF, 0xFF, 0xFF,
    0xFF, 0xFF, 0xFF, 0xFF,


/* Tile ID 951, isSolid: false */
    0x0B, 0xBB, 0xDD, 0xDD,
    0x0B, 0xBB, 0xDD, 0xBB,
    0x00, 0xBB, 0xBB, 0x11,
    0x00, 0x00, 0xB1, 0x11,
    0x00, 0x00, 0x00, 0x11,
    0x00, 0x00, 0x00, 0x00,
    0x00, 0x00, 0x00, 0x00,
    0x00, 0x00, 0x00, 0x00,

    0xF0, 0x00, 0x00, 0x00,
    0xF0, 0x00, 0x00, 0x00,
    0xFF, 0x00, 0x00, 0x00,
    0xFF, 0xFF, 0x00, 0x00,
    0xFF, 0xFF, 0xFF, 0x00,
    0xFF, 0xFF, 0xFF, 0xFF,
    0xFF, 0xFF, 0xFF, 0xFF,
    0xFF, 0xFF, 0xFF, 0xFF,

    0xDD, 0xDD, 0xBB, 0xB0,
    0xBB, 0xDD, 0xBB, 0xB0,
    0x11, 0xBB, 0xBB, 0x00,
    0x11, 0x1B, 0x00, 0x00,
    0x11, 0x00, 0x00, 0x00,
    0x00, 0x00, 0x00, 0x00,
    0x00, 0x00, 0x00, 0x00,
    0x00, 0x00, 0x00, 0x00,

    0x00, 0x00, 0x00, 0x0F,
    0x00, 0x00, 0x00, 0x0F,
    0x00, 0x00, 0x00, 0xFF,
    0x00, 0x00, 0xFF, 0xFF,
    0x00, 0xFF, 0xFF, 0xFF,
    0xFF, 0xFF, 0xFF, 0xFF,
    0xFF, 0xFF, 0xFF, 0xFF,
    0xFF, 0xFF, 0xFF, 0xFF,


/* Tile ID 952, isSolid: false */
    0xDD, 0xDB, 0x00, 0x00,
    0xDD, 0xBB, 0x00, 0x00,
    0xBD, 0xBB, 0x00, 0x00,
    0xBD, 0xBB, 0x00, 0x00,
    0xBB, 0xBB, 0x00, 0x00,
    0x0B, 0xBB, 0xB0, 0x00,
    0x00, 0x00, 0x00, 0x00,
    0x00, 0x00, 0x00, 0x00,

    0x00, 0x00, 0xFF, 0xFF,
    0x00, 0x00, 0xFF, 0xFF,
    0x00, 0x00, 0xFF, 0xFF,
    0x00, 0x00, 0xFF, 0xFF,
    0x00, 0x00, 0xFF, 0xFF,
    0xF0, 0x00, 0x0F, 0xFF,
    0xFF, 0xFF, 0xFF, 0xFF,
    0xFF, 0xFF, 0xFF, 0xFF,

    0x00, 0x00, 0xBD, 0xDD,
    0x00, 0x00, 0xBB, 0xDD,
    0x00, 0x00, 0xBB, 0xDB,
    0x00, 0x00, 0xBB, 0xDB,
    0x00, 0x00, 0xBB, 0xBB,
    0x00, 0x0B, 0xBB, 0xB0,
    0x00, 0x00, 0x00, 0x00,
    0x00, 0x00, 0x00, 0x00,

    0xFF, 0xFF, 0x00, 0x00,
    0xFF, 0xFF, 0x00, 0x00,
    0xFF, 0xFF, 0x00, 0x00,
    0xFF, 0xFF, 0x00, 0x00,
    0xFF, 0xFF, 0x00, 0x00,
    0xFF, 0xF0, 0x00, 0x0F,
    0xFF, 0xFF, 0xFF, 0xFF,
    0xFF, 0xFF, 0xFF, 0xFF,


/* Tile ID 953, isSolid: false */
    0x00, 0x0B, 0xB1, 0x1B,
    0x00, 0x00, 0x11, 0x1B,
    0x00, 0x00, 0x01, 0x1B,
    0x00, 0x00, 0x00, 0x1B,
    0x00, 0x00, 0x00, 0x0B,
    0x00, 0x00, 0x00, 0x00,
    0x00, 0x00, 0x00, 0x00,
    0x00, 0x00, 0x00, 0x00,

    0xFF, 0xF0, 0x00, 0x00,
    0xFF, 0xFF, 0x00, 0x00,
    0xFF, 0xFF, 0xF0, 0x00,
    0xFF, 0xFF, 0xFF, 0x00,
    0xFF, 0xFF, 0xFF, 0xF0,
    0xFF, 0xFF, 0xFF, 0xFF,
    0xFF, 0xFF, 0xFF, 0xFF,
    0xFF, 0xFF, 0xFF, 0xFF,

    0xB1, 0x1B, 0xB0, 0x00,
    0xB1, 0x11, 0x00, 0x00,
    0xB1, 0x10, 0x00, 0x00,
    0xB1, 0x00, 0x00, 0x00,
    0xB0, 0x00, 0x00, 0x00,
    0x00, 0x00, 0x00, 0x00,
    0x00, 0x00, 0x00, 0x00,
    0x00, 0x00, 0x00, 0x00,

    0x00, 0x00, 0x0F, 0xFF,
    0x00, 0x00, 0xFF, 0xFF,
    0x00, 0x0F, 0xFF, 0xFF,
    0x00, 0xFF, 0xFF, 0xFF,
    0x0F, 0xFF, 0xFF, 0xFF,
    0xFF, 0xFF, 0xFF, 0xFF,
    0xFF, 0xFF, 0xFF, 0xFF,
    0xFF, 0xFF, 0xFF, 0xFF,


/* Tile ID 954, isSolid: false */
    0xDD, 0xBB, 0x00, 0x00,
    0xDD, 0xBB, 0x00, 0x00,
    0xDB, 0xB0, 0x00, 0x00,
    0xBB, 0xB0, 0x00, 0x00,
    0xBB, 0xB0, 0x00, 0x00,
    0xBB, 0xB0, 0x00, 0x00,
    0x00, 0x00, 0x00, 0x00,
    0x00, 0x00, 0x00, 0x00,

    0x00, 0x00, 0xFF, 0xFF,
    0x00, 0x00, 0xFF, 0xFF,
    0x00, 0x0F, 0xFF, 0xFF,
    0x00, 0x0F, 0xFF, 0xFF,
    0x00, 0x0F, 0xFF, 0xFF,
    0x00, 0x0F, 0xFF, 0xFF,
    0xFF, 0xFF, 0xFF, 0xFF,
    0xFF, 0xFF, 0xFF, 0xFF,

    0x00, 0x00, 0xBB, 0xDD,
    0x00, 0x00, 0xBB, 0xDD,
    0x00, 0x00, 0x0B, 0xBD,
    0x00, 0x00, 0x0B, 0xBB,
    0x00, 0x00, 0x0B, 0xBB,
    0x00, 0x00, 0x0B, 0xBB,
    0x00, 0x00, 0x00, 0x00,
    0x00, 0x00, 0x00, 0x00,

    0xFF, 0xFF, 0x00, 0x00,
    0xFF, 0xFF, 0x00, 0x00,
    0xFF, 0xFF, 0xF0, 0x00,
    0xFF, 0xFF, 0xF0, 0x00,
    0xFF, 0xFF, 0xF0, 0x00,
    0xFF, 0xFF, 0xF0, 0x00,
    0xFF, 0xFF, 0xFF, 0xFF,
    0xFF, 0xFF, 0xFF, 0xFF,


/* Tile ID 955, isSolid: false */
    0x00, 0x01, 0x11, 0xBD,
    0x00, 0x00, 0x1B, 0xDD,
    0x00, 0x00, 0xBB, 0xDD,
    0x00, 0x00, 0x0B, 0xBB,
    0x00, 0x00, 0x0B, 0xBB,
    0x00, 0x00, 0x00, 0xBB,
    0x00, 0x00, 0x00, 0x00,
    0x00, 0x00, 0x00, 0x00,

    0xFF, 0xF0, 0x00, 0x00,
    0xFF, 0xFF, 0x00, 0x00,
    0xFF, 0xFF, 0x00, 0x00,
    0xFF, 0xFF, 0xF0, 0x00,
    0xFF, 0xFF, 0xF0, 0x00,
    0xFF, 0xFF, 0xFF, 0x00,
    0xFF, 0xFF, 0xFF, 0xFF,
    0xFF, 0xFF, 0xFF, 0xFF,

    0xDB, 0x11, 0x10, 0x00,
    0xDD, 0xB1, 0x00, 0x00,
    0xDD, 0xBB, 0x00, 0x00,
    0xBB, 0xB0, 0x00, 0x00,
    0xBB, 0xB0, 0x00, 0x00,
    0xBB, 0x00, 0x00, 0x00,
    0x00, 0x00, 0x00, 0x00,
    0x00, 0x00, 0x00, 0x00,

    0x00, 0x00, 0x0F, 0xFF,
    0x00, 0x00, 0xFF, 0xFF,
    0x00, 0x00, 0xFF, 0xFF,
    0x00, 0x0F, 0xFF, 0xFF,
    0x00, 0x0F, 0xFF, 0xFF,
    0x00, 0xFF, 0xFF, 0xFF,
    0xFF, 0xFF, 0xFF, 0xFF,
    0xFF, 0xFF, 0xFF, 0xFF,


/* Tile ID 956, isSolid: false */
    0xDD, 0xBB, 0xB0, 0x00,
    0xBB, 0xB0, 0x00, 0x00,
    0xBB, 0x00, 0x00, 0x00,
    0xB0, 0x00, 0x00, 0x00,
    0x00, 0x00, 0x00, 0x00,
    0x00, 0x00, 0x00, 0x00,
    0x00, 0x00, 0x00, 0x00,
    0x00, 0x00, 0x00, 0x00,

    0x00, 0x00, 0x0F, 0xFF,
    0x00, 0x0F, 0xFF, 0xFF,
    0x00, 0xFF, 0xFF, 0xFF,
    0x0F, 0xFF, 0xFF, 0xFF,
    0xFF, 0xFF, 0xFF, 0xFF,
    0xFF, 0xFF, 0xFF, 0xFF,
    0xFF, 0xFF, 0xFF, 0xFF,
    0xFF, 0xFF, 0xFF, 0xFF,

    0x00, 0x0B, 0xBB, 0xDD,
    0x00, 0x00, 0x0B, 0xBB,
    0x00, 0x00, 0x00, 0xBB,
    0x00, 0x00, 0x00, 0x0B,
    0x00, 0x00, 0x00, 0x00,
    0x00, 0x00, 0x00, 0x00,
    0x00, 0x00, 0x00, 0x00,
    0x00, 0x00, 0x00, 0x00,

    0xFF, 0xF0, 0x00, 0x00,
    0xFF, 0xFF, 0xF0, 0x00,
    0xFF, 0xFF, 0xFF, 0x00,
    0xFF, 0xFF, 0xFF, 0xF0,
    0xFF, 0xFF, 0xFF, 0xFF,
    0xFF, 0xFF, 0xFF, 0xFF,
    0xFF, 0xFF, 0xFF, 0xFF,
    0xFF, 0xFF, 0xFF, 0xFF,


/* Tile ID 957, isSolid: false */
    0x00, 0x11, 0xBD, 0xDD,
    0x00, 0xBB, 0xDD, 0xDD,
    0x00, 0xBB, 0xDB, 0xBB,
    0x00, 0xBB, 0xBB, 0xBB,
    0x00, 0xBB, 0xB0, 0x00,
    0x00, 0x0B, 0x00, 0x00,
    0x00, 0x00, 0x00, 0x00,
    0x00, 0x00, 0x00, 0x00,

    0xFF, 0x00, 0x00, 0x00,
    0xFF, 0x00, 0x00, 0x00,
    0xFF, 0x00, 0x00, 0x00,
    0xFF, 0x00, 0x00, 0x00,
    0xFF, 0x00, 0x0F, 0xFF,
    0xFF, 0xF0, 0xFF, 0xFF,
    0xFF, 0xFF, 0xFF, 0xFF,
    0xFF, 0xFF, 0xFF, 0xFF,

    0xDD, 0xDB, 0x11, 0x00,
    0xDD, 0xDD, 0xBB, 0x00,
    0xBB, 0xBD, 0xBB, 0x00,
    0xBB, 0xBB, 0xBB, 0x00,
    0x00, 0x0B, 0xBB, 0x00,
    0x00, 0x00, 0xB0, 0x00,
    0x00, 0x00, 0x00, 0x00,
    0x00, 0x00, 0x00, 0x00,

    0x00, 0x00, 0x00, 0xFF,
    0x00, 0x00, 0x00, 0xFF,
    0x00, 0x00, 0x00, 0xFF,
    0x00, 0x00, 0x00, 0xFF,
    0xFF, 0xF0, 0x00, 0xFF,
    0xFF, 0xFF, 0x0F, 0xFF,
    0xFF, 0xFF, 0xFF, 0xFF,
    0xFF, 0xFF, 0xFF, 0xFF,


/* Tile ID 958, isSolid: false */
    0xDB, 0xBD, 0xBB, 0x00,
    0xDB, 0xBB, 0xB0, 0x00,
    0xBB, 0xBB, 0x00, 0x00,
    0x00, 0x00, 0x00, 0x00,
    0x00, 0x00, 0x00, 0x00,
    0x00, 0x00, 0x00, 0x00,
    0x00, 0x00, 0x00, 0x00,
    0x00, 0x00, 0x00, 0x00,

    0x00, 0x00, 0x00, 0xFF,
    0x00, 0x00, 0x0F, 0xFF,
    0x00, 0x00, 0xFF, 0xFF,
    0xFF, 0xFF, 0xFF, 0xFF,
    0xFF, 0xFF, 0xFF, 0xFF,
    0xFF, 0xFF, 0xFF, 0xFF,
    0xFF, 0xFF, 0xFF, 0xFF,
    0xFF, 0xFF, 0xFF, 0xFF,

    0x00, 0xBB, 0xDB, 0xBD,
    0x00, 0x0B, 0xBB, 0xBD,
    0x00, 0x00, 0xBB, 0xBB,
    0x00, 0x00, 0x00, 0x00,
    0x00, 0x00, 0x00, 0x00,
    0x00, 0x00, 0x00, 0x00,
    0x00, 0x00, 0x00, 0x00,
    0x00, 0x00, 0x00, 0x00,

    0xFF, 0x00, 0x00, 0x00,
    0xFF, 0xF0, 0x00, 0x00,
    0xFF, 0xFF, 0x00, 0x00,
    0xFF, 0xFF, 0xFF, 0xFF,
    0xFF, 0xFF, 0xFF, 0xFF,
    0xFF, 0xFF, 0xFF, 0xFF,
    0xFF, 0xFF, 0xFF, 0xFF,
    0xFF, 0xFF, 0xFF, 0xFF,


/* Tile ID 959, isSolid: false */
    0x00, 0x00, 0x00, 0x00,
    0x00, 0x00, 0x00, 0x00,
    0x00, 0x00, 0x00, 0x00,
    0x00, 0x00, 0x00, 0x00,
    0x00, 0x00, 0x00, 0x00,
    0x00, 0x00, 0x00, 0x00,
    0x00, 0x00, 0x00, 0x00,
    0x00, 0x00, 0x00, 0x00,

    0xFF, 0xFF, 0xFF, 0xFF,
    0xFF, 0xFF, 0xFF, 0xFF,
    0xFF, 0xFF, 0xFF, 0xFF,
    0xFF, 0xFF, 0xFF, 0xFF,
    0xFF, 0xFF, 0xFF, 0xFF,
    0xFF, 0xFF, 0xFF, 0xFF,
    0xFF, 0xFF, 0xFF, 0xFF,
    0xFF, 0xFF, 0xFF, 0xFF,

    0x00, 0x00, 0x00, 0x00,
    0x00, 0x00, 0x00, 0x00,
    0x00, 0x00, 0x00, 0x00,
    0x00, 0x00, 0x00, 0x00,
    0x00, 0x00, 0x00, 0x00,
    0x00, 0x00, 0x00, 0x00,
    0x00, 0x00, 0x00, 0x00,
    0x00, 0x00, 0x00, 0x00,

    0xFF, 0xFF, 0xFF, 0xFF,
    0xFF, 0xFF, 0xFF, 0xFF,
    0xFF, 0xFF, 0xFF, 0xFF,
    0xFF, 0xFF, 0xFF, 0xFF,
    0xFF, 0xFF, 0xFF, 0xFF,
    0xFF, 0xFF, 0xFF, 0xFF,
    0xFF, 0xFF, 0xFF, 0xFF,
    0xFF, 0xFF, 0xFF, 0xFF,


/* Tile ID 960, isSolid: false */
    0x00, 0x00, 0x00, 0x00,
    0x00, 0x00, 0x00, 0x00,
    0x00, 0x00, 0x00, 0x00,
    0x00, 0x00, 0x00, 0x00,
    0x00, 0x00, 0x00, 0x00,
    0x00, 0x00, 0x00, 0x00,
    0x00, 0x00, 0x00, 0x00,
    0x00, 0x00, 0x00, 0x00,

    0xFF, 0xFF, 0xFF, 0xFF,
    0xFF, 0xFF, 0xFF, 0xFF,
    0xFF, 0xFF, 0xFF, 0xFF,
    0xFF, 0xFF, 0xFF, 0xFF,
    0xFF, 0xFF, 0xFF, 0xFF,
    0xFF, 0xFF, 0xFF, 0xFF,
    0xFF, 0xFF, 0xFF, 0xFF,
    0xFF, 0xFF, 0xFF, 0xFF,

    0x00, 0x00, 0x00, 0x00,
    0x00, 0x00, 0x00, 0x00,
    0x00, 0x00, 0x00, 0x00,
    0x00, 0x00, 0x00, 0x00,
    0x00, 0x00, 0x00, 0x00,
    0x00, 0x00, 0x00, 0x00,
    0x00, 0x00, 0x00, 0x00,
    0x00, 0x00, 0x00, 0x00,

    0xFF, 0xFF, 0xFF, 0xFF,
    0xFF, 0xFF, 0xFF, 0xFF,
    0xFF, 0xFF, 0xFF, 0xFF,
    0xFF, 0xFF, 0xFF, 0xFF,
    0xFF, 0xFF, 0xFF, 0xFF,
    0xFF, 0xFF, 0xFF, 0xFF,
    0xFF, 0xFF, 0xFF, 0xFF,
    0xFF, 0xFF, 0xFF, 0xFF,


/* Tile ID 961, isSolid: false */
    0x00, 0x00, 0x00, 0x00,
    0x00, 0x00, 0x00, 0x00,
    0x00, 0x00, 0x00, 0x04,
    0x00, 0x00, 0x00, 0x46,
    0x00, 0x00, 0x04, 0x66,
    0x00, 0x00, 0x00, 0x46,
    0x00, 0x00, 0x00, 0x04,
    0x00, 0x00, 0x00, 0x9E,

    0xFF, 0xFF, 0xFF, 0xFF,
    0xFF, 0xFF, 0xFF, 0xFF,
    0xFF, 0xFF, 0xFF, 0xF0,
    0xFF, 0xFF, 0xFF, 0x00,
    0xFF, 0xFF, 0xF0, 0x00,
    0xFF, 0xFF, 0xFF, 0x00,
    0xFF, 0xFF, 0xFF, 0xF0,
    0xFF, 0xFF, 0xFF, 0x00,

    0x00, 0x00, 0x00, 0x00,
    0x00, 0x00, 0x00, 0x00,
    0x40, 0x00, 0x00, 0x00,
    0x64, 0x00, 0x00, 0x00,
    0x66, 0x40, 0x00, 0x00,
    0x64, 0x00, 0x00, 0x00,
    0x40, 0x00, 0x00, 0x00,
    0xE9, 0x00, 0x00, 0x00,

    0xFF, 0xFF, 0xFF, 0xFF,
    0xFF, 0xFF, 0xFF, 0xFF,
    0x0F, 0xFF, 0xFF, 0xFF,
    0x00, 0xFF, 0xFF, 0xFF,
    0x00, 0x0F, 0xFF, 0xFF,
    0x00, 0xFF, 0xFF, 0xFF,
    0x0F, 0xFF, 0xFF, 0xFF,
    0x00, 0xFF, 0xFF, 0xFF,


/* Tile ID 962, isSolid: false */
    0x00, 0x00, 0x00, 0x00,
    0x00, 0x00, 0x00, 0x00,
    0x00, 0x00, 0x00, 0x00,
    0x40, 0x00, 0x00, 0x00,
    0x64, 0x00, 0x00, 0x00,
    0x40, 0x00, 0x00, 0x00,
    0x00, 0x00, 0x00, 0x00,
    0x90, 0x00, 0x00, 0x00,

    0xFF, 0xFF, 0xFF, 0xFF,
    0xFF, 0xFF, 0xFF, 0xFF,
    0xFF, 0xFF, 0xFF, 0xFF,
    0x0F, 0xFF, 0xFF, 0xFF,
    0x00, 0xFF, 0xFF, 0xFF,
    0x0F, 0xFF, 0xFF, 0xFF,
    0xFF, 0xFF, 0xFF, 0xFF,
    0x0F, 0xFF, 0xFF, 0xFF,

    0x00, 0x00, 0x00, 0x00,
    0x00, 0x00, 0x00, 0x00,
    0x00, 0x00, 0x00, 0x00,
    0x00, 0x00, 0x00, 0x04,
    0x00, 0x00, 0x00, 0x46,
    0x00, 0x00, 0x00, 0x04,
    0x00, 0x00, 0x00, 0x00,
    0x00, 0x00, 0x00, 0x09,

    0xFF, 0xFF, 0xFF, 0xFF,
    0xFF, 0xFF, 0xFF, 0xFF,
    0xFF, 0xFF, 0xFF, 0xFF,
    0xFF, 0xFF, 0xFF, 0xF0,
    0xFF, 0xFF, 0xFF, 0x00,
    0xFF, 0xFF, 0xFF, 0xF0,
    0xFF, 0xFF, 0xFF, 0xFF,
    0xFF, 0xFF, 0xFF, 0xF0,


/* Tile ID 963, isSolid: false */
    0x00, 0x00, 0x00, 0x00,
    0x00, 0x00, 0x00, 0x00,
    0x00, 0x00, 0x00, 0x00,
    0x00, 0x00, 0x00, 0x00,
    0x00, 0x00, 0x00, 0x04,
    0x00, 0x00, 0x00, 0x00,
    0x00, 0x00, 0x00, 0x00,
    0x00, 0x0B, 0xBB, 0x9E,

    0xFF, 0xFF, 0xFF, 0xFF,
    0xFF, 0xFF, 0xFF, 0xFF,
    0xFF, 0xFF, 0xFF, 0xFF,
    0xFF, 0xFF, 0xFF, 0xFF,
    0xFF, 0xFF, 0xFF, 0xF0,
    0xFF, 0xFF, 0xFF, 0xFF,
    0xFF, 0xFF, 0xFF, 0xFF,
    0xFF, 0xF0, 0x00, 0x00,

    0x00, 0x00, 0x00, 0x00,
    0x00, 0x00, 0x00, 0x00,
    0x00, 0x00, 0x00, 0x00,
    0x00, 0x00, 0x00, 0x00,
    0x40, 0x00, 0x00, 0x00,
    0x00, 0x00, 0x00, 0x00,
    0x00, 0x00, 0x00, 0x00,
    0xE9, 0xBB, 0xB0, 0x00,

    0xFF, 0xFF, 0xFF, 0xFF,
    0xFF, 0xFF, 0xFF, 0xFF,
    0xFF, 0xFF, 0xFF, 0xFF,
    0xFF, 0xFF, 0xFF, 0xFF,
    0x0F, 0xFF, 0xFF, 0xFF,
    0xFF, 0xFF, 0xFF, 0xFF,
    0xFF, 0xFF, 0xFF, 0xFF,
    0x00, 0x00, 0x0F, 0xFF,


/* Tile ID 964, isSolid: false */
    0x00, 0x00, 0x00, 0x00,
    0x00, 0x00, 0x00, 0x00,
    0x00, 0x40, 0x00, 0x00,
    0x44, 0x40, 0x00, 0x00,
    0x66, 0x40, 0x00, 0x00,
    0x46, 0x64, 0x00, 0x00,
    0x44, 0x00, 0x00, 0x00,
    0xE0, 0x00, 0x00, 0x00,

    0xFF, 0xFF, 0xFF, 0xFF,
    0xFF, 0xFF, 0xFF, 0xFF,
    0xFF, 0x0F, 0xFF, 0xFF,
    0x00, 0x0F, 0xFF, 0xFF,
    0x00, 0x0F, 0xFF, 0xFF,
    0x00, 0x00, 0xFF, 0xFF,
    0x00, 0xFF, 0xFF, 0xFF,
    0x0F, 0xFF, 0xFF, 0xFF,

    0x00, 0x00, 0x00, 0x00,
    0x00, 0x00, 0x00, 0x00,
    0x00, 0x00, 0x04, 0x00,
    0x00, 0x00, 0x04, 0x44,
    0x00, 0x00, 0x04, 0x66,
    0x00, 0x00, 0x46, 0x64,
    0x00, 0x00, 0x00, 0x44,
    0x00, 0x00, 0x00, 0x0E,

    0xFF, 0xFF, 0xFF, 0xFF,
    0xFF, 0xFF, 0xFF, 0xFF,
    0xFF, 0xFF, 0xF0, 0xFF,
    0xFF, 0xFF, 0xF0, 0x00,
    0xFF, 0xFF, 0xF0, 0x00,
    0xFF, 0xFF, 0x00, 0x00,
    0xFF, 0xFF, 0xFF, 0x00,
    0xFF, 0xFF, 0xFF, 0xF0,


/* Tile ID 965, isSolid: false */
    0x00, 0x00, 0x00, 0x00,
    0x00, 0x00, 0x00, 0x00,
    0x00, 0x00, 0x00, 0x00,
    0x00, 0x00, 0x00, 0x00,
    0x00, 0x00, 0x00, 0x00,
    0x00, 0xBB, 0xBB, 0x00,
    0x00, 0xDD, 0xDD, 0xEE,
    0x00, 0xDD, 0xDD, 0x99,

    0xFF, 0xFF, 0xFF, 0xFF,
    0xFF, 0xFF, 0xFF, 0xFF,
    0xFF, 0xFF, 0xFF, 0xFF,
    0xFF, 0xFF, 0xFF, 0xFF,
    0xFF, 0xFF, 0xFF, 0xFF,
    0xFF, 0x00, 0x00, 0xFF,
    0xFF, 0x00, 0x00, 0x00,
    0xFF, 0x00, 0x00, 0x00,

    0x00, 0x00, 0x00, 0x00,
    0x00, 0x00, 0x00, 0x00,
    0x00, 0x00, 0x00, 0x00,
    0x00, 0x00, 0x00, 0x00,
    0x00, 0x00, 0x00, 0x00,
    0x00, 0xBB, 0xBB, 0x00,
    0xEE, 0xDD, 0xDD, 0x00,
    0x99, 0xDD, 0xDD, 0x00,

    0xFF, 0xFF, 0xFF, 0xFF,
    0xFF, 0xFF, 0xFF, 0xFF,
    0xFF, 0xFF, 0xFF, 0xFF,
    0xFF, 0xFF, 0xFF, 0xFF,
    0xFF, 0xFF, 0xFF, 0xFF,
    0xFF, 0x00, 0x00, 0xFF,
    0x00, 0x00, 0x00, 0xFF,
    0x00, 0x00, 0x00, 0xFF,


/* Tile ID 966, isSolid: false */
    0x00, 0x00, 0x00, 0x00,
    0x00, 0x00, 0x00, 0x00,
    0x00, 0x00, 0x00, 0x00,
    0x44, 0x44, 0x00, 0x00,
    0x46, 0x64, 0x00, 0x00,
    0x46, 0x64, 0x00, 0x00,
    0x44, 0x44, 0x00, 0x00,
    0x90, 0x00, 0x00, 0x00,

    0xFF, 0xFF, 0xFF, 0xFF,
    0xFF, 0xFF, 0xFF, 0xFF,
    0xFF, 0xFF, 0xFF, 0xFF,
    0x00, 0x00, 0xFF, 0xFF,
    0x00, 0x00, 0xFF, 0xFF,
    0x00, 0x00, 0xFF, 0xFF,
    0x00, 0x00, 0xFF, 0xFF,
    0x0F, 0xFF, 0xFF, 0xFF,

    0x00, 0x00, 0x00, 0x00,
    0x00, 0x00, 0x00, 0x00,
    0x00, 0x00, 0x00, 0x00,
    0x00, 0x00, 0x44, 0x44,
    0x00, 0x00, 0x46, 0x64,
    0x00, 0x00, 0x46, 0x64,
    0x00, 0x00, 0x44, 0x44,
    0x00, 0x00, 0x00, 0x09,

    0xFF, 0xFF, 0xFF, 0xFF,
    0xFF, 0xFF, 0xFF, 0xFF,
    0xFF, 0xFF, 0xFF, 0xFF,
    0xFF, 0xFF, 0x00, 0x00,
    0xFF, 0xFF, 0x00, 0x00,
    0xFF, 0xFF, 0x00, 0x00,
    0xFF, 0xFF, 0x00, 0x00,
    0xFF, 0xFF, 0xFF, 0xF0,


/* Tile ID 967, isSolid: false */
    0x00, 0x00, 0x00, 0x00,
    0x00, 0x00, 0x00, 0x00,
    0x00, 0x00, 0x00, 0x00,
    0x00, 0x0B, 0xBB, 0x00,
    0x00, 0x0B, 0xDB, 0xB0,
    0x00, 0xBD, 0xDD, 0xD9,
    0x00, 0x0B, 0xBD, 0xEE,
    0x00, 0x00, 0x00, 0x09,

    0xFF, 0xFF, 0xFF, 0xFF,
    0xFF, 0xFF, 0xFF, 0xFF,
    0xFF, 0xFF, 0xFF, 0xFF,
    0xFF, 0xF0, 0x00, 0xFF,
    0xFF, 0xF0, 0x00, 0x0F,
    0xFF, 0x00, 0x00, 0x00,
    0xFF, 0xF0, 0x00, 0x00,
    0xFF, 0xFF, 0xFF, 0xF0,

    0x00, 0x00, 0x00, 0x00,
    0x00, 0x00, 0x00, 0x00,
    0x00, 0x00, 0x00, 0x00,
    0x00, 0xBB, 0xB0, 0x00,
    0x0B, 0xBD, 0xB0, 0x00,
    0x9D, 0xDD, 0xDB, 0x00,
    0xEE, 0xDB, 0xB0, 0x00,
    0x90, 0x00, 0x00, 0x00,

    0xFF, 0xFF, 0xFF, 0xFF,
    0xFF, 0xFF, 0xFF, 0xFF,
    0xFF, 0xFF, 0xFF, 0xFF,
    0xFF, 0x00, 0x0F, 0xFF,
    0xF0, 0x00, 0x0F, 0xFF,
    0x00, 0x00, 0x00, 0xFF,
    0x00, 0x00, 0x0F, 0xFF,
    0x0F, 0xFF, 0xFF, 0xFF,


/* Tile ID 968, isSolid: false */
    0x00, 0x00, 0x00, 0x00,
    0x00, 0x00, 0x00, 0x00,
    0x00, 0x00, 0x00, 0x00,
    0x00, 0x40, 0x00, 0x00,
    0x00, 0x64, 0x40, 0x00,
    0x04, 0x66, 0x64, 0x00,
    0xE4, 0x66, 0x40, 0x00,
    0xE0, 0x04, 0x40, 0x00,

    0xFF, 0xFF, 0xFF, 0xFF,
    0xFF, 0xFF, 0xFF, 0xFF,
    0xFF, 0xFF, 0xFF, 0xFF,
    0xFF, 0x0F, 0xFF, 0xFF,
    0xFF, 0x00, 0x0F, 0xFF,
    0xF0, 0x00, 0x00, 0xFF,
    0x00, 0x00, 0x0F, 0xFF,
    0x0F, 0xF0, 0x0F, 0xFF,

    0x00, 0x00, 0x00, 0x00,
    0x00, 0x00, 0x00, 0x00,
    0x00, 0x00, 0x00, 0x00,
    0x00, 0x00, 0x04, 0x00,
    0x00, 0x04, 0x46, 0x00,
    0x00, 0x46, 0x66, 0x40,
    0x00, 0x04, 0x66, 0x4E,
    0x00, 0x04, 0x40, 0x0E,

    0xFF, 0xFF, 0xFF, 0xFF,
    0xFF, 0xFF, 0xFF, 0xFF,
    0xFF, 0xFF, 0xFF, 0xFF,
    0xFF, 0xFF, 0xF0, 0xFF,
    0xFF, 0xF0, 0x00, 0xFF,
    0xFF, 0x00, 0x00, 0x0F,
    0xFF, 0xF0, 0x00, 0x00,
    0xFF, 0xF0, 0x0F, 0xF0,


/* Tile ID 969, isSolid: false */
    0x00, 0x00, 0x00, 0x00,
    0x00, 0x00, 0x00, 0x00,
    0x00, 0x00, 0x0B, 0x00,
    0x00, 0x00, 0xBD, 0xB0,
    0x00, 0x0B, 0xDD, 0xDB,
    0x00, 0x00, 0xBD, 0xDB,
    0x00, 0x00, 0x0B, 0xDE,
    0x00, 0x00, 0x00, 0x09,

    0xFF, 0xFF, 0xFF, 0xFF,
    0xFF, 0xFF, 0xFF, 0xFF,
    0xFF, 0xFF, 0xF0, 0xFF,
    0xFF, 0xFF, 0x00, 0x0F,
    0xFF, 0xF0, 0x00, 0x00,
    0xFF, 0xFF, 0x00, 0x00,
    0xFF, 0xFF, 0xF0, 0x00,
    0xFF, 0xFF, 0xFF, 0xF0,

    0x00, 0x00, 0x00, 0x00,
    0x00, 0x00, 0x00, 0x00,
    0x00, 0xB0, 0x00, 0x00,
    0x0B, 0xDB, 0x00, 0x00,
    0xBD, 0xDD, 0xB0, 0x00,
    0xBD, 0xDB, 0x00, 0x00,
    0xED, 0xB0, 0x00, 0x00,
    0x90, 0x00, 0x00, 0x00,

    0xFF, 0xFF, 0xFF, 0xFF,
    0xFF, 0xFF, 0xFF, 0xFF,
    0xFF, 0x0F, 0xFF, 0xFF,
    0xF0, 0x00, 0xFF, 0xFF,
    0x00, 0x00, 0x0F, 0xFF,
    0x00, 0x00, 0xFF, 0xFF,
    0x00, 0x0F, 0xFF, 0xFF,
    0x0F, 0xFF, 0xFF, 0xFF,


/* Tile ID 970, isSolid: false */
    0x00, 0x00, 0x00, 0x00,
    0x00, 0x00, 0x00, 0x00,
    0x00, 0x00, 0x00, 0x00,
    0x00, 0x00, 0x00, 0x00,
    0x00, 0x00, 0x00, 0x00,
    0x00, 0x04, 0x00, 0x00,
    0x90, 0x46, 0x40, 0x00,
    0xE4, 0x66, 0x64, 0x00,

    0xFF, 0xFF, 0xFF, 0xFF,
    0xFF, 0xFF, 0xFF, 0xFF,
    0xFF, 0xFF, 0xFF, 0xFF,
    0xFF, 0xFF, 0xFF, 0xFF,
    0xFF, 0xFF, 0xFF, 0xFF,
    0xFF, 0xF0, 0xFF, 0xFF,
    0x0F, 0x00, 0x0F, 0xFF,
    0x00, 0x00, 0x00, 0xFF,

    0x00, 0x00, 0x00, 0x00,
    0x00, 0x00, 0x00, 0x00,
    0x00, 0x00, 0x00, 0x00,
    0x00, 0x00, 0x00, 0x00,
    0x00, 0x00, 0x00, 0x00,
    0x00, 0x00, 0x40, 0x00,
    0x00, 0x04, 0x64, 0x09,
    0x00, 0x46, 0x66, 0x4E,

    0xFF, 0xFF, 0xFF, 0xFF,
    0xFF, 0xFF, 0xFF, 0xFF,
    0xFF, 0xFF, 0xFF, 0xFF,
    0xFF, 0xFF, 0xFF, 0xFF,
    0xFF, 0xFF, 0xFF, 0xFF,
    0xFF, 0xFF, 0x0F, 0xFF,
    0xFF, 0xF0, 0x00, 0xF0,
    0xFF, 0x00, 0x00, 0x00,


/* Tile ID 971, isSolid: false */
    0x00, 0x00, 0x00, 0x00,
    0x00, 0x20, 0x00, 0x20,
    0x00, 0x22, 0x22, 0x20,
    0x00, 0x02, 0x20, 0x00,
    0x00, 0x02, 0x22, 0x11,
    0x00, 0x00, 0x22, 0x01,
    0x00, 0x00, 0x02, 0x01,
    0x00, 0x11, 0x11, 0xEE,

    0xFF, 0xFF, 0xFF, 0xFF,
    0xFF, 0x0F, 0xFF, 0x0F,
    0xFF, 0x00, 0x00, 0x0F,
    0xFF, 0xF0, 0x0F, 0xFF,
    0xFF, 0xF0, 0x00, 0x00,
    0xFF, 0xFF, 0x00, 0xF0,
    0xFF, 0xFF, 0xF0, 0xF0,
    0xFF, 0x00, 0x00, 0x00,

    0x00, 0x00, 0x00, 0x00,
    0x02, 0x00, 0x02, 0x00,
    0x02, 0x22, 0x22, 0x00,
    0x00, 0x02, 0x20, 0x00,
    0x11, 0x22, 0x20, 0x00,
    0x10, 0x22, 0x00, 0x00,
    0x10, 0x20, 0x00, 0x00,
    0xEE, 0x11, 0x11, 0x00,

    0xFF, 0xFF, 0xFF, 0xFF,
    0xF0, 0xFF, 0xF0, 0xFF,
    0xF0, 0x00, 0x00, 0xFF,
    0xFF, 0xF0, 0x0F, 0xFF,
    0x00, 0x00, 0x0F, 0xFF,
    0x0F, 0x00, 0xFF, 0xFF,
    0x0F, 0x0F, 0xFF, 0xFF,
    0x00, 0x00, 0x00, 0xFF,


/* Tile ID 972, isSolid: false */
    0x00, 0x00, 0x00, 0x00,
    0x02, 0x00, 0x02, 0x00,
    0x02, 0x22, 0x22, 0x00,
    0x00, 0x02, 0x20, 0x00,
    0x11, 0x22, 0x20, 0x00,
    0x10, 0x22, 0x00, 0x00,
    0x10, 0x20, 0x00, 0x00,
    0xEE, 0x11, 0x11, 0x00,

    0xFF, 0xFF, 0xFF, 0xFF,
    0xF0, 0xFF, 0xF0, 0xFF,
    0xF0, 0x00, 0x00, 0xFF,
    0xFF, 0xF0, 0x0F, 0xFF,
    0x00, 0x00, 0x0F, 0xFF,
    0x0F, 0x00, 0xFF, 0xFF,
    0x0F, 0x0F, 0xFF, 0xFF,
    0x00, 0x00, 0x00, 0xFF,

    0x00, 0x00, 0x00, 0x00,
    0x00, 0x20, 0x00, 0x20,
    0x00, 0x22, 0x22, 0x20,
    0x00, 0x02, 0x20, 0x00,
    0x00, 0x02, 0x22, 0x11,
    0x00, 0x00, 0x22, 0x01,
    0x00, 0x00, 0x02, 0x01,
    0x00, 0x11, 0x11, 0xEE,

    0xFF, 0xFF, 0xFF, 0xFF,
    0xFF, 0x0F, 0xFF, 0x0F,
    0xFF, 0x00, 0x00, 0x0F,
    0xFF, 0xF0, 0x0F, 0xFF,
    0xFF, 0xF0, 0x00, 0x00,
    0xFF, 0xFF, 0x00, 0xF0,
    0xFF, 0xFF, 0xF0, 0xF0,
    0xFF, 0x00, 0x00, 0x00,


/* Tile ID 973, isSolid: false */
    0x00, 0x00, 0x20, 0x00,
    0x00, 0x00, 0x22, 0x00,
    0x00, 0x00, 0x22, 0x22,
    0x00, 0x00, 0x22, 0x02,
    0x00, 0x00, 0x22, 0x20,
    0x00, 0x00, 0x02, 0x21,
    0x00, 0x11, 0x02, 0x01,
    0x00, 0x11, 0x11, 0xE1,

    0xFF, 0xFF, 0x0F, 0xFF,
    0xFF, 0xFF, 0x00, 0xFF,
    0xFF, 0xFF, 0x00, 0x00,
    0xFF, 0xFF, 0x00, 0xF0,
    0xFF, 0xFF, 0x00, 0x0F,
    0xFF, 0xFF, 0xF0, 0x00,
    0xFF, 0x00, 0xF0, 0xF0,
    0xFF, 0x00, 0x00, 0x00,

    0x00, 0x02, 0x00, 0x00,
    0x00, 0x22, 0x00, 0x00,
    0x22, 0x22, 0x00, 0x00,
    0x20, 0x22, 0x00, 0x00,
    0x02, 0x22, 0x00, 0x00,
    0x12, 0x20, 0x00, 0x00,
    0x10, 0x20, 0x11, 0x00,
    0x1E, 0x11, 0x11, 0x00,

    0xFF, 0xF0, 0xFF, 0xFF,
    0xFF, 0x00, 0xFF, 0xFF,
    0x00, 0x00, 0xFF, 0xFF,
    0x0F, 0x00, 0xFF, 0xFF,
    0xF0, 0x00, 0xFF, 0xFF,
    0x00, 0x0F, 0xFF, 0xFF,
    0x0F, 0x0F, 0x00, 0xFF,
    0x00, 0x00, 0x00, 0xFF,


/* Tile ID 974, isSolid: false */
    0x00, 0x00, 0x00, 0x00,
    0x00, 0x00, 0x00, 0x00,
    0x20, 0x00, 0x00, 0x00,
    0x00, 0x02, 0x00, 0x00,
    0x00, 0x02, 0x20, 0x00,
    0x11, 0x00, 0x22, 0x20,
    0x11, 0x12, 0x22, 0x00,
    0x10, 0x22, 0x20, 0x00,

    0xFF, 0xFF, 0xFF, 0xFF,
    0xFF, 0xFF, 0xFF, 0xFF,
    0x0F, 0xFF, 0xFF, 0xFF,
    0xFF, 0xF0, 0xFF, 0xFF,
    0xFF, 0xF0, 0x0F, 0xFF,
    0x00, 0xFF, 0x00, 0x0F,
    0x00, 0x00, 0x00, 0xFF,
    0x0F, 0x00, 0x0F, 0xFF,

    0x00, 0x00, 0x00, 0x00,
    0x00, 0x00, 0x00, 0x00,
    0x00, 0x00, 0x00, 0x02,
    0x00, 0x00, 0x20, 0x00,
    0x00, 0x02, 0x20, 0x00,
    0x02, 0x22, 0x00, 0x11,
    0x00, 0x22, 0x21, 0x11,
    0x00, 0x02, 0x22, 0x01,

    0xFF, 0xFF, 0xFF, 0xFF,
    0xFF, 0xFF, 0xFF, 0xFF,
    0xFF, 0xFF, 0xFF, 0xF0,
    0xFF, 0xFF, 0x0F, 0xFF,
    0xFF, 0xF0, 0x0F, 0xFF,
    0xF0, 0x00, 0xFF, 0x00,
    0xFF, 0x00, 0x00, 0x00,
    0xFF, 0xF0, 0x00, 0xF0,


/* Tile ID 975, isSolid: false */
    0x00, 0x00, 0x00, 0x02,
    0x00, 0x00, 0x00, 0x02,
    0x00, 0x00, 0x00, 0x02,
    0x00, 0x00, 0x00, 0x22,
    0x00, 0x01, 0x10, 0x02,
    0x00, 0x01, 0x11, 0x22,
    0x00, 0x00, 0x11, 0x10,
    0x01, 0x11, 0xE1, 0x1E,

    0xFF, 0xFF, 0xFF, 0xF0,
    0xFF, 0xFF, 0xFF, 0xF0,
    0xFF, 0xFF, 0xFF, 0xF0,
    0xFF, 0xFF, 0xFF, 0x00,
    0xFF, 0xF0, 0x0F, 0xF0,
    0xFF, 0xF0, 0x00, 0x00,
    0xFF, 0xFF, 0x00, 0x0F,
    0xF0, 0x00, 0x00, 0x00,

    0x20, 0x00, 0x00, 0x00,
    0x20, 0x00, 0x00, 0x00,
    0x20, 0x00, 0x00, 0x00,
    0x22, 0x00, 0x00, 0x00,
    0x20, 0x01, 0x10, 0x00,
    0x22, 0x11, 0x10, 0x00,
    0x01, 0x11, 0x00, 0x00,
    0xE1, 0x1E, 0x11, 0x10,

    0x0F, 0xFF, 0xFF, 0xFF,
    0x0F, 0xFF, 0xFF, 0xFF,
    0x0F, 0xFF, 0xFF, 0xFF,
    0x00, 0xFF, 0xFF, 0xFF,
    0x0F, 0xF0, 0x0F, 0xFF,
    0x00, 0x00, 0x0F, 0xFF,
    0xF0, 0x00, 0xFF, 0xFF,
    0x00, 0x00, 0x00, 0x0F,


/* Tile ID 976, isSolid: false */
    0x20, 0x00, 0x00, 0x00,
    0x20, 0x00, 0x00, 0x00,
    0x22, 0x20, 0x00, 0x00,
    0x00, 0x20, 0x00, 0x00,
    0x20, 0x00, 0x00, 0x00,
    0x01, 0x00, 0x22, 0x00,
    0x11, 0x10, 0x02, 0x00,
    0x11, 0x02, 0x02, 0x22,

    0x0F, 0xFF, 0xFF, 0xFF,
    0x0F, 0xFF, 0xFF, 0xFF,
    0x00, 0x0F, 0xFF, 0xFF,
    0xFF, 0x0F, 0xFF, 0xFF,
    0x0F, 0xFF, 0xFF, 0xFF,
    0xF0, 0xFF, 0x00, 0xFF,
    0x00, 0x0F, 0xF0, 0xFF,
    0x00, 0xF0, 0xF0, 0x00,

    0x00, 0x00, 0x00, 0x02,
    0x00, 0x00, 0x00, 0x02,
    0x00, 0x00, 0x02, 0x22,
    0x00, 0x00, 0x02, 0x00,
    0x00, 0x00, 0x00, 0x02,
    0x00, 0x22, 0x00, 0x10,
    0x00, 0x20, 0x01, 0x11,
    0x22, 0x20, 0x20, 0x11,

    0xFF, 0xFF, 0xFF, 0xF0,
    0xFF, 0xFF, 0xFF, 0xF0,
    0xFF, 0xFF, 0xF0, 0x00,
    0xFF, 0xFF, 0xF0, 0xFF,
    0xFF, 0xFF, 0xFF, 0xF0,
    0xFF, 0x00, 0xFF, 0x0F,
    0xFF, 0x0F, 0xF0, 0x00,
    0x00, 0x0F, 0x0F, 0x00,


/* Tile ID 977, isSolid: false */
    0x00, 0x00, 0x00, 0x00,
    0x00, 0x00, 0x00, 0x00,
    0x00, 0x00, 0x00, 0x00,
    0x00, 0x00, 0x01, 0x00,
    0x00, 0x00, 0x11, 0x00,
    0x00, 0x10, 0x01, 0x12,
    0x01, 0x11, 0x01, 0x10,
    0x01, 0x11, 0xE1, 0x1E,

    0xFF, 0xFF, 0xFF, 0xFF,
    0xFF, 0xFF, 0xFF, 0xFF,
    0xFF, 0xFF, 0xFF, 0xFF,
    0xFF, 0xFF, 0xF0, 0xFF,
    0xFF, 0xFF, 0x00, 0xFF,
    0xFF, 0x0F, 0xF0, 0x00,
    0xF0, 0x00, 0xF0, 0x0F,
    0xF0, 0x00, 0x00, 0x00,

    0x00, 0x00, 0x00, 0x00,
    0x00, 0x00, 0x00, 0x00,
    0x00, 0x00, 0x00, 0x00,
    0x00, 0x10, 0x00, 0x00,
    0x00, 0x11, 0x00, 0x00,
    0x21, 0x10, 0x01, 0x00,
    0x01, 0x10, 0x11, 0x10,
    0xE1, 0x1E, 0x11, 0x10,

    0xFF, 0xFF, 0xFF, 0xFF,
    0xFF, 0xFF, 0xFF, 0xFF,
    0xFF, 0xFF, 0xFF, 0xFF,
    0xFF, 0x0F, 0xFF, 0xFF,
    0xFF, 0x00, 0xFF, 0xFF,
    0x00, 0x0F, 0xF0, 0xFF,
    0xF0, 0x0F, 0x00, 0x0F,
    0x00, 0x00, 0x00, 0x0F,


/* Tile ID 978, isSolid: false */
    0x00, 0x00, 0x00, 0x00,
    0x00, 0x20, 0x00, 0x00,
    0x02, 0x20, 0x00, 0x00,
    0x22, 0x20, 0x00, 0x00,
    0x22, 0x0A, 0xA0, 0x00,
    0x22, 0x00, 0x00, 0x00,
    0x01, 0x10, 0x00, 0x00,
    0x11, 0x10, 0x02, 0x00,

    0xFF, 0xFF, 0xFF, 0xFF,
    0xFF, 0x0F, 0xFF, 0xFF,
    0xF0, 0x0F, 0xFF, 0xFF,
    0x00, 0x0F, 0xFF, 0xFF,
    0x00, 0xF0, 0x0F, 0xFF,
    0x00, 0xFF, 0xFF, 0xFF,
    0xF0, 0x0F, 0xFF, 0xFF,
    0x00, 0x0F, 0xF0, 0xFF,

    0x00, 0x00, 0x00, 0x00,
    0x00, 0x00, 0x02, 0x00,
    0x00, 0x00, 0x02, 0x20,
    0x00, 0x00, 0x02, 0x22,
    0x00, 0x0A, 0xA0, 0x22,
    0x00, 0x00, 0x00, 0x22,
    0x00, 0x00, 0x01, 0x10,
    0x00, 0x20, 0x01, 0x11,

    0xFF, 0xFF, 0xFF, 0xFF,
    0xFF, 0xFF, 0xF0, 0xFF,
    0xFF, 0xFF, 0xF0, 0x0F,
    0xFF, 0xFF, 0xF0, 0x00,
    0xFF, 0xF0, 0x0F, 0x00,
    0xFF, 0xFF, 0xFF, 0x00,
    0xFF, 0xFF, 0xF0, 0x0F,
    0xFF, 0x0F, 0xF0, 0x00,


/* Tile ID 979, isSolid: false */
    0x00, 0x00, 0x00, 0x00,
    0x00, 0x00, 0x00, 0x00,
    0x00, 0x00, 0x01, 0x10,
    0x01, 0x11, 0x01, 0x10,
    0x01, 0x11, 0x01, 0x10,
    0x00, 0x01, 0xE1, 0x12,
    0x00, 0x0E, 0x11, 0xE0,
    0x00, 0x0E, 0x11, 0xE1,

    0xFF, 0xFF, 0xFF, 0xFF,
    0xFF, 0xFF, 0xFF, 0xFF,
    0xFF, 0xFF, 0xF0, 0x0F,
    0xF0, 0x00, 0xF0, 0x0F,
    0xF0, 0x00, 0xF0, 0x0F,
    0xFF, 0xF0, 0x00, 0x00,
    0xFF, 0xF0, 0x00, 0x0F,
    0xFF, 0xF0, 0x00, 0x00,

    0x00, 0x00, 0x00, 0x00,
    0x00, 0x00, 0x00, 0x00,
    0x01, 0x10, 0x00, 0x00,
    0x01, 0x10, 0x11, 0x10,
    0x01, 0x10, 0x11, 0x10,
    0x21, 0x1E, 0x10, 0x00,
    0x0E, 0x11, 0xE0, 0x00,
    0x1E, 0x11, 0xE0, 0x00,

    0xFF, 0xFF, 0xFF, 0xFF,
    0xFF, 0xFF, 0xFF, 0xFF,
    0xF0, 0x0F, 0xFF, 0xFF,
    0xF0, 0x0F, 0x00, 0x0F,
    0xF0, 0x0F, 0x00, 0x0F,
    0x00, 0x00, 0x0F, 0xFF,
    0xF0, 0x00, 0x0F, 0xFF,
    0x00, 0x00, 0x0F, 0xFF,


/* Tile ID 980, isSolid: false */
    0x00, 0x00, 0x00, 0x00,
    0x00, 0x00, 0x00, 0x00,
    0x00, 0x02, 0x20, 0x00,
    0x02, 0x22, 0x00, 0x00,
    0x22, 0x22, 0x00, 0x00,
    0x22, 0x02, 0x00, 0x00,
    0x01, 0x02, 0x20, 0x00,
    0x11, 0x00, 0x00, 0x00,

    0xFF, 0xFF, 0xFF, 0xFF,
    0xFF, 0xFF, 0xFF, 0xFF,
    0xFF, 0xF0, 0x0F, 0xFF,
    0xF0, 0x00, 0xFF, 0xFF,
    0x00, 0x00, 0xFF, 0xFF,
    0x00, 0xF0, 0xFF, 0xFF,
    0xF0, 0xF0, 0x0F, 0xFF,
    0x00, 0xFF, 0xFF, 0xFF,

    0x00, 0x00, 0x00, 0x00,
    0x00, 0x00, 0x00, 0x00,
    0x00, 0x02, 0x20, 0x00,
    0x00, 0x00, 0x22, 0x20,
    0x00, 0x00, 0x22, 0x22,
    0x00, 0x00, 0x20, 0x22,
    0x00, 0x02, 0x20, 0x10,
    0x00, 0x00, 0x00, 0x11,

    0xFF, 0xFF, 0xFF, 0xFF,
    0xFF, 0xFF, 0xFF, 0xFF,
    0xFF, 0xF0, 0x0F, 0xFF,
    0xFF, 0xFF, 0x00, 0x0F,
    0xFF, 0xFF, 0x00, 0x00,
    0xFF, 0xFF, 0x0F, 0x00,
    0xFF, 0xF0, 0x0F, 0x0F,
    0xFF, 0xFF, 0xFF, 0x00,


/* Tile ID 981, isSolid: false */
    0x00, 0x00, 0x00, 0x00,
    0x00, 0x00, 0x00, 0x00,
    0x00, 0x00, 0x00, 0x00,
    0x00, 0x00, 0x00, 0x00,
    0x00, 0x00, 0x00, 0x00,
    0x00, 0x00, 0x00, 0x00,
    0x00, 0x00, 0x00, 0x00,
    0x00, 0x00, 0x00, 0x00,

    0xFF, 0xFF, 0xFF, 0xFF,
    0xFF, 0xFF, 0xFF, 0xFF,
    0xFF, 0xFF, 0xFF, 0xFF,
    0xFF, 0xFF, 0xFF, 0xFF,
    0xFF, 0xFF, 0xFF, 0xFF,
    0xFF, 0xFF, 0xFF, 0xFF,
    0xFF, 0xFF, 0xFF, 0xFF,
    0xFF, 0xFF, 0xFF, 0xFF,

    0x00, 0x00, 0x00, 0x00,
    0x00, 0x00, 0x00, 0x00,
    0x00, 0x00, 0x00, 0x00,
    0x00, 0x00, 0x00, 0x00,
    0x00, 0x00, 0x00, 0x00,
    0x00, 0x00, 0x00, 0x00,
    0x00, 0x00, 0x00, 0x00,
    0x00, 0x00, 0x00, 0x00,

    0xFF, 0xFF, 0xFF, 0xFF,
    0xFF, 0xFF, 0xFF, 0xFF,
    0xFF, 0xFF, 0xFF, 0xFF,
    0xFF, 0xFF, 0xFF, 0xFF,
    0xFF, 0xFF, 0xFF, 0xFF,
    0xFF, 0xFF, 0xFF, 0xFF,
    0xFF, 0xFF, 0xFF, 0xFF,
    0xFF, 0xFF, 0xFF, 0xFF,


/* Tile ID 982, isSolid: false */
    0x00, 0x00, 0x00, 0x00,
    0x00, 0x00, 0x00, 0x00,
    0x00, 0x00, 0x00, 0x00,
    0x00, 0x00, 0x00, 0x00,
    0x00, 0x00, 0x00, 0x00,
    0x00, 0x00, 0x00, 0x00,
    0x00, 0x00, 0x00, 0x00,
    0x00, 0x00, 0x00, 0x00,

    0xFF, 0xFF, 0xFF, 0xFF,
    0xFF, 0xFF, 0xFF, 0xFF,
    0xFF, 0xFF, 0xFF, 0xFF,
    0xFF, 0xFF, 0xFF, 0xFF,
    0xFF, 0xFF, 0xFF, 0xFF,
    0xFF, 0xFF, 0xFF, 0xFF,
    0xFF, 0xFF, 0xFF, 0xFF,
    0xFF, 0xFF, 0xFF, 0xFF,

    0x00, 0x00, 0x00, 0x00,
    0x00, 0x00, 0x00, 0x00,
    0x00, 0x00, 0x00, 0x00,
    0x00, 0x00, 0x00, 0x00,
    0x00, 0x00, 0x00, 0x00,
    0x00, 0x00, 0x00, 0x00,
    0x00, 0x00, 0x00, 0x00,
    0x00, 0x00, 0x00, 0x00,

    0xFF, 0xFF, 0xFF, 0xFF,
    0xFF, 0xFF, 0xFF, 0xFF,
    0xFF, 0xFF, 0xFF, 0xFF,
    0xFF, 0xFF, 0xFF, 0xFF,
    0xFF, 0xFF, 0xFF, 0xFF,
    0xFF, 0xFF, 0xFF, 0xFF,
    0xFF, 0xFF, 0xFF, 0xFF,
    0xFF, 0xFF, 0xFF, 0xFF,


/* Tile ID 983, isSolid: false */
    0x00, 0x00, 0x00, 0x00,
    0x00, 0x00, 0x00, 0x00,
    0x00, 0x00, 0x00, 0x00,
    0x00, 0x00, 0x00, 0x00,
    0x00, 0x00, 0x00, 0x00,
    0x00, 0x00, 0x00, 0x00,
    0x00, 0x00, 0x00, 0x00,
    0x00, 0x00, 0x00, 0x00,

    0xFF, 0xFF, 0xFF, 0xFF,
    0xFF, 0xFF, 0xFF, 0xFF,
    0xFF, 0xFF, 0xFF, 0xFF,
    0xFF, 0xFF, 0xFF, 0xFF,
    0xFF, 0xFF, 0xFF, 0xFF,
    0xFF, 0xFF, 0xFF, 0xFF,
    0xFF, 0xFF, 0xFF, 0xFF,
    0xFF, 0xFF, 0xFF, 0xFF,

    0x00, 0x00, 0x00, 0x00,
    0x00, 0x00, 0x00, 0x00,
    0x00, 0x00, 0x00, 0x00,
    0x00, 0x00, 0x00, 0x00,
    0x00, 0x00, 0x00, 0x00,
    0x00, 0x00, 0x00, 0x00,
    0x00, 0x00, 0x00, 0x00,
    0x00, 0x00, 0x00, 0x00,

    0xFF, 0xFF, 0xFF, 0xFF,
    0xFF, 0xFF, 0xFF, 0xFF,
    0xFF, 0xFF, 0xFF, 0xFF,
    0xFF, 0xFF, 0xFF, 0xFF,
    0xFF, 0xFF, 0xFF, 0xFF,
    0xFF, 0xFF, 0xFF, 0xFF,
    0xFF, 0xFF, 0xFF, 0xFF,
    0xFF, 0xFF, 0xFF, 0xFF,


/* Tile ID 984, isSolid: false */
    0x00, 0x00, 0x00, 0x00,
    0x00, 0x00, 0x00, 0x00,
    0x00, 0x00, 0x00, 0x00,
    0x00, 0x00, 0x00, 0x00,
    0x00, 0x00, 0x00, 0x00,
    0x00, 0x00, 0x00, 0x00,
    0x00, 0x00, 0x00, 0x00,
    0x00, 0x00, 0x00, 0x00,

    0xFF, 0xFF, 0xFF, 0xFF,
    0xFF, 0xFF, 0xFF, 0xFF,
    0xFF, 0xFF, 0xFF, 0xFF,
    0xFF, 0xFF, 0xFF, 0xFF,
    0xFF, 0xFF, 0xFF, 0xFF,
    0xFF, 0xFF, 0xFF, 0xFF,
    0xFF, 0xFF, 0xFF, 0xFF,
    0xFF, 0xFF, 0xFF, 0xFF,

    0x00, 0x00, 0x00, 0x00,
    0x00, 0x00, 0x00, 0x00,
    0x00, 0x00, 0x00, 0x00,
    0x00, 0x00, 0x00, 0x00,
    0x00, 0x00, 0x00, 0x00,
    0x00, 0x00, 0x00, 0x00,
    0x00, 0x00, 0x00, 0x00,
    0x00, 0x00, 0x00, 0x00,

    0xFF, 0xFF, 0xFF, 0xFF,
    0xFF, 0xFF, 0xFF, 0xFF,
    0xFF, 0xFF, 0xFF, 0xFF,
    0xFF, 0xFF, 0xFF, 0xFF,
    0xFF, 0xFF, 0xFF, 0xFF,
    0xFF, 0xFF, 0xFF, 0xFF,
    0xFF, 0xFF, 0xFF, 0xFF,
    0xFF, 0xFF, 0xFF, 0xFF,


/* Tile ID 985, isSolid: false */
    0x00, 0x00, 0x00, 0x00,
    0x00, 0x00, 0x00, 0x00,
    0x00, 0x00, 0x00, 0x00,
    0x00, 0x00, 0x00, 0x00,
    0x00, 0x00, 0x00, 0x00,
    0x00, 0x00, 0x00, 0x00,
    0x00, 0x00, 0x00, 0x00,
    0x00, 0x00, 0x00, 0x00,

    0xFF, 0xFF, 0xFF, 0xFF,
    0xFF, 0xFF, 0xFF, 0xFF,
    0xFF, 0xFF, 0xFF, 0xFF,
    0xFF, 0xFF, 0xFF, 0xFF,
    0xFF, 0xFF, 0xFF, 0xFF,
    0xFF, 0xFF, 0xFF, 0xFF,
    0xFF, 0xFF, 0xFF, 0xFF,
    0xFF, 0xFF, 0xFF, 0xFF,

    0x00, 0x00, 0x00, 0x00,
    0x00, 0x00, 0x00, 0x00,
    0x00, 0x00, 0x00, 0x00,
    0x00, 0x00, 0x00, 0x00,
    0x00, 0x00, 0x00, 0x00,
    0x00, 0x00, 0x00, 0x00,
    0x00, 0x00, 0x00, 0x00,
    0x00, 0x00, 0x00, 0x00,

    0xFF, 0xFF, 0xFF, 0xFF,
    0xFF, 0xFF, 0xFF, 0xFF,
    0xFF, 0xFF, 0xFF, 0xFF,
    0xFF, 0xFF, 0xFF, 0xFF,
    0xFF, 0xFF, 0xFF, 0xFF,
    0xFF, 0xFF, 0xFF, 0xFF,
    0xFF, 0xFF, 0xFF, 0xFF,
    0xFF, 0xFF, 0xFF, 0xFF,


/* Tile ID 986, isSolid: false */
    0x00, 0x00, 0x00, 0x00,
    0x00, 0x00, 0x00, 0x00,
    0x00, 0x00, 0x00, 0x00,
    0x00, 0x00, 0x00, 0x00,
    0x00, 0x00, 0x00, 0x00,
    0x00, 0x00, 0x00, 0x00,
    0x00, 0x00, 0x00, 0x00,
    0x00, 0x00, 0x00, 0x00,

    0xFF, 0xFF, 0xFF, 0xFF,
    0xFF, 0xFF, 0xFF, 0xFF,
    0xFF, 0xFF, 0xFF, 0xFF,
    0xFF, 0xFF, 0xFF, 0xFF,
    0xFF, 0xFF, 0xFF, 0xFF,
    0xFF, 0xFF, 0xFF, 0xFF,
    0xFF, 0xFF, 0xFF, 0xFF,
    0xFF, 0xFF, 0xFF, 0xFF,

    0x00, 0x00, 0x00, 0x00,
    0x00, 0x00, 0x00, 0x00,
    0x00, 0x00, 0x00, 0x00,
    0x00, 0x00, 0x00, 0x00,
    0x00, 0x00, 0x00, 0x00,
    0x00, 0x00, 0x00, 0x00,
    0x00, 0x00, 0x00, 0x00,
    0x00, 0x00, 0x00, 0x00,

    0xFF, 0xFF, 0xFF, 0xFF,
    0xFF, 0xFF, 0xFF, 0xFF,
    0xFF, 0xFF, 0xFF, 0xFF,
    0xFF, 0xFF, 0xFF, 0xFF,
    0xFF, 0xFF, 0xFF, 0xFF,
    0xFF, 0xFF, 0xFF, 0xFF,
    0xFF, 0xFF, 0xFF, 0xFF,
    0xFF, 0xFF, 0xFF, 0xFF,


/* Tile ID 987, isSolid: false */
    0x00, 0x00, 0x00, 0x00,
    0x00, 0x00, 0x00, 0x00,
    0x00, 0x00, 0x00, 0x00,
    0x00, 0x00, 0x00, 0x00,
    0x00, 0x00, 0x00, 0x00,
    0x00, 0x00, 0x00, 0x00,
    0x00, 0x00, 0x00, 0x00,
    0x00, 0x00, 0x00, 0x00,

    0xFF, 0xFF, 0xFF, 0xFF,
    0xFF, 0xFF, 0xFF, 0xFF,
    0xFF, 0xFF, 0xFF, 0xFF,
    0xFF, 0xFF, 0xFF, 0xFF,
    0xFF, 0xFF, 0xFF, 0xFF,
    0xFF, 0xFF, 0xFF, 0xFF,
    0xFF, 0xFF, 0xFF, 0xFF,
    0xFF, 0xFF, 0xFF, 0xFF,

    0x00, 0x00, 0x00, 0x00,
    0x00, 0x00, 0x00, 0x00,
    0x00, 0x00, 0x00, 0x00,
    0x00, 0x00, 0x00, 0x00,
    0x00, 0x00, 0x00, 0x00,
    0x00, 0x00, 0x00, 0x00,
    0x00, 0x00, 0x00, 0x00,
    0x00, 0x00, 0x00, 0x00,

    0xFF, 0xFF, 0xFF, 0xFF,
    0xFF, 0xFF, 0xFF, 0xFF,
    0xFF, 0xFF, 0xFF, 0xFF,
    0xFF, 0xFF, 0xFF, 0xFF,
    0xFF, 0xFF, 0xFF, 0xFF,
    0xFF, 0xFF, 0xFF, 0xFF,
    0xFF, 0xFF, 0xFF, 0xFF,
    0xFF, 0xFF, 0xFF, 0xFF,


/* Tile ID 988, isSolid: false */
    0x00, 0x00, 0x00, 0x00,
    0x00, 0x00, 0x00, 0x00,
    0x00, 0x00, 0x00, 0x00,
    0x00, 0x00, 0x00, 0x00,
    0x00, 0x00, 0x00, 0x00,
    0x00, 0x00, 0x00, 0x00,
    0x00, 0x00, 0x00, 0x00,
    0x00, 0x00, 0x00, 0x00,

    0xFF, 0xFF, 0xFF, 0xFF,
    0xFF, 0xFF, 0xFF, 0xFF,
    0xFF, 0xFF, 0xFF, 0xFF,
    0xFF, 0xFF, 0xFF, 0xFF,
    0xFF, 0xFF, 0xFF, 0xFF,
    0xFF, 0xFF, 0xFF, 0xFF,
    0xFF, 0xFF, 0xFF, 0xFF,
    0xFF, 0xFF, 0xFF, 0xFF,

    0x00, 0x00, 0x00, 0x00,
    0x00, 0x00, 0x00, 0x00,
    0x00, 0x00, 0x00, 0x00,
    0x00, 0x00, 0x00, 0x00,
    0x00, 0x00, 0x00, 0x00,
    0x00, 0x00, 0x00, 0x00,
    0x00, 0x00, 0x00, 0x00,
    0x00, 0x00, 0x00, 0x00,

    0xFF, 0xFF, 0xFF, 0xFF,
    0xFF, 0xFF, 0xFF, 0xFF,
    0xFF, 0xFF, 0xFF, 0xFF,
    0xFF, 0xFF, 0xFF, 0xFF,
    0xFF, 0xFF, 0xFF, 0xFF,
    0xFF, 0xFF, 0xFF, 0xFF,
    0xFF, 0xFF, 0xFF, 0xFF,
    0xFF, 0xFF, 0xFF, 0xFF,


/* Tile ID 989, isSolid: false */
    0x00, 0x00, 0x00, 0x00,
    0x00, 0x00, 0x00, 0x00,
    0x00, 0x00, 0x00, 0x00,
    0x00, 0x00, 0x00, 0x00,
    0x00, 0x00, 0x00, 0x00,
    0x00, 0x00, 0x00, 0x00,
    0x00, 0x00, 0x00, 0x00,
    0x00, 0x00, 0x00, 0x00,

    0xFF, 0xFF, 0xFF, 0xFF,
    0xFF, 0xFF, 0xFF, 0xFF,
    0xFF, 0xFF, 0xFF, 0xFF,
    0xFF, 0xFF, 0xFF, 0xFF,
    0xFF, 0xFF, 0xFF, 0xFF,
    0xFF, 0xFF, 0xFF, 0xFF,
    0xFF, 0xFF, 0xFF, 0xFF,
    0xFF, 0xFF, 0xFF, 0xFF,

    0x00, 0x00, 0x00, 0x00,
    0x00, 0x00, 0x00, 0x00,
    0x00, 0x00, 0x00, 0x00,
    0x00, 0x00, 0x00, 0x00,
    0x00, 0x00, 0x00, 0x00,
    0x00, 0x00, 0x00, 0x00,
    0x00, 0x00, 0x00, 0x00,
    0x00, 0x00, 0x00, 0x00,

    0xFF, 0xFF, 0xFF, 0xFF,
    0xFF, 0xFF, 0xFF, 0xFF,
    0xFF, 0xFF, 0xFF, 0xFF,
    0xFF, 0xFF, 0xFF, 0xFF,
    0xFF, 0xFF, 0xFF, 0xFF,
    0xFF, 0xFF, 0xFF, 0xFF,
    0xFF, 0xFF, 0xFF, 0xFF,
    0xFF, 0xFF, 0xFF, 0xFF,


/* Tile ID 990, isSolid: false */
    0x00, 0x00, 0x00, 0x00,
    0x00, 0x00, 0x00, 0x00,
    0x00, 0x00, 0x00, 0x00,
    0x00, 0x00, 0x00, 0x00,
    0x00, 0x00, 0x00, 0x00,
    0x00, 0x00, 0x00, 0x00,
    0x00, 0x00, 0x00, 0x00,
    0x00, 0x00, 0x00, 0x00,

    0xFF, 0xFF, 0xFF, 0xFF,
    0xFF, 0xFF, 0xFF, 0xFF,
    0xFF, 0xFF, 0xFF, 0xFF,
    0xFF, 0xFF, 0xFF, 0xFF,
    0xFF, 0xFF, 0xFF, 0xFF,
    0xFF, 0xFF, 0xFF, 0xFF,
    0xFF, 0xFF, 0xFF, 0xFF,
    0xFF, 0xFF, 0xFF, 0xFF,

    0x00, 0x00, 0x00, 0x00,
    0x00, 0x00, 0x00, 0x00,
    0x00, 0x00, 0x00, 0x00,
    0x00, 0x00, 0x00, 0x00,
    0x00, 0x00, 0x00, 0x00,
    0x00, 0x00, 0x00, 0x00,
    0x00, 0x00, 0x00, 0x00,
    0x00, 0x00, 0x00, 0x00,

    0xFF, 0xFF, 0xFF, 0xFF,
    0xFF, 0xFF, 0xFF, 0xFF,
    0xFF, 0xFF, 0xFF, 0xFF,
    0xFF, 0xFF, 0xFF, 0xFF,
    0xFF, 0xFF, 0xFF, 0xFF,
    0xFF, 0xFF, 0xFF, 0xFF,
    0xFF, 0xFF, 0xFF, 0xFF,
    0xFF, 0xFF, 0xFF, 0xFF,


/* Tile ID 991, isSolid: false */
    0x00, 0x00, 0x00, 0x00,
    0x00, 0x00, 0x00, 0x00,
    0x00, 0x00, 0x00, 0x00,
    0x00, 0x00, 0x00, 0x00,
    0x00, 0x00, 0x00, 0x00,
    0x00, 0x00, 0x00, 0x00,
    0x00, 0x00, 0x00, 0x00,
    0x00, 0x00, 0x00, 0x00,

    0xFF, 0xFF, 0xFF, 0xFF,
    0xFF, 0xFF, 0xFF, 0xFF,
    0xFF, 0xFF, 0xFF, 0xFF,
    0xFF, 0xFF, 0xFF, 0xFF,
    0xFF, 0xFF, 0xFF, 0xFF,
    0xFF, 0xFF, 0xFF, 0xFF,
    0xFF, 0xFF, 0xFF, 0xFF,
    0xFF, 0xFF, 0xFF, 0xFF,

    0x00, 0x00, 0x00, 0x00,
    0x00, 0x00, 0x00, 0x00,
    0x00, 0x00, 0x00, 0x00,
    0x00, 0x00, 0x00, 0x00,
    0x00, 0x00, 0x00, 0x00,
    0x00, 0x00, 0x00, 0x00,
    0x00, 0x00, 0x00, 0x00,
    0x00, 0x00, 0x00, 0x00,

    0xFF, 0xFF, 0xFF, 0xFF,
    0xFF, 0xFF, 0xFF, 0xFF,
    0xFF, 0xFF, 0xFF, 0xFF,
    0xFF, 0xFF, 0xFF, 0xFF,
    0xFF, 0xFF, 0xFF, 0xFF,
    0xFF, 0xFF, 0xFF, 0xFF,
    0xFF, 0xFF, 0xFF, 0xFF,
    0xFF, 0xFF, 0xFF, 0xFF,


/* Tile ID 992, isSolid: false */
    0x00, 0x00, 0x00, 0x00,
    0x00, 0x00, 0x00, 0x00,
    0x00, 0x00, 0x00, 0x00,
    0x00, 0x00, 0x00, 0x00,
    0x00, 0x00, 0x00, 0x00,
    0x00, 0x00, 0x00, 0x00,
    0x00, 0x00, 0x00, 0x00,
    0x00, 0x00, 0x00, 0x00,

    0xFF, 0xFF, 0xFF, 0xFF,
    0xFF, 0xFF, 0xFF, 0xFF,
    0xFF, 0xFF, 0xFF, 0xFF,
    0xFF, 0xFF, 0xFF, 0xFF,
    0xFF, 0xFF, 0xFF, 0xFF,
    0xFF, 0xFF, 0xFF, 0xFF,
    0xFF, 0xFF, 0xFF, 0xFF,
    0xFF, 0xFF, 0xFF, 0xFF,

    0x00, 0x00, 0x00, 0x00,
    0x00, 0x00, 0x00, 0x00,
    0x00, 0x00, 0x00, 0x00,
    0x00, 0x00, 0x00, 0x00,
    0x00, 0x00, 0x00, 0x00,
    0x00, 0x00, 0x00, 0x00,
    0x00, 0x00, 0x00, 0x00,
    0x00, 0x00, 0x00, 0x00,

    0xFF, 0xFF, 0xFF, 0xFF,
    0xFF, 0xFF, 0xFF, 0xFF,
    0xFF, 0xFF, 0xFF, 0xFF,
    0xFF, 0xFF, 0xFF, 0xFF,
    0xFF, 0xFF, 0xFF, 0xFF,
    0xFF, 0xFF, 0xFF, 0xFF,
    0xFF, 0xFF, 0xFF, 0xFF,
    0xFF, 0xFF, 0xFF, 0xFF,


/* Tile ID 993, isSolid: false */
    0x00, 0x00, 0xB9, 0xE9,
    0x00, 0x0B, 0xDD, 0x90,
    0x00, 0xBD, 0xDD, 0xB0,
    0x00, 0x0B, 0xDB, 0x00,
    0x00, 0x00, 0xB0, 0x00,
    0x00, 0x00, 0x00, 0x00,
    0x00, 0x00, 0x00, 0x00,
    0x00, 0x00, 0x00, 0x00,

    0xFF, 0xFF, 0x00, 0x00,
    0xFF, 0xF0, 0x00, 0x0F,
    0xFF, 0x00, 0x00, 0x0F,
    0xFF, 0xF0, 0x00, 0xFF,
    0xFF, 0xFF, 0x0F, 0xFF,
    0xFF, 0xFF, 0xFF, 0xFF,
    0xFF, 0xFF, 0xFF, 0xFF,
    0xFF, 0xFF, 0xFF, 0xFF,

    0x9E, 0x9B, 0x00, 0x00,
    0x09, 0xDD, 0xB0, 0x00,
    0x0B, 0xDD, 0xDB, 0x00,
    0x00, 0xBD, 0xB0, 0x00,
    0x00, 0x0B, 0x00, 0x00,
    0x00, 0x00, 0x00, 0x00,
    0x00, 0x00, 0x00, 0x00,
    0x00, 0x00, 0x00, 0x00,

    0x00, 0x00, 0xFF, 0xFF,
    0xF0, 0x00, 0x0F, 0xFF,
    0xF0, 0x00, 0x00, 0xFF,
    0xFF, 0x00, 0x0F, 0xFF,
    0xFF, 0xF0, 0xFF, 0xFF,
    0xFF, 0xFF, 0xFF, 0xFF,
    0xFF, 0xFF, 0xFF, 0xFF,
    0xFF, 0xFF, 0xFF, 0xFF,


/* Tile ID 994, isSolid: false */
    0xE9, 0xB0, 0x00, 0x00,
    0x9D, 0xDB, 0x00, 0x00,
    0xBD, 0xDD, 0xB0, 0x00,
    0x0B, 0xDB, 0x00, 0x00,
    0x00, 0xB0, 0x00, 0x00,
    0x00, 0x00, 0x00, 0x00,
    0x00, 0x00, 0x00, 0x00,
    0x00, 0x00, 0x00, 0x00,

    0x00, 0x0F, 0xFF, 0xFF,
    0x00, 0x00, 0xFF, 0xFF,
    0x00, 0x00, 0x0F, 0xFF,
    0xF0, 0x00, 0xFF, 0xFF,
    0xFF, 0x0F, 0xFF, 0xFF,
    0xFF, 0xFF, 0xFF, 0xFF,
    0xFF, 0xFF, 0xFF, 0xFF,
    0xFF, 0xFF, 0xFF, 0xFF,

    0x00, 0x00, 0x0B, 0x9E,
    0x00, 0x00, 0xBD, 0xD9,
    0x00, 0x0B, 0xDD, 0xDB,
    0x00, 0x00, 0xBD, 0xB0,
    0x00, 0x00, 0x0B, 0x00,
    0x00, 0x00, 0x00, 0x00,
    0x00, 0x00, 0x00, 0x00,
    0x00, 0x00, 0x00, 0x00,

    0xFF, 0xFF, 0xF0, 0x00,
    0xFF, 0xFF, 0x00, 0x00,
    0xFF, 0xF0, 0x00, 0x00,
    0xFF, 0xFF, 0x00, 0x0F,
    0xFF, 0xFF, 0xF0, 0xFF,
    0xFF, 0xFF, 0xFF, 0xFF,
    0xFF, 0xFF, 0xFF, 0xFF,
    0xFF, 0xFF, 0xFF, 0xFF,


/* Tile ID 995, isSolid: false */
    0x00, 0xBD, 0xDD, 0xE9,
    0x00, 0xBB, 0xDD, 0xB0,
    0x00, 0x0B, 0xBB, 0x00,
    0x00, 0x0B, 0x00, 0x00,
    0x00, 0x00, 0x00, 0x00,
    0x00, 0x00, 0x00, 0x00,
    0x00, 0x00, 0x00, 0x00,
    0x00, 0x00, 0x00, 0x00,

    0xFF, 0x00, 0x00, 0x00,
    0xFF, 0x00, 0x00, 0x0F,
    0xFF, 0xF0, 0x00, 0xFF,
    0xFF, 0xF0, 0xFF, 0xFF,
    0xFF, 0xFF, 0xFF, 0xFF,
    0xFF, 0xFF, 0xFF, 0xFF,
    0xFF, 0xFF, 0xFF, 0xFF,
    0xFF, 0xFF, 0xFF, 0xFF,

    0x9E, 0xDD, 0xDB, 0x00,
    0x0B, 0xDD, 0xBB, 0x00,
    0x00, 0xBB, 0xB0, 0x00,
    0x00, 0x00, 0xB0, 0x00,
    0x00, 0x00, 0x00, 0x00,
    0x00, 0x00, 0x00, 0x00,
    0x00, 0x00, 0x00, 0x00,
    0x00, 0x00, 0x00, 0x00,

    0x00, 0x00, 0x00, 0xFF,
    0xF0, 0x00, 0x00, 0xFF,
    0xFF, 0x00, 0x0F, 0xFF,
    0xFF, 0xFF, 0x0F, 0xFF,
    0xFF, 0xFF, 0xFF, 0xFF,
    0xFF, 0xFF, 0xFF, 0xFF,
    0xFF, 0xFF, 0xFF, 0xFF,
    0xFF, 0xFF, 0xFF, 0xFF,


/* Tile ID 996, isSolid: false */
    0xE9, 0x00, 0x00, 0x00,
    0xDE, 0xB0, 0x00, 0x00,
    0xBD, 0xDB, 0x00, 0x00,
    0xBD, 0xDB, 0x00, 0x00,
    0xBD, 0xBB, 0x00, 0x00,
    0x0B, 0x00, 0x00, 0x00,
    0x00, 0x00, 0x00, 0x00,
    0x00, 0x00, 0x00, 0x00,

    0x00, 0xFF, 0xFF, 0xFF,
    0x00, 0x0F, 0xFF, 0xFF,
    0x00, 0x00, 0xFF, 0xFF,
    0x00, 0x00, 0xFF, 0xFF,
    0x00, 0x00, 0xFF, 0xFF,
    0xF0, 0xFF, 0xFF, 0xFF,
    0xFF, 0xFF, 0xFF, 0xFF,
    0xFF, 0xFF, 0xFF, 0xFF,

    0x00, 0x00, 0x00, 0x9E,
    0x00, 0x00, 0x0B, 0xED,
    0x00, 0x00, 0xBD, 0xDB,
    0x00, 0x00, 0xBD, 0xDB,
    0x00, 0x00, 0xBB, 0xDB,
    0x00, 0x00, 0x00, 0xB0,
    0x00, 0x00, 0x00, 0x00,
    0x00, 0x00, 0x00, 0x00,

    0xFF, 0xFF, 0xFF, 0x00,
    0xFF, 0xFF, 0xF0, 0x00,
    0xFF, 0xFF, 0x00, 0x00,
    0xFF, 0xFF, 0x00, 0x00,
    0xFF, 0xFF, 0x00, 0x00,
    0xFF, 0xFF, 0xFF, 0x0F,
    0xFF, 0xFF, 0xFF, 0xFF,
    0xFF, 0xFF, 0xFF, 0xFF,


/* Tile ID 997, isSolid: false */
    0x00, 0xBB, 0xB0, 0x0E,
    0x00, 0x00, 0x00, 0xBD,
    0x00, 0x00, 0x00, 0xBD,
    0x00, 0x00, 0x00, 0xBD,
    0x00, 0x00, 0x00, 0xBB,
    0x00, 0x00, 0x00, 0x00,
    0x00, 0x00, 0x00, 0x00,
    0x00, 0x00, 0x00, 0x00,

    0xFF, 0x00, 0x0F, 0xF0,
    0xFF, 0xFF, 0xFF, 0x00,
    0xFF, 0xFF, 0xFF, 0x00,
    0xFF, 0xFF, 0xFF, 0x00,
    0xFF, 0xFF, 0xFF, 0x00,
    0xFF, 0xFF, 0xFF, 0xFF,
    0xFF, 0xFF, 0xFF, 0xFF,
    0xFF, 0xFF, 0xFF, 0xFF,

    0xE0, 0x0B, 0xBB, 0x00,
    0xDB, 0x00, 0x00, 0x00,
    0xDB, 0x00, 0x00, 0x00,
    0xDB, 0x00, 0x00, 0x00,
    0xBB, 0x00, 0x00, 0x00,
    0x00, 0x00, 0x00, 0x00,
    0x00, 0x00, 0x00, 0x00,
    0x00, 0x00, 0x00, 0x00,

    0x0F, 0xF0, 0x00, 0xFF,
    0x00, 0xFF, 0xFF, 0xFF,
    0x00, 0xFF, 0xFF, 0xFF,
    0x00, 0xFF, 0xFF, 0xFF,
    0x00, 0xFF, 0xFF, 0xFF,
    0xFF, 0xFF, 0xFF, 0xFF,
    0xFF, 0xFF, 0xFF, 0xFF,
    0xFF, 0xFF, 0xFF, 0xFF,


/* Tile ID 998, isSolid: false */
    0x90, 0x00, 0x00, 0x00,
    0xD0, 0x00, 0x00, 0x00,
    0xDB, 0x00, 0x00, 0x00,
    0xDB, 0x00, 0x00, 0x00,
    0xBB, 0x00, 0x00, 0x00,
    0x00, 0x00, 0x00, 0x00,
    0x00, 0x00, 0x00, 0x00,
    0x00, 0x00, 0x00, 0x00,

    0x0F, 0xFF, 0xFF, 0xFF,
    0x0F, 0xFF, 0xFF, 0xFF,
    0x00, 0xFF, 0xFF, 0xFF,
    0x00, 0xFF, 0xFF, 0xFF,
    0x00, 0xFF, 0xFF, 0xFF,
    0xFF, 0xFF, 0xFF, 0xFF,
    0xFF, 0xFF, 0xFF, 0xFF,
    0xFF, 0xFF, 0xFF, 0xFF,

    0x00, 0x00, 0x00, 0x09,
    0x00, 0x00, 0x00, 0x0D,
    0x00, 0x00, 0x00, 0xBD,
    0x00, 0x00, 0x00, 0xBD,
    0x00, 0x00, 0x00, 0xBB,
    0x00, 0x00, 0x00, 0x00,
    0x00, 0x00, 0x00, 0x00,
    0x00, 0x00, 0x00, 0x00,

    0xFF, 0xFF, 0xFF, 0xF0,
    0xFF, 0xFF, 0xFF, 0xF0,
    0xFF, 0xFF, 0xFF, 0x00,
    0xFF, 0xFF, 0xFF, 0x00,
    0xFF, 0xFF, 0xFF, 0x00,
    0xFF, 0xFF, 0xFF, 0xFF,
    0xFF, 0xFF, 0xFF, 0xFF,
    0xFF, 0xFF, 0xFF, 0xFF,


/* Tile ID 999, isSolid: false */
    0x00, 0x00, 0x00, 0xBD,
    0x00, 0x00, 0x0B, 0xBD,
    0x00, 0x00, 0x0B, 0xDD,
    0x00, 0x00, 0x0B, 0xDD,
    0x00, 0x00, 0x00, 0xBB,
    0x00, 0x00, 0x00, 0x00,
    0x00, 0x00, 0x00, 0x00,
    0x00, 0x00, 0x00, 0x00,

    0xFF, 0xFF, 0xFF, 0x00,
    0xFF, 0xFF, 0xF0, 0x00,
    0xFF, 0xFF, 0xF0, 0x00,
    0xFF, 0xFF, 0xF0, 0x00,
    0xFF, 0xFF, 0xFF, 0x00,
    0xFF, 0xFF, 0xFF, 0xFF,
    0xFF, 0xFF, 0xFF, 0xFF,
    0xFF, 0xFF, 0xFF, 0xFF,

    0xDB, 0x00, 0x00, 0x00,
    0xDB, 0xB0, 0x00, 0x00,
    0xDD, 0xB0, 0x00, 0x00,
    0xDD, 0xB0, 0x00, 0x00,
    0xBB, 0x00, 0x00, 0x00,
    0x00, 0x00, 0x00, 0x00,
    0x00, 0x00, 0x00, 0x00,
    0x00, 0x00, 0x00, 0x00,

    0x00, 0xFF, 0xFF, 0xFF,
    0x00, 0x0F, 0xFF, 0xFF,
    0x00, 0x0F, 0xFF, 0xFF,
    0x00, 0x0F, 0xFF, 0xFF,
    0x00, 0xFF, 0xFF, 0xFF,
    0xFF, 0xFF, 0xFF, 0xFF,
    0xFF, 0xFF, 0xFF, 0xFF,
    0xFF, 0xFF, 0xFF, 0xFF,


/* Tile ID 1000, isSolid: false */
    0x90, 0x00, 0x00, 0x00,
    0xD0, 0x00, 0x00, 0x00,
    0xB0, 0x00, 0x00, 0x00,
    0xB0, 0x00, 0x00, 0x00,
    0x00, 0x00, 0x00, 0x00,
    0x00, 0x00, 0x00, 0x00,
    0x00, 0x00, 0x00, 0x00,
    0x00, 0x00, 0x00, 0x00,

    0x0F, 0xFF, 0xFF, 0xFF,
    0x0F, 0xFF, 0xFF, 0xFF,
    0x0F, 0xFF, 0xFF, 0xFF,
    0x0F, 0xFF, 0xFF, 0xFF,
    0xFF, 0xFF, 0xFF, 0xFF,
    0xFF, 0xFF, 0xFF, 0xFF,
    0xFF, 0xFF, 0xFF, 0xFF,
    0xFF, 0xFF, 0xFF, 0xFF,

    0x00, 0x00, 0x00, 0x09,
    0x00, 0x00, 0x00, 0x0D,
    0x00, 0x00, 0x00, 0x0B,
    0x00, 0x00, 0x00, 0x0B,
    0x00, 0x00, 0x00, 0x00,
    0x00, 0x00, 0x00, 0x00,
    0x00, 0x00, 0x00, 0x00,
    0x00, 0x00, 0x00, 0x00,

    0xFF, 0xFF, 0xFF, 0xF0,
    0xFF, 0xFF, 0xFF, 0xF0,
    0xFF, 0xFF, 0xFF, 0xF0,
    0xFF, 0xFF, 0xFF, 0xF0,
    0xFF, 0xFF, 0xFF, 0xFF,
    0xFF, 0xFF, 0xFF, 0xFF,
    0xFF, 0xFF, 0xFF, 0xFF,
    0xFF, 0xFF, 0xFF, 0xFF,


/* Tile ID 1001, isSolid: false */
    0x00, 0x00, 0x0B, 0x9E,
    0x00, 0x00, 0xBD, 0xDE,
    0x00, 0x0B, 0xDD, 0xDB,
    0x00, 0x00, 0xBD, 0xB0,
    0x00, 0x00, 0x0B, 0x00,
    0x00, 0x00, 0x00, 0x00,
    0x00, 0x00, 0x00, 0x00,
    0x00, 0x00, 0x00, 0x00,

    0xFF, 0xFF, 0xF0, 0x00,
    0xFF, 0xFF, 0x00, 0x00,
    0xFF, 0xF0, 0x00, 0x00,
    0xFF, 0xFF, 0x00, 0x0F,
    0xFF, 0xFF, 0xF0, 0xFF,
    0xFF, 0xFF, 0xFF, 0xFF,
    0xFF, 0xFF, 0xFF, 0xFF,
    0xFF, 0xFF, 0xFF, 0xFF,

    0xE9, 0xB0, 0x00, 0x00,
    0xED, 0xDB, 0x00, 0x00,
    0xBD, 0xDD, 0xB0, 0x00,
    0x0B, 0xDB, 0x00, 0x00,
    0x00, 0xB0, 0x00, 0x00,
    0x00, 0x00, 0x00, 0x00,
    0x00, 0x00, 0x00, 0x00,
    0x00, 0x00, 0x00, 0x00,

    0x00, 0x0F, 0xFF, 0xFF,
    0x00, 0x00, 0xFF, 0xFF,
    0x00, 0x00, 0x0F, 0xFF,
    0xF0, 0x00, 0xFF, 0xFF,
    0xFF, 0x0F, 0xFF, 0xFF,
    0xFF, 0xFF, 0xFF, 0xFF,
    0xFF, 0xFF, 0xFF, 0xFF,
    0xFF, 0xFF, 0xFF, 0xFF,


/* Tile ID 1002, isSolid: false */
    0x90, 0x46, 0x40, 0x00,
    0x00, 0x04, 0x00, 0x00,
    0x00, 0x00, 0x00, 0x00,
    0x00, 0x00, 0x00, 0x00,
    0x00, 0x00, 0x00, 0x00,
    0x00, 0x00, 0x00, 0x00,
    0x00, 0x00, 0x00, 0x00,
    0x00, 0x00, 0x00, 0x00,

    0x0F, 0x00, 0x0F, 0xFF,
    0xFF, 0xF0, 0xFF, 0xFF,
    0xFF, 0xFF, 0xFF, 0xFF,
    0xFF, 0xFF, 0xFF, 0xFF,
    0xFF, 0xFF, 0xFF, 0xFF,
    0xFF, 0xFF, 0xFF, 0xFF,
    0xFF, 0xFF, 0xFF, 0xFF,
    0xFF, 0xFF, 0xFF, 0xFF,

    0x00, 0x04, 0x64, 0x09,
    0x00, 0x00, 0x40, 0x00,
    0x00, 0x00, 0x00, 0x00,
    0x00, 0x00, 0x00, 0x00,
    0x00, 0x00, 0x00, 0x00,
    0x00, 0x00, 0x00, 0x00,
    0x00, 0x00, 0x00, 0x00,
    0x00, 0x00, 0x00, 0x00,

    0xFF, 0xF0, 0x00, 0xF0,
    0xFF, 0xFF, 0x0F, 0xFF,
    0xFF, 0xFF, 0xFF, 0xFF,
    0xFF, 0xFF, 0xFF, 0xFF,
    0xFF, 0xFF, 0xFF, 0xFF,
    0xFF, 0xFF, 0xFF, 0xFF,
    0xFF, 0xFF, 0xFF, 0xFF,
    0xFF, 0xFF, 0xFF, 0xFF,


/* Tile ID 1003, isSolid: false */
    0x00, 0x11, 0x11, 0x11,
    0x00, 0x00, 0x0E, 0x11,
    0x00, 0x01, 0x11, 0xEE,
    0x00, 0x01, 0x10, 0x00,
    0x00, 0x01, 0x10, 0x00,
    0x00, 0x00, 0x00, 0x00,
    0x00, 0x00, 0x00, 0x00,
    0x00, 0x00, 0x00, 0x00,

    0xFF, 0x00, 0x00, 0x00,
    0xFF, 0xFF, 0xF0, 0x00,
    0xFF, 0xF0, 0x00, 0x00,
    0xFF, 0xF0, 0x0F, 0xFF,
    0xFF, 0xF0, 0x0F, 0xFF,
    0xFF, 0xFF, 0xFF, 0xFF,
    0xFF, 0xFF, 0xFF, 0xFF,
    0xFF, 0xFF, 0xFF, 0xFF,

    0x11, 0x11, 0x11, 0x00,
    0x11, 0xE0, 0x00, 0x00,
    0xEE, 0x11, 0x10, 0x00,
    0x00, 0x01, 0x10, 0x00,
    0x00, 0x01, 0x10, 0x00,
    0x00, 0x00, 0x00, 0x00,
    0x00, 0x00, 0x00, 0x00,
    0x00, 0x00, 0x00, 0x00,

    0x00, 0x00, 0x00, 0xFF,
    0x00, 0x0F, 0xFF, 0xFF,
    0x00, 0x00, 0x0F, 0xFF,
    0xFF, 0xF0, 0x0F, 0xFF,
    0xFF, 0xF0, 0x0F, 0xFF,
    0xFF, 0xFF, 0xFF, 0xFF,
    0xFF, 0xFF, 0xFF, 0xFF,
    0xFF, 0xFF, 0xFF, 0xFF,


/* Tile ID 1004, isSolid: false */
    0x11, 0x11, 0x11, 0x00,
    0x11, 0xE0, 0x00, 0x00,
    0xEE, 0x11, 0x10, 0x00,
    0x00, 0x01, 0x10, 0x00,
    0x00, 0x01, 0x10, 0x00,
    0x00, 0x00, 0x00, 0x00,
    0x00, 0x00, 0x00, 0x00,
    0x00, 0x00, 0x00, 0x00,

    0x00, 0x00, 0x00, 0xFF,
    0x00, 0x0F, 0xFF, 0xFF,
    0x00, 0x00, 0x0F, 0xFF,
    0xFF, 0xF0, 0x0F, 0xFF,
    0xFF, 0xF0, 0x0F, 0xFF,
    0xFF, 0xFF, 0xFF, 0xFF,
    0xFF, 0xFF, 0xFF, 0xFF,
    0xFF, 0xFF, 0xFF, 0xFF,

    0x00, 0x11, 0x11, 0x11,
    0x00, 0x00, 0x0E, 0x11,
    0x00, 0x01, 0x11, 0xEE,
    0x00, 0x01, 0x10, 0x00,
    0x00, 0x01, 0x10, 0x00,
    0x00, 0x00, 0x00, 0x00,
    0x00, 0x00, 0x00, 0x00,
    0x00, 0x00, 0x00, 0x00,

    0xFF, 0x00, 0x00, 0x00,
    0xFF, 0xFF, 0xF0, 0x00,
    0xFF, 0xF0, 0x00, 0x00,
    0xFF, 0xF0, 0x0F, 0xFF,
    0xFF, 0xF0, 0x0F, 0xFF,
    0xFF, 0xFF, 0xFF, 0xFF,
    0xFF, 0xFF, 0xFF, 0xFF,
    0xFF, 0xFF, 0xFF, 0xFF,


/* Tile ID 1005, isSolid: false */
    0x00, 0x00, 0x11, 0xEE,
    0x00, 0x11, 0xE1, 0x11,
    0x01, 0x11, 0xEE, 0x11,
    0x01, 0x10, 0x00, 0xEE,
    0x00, 0x00, 0x00, 0x00,
    0x00, 0x00, 0x00, 0x00,
    0x00, 0x00, 0x00, 0x00,
    0x00, 0x00, 0x00, 0x00,

    0xFF, 0xFF, 0x00, 0x00,
    0xFF, 0x00, 0x00, 0x00,
    0xF0, 0x00, 0x00, 0x00,
    0xF0, 0x0F, 0xFF, 0x00,
    0xFF, 0xFF, 0xFF, 0xFF,
    0xFF, 0xFF, 0xFF, 0xFF,
    0xFF, 0xFF, 0xFF, 0xFF,
    0xFF, 0xFF, 0xFF, 0xFF,

    0xEE, 0x11, 0x00, 0x00,
    0x11, 0x1E, 0x11, 0x00,
    0x11, 0xEE, 0x11, 0x10,
    0xEE, 0x00, 0x01, 0x10,
    0x00, 0x00, 0x00, 0x00,
    0x00, 0x00, 0x00, 0x00,
    0x00, 0x00, 0x00, 0x00,
    0x00, 0x00, 0x00, 0x00,

    0x00, 0x00, 0xFF, 0xFF,
    0x00, 0x00, 0x00, 0xFF,
    0x00, 0x00, 0x00, 0x0F,
    0x00, 0xFF, 0xF0, 0x0F,
    0xFF, 0xFF, 0xFF, 0xFF,
    0xFF, 0xFF, 0xFF, 0xFF,
    0xFF, 0xFF, 0xFF, 0xFF,
    0xFF, 0xFF, 0xFF, 0xFF,


/* Tile ID 1006, isSolid: false */
    0xE0, 0x20, 0x00, 0x00,
    0x11, 0x11, 0x00, 0x00,
    0x11, 0x11, 0x10, 0x00,
    0xEE, 0x01, 0x10, 0x00,
    0x11, 0x10, 0x00, 0x00,
    0x01, 0x10, 0x00, 0x00,
    0x11, 0x00, 0x00, 0x00,
    0x00, 0x00, 0x00, 0x00,

    0x0F, 0x0F, 0xFF, 0xFF,
    0x00, 0x00, 0xFF, 0xFF,
    0x00, 0x00, 0x0F, 0xFF,
    0x00, 0xF0, 0x0F, 0xFF,
    0x00, 0x0F, 0xFF, 0xFF,
    0xF0, 0x0F, 0xFF, 0xFF,
    0x00, 0xFF, 0xFF, 0xFF,
    0xFF, 0xFF, 0xFF, 0xFF,

    0x00, 0x00, 0x02, 0x0E,
    0x00, 0x00, 0x11, 0x11,
    0x00, 0x01, 0x11, 0x11,
    0x00, 0x01, 0x10, 0xEE,
    0x00, 0x00, 0x01, 0x11,
    0x00, 0x00, 0x01, 0x10,
    0x00, 0x00, 0x00, 0x11,
    0x00, 0x00, 0x00, 0x00,

    0xFF, 0xFF, 0xF0, 0xF0,
    0xFF, 0xFF, 0x00, 0x00,
    0xFF, 0xF0, 0x00, 0x00,
    0xFF, 0xF0, 0x0F, 0x00,
    0xFF, 0xFF, 0xF0, 0x00,
    0xFF, 0xFF, 0xF0, 0x0F,
    0xFF, 0xFF, 0xFF, 0x00,
    0xFF, 0xFF, 0xFF, 0xFF,


/* Tile ID 1007, isSolid: false */
    0x01, 0x11, 0xE1, 0x11,
    0x00, 0x00, 0xEE, 0x11,
    0x00, 0x00, 0x0E, 0xE1,
    0x00, 0x00, 0x00, 0xEE,
    0x00, 0x00, 0x00, 0x01,
    0x00, 0x00, 0x00, 0x01,
    0x00, 0x00, 0x00, 0x01,
    0x00, 0x00, 0x00, 0x00,

    0xF0, 0x00, 0x00, 0x00,
    0xFF, 0xFF, 0x00, 0x00,
    0xFF, 0xFF, 0xF0, 0x00,
    0xFF, 0xFF, 0xFF, 0x00,
    0xFF, 0xFF, 0xFF, 0xF0,
    0xFF, 0xFF, 0xFF, 0xF0,
    0xFF, 0xFF, 0xFF, 0xF0,
    0xFF, 0xFF, 0xFF, 0xFF,

    0x11, 0x1E, 0x11, 0x10,
    0x11, 0xEE, 0x00, 0x00,
    0x1E, 0xE0, 0x00, 0x00,
    0xEE, 0x00, 0x00, 0x00,
    0x10, 0x00, 0x00, 0x00,
    0x10, 0x00, 0x00, 0x00,
    0x10, 0x00, 0x00, 0x00,
    0x00, 0x00, 0x00, 0x00,

    0x00, 0x00, 0x00, 0x0F,
    0x00, 0x00, 0xFF, 0xFF,
    0x00, 0x0F, 0xFF, 0xFF,
    0x00, 0xFF, 0xFF, 0xFF,
    0x0F, 0xFF, 0xFF, 0xFF,
    0x0F, 0xFF, 0xFF, 0xFF,
    0x0F, 0xFF, 0xFF, 0xFF,
    0xFF, 0xFF, 0xFF, 0xFF,


/* Tile ID 1008, isSolid: false */
    0xE0, 0x22, 0x22, 0x22,
    0x11, 0x20, 0x20, 0x00,
    0x11, 0x10, 0x00, 0x00,
    0xE1, 0x11, 0x00, 0x00,
    0x10, 0x11, 0x00, 0x00,
    0x10, 0x00, 0x00, 0x00,
    0x10, 0x00, 0x00, 0x00,
    0x00, 0x00, 0x00, 0x00,

    0x0F, 0x00, 0x00, 0x00,
    0x00, 0x0F, 0x0F, 0xFF,
    0x00, 0x0F, 0xFF, 0xFF,
    0x00, 0x00, 0xFF, 0xFF,
    0x0F, 0x00, 0xFF, 0xFF,
    0x0F, 0xFF, 0xFF, 0xFF,
    0x0F, 0xFF, 0xFF, 0xFF,
    0xFF, 0xFF, 0xFF, 0xFF,

    0x22, 0x22, 0x22, 0x0E,
    0x00, 0x02, 0x02, 0x11,
    0x00, 0x00, 0x01, 0x11,
    0x00, 0x00, 0x11, 0x1E,
    0x00, 0x00, 0x11, 0x01,
    0x00, 0x00, 0x00, 0x01,
    0x00, 0x00, 0x00, 0x01,
    0x00, 0x00, 0x00, 0x00,

    0x00, 0x00, 0x00, 0xF0,
    0xFF, 0xF0, 0xF0, 0x00,
    0xFF, 0xFF, 0xF0, 0x00,
    0xFF, 0xFF, 0x00, 0x00,
    0xFF, 0xFF, 0x00, 0xF0,
    0xFF, 0xFF, 0xFF, 0xF0,
    0xFF, 0xFF, 0xFF, 0xF0,
    0xFF, 0xFF, 0xFF, 0xFF,


/* Tile ID 1009, isSolid: false */
    0x00, 0x00, 0xE1, 0x1E,
    0x00, 0x00, 0xE1, 0x1E,
    0x00, 0x00, 0x0E, 0x11,
    0x00, 0x00, 0x01, 0xE1,
    0x00, 0x00, 0x01, 0x10,
    0x00, 0x00, 0x11, 0x10,
    0x00, 0x00, 0x11, 0x00,
    0x00, 0x00, 0x00, 0x00,

    0xFF, 0xFF, 0x00, 0x00,
    0xFF, 0xFF, 0x00, 0x00,
    0xFF, 0xFF, 0xF0, 0x00,
    0xFF, 0xFF, 0xF0, 0x00,
    0xFF, 0xFF, 0xF0, 0x0F,
    0xFF, 0xFF, 0x00, 0x0F,
    0xFF, 0xFF, 0x00, 0xFF,
    0xFF, 0xFF, 0xFF, 0xFF,

    0xE1, 0x1E, 0x00, 0x00,
    0xE1, 0x1E, 0x00, 0x00,
    0x11, 0xE0, 0x00, 0x00,
    0x1E, 0x10, 0x00, 0x00,
    0x01, 0x10, 0x00, 0x00,
    0x01, 0x11, 0x00, 0x00,
    0x00, 0x11, 0x00, 0x00,
    0x00, 0x00, 0x00, 0x00,

    0x00, 0x00, 0xFF, 0xFF,
    0x00, 0x00, 0xFF, 0xFF,
    0x00, 0x0F, 0xFF, 0xFF,
    0x00, 0x0F, 0xFF, 0xFF,
    0xF0, 0x0F, 0xFF, 0xFF,
    0xF0, 0x00, 0xFF, 0xFF,
    0xFF, 0x00, 0xFF, 0xFF,
    0xFF, 0xFF, 0xFF, 0xFF,


/* Tile ID 1010, isSolid: false */
    0x11, 0x10, 0x02, 0x00,
    0xE0, 0x22, 0x02, 0x00,
    0x12, 0x22, 0x22, 0x20,
    0x10, 0x02, 0x22, 0x22,
    0x11, 0x00, 0x00, 0x00,
    0x11, 0x00, 0x00, 0x00,
    0x00, 0x00, 0x00, 0x00,
    0x00, 0x00, 0x00, 0x00,

    0x00, 0x0F, 0xF0, 0xFF,
    0x0F, 0x00, 0xF0, 0xFF,
    0x00, 0x00, 0x00, 0x0F,
    0x0F, 0xF0, 0x00, 0x00,
    0x00, 0xFF, 0xFF, 0xFF,
    0x00, 0xFF, 0xFF, 0xFF,
    0xFF, 0xFF, 0xFF, 0xFF,
    0xFF, 0xFF, 0xFF, 0xFF,

    0x00, 0x20, 0x01, 0x11,
    0x00, 0x20, 0x22, 0x0E,
    0x02, 0x22, 0x22, 0x21,
    0x22, 0x22, 0x20, 0x01,
    0x00, 0x00, 0x00, 0x11,
    0x00, 0x00, 0x00, 0x11,
    0x00, 0x00, 0x00, 0x00,
    0x00, 0x00, 0x00, 0x00,

    0xFF, 0x0F, 0xF0, 0x00,
    0xFF, 0x0F, 0x00, 0xF0,
    0xF0, 0x00, 0x00, 0x00,
    0x00, 0x00, 0x0F, 0xF0,
    0xFF, 0xFF, 0xFF, 0x00,
    0xFF, 0xFF, 0xFF, 0x00,
    0xFF, 0xFF, 0xFF, 0xFF,
    0xFF, 0xFF, 0xFF, 0xFF,


/* Tile ID 1011, isSolid: false */
    0x00, 0x0E, 0x11, 0xE1,
    0x00, 0x0E, 0x11, 0xE0,
    0x00, 0x01, 0xE1, 0x12,
    0x01, 0x11, 0x01, 0x10,
    0x01, 0x11, 0x01, 0x10,
    0x00, 0x00, 0x01, 0x10,
    0x00, 0x00, 0x00, 0x00,
    0x00, 0x00, 0x00, 0x00,

    0xFF, 0xF0, 0x00, 0x00,
    0xFF, 0xF0, 0x00, 0x0F,
    0xFF, 0xF0, 0x00, 0x00,
    0xF0, 0x00, 0xF0, 0x0F,
    0xF0, 0x00, 0xF0, 0x0F,
    0xFF, 0xFF, 0xF0, 0x0F,
    0xFF, 0xFF, 0xFF, 0xFF,
    0xFF, 0xFF, 0xFF, 0xFF,

    0x1E, 0x11, 0xE0, 0x00,
    0x0E, 0x11, 0xE0, 0x00,
    0x21, 0x1E, 0x10, 0x00,
    0x01, 0x10, 0x11, 0x10,
    0x01, 0x10, 0x11, 0x10,
    0x01, 0x10, 0x00, 0x00,
    0x00, 0x00, 0x00, 0x00,
    0x00, 0x00, 0x00, 0x00,

    0x00, 0x00, 0x0F, 0xFF,
    0xF0, 0x00, 0x0F, 0xFF,
    0x00, 0x00, 0x0F, 0xFF,
    0xF0, 0x0F, 0x00, 0x0F,
    0xF0, 0x0F, 0x00, 0x0F,
    0xF0, 0x0F, 0xFF, 0xFF,
    0xFF, 0xFF, 0xFF, 0xFF,
    0xFF, 0xFF, 0xFF, 0xFF,


/* Tile ID 1012, isSolid: false */
    0x11, 0x00, 0x00, 0x00,
    0x01, 0x02, 0x20, 0x00,
    0x22, 0x02, 0x00, 0x00,
    0x22, 0x22, 0x00, 0x00,
    0x02, 0x22, 0x00, 0x00,
    0x00, 0x02, 0x20, 0x00,
    0x00, 0x00, 0x00, 0x00,
    0x00, 0x00, 0x00, 0x00,

    0x00, 0xFF, 0xFF, 0xFF,
    0xF0, 0xF0, 0x0F, 0xFF,
    0x00, 0xF0, 0xFF, 0xFF,
    0x00, 0x00, 0xFF, 0xFF,
    0xF0, 0x00, 0xFF, 0xFF,
    0xFF, 0xF0, 0x0F, 0xFF,
    0xFF, 0xFF, 0xFF, 0xFF,
    0xFF, 0xFF, 0xFF, 0xFF,

    0x00, 0x00, 0x00, 0x11,
    0x00, 0x02, 0x20, 0x10,
    0x00, 0x00, 0x20, 0x22,
    0x00, 0x00, 0x22, 0x22,
    0x00, 0x00, 0x22, 0x20,
    0x00, 0x02, 0x20, 0x00,
    0x00, 0x00, 0x00, 0x00,
    0x00, 0x00, 0x00, 0x00,

    0xFF, 0xFF, 0xFF, 0x00,
    0xFF, 0xF0, 0x0F, 0x0F,
    0xFF, 0xFF, 0x0F, 0x00,
    0xFF, 0xFF, 0x00, 0x00,
    0xFF, 0xFF, 0x00, 0x0F,
    0xFF, 0xF0, 0x0F, 0xFF,
    0xFF, 0xFF, 0xFF, 0xFF,
    0xFF, 0xFF, 0xFF, 0xFF,


/* Tile ID 1013, isSolid: false */
    0x00, 0x00, 0x00, 0x00,
    0x00, 0x00, 0x00, 0x00,
    0x00, 0x00, 0x00, 0x00,
    0x00, 0x00, 0x00, 0x00,
    0x00, 0x00, 0x00, 0x00,
    0x00, 0x00, 0x00, 0x00,
    0x00, 0x00, 0x00, 0x00,
    0x00, 0x00, 0x00, 0x00,

    0xFF, 0xFF, 0xFF, 0xFF,
    0xFF, 0xFF, 0xFF, 0xFF,
    0xFF, 0xFF, 0xFF, 0xFF,
    0xFF, 0xFF, 0xFF, 0xFF,
    0xFF, 0xFF, 0xFF, 0xFF,
    0xFF, 0xFF, 0xFF, 0xFF,
    0xFF, 0xFF, 0xFF, 0xFF,
    0xFF, 0xFF, 0xFF, 0xFF,

    0x00, 0x00, 0x00, 0x00,
    0x00, 0x00, 0x00, 0x00,
    0x00, 0x00, 0x00, 0x00,
    0x00, 0x00, 0x00, 0x00,
    0x00, 0x00, 0x00, 0x00,
    0x00, 0x00, 0x00, 0x00,
    0x00, 0x00, 0x00, 0x00,
    0x00, 0x00, 0x00, 0x00,

    0xFF, 0xFF, 0xFF, 0xFF,
    0xFF, 0xFF, 0xFF, 0xFF,
    0xFF, 0xFF, 0xFF, 0xFF,
    0xFF, 0xFF, 0xFF, 0xFF,
    0xFF, 0xFF, 0xFF, 0xFF,
    0xFF, 0xFF, 0xFF, 0xFF,
    0xFF, 0xFF, 0xFF, 0xFF,
    0xFF, 0xFF, 0xFF, 0xFF,


/* Tile ID 1014, isSolid: false */
    0x00, 0x00, 0x00, 0x00,
    0x00, 0x00, 0x00, 0x00,
    0x00, 0x00, 0x00, 0x00,
    0x00, 0x00, 0x00, 0x00,
    0x00, 0x00, 0x00, 0x00,
    0x00, 0x00, 0x00, 0x00,
    0x00, 0x00, 0x00, 0x00,
    0x00, 0x00, 0x00, 0x00,

    0xFF, 0xFF, 0xFF, 0xFF,
    0xFF, 0xFF, 0xFF, 0xFF,
    0xFF, 0xFF, 0xFF, 0xFF,
    0xFF, 0xFF, 0xFF, 0xFF,
    0xFF, 0xFF, 0xFF, 0xFF,
    0xFF, 0xFF, 0xFF, 0xFF,
    0xFF, 0xFF, 0xFF, 0xFF,
    0xFF, 0xFF, 0xFF, 0xFF,

    0x00, 0x00, 0x00, 0x00,
    0x00, 0x00, 0x00, 0x00,
    0x00, 0x00, 0x00, 0x00,
    0x00, 0x00, 0x00, 0x00,
    0x00, 0x00, 0x00, 0x00,
    0x00, 0x00, 0x00, 0x00,
    0x00, 0x00, 0x00, 0x00,
    0x00, 0x00, 0x00, 0x00,

    0xFF, 0xFF, 0xFF, 0xFF,
    0xFF, 0xFF, 0xFF, 0xFF,
    0xFF, 0xFF, 0xFF, 0xFF,
    0xFF, 0xFF, 0xFF, 0xFF,
    0xFF, 0xFF, 0xFF, 0xFF,
    0xFF, 0xFF, 0xFF, 0xFF,
    0xFF, 0xFF, 0xFF, 0xFF,
    0xFF, 0xFF, 0xFF, 0xFF,


/* Tile ID 1015, isSolid: false */
    0x00, 0x00, 0x00, 0x00,
    0x00, 0x00, 0x00, 0x00,
    0x00, 0x00, 0x00, 0x00,
    0x00, 0x00, 0x00, 0x00,
    0x00, 0x00, 0x00, 0x00,
    0x00, 0x00, 0x00, 0x00,
    0x00, 0x00, 0x00, 0x00,
    0x00, 0x00, 0x00, 0x00,

    0xFF, 0xFF, 0xFF, 0xFF,
    0xFF, 0xFF, 0xFF, 0xFF,
    0xFF, 0xFF, 0xFF, 0xFF,
    0xFF, 0xFF, 0xFF, 0xFF,
    0xFF, 0xFF, 0xFF, 0xFF,
    0xFF, 0xFF, 0xFF, 0xFF,
    0xFF, 0xFF, 0xFF, 0xFF,
    0xFF, 0xFF, 0xFF, 0xFF,

    0x00, 0x00, 0x00, 0x00,
    0x00, 0x00, 0x00, 0x00,
    0x00, 0x00, 0x00, 0x00,
    0x00, 0x00, 0x00, 0x00,
    0x00, 0x00, 0x00, 0x00,
    0x00, 0x00, 0x00, 0x00,
    0x00, 0x00, 0x00, 0x00,
    0x00, 0x00, 0x00, 0x00,

    0xFF, 0xFF, 0xFF, 0xFF,
    0xFF, 0xFF, 0xFF, 0xFF,
    0xFF, 0xFF, 0xFF, 0xFF,
    0xFF, 0xFF, 0xFF, 0xFF,
    0xFF, 0xFF, 0xFF, 0xFF,
    0xFF, 0xFF, 0xFF, 0xFF,
    0xFF, 0xFF, 0xFF, 0xFF,
    0xFF, 0xFF, 0xFF, 0xFF,


/* Tile ID 1016, isSolid: false */
    0x00, 0x00, 0x00, 0x00,
    0x00, 0x00, 0x00, 0x00,
    0x00, 0x00, 0x00, 0x00,
    0x00, 0x00, 0x00, 0x00,
    0x00, 0x00, 0x00, 0x00,
    0x00, 0x00, 0x00, 0x00,
    0x00, 0x00, 0x00, 0x00,
    0x00, 0x00, 0x00, 0x00,

    0xFF, 0xFF, 0xFF, 0xFF,
    0xFF, 0xFF, 0xFF, 0xFF,
    0xFF, 0xFF, 0xFF, 0xFF,
    0xFF, 0xFF, 0xFF, 0xFF,
    0xFF, 0xFF, 0xFF, 0xFF,
    0xFF, 0xFF, 0xFF, 0xFF,
    0xFF, 0xFF, 0xFF, 0xFF,
    0xFF, 0xFF, 0xFF, 0xFF,

    0x00, 0x00, 0x00, 0x00,
    0x00, 0x00, 0x00, 0x00,
    0x00, 0x00, 0x00, 0x00,
    0x00, 0x00, 0x00, 0x00,
    0x00, 0x00, 0x00, 0x00,
    0x00, 0x00, 0x00, 0x00,
    0x00, 0x00, 0x00, 0x00,
    0x00, 0x00, 0x00, 0x00,

    0xFF, 0xFF, 0xFF, 0xFF,
    0xFF, 0xFF, 0xFF, 0xFF,
    0xFF, 0xFF, 0xFF, 0xFF,
    0xFF, 0xFF, 0xFF, 0xFF,
    0xFF, 0xFF, 0xFF, 0xFF,
    0xFF, 0xFF, 0xFF, 0xFF,
    0xFF, 0xFF, 0xFF, 0xFF,
    0xFF, 0xFF, 0xFF, 0xFF,


/* Tile ID 1017, isSolid: false */
    0x00, 0x00, 0x00, 0x00,
    0x00, 0x00, 0x00, 0x00,
    0x00, 0x00, 0x00, 0x00,
    0x00, 0x00, 0x00, 0x00,
    0x00, 0x00, 0x00, 0x00,
    0x00, 0x00, 0x00, 0x00,
    0x00, 0x00, 0x00, 0x00,
    0x00, 0x00, 0x00, 0x00,

    0xFF, 0xFF, 0xFF, 0xFF,
    0xFF, 0xFF, 0xFF, 0xFF,
    0xFF, 0xFF, 0xFF, 0xFF,
    0xFF, 0xFF, 0xFF, 0xFF,
    0xFF, 0xFF, 0xFF, 0xFF,
    0xFF, 0xFF, 0xFF, 0xFF,
    0xFF, 0xFF, 0xFF, 0xFF,
    0xFF, 0xFF, 0xFF, 0xFF,

    0x00, 0x00, 0x00, 0x00,
    0x00, 0x00, 0x00, 0x00,
    0x00, 0x00, 0x00, 0x00,
    0x00, 0x00, 0x00, 0x00,
    0x00, 0x00, 0x00, 0x00,
    0x00, 0x00, 0x00, 0x00,
    0x00, 0x00, 0x00, 0x00,
    0x00, 0x00, 0x00, 0x00,

    0xFF, 0xFF, 0xFF, 0xFF,
    0xFF, 0xFF, 0xFF, 0xFF,
    0xFF, 0xFF, 0xFF, 0xFF,
    0xFF, 0xFF, 0xFF, 0xFF,
    0xFF, 0xFF, 0xFF, 0xFF,
    0xFF, 0xFF, 0xFF, 0xFF,
    0xFF, 0xFF, 0xFF, 0xFF,
    0xFF, 0xFF, 0xFF, 0xFF,


/* Tile ID 1018, isSolid: false */
    0x00, 0x00, 0x00, 0x00,
    0x00, 0x00, 0x00, 0x00,
    0x00, 0x00, 0x00, 0x00,
    0x00, 0x00, 0x00, 0x00,
    0x00, 0x00, 0x00, 0x00,
    0x00, 0x00, 0x00, 0x00,
    0x00, 0x00, 0x00, 0x00,
    0x00, 0x00, 0x00, 0x00,

    0xFF, 0xFF, 0xFF, 0xFF,
    0xFF, 0xFF, 0xFF, 0xFF,
    0xFF, 0xFF, 0xFF, 0xFF,
    0xFF, 0xFF, 0xFF, 0xFF,
    0xFF, 0xFF, 0xFF, 0xFF,
    0xFF, 0xFF, 0xFF, 0xFF,
    0xFF, 0xFF, 0xFF, 0xFF,
    0xFF, 0xFF, 0xFF, 0xFF,

    0x00, 0x00, 0x00, 0x00,
    0x00, 0x00, 0x00, 0x00,
    0x00, 0x00, 0x00, 0x00,
    0x00, 0x00, 0x00, 0x00,
    0x00, 0x00, 0x00, 0x00,
    0x00, 0x00, 0x00, 0x00,
    0x00, 0x00, 0x00, 0x00,
    0x00, 0x00, 0x00, 0x00,

    0xFF, 0xFF, 0xFF, 0xFF,
    0xFF, 0xFF, 0xFF, 0xFF,
    0xFF, 0xFF, 0xFF, 0xFF,
    0xFF, 0xFF, 0xFF, 0xFF,
    0xFF, 0xFF, 0xFF, 0xFF,
    0xFF, 0xFF, 0xFF, 0xFF,
    0xFF, 0xFF, 0xFF, 0xFF,
    0xFF, 0xFF, 0xFF, 0xFF,


/* Tile ID 1019, isSolid: false */
    0x00, 0x00, 0x00, 0x00,
    0x00, 0x00, 0x00, 0x00,
    0x00, 0x00, 0x00, 0x00,
    0x00, 0x00, 0x00, 0x00,
    0x00, 0x00, 0x00, 0x00,
    0x00, 0x00, 0x00, 0x00,
    0x00, 0x00, 0x00, 0x00,
    0x00, 0x00, 0x00, 0x00,

    0xFF, 0xFF, 0xFF, 0xFF,
    0xFF, 0xFF, 0xFF, 0xFF,
    0xFF, 0xFF, 0xFF, 0xFF,
    0xFF, 0xFF, 0xFF, 0xFF,
    0xFF, 0xFF, 0xFF, 0xFF,
    0xFF, 0xFF, 0xFF, 0xFF,
    0xFF, 0xFF, 0xFF, 0xFF,
    0xFF, 0xFF, 0xFF, 0xFF,

    0x00, 0x00, 0x00, 0x00,
    0x00, 0x00, 0x00, 0x00,
    0x00, 0x00, 0x00, 0x00,
    0x00, 0x00, 0x00, 0x00,
    0x00, 0x00, 0x00, 0x00,
    0x00, 0x00, 0x00, 0x00,
    0x00, 0x00, 0x00, 0x00,
    0x00, 0x00, 0x00, 0x00,

    0xFF, 0xFF, 0xFF, 0xFF,
    0xFF, 0xFF, 0xFF, 0xFF,
    0xFF, 0xFF, 0xFF, 0xFF,
    0xFF, 0xFF, 0xFF, 0xFF,
    0xFF, 0xFF, 0xFF, 0xFF,
    0xFF, 0xFF, 0xFF, 0xFF,
    0xFF, 0xFF, 0xFF, 0xFF,
    0xFF, 0xFF, 0xFF, 0xFF,


/* Tile ID 1020, isSolid: false */
    0x00, 0x00, 0x00, 0x00,
    0x00, 0x00, 0x00, 0x00,
    0x00, 0x00, 0x00, 0x00,
    0x00, 0x00, 0x00, 0x00,
    0x00, 0x00, 0x00, 0x00,
    0x00, 0x00, 0x00, 0x00,
    0x00, 0x00, 0x00, 0x00,
    0x00, 0x00, 0x00, 0x00,

    0xFF, 0xFF, 0xFF, 0xFF,
    0xFF, 0xFF, 0xFF, 0xFF,
    0xFF, 0xFF, 0xFF, 0xFF,
    0xFF, 0xFF, 0xFF, 0xFF,
    0xFF, 0xFF, 0xFF, 0xFF,
    0xFF, 0xFF, 0xFF, 0xFF,
    0xFF, 0xFF, 0xFF, 0xFF,
    0xFF, 0xFF, 0xFF, 0xFF,

    0x00, 0x00, 0x00, 0x00,
    0x00, 0x00, 0x00, 0x00,
    0x00, 0x00, 0x00, 0x00,
    0x00, 0x00, 0x00, 0x00,
    0x00, 0x00, 0x00, 0x00,
    0x00, 0x00, 0x00, 0x00,
    0x00, 0x00, 0x00, 0x00,
    0x00, 0x00, 0x00, 0x00,

    0xFF, 0xFF, 0xFF, 0xFF,
    0xFF, 0xFF, 0xFF, 0xFF,
    0xFF, 0xFF, 0xFF, 0xFF,
    0xFF, 0xFF, 0xFF, 0xFF,
    0xFF, 0xFF, 0xFF, 0xFF,
    0xFF, 0xFF, 0xFF, 0xFF,
    0xFF, 0xFF, 0xFF, 0xFF,
    0xFF, 0xFF, 0xFF, 0xFF,


/* Tile ID 1021, isSolid: false */
    0x00, 0x00, 0x00, 0x00,
    0x00, 0x00, 0x00, 0x00,
    0x00, 0x00, 0x00, 0x00,
    0x00, 0x00, 0x00, 0x00,
    0x00, 0x00, 0x00, 0x00,
    0x00, 0x00, 0x00, 0x00,
    0x00, 0x00, 0x00, 0x00,
    0x00, 0x00, 0x00, 0x00,

    0xFF, 0xFF, 0xFF, 0xFF,
    0xFF, 0xFF, 0xFF, 0xFF,
    0xFF, 0xFF, 0xFF, 0xFF,
    0xFF, 0xFF, 0xFF, 0xFF,
    0xFF, 0xFF, 0xFF, 0xFF,
    0xFF, 0xFF, 0xFF, 0xFF,
    0xFF, 0xFF, 0xFF, 0xFF,
    0xFF, 0xFF, 0xFF, 0xFF,

    0x00, 0x00, 0x00, 0x00,
    0x00, 0x00, 0x00, 0x00,
    0x00, 0x00, 0x00, 0x00,
    0x00, 0x00, 0x00, 0x00,
    0x00, 0x00, 0x00, 0x00,
    0x00, 0x00, 0x00, 0x00,
    0x00, 0x00, 0x00, 0x00,
    0x00, 0x00, 0x00, 0x00,

    0xFF, 0xFF, 0xFF, 0xFF,
    0xFF, 0xFF, 0xFF, 0xFF,
    0xFF, 0xFF, 0xFF, 0xFF,
    0xFF, 0xFF, 0xFF, 0xFF,
    0xFF, 0xFF, 0xFF, 0xFF,
    0xFF, 0xFF, 0xFF, 0xFF,
    0xFF, 0xFF, 0xFF, 0xFF,
    0xFF, 0xFF, 0xFF, 0xFF,


/* Tile ID 1022, isSolid: false */
    0x00, 0x00, 0x00, 0x00,
    0x00, 0x00, 0x00, 0x00,
    0x00, 0x00, 0x00, 0x00,
    0x00, 0x00, 0x00, 0x00,
    0x00, 0x00, 0x00, 0x00,
    0x00, 0x00, 0x00, 0x00,
    0x00, 0x00, 0x00, 0x00,
    0x00, 0x00, 0x00, 0x00,

    0xFF, 0xFF, 0xFF, 0xFF,
    0xFF, 0xFF, 0xFF, 0xFF,
    0xFF, 0xFF, 0xFF, 0xFF,
    0xFF, 0xFF, 0xFF, 0xFF,
    0xFF, 0xFF, 0xFF, 0xFF,
    0xFF, 0xFF, 0xFF, 0xFF,
    0xFF, 0xFF, 0xFF, 0xFF,
    0xFF, 0xFF, 0xFF, 0xFF,

    0x00, 0x00, 0x00, 0x00,
    0x00, 0x00, 0x00, 0x00,
    0x00, 0x00, 0x00, 0x00,
    0x00, 0x00, 0x00, 0x00,
    0x00, 0x00, 0x00, 0x00,
    0x00, 0x00, 0x00, 0x00,
    0x00, 0x00, 0x00, 0x00,
    0x00, 0x00, 0x00, 0x00,

    0xFF, 0xFF, 0xFF, 0xFF,
    0xFF, 0xFF, 0xFF, 0xFF,
    0xFF, 0xFF, 0xFF, 0xFF,
    0xFF, 0xFF, 0xFF, 0xFF,
    0xFF, 0xFF, 0xFF, 0xFF,
    0xFF, 0xFF, 0xFF, 0xFF,
    0xFF, 0xFF, 0xFF, 0xFF,
    0xFF, 0xFF, 0xFF, 0xFF,


/* Tile ID 1023, isSolid: false */
    0x00, 0x00, 0x00, 0x00,
    0x00, 0x00, 0x00, 0x00,
    0x00, 0x00, 0x00, 0x00,
    0x00, 0x00, 0x00, 0x00,
    0x00, 0x00, 0x00, 0x00,
    0x00, 0x00, 0x00, 0x00,
    0x00, 0x00, 0x00, 0x00,
    0x00, 0x00, 0x00, 0x00,

    0xFF, 0xFF, 0xFF, 0xFF,
    0xFF, 0xFF, 0xFF, 0xFF,
    0xFF, 0xFF, 0xFF, 0xFF,
    0xFF, 0xFF, 0xFF, 0xFF,
    0xFF, 0xFF, 0xFF, 0xFF,
    0xFF, 0xFF, 0xFF, 0xFF,
    0xFF, 0xFF, 0xFF, 0xFF,
    0xFF, 0xFF, 0xFF, 0xFF,

    0x00, 0x00, 0x00, 0x00,
    0x00, 0x00, 0x00, 0x00,
    0x00, 0x00, 0x00, 0x00,
    0x00, 0x00, 0x00, 0x00,
    0x00, 0x00, 0x00, 0x00,
    0x00, 0x00, 0x00, 0x00,
    0x00, 0x00, 0x00, 0x00,
    0x00, 0x00, 0x00, 0x00,

    0xFF, 0xFF, 0xFF, 0xFF,
    0xFF, 0xFF, 0xFF, 0xFF,
    0xFF, 0xFF, 0xFF, 0xFF,
    0xFF, 0xFF, 0xFF, 0xFF,
    0xFF, 0xFF, 0xFF, 0xFF,
    0xFF, 0xFF, 0xFF, 0xFF,
    0xFF, 0xFF, 0xFF, 0xFF,
    0xFF, 0xFF, 0xFF, 0xFF,


/* Tile ID 1024, isSolid: false */
    0x00, 0x00, 0x00, 0x00,
    0x00, 0x00, 0x00, 0x00,
    0x00, 0x00, 0x00, 0x00,
    0x00, 0x00, 0x00, 0x00,
    0x00, 0x00, 0x00, 0x00,
    0x00, 0x00, 0x00, 0x00,
    0x00, 0x00, 0x00, 0x00,
    0x00, 0x00, 0x00, 0x00,

    0xFF, 0xFF, 0xFF, 0xFF,
    0xFF, 0xFF, 0xFF, 0xFF,
    0xFF, 0xFF, 0xFF, 0xFF,
    0xFF, 0xFF, 0xFF, 0xFF,
    0xFF, 0xFF, 0xFF, 0xFF,
    0xFF, 0xFF, 0xFF, 0xFF,
    0xFF, 0xFF, 0xFF, 0xFF,
    0xFF, 0xFF, 0xFF, 0xFF,

    0x00, 0x00, 0x00, 0x00,
    0x00, 0x00, 0x00, 0x00,
    0x00, 0x00, 0x00, 0x00,
    0x00, 0x00, 0x00, 0x00,
    0x00, 0x00, 0x00, 0x00,
    0x00, 0x00, 0x00, 0x00,
    0x00, 0x00, 0x00, 0x00,
    0x00, 0x00, 0x00, 0x00,

    0xFF, 0xFF, 0xFF, 0xFF,
    0xFF, 0xFF, 0xFF, 0xFF,
    0xFF, 0xFF, 0xFF, 0xFF,
    0xFF, 0xFF, 0xFF, 0xFF,
    0xFF, 0xFF, 0xFF, 0xFF,
    0xFF, 0xFF, 0xFF, 0xFF,
    0xFF, 0xFF, 0xFF, 0xFF,
    0xFF, 0xFF, 0xFF, 0xFF,


};

